gmina_key,wojewodztwo,powiat,gmina,n_places_prng,n_city_prng,n_village_prng,city_share_prng,lat_centroid_prng,lon_centroid_prng,bbox_height_km_prng,bbox_width_km_prng,bbox_area_km2_proxy_prng,places_per_bbox_km2_proxy_prng,median_nn_place_km_within_gmina_prng,mean_nn_place_km_within_gmina_prng,mean_dist_to_centroid_km_prng,max_dist_to_centroid_km_prng,gmina_centroid_degree_eps_15km,gmina_centroid_degree_eps_25km,gmina_centroid_degree_eps_50km,gmina_centroid_degree_eps_75km,gmina_centroid_degree_eps_100km,nearest_gmina_km,mean_5_nearest_gminas_km,weighted_degree_exp_scale_25km,weighted_degree_exp_scale_50km,target_spatial_hub_top25_degree50,target_spatial_peripheral_top25_nearest_distance
dolnośląskie|Jelenia Góra|Jelenia Góra,dolnośląskie,Jelenia Góra,Jelenia Góra,1,1,0,1.0,50.9031115267224,15.7345973898236,0.001,0.001,1e-06,1000000.0,,,0.0,0.0,10,17,56,93,149,6.2625279152596445,9.579146511482486,23.921239042486516,69.70652530587166,0,0
dolnośląskie|Legnica|Legnica,dolnośląskie,Legnica,Legnica,1,1,0,1.0,51.2066327388689,16.1628005249923,0.001,0.001,1e-06,1000000.0,,,0.0,0.0,4,16,61,131,202,5.924139376689276,9.029569380959252,28.17758899795455,89.56664768784083,0,0
dolnośląskie|Wałbrzych|Wałbrzych,dolnośląskie,Wałbrzych,Wałbrzych,1,1,0,1.0,50.7672018844963,16.282671140018,0.001,0.001,1e-06,1000000.0,,,0.0,0.0,9,20,67,112,159,4.310858855685517,6.9916206152437415,27.842265590687333,80.95376831347599,0,0
dolnośląskie|Wrocław|Wrocław,dolnośląskie,Wrocław,Wrocław,1,1,0,1.0,51.107841757247,17.038656153577,0.001,0.001,1e-06,1000000.0,,,0.0,0.0,4,10,55,137,238,10.709861227757507,13.811912538974815,26.898511167528632,101.90971609770956,0,1
dolnośląskie|bolesławiecki|Bolesławiec,dolnośląskie,bolesławiecki,Bolesławiec,32,1,31,0.03125,51.288281756558696,15.569755559839958,28.03738300679783,11.977142854447559,335.807741537278,0.09529262146699999,2.09748772589458,2.059073058177177,7.604754766924374,17.20144408144345,1,9,55,109,156,11.357001668207028,15.588254486725265,21.24337317431043,71.69399310508274,0,1
dolnośląskie|bolesławiecki|Gromadka,dolnośląskie,bolesławiecki,Gromadka,11,0,11,0.0,51.36335277270405,15.766774022837144,9.448969672980873,10.002160905931344,94.51011506442016,0.116389658318606,2.2165587663929336,1.8570783934148372,4.251672986793275,7.637340887122016,1,6,56,120,179,13.990579378038726,15.695708394051348,22.99664637787532,78.95179426753896,0,1
dolnośląskie|bolesławiecki|Nowogrodziec,dolnośląskie,bolesławiecki,Nowogrodziec,13,1,12,0.07692307692307693,51.22095509881433,15.370405258502178,11.454671342391944,14.447435944490925,165.49063048440348,0.07855429616739042,2.372952858301055,2.221210159350711,4.945078805360374,8.849603944683508,1,13,43,93,136,10.842539893961131,15.31245341156225,19.287016061555697,63.65015778367085,0,1
dolnośląskie|bolesławiecki|Osiecznica,dolnośląskie,bolesławiecki,Osiecznica,11,0,11,0.0,51.35968159274542,15.370035063419364,20.199842287179802,10.581097639198651,213.73650353706327,0.05146523788854125,1.3840699483389667,2.4394288872104952,6.6053468260726795,12.916230968301257,1,7,44,97,146,12.872941658290044,17.446103452438756,18.65987849364926,65.15012294655789,0,1
dolnośląskie|bolesławiecki|Warta Bolesławiecka,dolnośląskie,bolesławiecki,Warta Bolesławiecka,10,0,10,0.0,51.22954829678393,15.70327866602516,10.238237123758134,7.7358161847009725,79.2011204447745,0.12626084004673668,2.375487719854699,2.2805809850164027,3.7716019090260744,6.002568024579083,4,9,61,113,167,10.990307025116921,13.102678519504792,23.329708049283443,75.87461165700473,0,1
dolnośląskie|dzierżoniowski|Bielawa,dolnośląskie,dzierżoniowski,Bielawa,1,1,0,1.0,50.6845290102439,16.6118045927207,0.001,0.001,1e-06,1000000.0,,,0.0,0.0,5,18,63,111,163,4.887907474913378,9.311757715251655,27.065009561069342,84.00356652035855,0,0
dolnośląskie|dzierżoniowski|Dzierżoniów,dolnośląskie,dzierżoniowski,Dzierżoniów,14,1,13,0.07142857142857142,50.75158805666625,16.65601745751927,19.538838914477736,10.529498325106422,205.7341716245175,0.06804897742292029,2.6191108656552924,2.789769072461588,5.85119286496054,12.059189910388376,7,20,69,119,171,7.832826618558748,10.162367694046491,28.305856044690096,88.18199683369448,0,0
dolnośląskie|dzierżoniowski|Niemcza,dolnośląskie,dzierżoniowski,Niemcza,11,1,10,0.09090909090909091,50.71519407182796,16.829821494125056,9.206992871877016,7.565781054275679,69.65809223689836,0.15791417259304766,1.435648284638789,1.781996219577575,3.5696649198737176,5.348735017516375,6,18,65,120,179,6.52214817728166,8.897928497091339,27.771265565271676,89.65586672306205,0,0
dolnośląskie|dzierżoniowski|Pieszyce,dolnośląskie,dzierżoniowski,Pieszyce,5,1,4,0.2,50.71464758677221,16.5612535930724,7.522354346830644,3.831460659908165,28.821604749770792,0.17348097177135022,2.699852776756955,2.6583092709237883,2.780822124331202,4.239326216247446,7,19,64,113,160,4.887907474913378,10.214820696299899,27.56817361292373,84.5387432796712,0,0
dolnośląskie|dzierżoniowski|Piława Górna,dolnośląskie,dzierżoniowski,Piława Górna,1,1,0,1.0,50.6815634739974,16.7539516852193,0.001,0.001,1e-06,1000000.0,,,0.0,0.0,8,17,62,111,168,6.52214817728166,9.358522649186405,27.246980588327443,86.67142202125237,0,0
dolnośląskie|dzierżoniowski|Łagiewniki,dolnośląskie,dzierżoniowski,Łagiewniki,13,0,13,0.0,50.79593884015661,16.805555890883177,7.092193391988421,12.252157529130908,86.89467066570342,0.14960641314831508,2.2089721654277223,2.18687116529649,3.938684613727773,7.36918838174009,6,17,67,123,185,7.512637359668573,10.371262709247091,28.58845652660741,92.51656135327235,0,0
dolnośląskie|górowski|Góra,dolnośląskie,górowski,Góra,36,1,35,0.027777777777777776,51.68114623866542,16.550432229646443,20.668636836267552,14.999251508968715,310.01408225471243,0.11612375714733447,1.7689399286877308,1.7534865944027753,5.990563744763156,13.142677530420631,4,12,50,124,220,10.961160701810293,14.219747816884942,26.05842834434081,97.95215458828494,0,1
dolnośląskie|górowski|Jemielno,dolnośląskie,górowski,Jemielno,19,0,19,0.0,51.54979226809506,16.524876483176303,11.005883981081109,14.100752211430853,155.19124288498085,0.12242958846641719,1.6227239678058465,1.7326560467102397,5.0730149858918985,9.655472710258115,4,10,54,127,232,11.64107249056297,13.90251462489864,25.602496980132475,96.98529182638171,0,1
dolnośląskie|górowski|Niechlów,dolnośląskie,górowski,Niechlów,21,0,21,0.0,51.680924411057106,16.391449070512085,15.254165043797101,12.054033867589968,183.87422205973726,0.11420850494843968,1.6156044272992764,1.897581133366166,4.966428917724535,8.860070862557194,3,13,53,119,222,9.945548834063295,13.235193121183977,26.055298944314757,95.37047940408203,0,0
dolnośląskie|górowski|Wąsosz,dolnośląskie,górowski,Wąsosz,38,1,37,0.02631578947368421,51.56831787436198,16.700212639864606,16.773661229085366,13.993215298539463,234.7174529233556,0.1618967806897959,1.4325882993270131,1.4315556875642212,5.614531209049801,9.016632181915513,4,11,53,125,233,12.294927796227988,14.178993345243885,25.699797935335603,99.75094098920636,0,1
dolnośląskie|głogowski|Głogów,dolnośląskie,głogowski,Głogów,14,1,13,0.07142857142857142,51.66179396918965,16.135153821882138,10.005916066756376,9.055010722490696,90.60367727282092,0.154519114691603,1.7244143448149296,1.9029324296672911,3.7886430795606176,6.039673144533101,6,14,53,117,218,8.577329606125934,9.849163143473588,26.17929995893943,90.73768039553575,0,0
dolnośląskie|głogowski|Jerzmanowa,dolnośląskie,głogowski,Jerzmanowa,13,0,13,0.0,51.597591185843484,16.04279986457935,8.755466190495401,6.854956139283015,60.018336714821324,0.2166004709822239,1.4284856761215037,1.3877589872602116,3.2046825449653915,5.790385165512318,6,16,52,119,213,8.022931905778949,9.769961572455482,25.90445950766482,88.54150212910066,0,0
dolnośląskie|głogowski|Kotla,dolnośląskie,głogowski,Kotla,13,0,13,0.0,51.73285503468836,16.043559058268748,8.92479911836771,10.489595349747075,93.61753132945674,0.13886287979812978,2.2232878348124623,2.333193923923441,3.729444840261925,6.674982385306862,5,16,53,119,209,10.113690730738908,12.261650179429331,25.674039321097727,88.6729013762469,0,0
dolnośląskie|głogowski|Pęcław,dolnośląskie,głogowski,Pęcław,13,0,13,0.0,51.64788095288858,16.25745057320631,7.673895700818914,9.168331646717753,70.35682080742936,0.18477241937326508,1.482182706961463,1.721507102100843,3.4566644496170715,5.838848682717187,4,14,52,121,224,8.577329606125934,10.494105728812231,26.186969787218842,93.04182239884497,0,0
dolnośląskie|głogowski|Żukowice,dolnośląskie,głogowski,Żukowice,18,0,18,0.0,51.66601992270566,15.943954781194558,10.149389900736814,11.763142559317604,119.38872029246549,0.15076801188508898,1.353700123371497,1.4305360695532836,3.9484520735690274,6.525411410440921,7,15,48,115,202,4.116924783912789,9.169243147268443,25.64965111521486,86.42522697824322,0,0
dolnośląskie|jaworski|Bolków,dolnośląskie,jaworski,Bolków,17,1,16,0.058823529411764705,50.9242289738383,16.068994503610526,10.106847100197525,15.112810796899026,152.74286797847276,0.11129815895820382,1.8827143972601557,2.1028635291570548,4.66699907774201,8.114824410883333,6,21,64,114,172,7.6120112072404815,10.16510004651904,28.368548127381562,81.75994598423358,0,0
dolnośląskie|jaworski|Jawor,dolnośląskie,jaworski,Jawor,1,1,0,1.0,51.0503312630759,16.19361184739,0.001,0.001,1e-06,1000000.0,,,0.0,0.0,8,22,66,126,190,5.125948577432236,8.786181444942347,29.738423436704092,88.5641552665435,0,0
dolnośląskie|jaworski|Męcinka,dolnośląskie,jaworski,Męcinka,14,0,14,0.0,51.072348352600685,16.076864902419725,11.470800408236546,14.686547580167638,168.46645597817238,0.08310259700491314,2.211415390559993,2.257477021856167,4.864758741942543,8.363395417913006,7,20,65,125,183,8.518227622485611,10.35255911807131,28.734672579066803,85.84052085243927,0,0
dolnośląskie|jaworski|Mściwojów,dolnośląskie,jaworski,Mściwojów,12,0,12,0.0,51.053790319748636,16.266738984331692,9.81614844815698,7.2978523409025655,71.63680193102951,0.16751166546425902,1.4375914579695128,1.7909532920812312,3.5547790479809227,6.175566579915467,8,20,67,129,194,5.125948577432236,9.468959536824974,29.94041363247932,90.27785054722092,0,0
dolnośląskie|jaworski|Paszowice,dolnośląskie,jaworski,Paszowice,13,0,13,0.0,50.99491096829331,16.134562827961442,7.7569419828037995,11.932854757765412,92.5624620452106,0.14044570242362792,1.868394683613123,1.9008731312963634,3.8790939065778187,7.1246574672729714,6,20,66,121,182,7.418456638776625,9.224777717831296,29.347639841890153,85.78811546055707,0,0
dolnośląskie|jaworski|Wądroże Wielkie,dolnośląskie,jaworski,Wądroże Wielkie,18,0,18,0.0,51.10157036585573,16.374557292456657,7.920365893033798,13.254098544971756,104.97731005850319,0.17146562423793021,1.5548400653530376,1.694287301355119,3.9582648227733688,7.144821694921721,6,20,69,131,209,7.117611402362003,9.384700315119968,29.56861072614355,93.01689850652075,0,0
dolnośląskie|kamiennogórski|Kamienna Góra,dolnośląskie,kamiennogórski,Kamienna Góra,22,1,21,0.045454545454545456,50.753841889724974,16.01704172029792,14.60877610861414,17.6409771230537,257.7130851278755,0.0853662513453042,1.9518294132670493,1.96417314591229,6.251546828956072,11.097295723543525,6,17,53,102,145,7.209264932440316,10.704608823064998,23.81156715746801,71.7660703255472,0,0
dolnośląskie|kamiennogórski|Lubawka,dolnośląskie,kamiennogórski,Lubawka,15,1,14,0.06666666666666667,50.697290345948524,15.966952306934859,14.42775525089031,13.212798687132924,190.63102563723865,0.07868603733237135,1.7638458124794136,1.883181773407361,5.239021132503735,10.271024660818945,3,13,48,95,134,7.209264932440316,13.922025389874893,20.61489229328504,66.25987512866628,0,0
dolnośląskie|kamiennogórski|Marciszów,dolnośląskie,kamiennogórski,Marciszów,9,0,9,0.0,50.86043664900859,16.029621424822736,8.491128021162744,9.199999693379354,78.11837519114209,0.11520976950657977,2.468989004660957,2.583156008464746,3.5591057806299773,5.430699849831882,7,24,63,107,160,7.6120112072404815,10.375559442029985,27.040084566535665,77.96879727522172,0,0
dolnośląskie|karkonoski|Janowice Wielkie,dolnośląskie,karkonoski,Janowice Wielkie,6,0,6,0.0,50.88764057385065,15.912342751814515,6.960341432880828,5.257836899659593,36.59634002003034,0.16395082122190385,2.0963197022458218,2.3069716173340176,2.746424148711911,5.153032164230894,8,20,58,105,158,7.051626291178197,9.287164723391992,26.153495185590085,75.3531988219628,0,0
dolnośląskie|karkonoski|Jeżów Sudecki,dolnośląskie,karkonoski,Jeżów Sudecki,8,0,8,0.0,50.95939905483745,15.737640253524638,6.975696266756655,10.05423654745013,70.13530034913619,0.11406524189923899,2.832809060146787,2.9552177363144,3.679689318968417,6.110393204979366,8,19,56,95,154,6.2625279152596445,10.426420670135704,24.68546553995795,71.95469838712334,0,0
dolnośląskie|karkonoski|Karpacz,dolnośląskie,karkonoski,Karpacz,1,1,0,1.0,50.7747425705052,15.7546074551074,0.001,0.001,1e-06,1000000.0,,,0.0,0.0,5,13,44,91,136,5.523861166183649,9.93163747152472,20.420235694871035,63.65312944965832,0,0
dolnośląskie|karkonoski|Kowary,dolnośląskie,karkonoski,Kowary,1,1,0,1.0,50.7924422714681,15.8365043514526,0.001,0.001,1e-06,1000000.0,,,0.0,0.0,7,15,48,95,143,6.084704501557986,9.339909447913907,22.487958149295515,67.77861430245022,0,0
dolnośląskie|karkonoski|Mysłakowice,dolnośląskie,karkonoski,Mysłakowice,11,0,11,0.0,50.850202200872786,15.83123567228531,8.28597325484062,7.707638696665936,63.86528809854856,0.1722375382230522,1.9777660286370116,2.0062535577699028,3.2444666316246624,5.124198944236447,8,17,54,97,146,6.433274901710372,8.255557390192774,24.260568052949463,70.79329251548107,0,0
dolnośląskie|karkonoski|Piechowice,dolnośląskie,karkonoski,Piechowice,1,1,0,1.0,50.8497734188322,15.5992786814191,0.001,0.001,1e-06,1000000.0,,,0.0,0.0,5,14,47,82,133,6.06626309305783,9.342458507671035,20.21079879405231,61.901910576065156,0,0
dolnośląskie|karkonoski|Podgórzyn,dolnośląskie,karkonoski,Podgórzyn,10,0,10,0.0,50.81802412388797,15.716031479798858,6.782938428279363,8.380323998313088,56.843221689589605,0.1759224706616413,1.9000277378033839,2.027619140450776,3.0490870650095405,5.166239050419235,7,15,46,89,136,5.523861166183649,8.35573547761933,21.385084709789478,64.77334973946006,0,0
dolnośląskie|karkonoski|Stara Kamienica,dolnośląskie,karkonoski,Stara Kamienica,10,0,10,0.0,50.90681241335817,15.564835662210239,6.727427815946637,9.68313462855849,65.14258924572049,0.15350940323049786,2.4098047606241426,2.4366113384179693,3.4629183284577763,5.873620252393916,8,17,47,81,135,6.787226378168498,9.956397499786178,21.04987049332252,63.27161284346003,0,0
dolnośląskie|karkonoski|Szklarska Poręba,dolnośląskie,karkonoski,Szklarska Poręba,1,1,0,1.0,50.8298291463854,15.5188676469991,0.001,0.001,1e-06,1000000.0,,,0.0,0.0,3,13,40,75,125,6.06626309305783,11.991016333349506,17.87269260945425,57.53379756814105,0,0
dolnośląskie|kłodzki|Bystrzyca Kłodzka,dolnośląskie,kłodzki,Bystrzyca Kłodzka,39,1,38,0.02564102564102564,50.29750356117325,16.625680676139673,17.013304034320555,25.63955560535874,436.2135548188361,0.08940574993410531,2.0963371928443157,2.092811205316551,7.189665304753696,14.017559002076354,1,8,26,60,117,14.283632975433678,16.306488910623607,13.921807599458715,57.521007182018046,0,1
dolnośląskie|kłodzki|Duszniki-Zdrój,dolnośląskie,kłodzki,Duszniki-Zdrój,1,1,0,1.0,50.4040529611914,16.3899711229873,0.001,0.001,1e-06,1000000.0,,,0.0,0.0,5,8,35,73,120,4.512284148629008,8.491428817018129,16.350402540947748,59.605361182055105,0,0
dolnośląskie|kłodzki|Kudowa-Zdrój,dolnośląskie,kłodzki,Kudowa-Zdrój,1,1,0,1.0,50.4408781446388,16.2406272134081,0.001,0.001,1e-06,1000000.0,,,0.0,0.0,3,5,35,73,118,5.553923931570465,13.244549186783019,15.287377185199079,57.58993701284703,0,0
dolnośląskie|kłodzki|Kłodzko,dolnośląskie,kłodzki,Kłodzko,36,1,35,0.027777777777777776,50.44249813428692,16.646619637611952,20.60769019031255,16.736306054646263,344.8966101044023,0.10437910650702707,1.9343276974221004,1.9900200426938142,6.212083136405288,11.664477007205933,2,13,42,85,134,10.535738661224741,13.472119688545513,19.60987668304853,68.93373559343851,0,1
dolnośląskie|kłodzki|Lewin Kłodzki,dolnośląskie,kłodzki,Lewin Kłodzki,16,0,16,0.0,50.40931344169807,16.30138749653777,7.31054746062295,6.749601363727165,49.34328110981283,0.32425893941653794,1.5082091654067282,1.4061223363188418,2.6095995242393544,4.031925402811617,5,7,32,71,118,5.553923931570465,10.210958400729893,15.261263940031856,57.31474379900346,0,0
dolnośląskie|kłodzki|Lądek-Zdrój,dolnośląskie,kłodzki,Lądek-Zdrój,12,1,11,0.08333333333333333,50.34824400128908,16.85462094545839,8.834803789888639,9.952999931749689,87.93280151778352,0.13646784581943658,2.5649511064069466,2.3473668065038376,4.13995845199461,6.096898649596069,2,8,36,74,134,8.408870157144873,14.421322065293941,16.754682775138132,66.56290239458669,0,0
dolnośląskie|kłodzki|Międzylesie,dolnośląskie,kłodzki,Międzylesie,22,1,21,0.045454545454545456,50.16698693867525,16.681307220853917,12.825958379049752,13.886248777378842,178.10444885979152,0.12352302337668711,2.0040454847109417,2.1416197586865087,4.731893467665568,8.528430542598125,0,3,18,46,96,15.042494964297958,23.472402152016087,9.540656702418902,49.171535577091724,0,1
dolnośląskie|kłodzki|Nowa Ruda,dolnośląskie,kłodzki,Nowa Ruda,17,1,16,0.058823529411764705,50.59227475594554,16.504334569684307,15.581587698436422,15.455069485523994,240.8145205741208,0.07059374974345675,2.305443217670564,2.4899435417486244,5.620044405383122,10.09295906512598,5,18,53,101,146,10.757076873540685,12.697978783828564,23.6834935728278,75.7957358964013,0,1
dolnośląskie|kłodzki|Polanica-Zdrój,dolnośląskie,kłodzki,Polanica-Zdrój,1,1,0,1.0,50.4032071869031,16.5112920373084,0.001,0.001,1e-06,1000000.0,,,0.0,0.0,6,9,37,76,123,6.438159397264005,10.395373521034017,17.427241898163874,62.785171333723156,0,0
dolnośląskie|kłodzki|Radków,dolnośląskie,kłodzki,Radków,13,1,12,0.07692307692307693,50.50344519562706,16.444036898641162,8.752437455204173,14.779643892445854,129.3579087788227,0.10049636796639559,2.059766261262933,2.0036271256799543,4.488248281303774,8.382612861209413,5,12,43,86,133,7.813595692164075,11.386324086100444,20.27372314597539,68.17802239172406,0,0
dolnośląskie|kłodzki|Stronie Śląskie,dolnośląskie,kłodzki,Stronie Śląskie,16,1,15,0.0625,50.275732837239474,16.88823956615309,7.956754922048075,12.700755504106146,101.05679887102576,0.15832680412151268,1.595388333110457,1.882289794401673,3.6750829752266974,7.913347754092687,1,5,29,61,123,8.408870157144873,17.526126134745606,14.030732388836665,61.780380198702915,0,0
dolnośląskie|kłodzki|Szczytna,dolnośląskie,kłodzki,Szczytna,9,1,8,0.1111111111111111,50.433476907667504,16.433830019207566,5.860910508568798,11.159871203338804,65.40700640992272,0.13759993759070183,1.8672588779387471,2.146499345711012,4.286129296472797,5.829288190707931,5,9,38,78,124,4.512284148629008,8.446423502308154,17.9471352818666,63.00583351903364,0,0
dolnośląskie|legnicki|Chojnów,dolnośląskie,legnicki,Chojnów,23,1,22,0.043478260869565216,51.27809237804005,15.914827792594515,14.240923802131352,17.757337398088055,252.88088881490938,0.0909519106318641,2.329655443902699,2.402565978479553,5.611212992162754,9.04906150229451,3,11,58,124,188,8.938513832928843,13.55971538308351,25.181553591040277,83.07176800285588,0,0
dolnośląskie|legnicki|Krotoszyce,dolnośląskie,legnicki,Krotoszyce,19,0,19,0.0,51.15547869918849,16.101502837362315,9.985144259604118,7.462538964539153,74.51452810384018,0.2549838331328145,1.4336218821108084,1.4159850599164534,3.204587824645216,5.218469175310612,7,17,66,128,193,7.114076563392814,9.056767662688111,28.384430966760075,87.6541251871748,0,0
dolnośląskie|legnicki|Kunice,dolnośląskie,legnicki,Kunice,13,0,13,0.0,51.2333581983286,16.274736501119808,9.50911726377767,8.987674463775473,85.46485040470107,0.15210931673595868,2.1454967144645303,2.2314131533195893,3.6751173085693143,6.61088999295391,6,16,60,132,214,7.494390761339183,9.856749272728901,28.01763948259734,92.0365156924922,0,0
dolnośląskie|legnicki|Legnickie Pole,dolnośląskie,legnicki,Legnickie Pole,17,0,17,0.0,51.14563824415125,16.2317392803569,8.297457360033683,8.67392280262805,71.9715045990301,0.23620459367510702,1.6333267889535843,1.7699215726332367,3.3544886352177445,5.141048780410683,9,17,63,130,202,8.312355742425758,9.818860591278787,29.16929931054614,90.71955908006612,0,0
dolnośląskie|legnicki|Miłkowice,dolnośląskie,legnicki,Miłkowice,16,0,16,0.0,51.246194840541634,16.105821138133102,8.57481618124969,11.056578805851533,94.8081308536781,0.1687618968534836,1.5307416117941308,1.5770014923004545,3.626108002247421,5.652587787880957,6,15,59,132,203,5.924139376689276,11.165779667019308,27.19337391452527,88.2671533620909,0,0
dolnośląskie|legnicki|Prochowice,dolnośląskie,legnicki,Prochowice,11,1,10,0.09090909090909091,51.264304388897905,16.370391228876063,11.062238539200333,7.310200837509113,80.86718543398786,0.13602550825735532,2.026986616069458,2.1471590188334746,3.8072022204665217,6.899404098431294,3,15,59,138,220,7.494390761339183,12.486858114686108,27.399293513794696,93.76264965147328,0,0
dolnośląskie|legnicki|Ruja,dolnośląskie,legnicki,Ruja,12,0,12,0.0,51.16421856286684,16.39548731791667,7.563177866019017,7.768020434025221,58.75092020940299,0.20425211991963693,1.893180360254388,1.8444235999294125,3.0231146862910863,4.546692114616831,7,16,62,131,214,6.309700496042914,9.539119726360349,28.875837149296387,93.92192377385133,0,0
dolnośląskie|lubański|Leśna,dolnośląskie,lubański,Leśna,17,1,16,0.058823529411764705,51.01336566631308,15.288822171417124,14.298077999127845,12.858594288097963,183.85318409036446,0.09246508339852544,1.444932021908832,1.5372543182579528,4.799776585481349,8.43424538839238,7,14,36,74,119,6.196747953313651,9.785674349677695,18.02978617809074,56.177811009905724,0,0
dolnośląskie|lubański|Lubań,dolnośląskie,lubański,Lubań,14,1,13,0.07142857142857142,51.12952761007322,15.316336818026375,10.15535453782089,12.795039177184595,129.93815916961762,0.10774356116377479,1.8142069978737512,1.8850307387922804,4.1513030682391365,7.221114174504957,6,16,40,84,128,8.948098503551803,11.051325779081912,19.072960378425947,60.22183522202195,0,0
dolnośląskie|lubański|Olszyna,dolnośląskie,lubański,Olszyna,10,1,9,0.1,51.04692601756621,15.359563844621562,5.690303522107832,5.60379791944288,31.88731103818636,0.3136043672050174,1.6376530717182844,1.6384174630620223,2.373755373754155,4.040554692185288,7,15,38,80,126,5.004642074292597,9.076342009213928,19.68391229845447,60.126561994801065,0,0
dolnośląskie|lubański|Platerówka,dolnośląskie,lubański,Platerówka,4,0,4,0.0,51.05471286352715,15.1761796804076,4.776985378750382,3.6581405185633877,17.474883770591642,0.22889994877857622,2.348092672877638,2.348092672877638,2.0642814776498195,3.156674763688987,7,13,30,65,111,6.592262379462196,8.746675972807662,16.45786538845836,52.74360157764694,0,0
dolnośląskie|lubański|Siekierczyn,dolnośląskie,lubański,Siekierczyn,6,0,6,0.0,51.127046942786144,15.18817148887502,6.513220920065869,5.592655990869952,36.42620399846589,0.16471658700019068,1.793971817618591,2.072331549792715,2.9570746765647207,4.288207211391901,8,11,33,68,116,8.08667967423774,10.203524360308517,16.99547856823313,54.95014172007852,0,0
dolnośląskie|lubański|Świeradów-Zdrój,dolnośląskie,lubański,Świeradów-Zdrój,1,1,0,1.0,50.90924941535,15.3319846908447,0.001,0.001,1e-06,1000000.0,,,0.0,0.0,2,12,34,66,112,7.273135844686356,13.252795215968344,16.473430051023417,53.76812501869419,0,0
dolnośląskie|lubiński|Lubin,dolnośląskie,lubiński,Lubin,31,1,30,0.03225806451612903,51.36385704735544,16.206014620855022,15.853898614522572,19.133660643947128,303.34311597381844,0.1021945063776414,2.161444982898303,2.308325215486602,6.974334036487022,12.708649079402111,2,12,55,133,213,13.638796846557357,15.222345476164316,25.98608504106638,90.72460167672008,0,1
dolnośląskie|lubiński|Rudna,dolnośląskie,lubiński,Rudna,29,0,29,0.0,51.51933104404415,16.334199345356666,14.89168981911379,16.19246387382345,241.1331494161845,0.12026550505483326,1.9269677540096286,1.9771090544203491,5.389956230679766,10.159782365521256,3,11,56,127,232,11.865888886432552,14.103976429713674,25.66993114461046,93.76035055904616,0,1
dolnośląskie|lubiński|Ścinawa,dolnośląskie,lubiński,Ścinawa,21,1,20,0.047619047619047616,51.402805190684205,16.392374488064792,17.222836037238803,8.65469773138578,149.0584399795199,0.1408843404163181,1.9527046405229087,1.961251493185567,5.112442367056274,9.42507245509977,2,9,54,131,226,13.569458822702007,15.372956412986577,25.79253713740546,94.26924880462758,0,1
dolnośląskie|lwówecki|Gryfów Śląski,dolnośląskie,lwówecki,Gryfów Śląski,8,1,7,0.125,51.037245333262696,15.429471402534576,13.206218496211307,3.306866525981583,43.67120187992001,0.18318708108829024,2.385461798928852,2.3660312667361723,4.121092992862431,7.82093959477836,5,16,42,82,131,5.004642074292597,9.454221709056261,20.6699620369262,62.61558484064179,0,0
dolnośląskie|lwówecki|Lubomierz,dolnośląskie,lwówecki,Lubomierz,14,1,13,0.07142857142857142,51.000599939415,15.546841051922215,11.167686368357026,11.028804186485067,123.16622617268818,0.11366752424784829,2.2141629387684696,2.1527340909861836,4.395131410623824,6.948490213572975,7,16,50,85,138,9.105770240286146,10.69708284974253,22.12289211340462,66.07708143732378,0,0
dolnośląskie|lwówecki|Lwówek Śląski,dolnośląskie,lwówecki,Lwówek Śląski,29,1,28,0.034482758620689655,51.12029033427161,15.59987451933119,13.675494459949705,16.937474455700976,231.62833808447834,0.1252005701885374,2.122368293719902,2.066239118803436,5.763983745672831,10.60468031351648,4,15,52,100,151,12.946761018335664,13.787658015899913,22.774630948439913,70.77976945271118,0,1
dolnośląskie|lwówecki|Mirsk,dolnośląskie,lwówecki,Mirsk,18,1,17,0.05555555555555555,50.94810471528038,15.415466087768351,8.588848446572447,11.173119497227677,95.96423003713225,0.18756988924972468,1.5825107714266358,1.3827944537987673,4.149765466141381,6.431164948224266,6,14,40,75,126,7.273135844686356,10.203222276929804,19.160414540820874,58.96617483667332,0,0
dolnośląskie|lwówecki|Wleń,dolnośląskie,lwówecki,Wleń,13,1,12,0.07692307692307693,51.01392790115364,15.67525074544226,8.987118266162271,9.440756616793763,84.84519623717955,0.15322022432076526,1.965799550180299,2.0974432388389848,3.437212164762734,5.96449660344098,7,19,58,96,149,7.472328395864891,11.317961538732515,24.05280045339917,71.29902859253636,0,0
dolnośląskie|milicki|Cieszków,dolnośląskie,milicki,Cieszków,17,0,17,0.0,51.60937370695425,17.33960638663877,5.952433095528798,11.907746548437816,70.88006464809007,0.2398417677015773,1.6185719192971821,1.6700792437940803,3.5092105740101673,7.5114794533884774,4,13,55,123,243,5.890978670567829,11.048915625331341,27.670292227382085,109.81206761201769,0,0
dolnośląskie|milicki|Krośnice,dolnośląskie,milicki,Krośnice,25,0,25,0.0,51.45723673925481,17.381484653552118,11.382481549726283,16.593901706666767,188.87978001410593,0.13235932400034006,1.5972141984956083,1.7485974725674445,5.517109283255334,10.035563731873712,2,12,50,128,240,10.110542849246684,14.70452322607326,26.809553852710117,109.45434496842765,0,0
dolnośląskie|milicki|Milicz,dolnośląskie,milicki,Milicz,52,1,51,0.019230769230769232,51.53833574606681,17.304398993810572,15.394535530183202,34.62264821532179,532.9995880998052,0.09756105100453266,1.701712003074834,1.7451256315920896,9.46691027926295,17.661104711561002,4,10,49,123,238,8.265314517525223,12.964428908343342,26.930832043593526,108.73367326177419,0,0
dolnośląskie|oleśnicki|Bierutów,dolnośląskie,oleśnicki,Bierutów,17,1,16,0.058823529411764705,51.134707006720696,17.511371307690464,17.548129712532962,11.106552016730191,194.89921544857594,0.08722456866167037,2.3233092277040495,2.3083525930672435,4.847515558833257,9.810027367086878,4,11,50,134,245,8.991851541218926,12.297844469958761,27.53451454885743,109.76216963504231,0,0
dolnośląskie|oleśnicki|Dobroszyce,dolnośląskie,oleśnicki,Dobroszyce,14,0,14,0.0,51.28622248722022,17.326207808300463,14.304568446895832,9.778362662040037,139.87525799772223,0.10008918089164832,1.9016226169652821,2.0916826476025348,4.182974697466343,8.842696366224578,3,11,54,129,248,9.293556367791831,13.314479436216606,26.54580310489399,107.59384288868468,0,0
dolnośląskie|oleśnicki|Dziadowa Kłoda,dolnośląskie,oleśnicki,Dziadowa Kłoda,9,0,9,0.0,51.21136842682615,17.67765374798614,7.348044494176235,8.651461895315284,63.571326946446966,0.1415732600262014,2.553255323444427,2.46255017945336,3.3771158801622807,4.663199206804995,4,14,54,132,250,10.180306332483106,12.126276412639331,28.724399874422225,113.7582687446604,0,0
dolnośląskie|oleśnicki|Międzybórz,dolnośląskie,oleśnicki,Międzybórz,14,1,13,0.07142857142857142,51.38775723489703,17.64058508480209,6.352726348435893,12.389770946402617,78.70882434229742,0.1778707802712856,1.827495083456815,1.87698113472279,3.8761080795481817,6.785069865227962,4,12,55,132,241,8.600915849012736,11.933104261221136,28.396761342599813,113.8669222779249,0,0
dolnośląskie|oleśnicki|Oleśnica,dolnośląskie,oleśnicki,Oleśnica,29,1,28,0.034482758620689655,51.20187385563966,17.425732220549893,16.932374529162477,20.013312306382897,338.8728995407717,0.08557780819681879,2.199256085623807,2.2200055152372706,6.097187009426805,12.131922779712065,2,11,52,133,252,9.562088110959776,14.362528908744958,27.039030363667074,108.73235832032128,0,0
dolnośląskie|oleśnicki|Syców,dolnośląskie,oleśnicki,Syców,13,1,12,0.07692307692307693,51.30472175303772,17.65253832530788,8.936094732718955,11.42354158158803,102.08184975622474,0.12734878953550002,2.7027744841050305,2.576697545428159,4.258821937344387,7.00899042822142,4,14,54,132,242,9.2703855961601,12.037048743316252,28.540939210399152,113.78621048881001,0,0
dolnośląskie|oleśnicki|Twardogóra,dolnośląskie,oleśnicki,Twardogóra,29,1,28,0.034482758620689655,51.387348816419724,17.474762389335243,14.61807263277908,13.410569567789825,196.0366799888884,0.14793149935840452,1.2850748711077191,1.5797403170757964,4.815125388947128,9.264713114407188,3,11,54,130,245,10.110542849246684,13.063413358943325,27.214771053529176,110.73412294136142,0,0
dolnośląskie|oławski|Domaniów,dolnośląskie,oławski,Domaniów,20,0,20,0.0,50.90185315754392,17.138693484238537,11.12484853623221,8.139567961307847,90.5514607199182,0.22086888318523493,1.6001857847653795,1.6088141144185009,3.7918123328405478,5.951911124452151,5,15,58,130,218,9.375330997139635,11.141185641131065,27.71864668608191,100.33463635780052,0,0
dolnośląskie|oławski|Jelcz-Laskowice,dolnośląskie,oławski,Jelcz-Laskowice,16,1,15,0.0625,51.038821764427354,17.395845922587853,12.175243748325617,15.272389172623567,185.94506079598094,0.08604692123312278,1.939665047870264,2.369445372446053,4.6555776819368075,9.25476878191146,2,12,55,129,243,12.31056077562833,15.358070581264471,27.106470723717077,106.54801706887915,0,1
dolnośląskie|oławski|Oława,dolnośląskie,oławski,Oława,34,1,33,0.029411764705882353,50.922687438878675,17.2813393302884,18.461500393686634,14.119934185158307,260.67517051812945,0.13043052751215278,1.9208378093728324,1.8563092099397693,6.07406078630365,10.036379483730926,3,12,58,127,228,10.265655674475976,13.887839862832791,27.36267310433037,102.90355149183326,0,1
dolnośląskie|polkowicki|Chocianów,dolnośląskie,polkowicki,Chocianów,13,1,12,0.07692307692307693,51.41153577162301,15.981358938223325,16.62930774302059,11.373842215437103,189.13912242106267,0.06873247498240645,2.429326237767354,2.652666896583569,5.922117505933096,11.252631730463174,1,10,54,131,205,13.485596501946663,15.53089544716229,24.731501778970944,85.59417388557978,0,1
dolnośląskie|polkowicki|Gaworzyce,dolnośląskie,polkowicki,Gaworzyce,13,0,13,0.0,51.637395474883675,15.906106134856893,6.850318038882305,7.274253246844312,49.830948236255765,0.26088205141843,1.37374814312883,1.673083278328412,2.647222073445257,4.20061133475955,7,15,49,115,202,4.116924783912789,9.133821899887042,25.39586783051603,85.35521364959418,0,0
dolnośląskie|polkowicki|Grębocice,dolnośląskie,polkowicki,Grębocice,17,0,17,0.0,51.58091786755554,16.194053296376094,7.650474732476355,13.944931313975049,106.6853446636844,0.15934709733179298,1.9240012626421905,1.8357467765662523,4.012877045286615,8.038079498075495,5,15,53,117,223,8.637347319829114,10.281342566098392,26.03639419500082,91.61108467725666,0,0
dolnośląskie|polkowicki|Polkowice,dolnośląskie,polkowicki,Polkowice,17,1,16,0.058823529411764705,51.50741013223106,16.10056598787427,10.096182388336857,14.661259693444997,148.0227519077924,0.11484720950593989,2.105460758173738,2.22728629583922,4.678494058505923,9.327227293159831,4,12,52,124,218,10.421380214430782,12.763684919300925,25.52290457687469,89.18521787757345,0,1
dolnośląskie|polkowicki|Przemków,dolnośląskie,polkowicki,Przemków,11,1,10,0.09090909090909091,51.51448568542106,15.813114112819813,8.707358843686292,12.913664327153299,112.44390928343446,0.09782655254605728,2.030123501993768,2.073352502078195,4.548748475272055,7.20647004570925,2,12,50,117,189,10.376770815671742,14.074691724235725,23.694412262443514,81.66154970694777,0,1
dolnośląskie|polkowicki|Radwanice,dolnośląskie,polkowicki,Radwanice,13,0,13,0.0,51.56527765798617,15.938983831876945,10.566926364733074,9.202145699454007,97.23839600367563,0.13369204485344038,1.3799894641160153,1.632199550066737,3.8724097018687074,6.279753632834145,5,15,48,118,204,8.022931905778949,10.167469840385559,25.194963448006035,85.74649547230052,0,0
dolnośląskie|strzeliński|Borów,dolnośląskie,strzeliński,Borów,26,0,26,0.0,50.8690162980275,17.010111474563892,9.218672494858005,10.930909517761581,100.76847491517026,0.25801720252179594,1.3774746306591041,1.4154650247014544,3.570158333113319,6.1586590118297435,6,15,61,130,206,9.731022557324842,11.456834349923186,28.115502755313837,97.7172997421295,0,0
dolnośląskie|strzeliński|Kondratowice,dolnośląskie,strzeliński,Kondratowice,24,0,24,0.0,50.75102532039697,16.93932619636654,12.56907186920372,7.246865279903994,91.08637052955044,0.2634861819663115,1.3070720842586552,1.360717740544943,3.6942671937025735,8.024627231467822,6,17,62,124,188,8.675812111132625,10.13931793464776,27.817302980675972,92.88489949578145,0,0
dolnośląskie|strzeliński|Przeworno,dolnośląskie,strzeliński,Przeworno,18,0,18,0.0,50.67795912009238,17.159097749096425,10.863866176070017,10.157340328232431,110.34798603071623,0.1631203309409703,1.7810930228146657,1.8444639835320027,3.855167909077925,6.070420421472915,5,13,58,120,191,11.59585252630008,12.911182448056412,26.13241071676685,93.34885466145892,0,1
dolnośląskie|strzeliński|Strzelin,dolnośląskie,strzeliński,Strzelin,37,1,36,0.02702702702702703,50.76622341671066,17.067068696430248,15.448382013892868,14.299824950160357,220.90915856187374,0.16748966064092263,1.4744093488740815,1.4935379067327668,5.282655908660056,10.095669777102527,4,16,58,128,198,9.143041429661745,11.967442037014408,27.396232487827827,95.354223403806,0,0
dolnośląskie|strzeliński|Wiązów,dolnośląskie,strzeliński,Wiązów,25,1,24,0.04,50.80250947630783,17.225018826393924,14.430988080327161,12.989990522607796,187.4583983953159,0.13336292326193633,1.6487155574590282,1.7362953317636505,4.776633127417197,8.102225164288491,4,11,59,129,212,11.814545266228185,13.635224923126433,27.18730928158367,99.0558499133372,0,1
dolnośląskie|trzebnicki|Oborniki Śląskie,dolnośląskie,trzebnicki,Oborniki Śląskie,26,1,25,0.038461538461538464,51.289680608567025,16.90472078846756,14.619744942036828,12.044651813999865,176.08973743631924,0.14765198914219854,1.8612955900549433,1.7618642777150546,5.124535610565911,8.982862940526202,5,10,52,134,239,10.224112177608424,12.599690235640605,25.99792449506489,101.33600425806085,0,0
dolnośląskie|trzebnicki|Prusice,dolnośląskie,trzebnicki,Prusice,29,1,28,0.034482758620689655,51.38160060109804,16.908321986454283,10.757983297832942,16.569846721863954,178.25813428146432,0.16268542311909232,1.4575275823899496,1.6202947319878036,5.004114817619541,10.775029936873542,3,10,50,128,242,10.224112177608424,14.337444686046672,25.593174674010342,101.78147762352168,0,0
dolnośląskie|trzebnicki|Trzebnica,dolnośląskie,trzebnicki,Trzebnica,43,1,42,0.023255813953488372,51.341175826468664,17.09745239497281,19.920094490563372,13.591858539766623,270.7511064145218,0.1588174488719049,1.4540196418853044,1.5340601352362015,5.909809133028545,10.58185091226605,4,8,51,132,244,7.7479053963731435,13.23901497080405,25.892842788669924,104.32382113897327,0,0
dolnośląskie|trzebnicki|Wisznia Mała,dolnośląskie,trzebnicki,Wisznia Mała,16,0,16,0.0,51.23222339255156,17.03097367662213,11.004569272745398,7.412095862247673,81.56692237233405,0.19615794656274657,1.7455461176348899,1.6889361400003091,3.6838484217872014,6.422673008281494,4,11,52,135,240,10.862596879507203,13.085885000926178,26.239333687108243,102.76304702622217,0,1
dolnośląskie|trzebnicki|Zawonia,dolnośląskie,trzebnicki,Zawonia,25,0,25,0.0,51.31849122383118,17.202892005258487,11.73195125528228,11.237715323207512,131.84032839260928,0.1896233140860521,1.2786834913158502,1.4167475191695045,4.301576582504313,7.6865853477461625,3,9,49,127,249,7.7479053963731435,13.151876952465505,26.173507459495205,105.8173949933123,0,0
dolnośląskie|trzebnicki|Żmigród,dolnośląskie,trzebnicki,Żmigród,38,1,37,0.02631578947368421,51.48158948979708,16.9106028365125,16.766258790925992,19.064733082694705,319.6442486443877,0.11888216403441677,1.7013520895444154,1.9092150434240218,6.386343224326348,10.822956234700792,2,10,47,124,239,11.119396785136141,15.674216987496854,25.55721672114899,102.31758816242642,0,1
dolnośląskie|wałbrzyski|Boguszów-Gorce,dolnośląskie,wałbrzyski,Boguszów-Gorce,1,1,0,1.0,50.7559308146626,16.2049768032954,0.001,0.001,1e-06,1000000.0,,,0.0,0.0,9,16,64,110,155,5.6066080859295315,6.866430253997171,26.743870463280075,78.10621662311192,0,0
dolnośląskie|wałbrzyski|Czarny Bór,dolnośląskie,wałbrzyski,Czarny Bór,6,0,6,0.0,50.769783849027334,16.125099291727985,9.467322789305019,4.204687446538869,39.80713328452216,0.1507267543511586,2.557304043920052,2.539857207668376,3.1281828440667288,5.760927771769378,8,18,62,107,153,5.825483013508317,8.502578358679939,26.061735802531956,76.37914738368362,0,0
dolnośląskie|wałbrzyski|Głuszyca,dolnośląskie,wałbrzyski,Głuszyca,6,1,5,0.16666666666666666,50.675265470968135,16.3762771831513,4.013731113549303,5.995101683277559,24.06272615506294,0.24934830581270462,2.0615492294214435,1.921633600584138,2.320362111695565,3.9768106830191234,6,16,61,105,151,5.892342439396774,9.982394546995618,25.50938770500243,77.88000523113551,0,0
dolnośląskie|wałbrzyski|Jedlina-Zdrój,dolnośląskie,wałbrzyski,Jedlina-Zdrój,1,1,0,1.0,50.7249204621414,16.3470610342615,0.001,0.001,1e-06,1000000.0,,,0.0,0.0,7,16,63,111,155,3.9304440005214434,7.511296127302975,27.054994797153434,80.22881905215667,0,0
dolnośląskie|wałbrzyski|Mieroszów,dolnośląskie,wałbrzyski,Mieroszów,10,1,9,0.1,50.68135921958072,16.212723652479443,7.711060774330986,10.322424458446408,79.59684233752087,0.12563312445983973,1.9624984677102115,1.8319235953506703,3.6727925270401087,6.173564103787892,7,15,56,104,146,8.309910764936427,10.565952189178118,23.87408507211395,73.50638482699136,0,0
dolnośląskie|wałbrzyski|Stare Bogaczowice,dolnośląskie,wałbrzyski,Stare Bogaczowice,8,0,8,0.0,50.83327927069736,16.187739311048848,8.869911404007253,11.117264337488061,98.60914972844849,0.0811283742130475,2.570873487205276,2.5212385187587953,4.2000473853945905,6.30702737444236,9,21,68,110,163,5.7531080542150885,8.483875447577834,28.3541772380407,81.57109855201216,0,0
dolnośląskie|wałbrzyski|Szczawno-Zdrój,dolnośląskie,wałbrzyski,Szczawno-Zdrój,1,1,0,1.0,50.8003734425958,16.2509338295516,0.001,0.001,1e-06,1000000.0,,,0.0,0.0,8,19,70,113,163,4.310858855685517,6.728344029664504,28.37346740706381,81.81516625750461,0,0
dolnośląskie|wałbrzyski|Walim,dolnośląskie,wałbrzyski,Walim,13,0,13,0.0,50.74048737241826,16.39719993236033,12.934993272121698,9.444216570173756,122.1608777956578,0.10641704803190342,1.6787742943342199,1.8696620778145498,4.01919801881025,8.561873104066798,9,16,67,111,160,3.9304440005214434,8.579760743635372,27.699538247520465,82.31103293132118,0,0
dolnośląskie|wołowski|Brzeg Dolny,dolnośląskie,wołowski,Brzeg Dolny,14,1,13,0.07142857142857142,51.277434570865424,16.71390777955339,8.689832424814517,13.813184021537795,120.03425440028892,0.11663337328120482,1.7075999759888072,1.8530870049530548,4.475199196856086,8.783646282845238,3,10,53,136,235,9.80971652306358,13.4208274696539,26.29398048822326,98.70199811122626,0,0
dolnośląskie|wołowski|Wińsko,dolnośląskie,wołowski,Wińsko,48,0,48,0.0,51.458662395733825,16.60766315886169,12.164397331985134,22.8414759467042,277.8527890646912,0.17275334957614688,1.4882626690214673,1.4949929521078544,6.2848349695608166,12.536393855641402,3,8,53,126,238,11.64107249056297,14.743400597912933,25.47299414950832,97.81369902829752,0,1
dolnośląskie|wołowski|Wołów,dolnośląskie,wołowski,Wołów,44,1,43,0.022727272727272728,51.35217742310994,16.63892723419874,18.46805034563428,24.1204352456523,445.45741247531816,0.09877487447228851,1.84899800252493,1.846087672485276,7.899336882659885,15.185827722866753,2,12,53,136,229,9.80971652306358,15.716504814044004,25.83289740852093,97.88920486432936,0,0
dolnośląskie|wrocławski|Czernica,dolnośląskie,wrocławski,Czernica,13,0,13,0.0,51.07396814331025,17.22882078033786,7.381461197013693,9.912154317342528,73.16618247227562,0.1776777134016252,2.0202929511315784,1.8432946808239379,3.2575487474838454,5.6500459165379,4,12,51,135,236,9.644808004214825,13.339495446165913,26.96135596624761,104.30904854100253,0,0
dolnośląskie|wrocławski|Długołęka,dolnośląskie,wrocławski,Długołęka,41,0,41,0.0,51.19621228290763,17.199883899101483,16.569041547489338,12.722417005194094,210.79825594354583,0.19449876288815343,1.4102010419670912,1.5543123769813858,5.535687504714816,9.20233229412588,5,11,52,131,243,12.427979034737909,13.605039297421945,26.473396269477426,104.97706363025043,0,1
dolnośląskie|wrocławski|Jordanów Śląski,dolnośląskie,wrocławski,Jordanów Śląski,13,0,13,0.0,50.85537718039127,16.85640683830525,7.510557753806675,6.664668187787943,50.055375334339416,0.2597123668171084,1.3598072146938076,1.3811467952903078,2.840686386630988,4.337514388479277,5,15,68,127,197,7.512637359668573,10.676613108365022,28.666815927581993,95.19018757798028,0,0
dolnośląskie|wrocławski|Kobierzyce,dolnośląskie,wrocławski,Kobierzyce,33,0,33,0.0,50.972087400635104,16.91286556653369,17.229459096615464,11.31950206700718,195.02889785755443,0.1692056939382522,1.6085406939382614,1.6502599705809857,4.810745647285353,10.609727083311723,5,14,62,131,215,9.791602656342118,11.722023599777808,28.16320913494112,98.56694453381596,0,0
dolnośląskie|wrocławski|Kąty Wrocławskie,dolnośląskie,wrocławski,Kąty Wrocławskie,42,1,41,0.023809523809523808,51.04335191666236,16.82479558680306,15.406467784181652,16.29259890422007,251.0114001384598,0.1673230776643311,1.2678975612362193,1.3336083470249815,5.449566059264828,9.182385095987181,3,13,64,136,224,10.0380598695429,13.662187120986284,27.877707984297476,98.40149412654031,0,0
dolnośląskie|wrocławski|Mietków,dolnośląskie,wrocławski,Mietków,14,0,14,0.0,50.969279341133245,16.653415781894786,7.740210096328813,10.356441603903228,80.16103386457154,0.17464844607234445,1.8324255153339302,1.8198439519419947,3.370695822308168,5.981694342395202,5,15,67,129,206,9.365433114156216,10.911906761207154,29.143611673657638,95.02550332012638,0,0
dolnośląskie|wrocławski|Siechnice,dolnośląskie,wrocławski,Siechnice,21,1,20,0.047619047619047616,51.024500728109196,17.115484800791496,9.322838207631532,12.970202154189819,120.91909620378566,0.17366983925027507,1.443307638024516,1.5454966554187688,3.7964408203396394,7.5010461148171,4,11,55,136,231,7.836156839463494,11.451091633221216,27.405388618046523,102.12099363972298,0,0
dolnośląskie|wrocławski|Sobótka,dolnośląskie,wrocławski,Sobótka,23,1,22,0.043478260869565216,50.91061849594773,16.77422431924613,13.28312867332334,9.605101664579824,127.58580133096599,0.18027084330752824,1.5660560574279774,1.744133705788417,4.337129616997143,7.6548354768304065,5,15,67,131,203,8.424425012735922,11.017483252323553,28.877451357354435,95.44014519080189,0,0
dolnośląskie|wrocławski|Żórawina,dolnośląskie,wrocławski,Żórawina,32,0,32,0.0,50.966280752340325,17.05239374088194,11.891961886091735,13.569291123058779,161.36549285669793,0.19830757762081072,1.555707675638363,1.5662896955102572,4.547197416209052,8.468395023802922,4,12,58,135,221,7.836156839463494,10.797479410944522,27.858540691083782,100.39394516472981,0,0
dolnośląskie|zgorzelecki|Bogatynia,dolnośląskie,zgorzelecki,Bogatynia,16,1,15,0.0625,50.932755575043174,14.92520194100662,16.476107468292884,12.018699620214077,198.021386571778,0.08079935342842569,1.6786783094354265,1.7299786592010105,6.6013754123975925,9.78878823431847,1,4,18,40,78,14.030983827854254,20.710130030431,9.001624544275819,38.06986728390089,0,1
dolnośląskie|zgorzelecki|Pieńsk,dolnośląskie,zgorzelecki,Pieńsk,10,1,9,0.1,51.2342668312676,15.090422472260382,10.80977237079023,12.33054443852139,133.29037858832965,0.07502416983063141,2.1470615621509985,2.3763593822265854,5.146675398745419,8.33284647742114,3,10,32,66,115,13.064882954853042,15.833970222005695,14.806704806825064,52.48878551723586,0,1
dolnośląskie|zgorzelecki|Sulików,dolnośląskie,zgorzelecki,Sulików,16,0,16,0.0,51.058776100349455,15.08208037440433,10.775248687953335,7.596313199939014,81.85216384092546,0.19547436804596877,1.4578914483617729,1.446012456180772,3.465540837280554,6.0694837926069285,4,11,28,59,105,4.0714845386384635,8.736574357693128,14.560252838460697,48.81143626000423,0,0
dolnośląskie|zgorzelecki|Węgliniec,dolnośląskie,zgorzelecki,Węgliniec,7,1,6,0.14285714285714285,51.33701906392116,15.188267342399657,18.58039468756167,4.342830564850588,80.69150595613031,0.08675014695853739,2.7075842121848988,2.60424659505869,5.87817525287591,9.729186071807126,3,9,39,80,126,12.872941658290044,15.695074582616986,16.432267861435236,57.96824408565923,0,1
dolnośląskie|zgorzelecki|Zawidów,dolnośląskie,zgorzelecki,Zawidów,1,1,0,1.0,51.0240703321003,15.0635179755339,0.001,0.001,1e-06,1000000.0,,,0.0,0.0,5,10,25,54,96,4.0714845386384635,10.343384511600856,13.62902154284928,46.942364359592474,0,0
dolnośląskie|zgorzelecki|Zgorzelec,dolnośląskie,zgorzelecki,Zgorzelec,23,1,22,0.043478260869565216,51.11946434795125,15.050528865513199,20.780204560370727,14.170950092047256,294.47524172754635,0.07810503818613045,2.0093062361999805,1.9964571590037743,6.96215547978066,11.76706173775538,5,10,27,59,106,7.098924301063791,10.360967322082246,14.109628270577703,48.81798197578861,0,0
dolnośląskie|ząbkowicki|Bardo,dolnośląskie,ząbkowicki,Bardo,10,1,9,0.1,50.51211249883302,16.75333238228426,8.2829151061433,6.22869959094881,51.59178993349848,0.1938292897550161,1.9735258490434031,2.0058219502721983,2.8520004514947157,4.557499745156195,5,16,50,91,154,9.69183951157535,10.719506910485707,22.503348324783712,76.29734827034117,0,0
dolnośląskie|ząbkowicki|Ciepłowody,dolnośląskie,ząbkowicki,Ciepłowody,17,0,17,0.0,50.668861596584776,16.919401674469185,7.534842478651414,10.639611119693654,80.16779382099968,0.21205523053257466,1.3694823034720338,1.453869745331519,3.860565939124342,5.719703519423067,5,17,61,113,177,8.146156743812782,9.88636964893565,26.714119874806183,88.89486204219594,0,0
dolnośląskie|ząbkowicki|Kamieniec Ząbkowicki,dolnośląskie,ząbkowicki,Kamieniec Ząbkowicki,14,1,13,0.07142857142857142,50.50988453157364,16.90354423972636,7.097704824682781,12.284261372456855,87.19006121095134,0.16056875985128402,1.8960128263712588,1.95830147931307,3.9032567887566674,6.915205633393631,5,13,48,93,160,6.801996103490844,11.186654786387393,22.65385407102877,79.25881121371012,0,0
dolnośląskie|ząbkowicki|Stoszowice,dolnośląskie,ząbkowicki,Stoszowice,11,0,11,0.0,50.599550794957146,16.68644324389929,9.985926511065962,6.324796842054236,63.158956462175674,0.17416373886081582,2.1811827476681667,2.0575413977605583,3.5929278554049917,5.427529438574954,5,17,57,102,156,9.633599265613228,10.885335217541755,24.999375712800273,80.56970706550325,0,0
dolnośląskie|ząbkowicki|Ziębice,dolnośląskie,ząbkowicki,Ziębice,29,1,28,0.034482758620689655,50.60860499077686,17.036288650589515,21.92581071580986,12.576248635442182,275.74444709566734,0.10516984224142392,2.0473844062483537,2.031263987633856,6.021687744025195,13.697296048603736,4,17,55,108,179,10.48812620698732,12.44759854644702,25.123659185918925,87.738334916823,0,1
dolnośląskie|ząbkowicki|Ząbkowice Śląskie,dolnośląskie,ząbkowicki,Ząbkowice Śląskie,19,1,18,0.05263157894736842,50.60732176458225,16.822397031974063,12.28585474959723,10.90164398010774,133.93601447142473,0.14185878290453127,2.0206164283488004,2.0595322119647634,4.490615457058551,6.922855824114802,6,18,59,105,167,9.562568290223192,10.507047589323832,25.472743808161713,83.80702410218652,0,0
dolnośląskie|ząbkowicki|Złoty Stok,dolnośląskie,ząbkowicki,Złoty Stok,6,1,5,0.16666666666666666,50.45597319338895,16.858116766217336,6.196469706675999,9.479908695897615,58.741967056183945,0.10214162549683228,3.3382388994582355,3.270045568115657,3.344042211079371,5.628510084423537,4,13,44,88,153,6.801996103490844,11.196040172583556,20.823854842089354,74.61756223804677,0,0
dolnośląskie|złotoryjski|Pielgrzymka,dolnośląskie,złotoryjski,Pielgrzymka,9,0,9,0.0,51.11954521684118,15.785893762988978,11.157757815336412,7.711675850446657,86.04501148966226,0.10459641813263389,2.7911606179007853,3.075091561980961,3.734859883889515,6.320036658606835,6,14,62,111,168,10.84818854830838,12.618265330644991,25.168307285978305,77.38740581820558,0,1
dolnośląskie|złotoryjski|Wojcieszów,dolnośląskie,złotoryjski,Wojcieszów,1,1,0,1.0,50.9507663393735,15.9222600005254,0.001,0.001,1e-06,1000000.0,,,0.0,0.0,7,20,62,109,161,7.053616435715184,10.281997203287862,27.004437043648107,78.06337283351135,0,0
dolnośląskie|złotoryjski|Zagrodno,dolnośląskie,złotoryjski,Zagrodno,10,0,10,0.0,51.20641663832724,15.856694081904388,9.275646702918161,9.679967086311938,89.78795478850564,0.1113735135581924,2.8043562522200656,2.886451131462057,4.180495430356042,6.408308973337065,4,14,63,118,184,8.938513832928843,11.836707640537517,25.369124468933624,80.80741869360357,0,0
dolnośląskie|złotoryjski|Złotoryja,dolnośląskie,złotoryjski,Złotoryja,20,1,19,0.05,51.14185343324338,15.966671705328357,13.42511462509668,11.242273822187164,150.92881470958645,0.13251280107435756,1.9493068070409532,2.0360740077116573,4.393428174811369,8.290416542241637,5,16,65,121,186,9.52610942589422,11.73479351424336,27.144540311037645,83.58554691532169,0,0
dolnośląskie|złotoryjski|Świerzawa,dolnośląskie,złotoryjski,Świerzawa,12,1,11,0.08333333333333333,51.01972277568834,15.879495336961211,12.771420797203229,12.167949540434261,155.4020038200216,0.07721908151131543,2.727657854793671,2.736595636256979,4.329286684585183,7.558951402193163,7,17,64,112,167,8.231247172401586,12.452932951929494,26.655272535456913,78.58537473493479,0,0
dolnośląskie|średzki|Kostomłoty,dolnośląskie,średzki,Kostomłoty,27,0,27,0.0,51.05948150814652,16.653338201672064,10.581626142400845,15.956722123324923,168.84806796720093,0.15990707104356564,1.5272949442583277,1.6123229372630627,4.9945674080643645,9.41239138563843,5,15,67,135,216,10.030038666578067,12.466455613792338,28.518919278755916,96.43251663135868,0,0
dolnośląskie|średzki|Malczyce,dolnośląskie,średzki,Malczyce,11,0,11,0.0,51.178185012523116,16.483205340737936,10.252783018816368,4.923027706850313,50.474734873957374,0.2179308128605048,1.5676491133173034,1.611464156313037,3.663808432311998,5.759825581198092,5,14,62,132,219,6.309700496042914,10.489069230503674,28.306414382436614,95.286862051142,0,0
dolnośląskie|średzki|Miękinia,dolnośląskie,średzki,Miękinia,30,1,29,0.03333333333333333,51.188881041502555,16.78412970821183,14.844079555133415,13.401773405958341,198.93699061791693,0.15080151713774895,1.8548155299232798,1.829200465238506,5.029785764798889,8.769418503221148,3,10,56,131,230,10.993732993185656,14.327932349675745,26.787916363376592,99.16613908054103,0,1
dolnośląskie|średzki|Udanin,dolnośląskie,średzki,Udanin,19,0,19,0.0,51.05349030137069,16.46125099524116,9.309523945033495,12.161482035395021,113.21760821560464,0.16781841887895715,1.807421919238237,1.8726904878525001,4.034202588460496,6.860952028594596,7,18,67,133,208,8.078561134830595,11.871250756628951,29.531841412908875,93.72280715788843,0,0
dolnośląskie|średzki|Środa Śląska,dolnośląskie,średzki,Środa Śląska,28,1,27,0.03571428571428571,51.16100748088048,16.60046990401873,16.275223831704455,14.472595149487569,235.5447254835504,0.11887338993695878,1.9836095080613179,2.037116883299354,5.925886225313414,9.851645895258885,4,13,59,136,222,8.395981313369507,12.582228574392591,27.854970200713467,96.71053051553307,0,0
dolnośląskie|świdnicki|Dobromierz,dolnośląskie,świdnicki,Dobromierz,12,0,12,0.0,50.94575636876065,16.232429041414672,14.259819091573107,5.720580772415264,81.57444691337321,0.14710488950961842,2.1928765255117355,2.056687788700334,4.354724835098266,7.637489021095645,7,21,69,121,177,7.953460877734036,10.342517173765001,29.743211067200736,86.91132021207716,0,0
dolnośląskie|świdnicki|Jaworzyna Śląska,dolnośląskie,świdnicki,Jaworzyna Śląska,13,1,12,0.07692307692307693,50.90567294169124,16.43795857879864,8.98719984317353,6.379406483289628,57.333000946160745,0.22674550059236928,1.8885122465051918,1.8259694492516032,3.056077860077557,4.88963547213282,5,22,69,124,184,7.999762030940479,10.107698717225862,29.823285741972644,90.01764338348809,0,0
dolnośląskie|świdnicki|Marcinowice,dolnośląskie,świdnicki,Marcinowice,19,0,19,0.0,50.88225452902667,16.6216039415631,10.003275380015188,9.26918033923348,92.7221634803751,0.20491325144738887,1.841765502504936,1.742224165410065,4.0620876016277725,6.3970098708262,6,19,70,126,190,9.930283673479114,11.263136039901047,29.29945887265356,92.39205110806648,0,0
dolnośląskie|świdnicki|Strzegom,dolnośląskie,świdnicki,Strzegom,23,1,22,0.043478260869565216,50.9650932976924,16.34174955177904,11.509779155127877,13.729877216963846,158.02785459427562,0.1455439615949399,1.8745826556866405,1.9293388098910484,4.6056174346522365,8.911548887957236,8,21,70,125,189,7.953460877734036,10.606196472585843,30.034578756004514,89.85357401771839,0,0
dolnośląskie|świdnicki|Świdnica,dolnośląskie,świdnicki,Świdnica,34,1,33,0.029411764705882353,50.82017378868356,16.491850782693593,17.239440050731844,15.616041621637665,269.21181336595583,0.12629460637294454,1.7259024072218532,1.7598078886005804,5.425357840908373,9.470135654998101,7,21,73,120,175,10.231858464919457,11.661450695417898,29.08540271943196,87.9740307452413,1,0
dolnośląskie|świdnicki|Świebodzice,dolnośląskie,świdnicki,Świebodzice,1,1,0,1.0,50.8598403158081,16.3198738201222,0.001,0.001,1e-06,1000000.0,,,0.0,0.0,9,23,69,117,176,8.195604863882187,9.927405704986606,29.448282005439168,86.02956967682258,0,0
dolnośląskie|świdnicki|Żarów,dolnośląskie,świdnicki,Żarów,19,1,18,0.05263157894736842,50.95452241299631,16.521758836941007,9.700114767287724,9.475297410767718,91.91147233863107,0.20672065756925276,1.602976989650243,1.668847173342405,3.6029607240841264,6.178922939841136,6,16,67,128,197,7.999762030940479,10.495003773596274,29.694013312735343,92.76706043880615,0,0
kujawsko-pomorskie|Bydgoszcz|Bydgoszcz,kujawsko-pomorskie,Bydgoszcz,Bydgoszcz,2,1,1,0.5,53.14514227896356,18.03274312052833,4.3967023666956875,4.180956679450458,18.38242212759197,0.10879959050652009,6.060430197364618,6.060430197364618,3.0302152671253033,3.0305460858706534,3,11,49,118,210,6.49976045675668,12.650709821058516,25.142827801245527,97.94238754561366,0,0
kujawsko-pomorskie|Grudziądz|Grudziądz,kujawsko-pomorskie,Grudziądz,Grudziądz,1,1,0,1.0,53.4880293129976,18.7529578044802,0.001,0.001,1e-06,1000000.0,,,0.0,0.0,5,16,60,124,209,3.2706565689998808,10.167955809047047,27.968663486815743,97.16678846897966,0,0
kujawsko-pomorskie|Toruń|Toruń,kujawsko-pomorskie,Toruń,Toruń,1,1,0,1.0,53.013244465748,18.614990611921,0.001,0.001,1e-06,1000000.0,,,0.0,0.0,3,14,64,137,232,5.123051815358932,11.966616908094196,29.940754967244203,109.57130573203146,0,0
kujawsko-pomorskie|Włocławek|Włocławek,kujawsko-pomorskie,Włocławek,Włocławek,1,1,0,1.0,52.65489507604947,19.06549928381647,0.001,0.001,1e-06,1000000.0,,,0.0,0.0,4,17,68,149,255,6.809188601517217,11.625567263210709,32.504430891519064,120.86267997184629,0,0
kujawsko-pomorskie|aleksandrowski|Aleksandrów Kujawski,kujawsko-pomorskie,aleksandrowski,Aleksandrów Kujawski,39,1,38,0.02564102564102564,52.85481223718549,18.676998827866466,10.687839596490607,15.831332174587736,169.20273888075454,0.2304927228600313,1.2252873004280112,1.3205928206430917,4.299385498629808,9.331015892377092,6,18,65,141,241,7.835365502627348,10.268284433981474,31.522733975420536,114.28933347899468,0,0
kujawsko-pomorskie|aleksandrowski|Bądkowo,kujawsko-pomorskie,aleksandrowski,Bądkowo,26,0,26,0.0,52.71102393811892,18.800287565231915,11.619188303678877,8.01809871576037,93.16379881590552,0.27907835801518555,1.2903120542558308,1.2524591607898081,3.4917299851593993,6.502933130445563,7,19,65,148,250,7.328887050697082,9.431300138626712,32.827386672553274,118.67682071620374,0,0
kujawsko-pomorskie|aleksandrowski|Ciechocinek,kujawsko-pomorskie,aleksandrowski,Ciechocinek,1,1,0,1.0,52.8787414183966,18.7871171296875,0.001,0.001,1e-06,1000000.0,,,0.0,0.0,7,19,68,142,240,3.8427708760778776,8.360586129562616,32.18855236501746,114.89596682715228,0,0
kujawsko-pomorskie|aleksandrowski|Koneck,kujawsko-pomorskie,aleksandrowski,Koneck,22,0,22,0.0,52.791218737487476,18.727225774863687,7.884139781118573,9.249540501321079,72.92467022353294,0.30168117226398583,1.1495971400714127,1.2173355423148153,3.376603274821854,5.1233708532999245,9,18,63,144,248,7.835365502627348,8.688027362647077,32.41606629997784,116.41877338257416,0,0
kujawsko-pomorskie|aleksandrowski|Nieszawa,kujawsko-pomorskie,aleksandrowski,Nieszawa,1,1,0,1.0,52.8340906570506,18.902363806428,0.001,0.001,1e-06,1000000.0,,,0.0,0.0,7,19,63,148,244,5.325027509445401,7.8283074837234015,32.8128846073112,116.78905513971338,0,0
kujawsko-pomorskie|aleksandrowski|Raciążek,kujawsko-pomorskie,aleksandrowski,Raciążek,8,0,8,0.0,52.84827907487639,18.8141504964698,4.837456397671694,5.649477435546993,27.32910076408868,0.2927282558272923,1.538356611152058,1.4163584305543007,2.1943551565098085,3.0743521625333,9,21,62,142,243,3.8427708760778776,6.875134853644354,32.64973992637428,115.94412161392717,0,0
kujawsko-pomorskie|aleksandrowski|Waganiec,kujawsko-pomorskie,aleksandrowski,Waganiec,28,0,28,0.0,52.7952133649578,18.856098068852248,6.0949157539924395,8.541834977063198,52.061764569706135,0.5378227232868847,0.87018877427161,0.9326923382262918,2.831391177253914,4.508036942748349,8,19,64,150,244,5.325027509445401,7.230545854997284,33.039874561236324,117.48123911835457,0,0
kujawsko-pomorskie|aleksandrowski|Zakrzewo,kujawsko-pomorskie,aleksandrowski,Zakrzewo,18,0,18,0.0,52.74359903485333,18.63571017073229,6.659778661775728,13.085957584988941,87.14958109341158,0.20654144029340354,1.5073573536455447,1.4860576736979212,3.56766965188601,7.456613786122403,7,17,64,146,247,6.470899472267637,9.822068783104545,31.792912075572968,116.29028234642783,0,0
kujawsko-pomorskie|brodnicki|Bartniczka,kujawsko-pomorskie,brodnicki,Bartniczka,14,0,14,0.0,53.24006535913428,19.55940254910322,8.185001457856258,12.611799384174263,103.22759634565699,0.1356226483577229,1.6549130821908498,1.5842778465862728,4.214686240236391,7.501061125750076,5,14,53,126,221,7.625045113937579,10.192972097433335,27.032295033319645,102.23513819915341,0,0
kujawsko-pomorskie|brodnicki|Bobrowo,kujawsko-pomorskie,brodnicki,Bobrowo,22,0,22,0.0,53.273333835057244,19.238081133143115,9.928984525066253,12.740173339528242,126.49698393483757,0.1739171900836218,2.1629086144343392,2.051798812567823,4.343247444528247,7.376604073096362,6,18,57,128,225,12.600346823063365,13.142699957140163,28.341451951577575,103.37142938077531,0,1
kujawsko-pomorskie|brodnicki|Brodnica,kujawsko-pomorskie,brodnicki,Brodnica,22,1,21,0.045454545454545456,53.227375764001245,19.41119849955262,12.846872782658068,14.143044060250645,181.69388780156785,0.12108277425395132,1.8854470728408692,2.0452629005341696,5.002332778586808,8.613708412727703,6,15,55,125,220,8.179807875275358,11.154152787660491,28.11527484380082,103.99564512673949,0,0
kujawsko-pomorskie|brodnicki|Brzozie,kujawsko-pomorskie,brodnicki,Brzozie,11,0,11,0.0,53.30256452596354,19.60747798442549,5.254770239039936,12.851083337866045,67.5294902632405,0.16289179671163342,2.221479169865108,2.0445960157751037,4.0460037307554835,7.0520401777660044,5,13,51,119,217,7.649647617937042,12.243326890666562,25.681618805115377,99.11524552683241,0,0
kujawsko-pomorskie|brodnicki|Górzno,kujawsko-pomorskie,brodnicki,Górzno,11,1,10,0.09090909090909091,53.190503647949214,19.638545704965097,9.941294753211455,11.493216119591414,114.25744910721944,0.0962738104688262,1.9221348676849903,2.1304269636488544,4.067144393556266,7.20358778192847,4,15,54,120,222,7.625045113937579,11.588327676227156,27.058860045279722,103.43205311804573,0,0
kujawsko-pomorskie|brodnicki|Jabłonowo Pomorskie,kujawsko-pomorskie,brodnicki,Jabłonowo Pomorskie,17,1,16,0.058823529411764705,53.38906149846146,19.180945835581653,11.31311188237376,8.454085454592736,95.64201461095625,0.1777461513033893,1.6170018749619226,1.8470649603797167,3.626140925621352,6.829046198752934,4,15,56,125,219,7.36329617211424,12.162157233274453,27.295532583693067,99.41734919658435,0,0
kujawsko-pomorskie|brodnicki|Osiek,kujawsko-pomorskie,brodnicki,Osiek,17,0,17,0.0,53.15415497395608,19.399375079023056,7.6950236929976095,8.465671954073768,65.14354626374302,0.260962151663851,1.3403790078959228,1.4467076822745832,3.3230178138849773,4.984765249485748,6,16,56,131,221,8.148080898898462,10.17194409793684,29.077727950198238,106.82073225483305,0,0
kujawsko-pomorskie|brodnicki|Zbiczno,kujawsko-pomorskie,brodnicki,Zbiczno,17,0,17,0.0,53.34445090401171,19.394427576678865,9.801184555249929,16.101183257716794,157.8106686667826,0.10772402235932173,2.103426078806556,1.966501256151438,5.5511796203320625,8.333376670416762,4,14,52,124,219,10.262242407573515,13.257558035791112,26.415071776943872,99.3988598623278,0,1
kujawsko-pomorskie|brodnicki|Świedziebnia,kujawsko-pomorskie,brodnicki,Świedziebnia,19,0,19,0.0,53.137670585003185,19.547820539452545,7.911647997433656,10.360347992458431,81.96742644724954,0.23179939670580638,1.6866023512428556,1.6192934525700267,3.3844229521291225,5.697050525561976,6,14,57,127,223,8.431655927811784,10.874220870974643,28.283219044861198,106.26684003393005,0,0
kujawsko-pomorskie|bydgoski|Białe Błota,kujawsko-pomorskie,bydgoski,Białe Błota,13,0,13,0.0,53.0884880160528,17.89095733778512,10.255303477490044,11.010077390734898,112.9116849526381,0.11513423084114789,1.8723662894022635,1.9615162507143256,3.930279543623629,7.565390767562251,3,9,50,122,207,11.36766737875782,14.250948474232363,24.171558298322612,96.80189227351727,0,1
kujawsko-pomorskie|bydgoski|Dobrcz,kujawsko-pomorskie,bydgoski,Dobrcz,26,0,26,0.0,53.258874203017236,18.148165103558537,12.903847942058489,12.505180485475913,161.36494747257834,0.1611254513897346,1.5781724576256424,1.560630642274821,4.551289133272401,8.376025318277845,4,13,52,123,210,8.400335322286784,11.822531493420051,25.81180516238058,97.18770349812196,0,0
kujawsko-pomorskie|bydgoski|Dąbrowa Chełmińska,kujawsko-pomorskie,bydgoski,Dąbrowa Chełmińska,22,0,22,0.0,53.180310878398565,18.255270307436863,11.933221677511018,12.118405592954094,144.61162031871055,0.15213161951656476,1.4833715977349795,1.4670301260713494,4.179256913875568,8.680045737143526,5,12,55,123,213,9.469092223003987,12.267236361645567,27.00935751565966,100.85921451179618,0,0
kujawsko-pomorskie|bydgoski|Koronowo,kujawsko-pomorskie,bydgoski,Koronowo,35,1,34,0.02857142857142857,53.31633492827837,17.85880946816511,21.846574666562606,22.312212057712912,487.4454066950036,0.07180291273500425,2.5033738035403674,2.4818679448392436,7.188974923789022,12.35452413122116,2,11,46,108,195,12.711984849909323,17.26884723801594,22.645725323127067,90.45553038188058,0,1
kujawsko-pomorskie|bydgoski|Nowa Wieś Wielka,kujawsko-pomorskie,bydgoski,Nowa Wieś Wielka,16,0,16,0.0,52.98746714179437,18.06730376553793,9.050237388449247,14.376121032388747,130.10730806819623,0.1229754134303781,2.099113232359639,2.0784433872550077,4.55461546131573,8.479801019173413,3,12,52,125,220,9.200599216975787,12.961672952050241,25.98679797719177,102.20719991067688,0,0
kujawsko-pomorskie|bydgoski|Osielsko,kujawsko-pomorskie,bydgoski,Osielsko,11,0,11,0.0,53.19866711883976,18.071936335553925,7.186469446682434,12.093177087377777,86.90724765176046,0.1265717221200846,1.8324052292041555,2.2020014964040673,3.3278473194273293,7.545573115695761,3,12,50,123,207,6.49976045675668,12.324531271903494,25.33224300580788,97.35614300407426,0,0
kujawsko-pomorskie|bydgoski|Sicienko,kujawsko-pomorskie,bydgoski,Sicienko,25,0,25,0.0,53.207950574591734,17.798018318548248,14.47470375654117,12.358774227480303,178.88959573675334,0.13975100059362303,1.5426059592912826,1.5828030241602078,4.755504277472453,9.878102486895916,3,9,50,103,200,12.711984849909323,14.557537760475842,22.891153859346673,92.23300344888898,0,1
kujawsko-pomorskie|bydgoski|Solec Kujawski,kujawsko-pomorskie,bydgoski,Solec Kujawski,6,1,5,0.16666666666666666,53.0557534865623,18.205870856118164,10.668245129504855,10.948094486946538,116.79695568772635,0.051371201969012556,2.8331718337937906,3.9850273328274484,4.761723889795383,7.64944029953643,3,14,55,131,218,11.981362487489976,14.023344860733104,26.673539997557235,102.83044418619761,0,1
kujawsko-pomorskie|chełmiński|Chełmno,kujawsko-pomorskie,chełmiński,Chełmno,23,1,22,0.043478260869565216,53.3594485739496,18.474589285365624,15.097007731085156,18.160828650811155,274.17417054420883,0.08388828150495452,1.6320281664402905,1.6450860763882966,6.3908665656936,12.135771600555245,5,19,60,126,211,6.495143062756916,10.124245412370197,28.18461109848722,99.3417576717684,0,0
kujawsko-pomorskie|chełmiński|Kijewo Królewskie,kujawsko-pomorskie,chełmiński,Kijewo Królewskie,15,0,15,0.0,53.26597004024818,18.4358442866761,10.466275492536464,5.63485921062102,58.975988860016145,0.25434079682162863,1.1899745398239947,1.32392241161665,2.98027162742298,5.655908952023587,6,14,56,126,218,6.149929149138375,10.460848653168092,28.412609871550018,101.45156207392523,0,0
kujawsko-pomorskie|chełmiński|Lisewo,kujawsko-pomorskie,chełmiński,Lisewo,18,0,18,0.0,53.306264969876516,18.649130633345848,9.277176477563904,10.646744724170125,98.77172971769868,0.1822383798628022,1.5603181244069555,1.691296872867482,3.7841805506649626,6.210191493511565,6,19,61,130,218,5.7003667982365975,9.82716314057259,29.247485110029192,102.42484408773036,0,0
kujawsko-pomorskie|chełmiński|Papowo Biskupie,kujawsko-pomorskie,chełmiński,Papowo Biskupie,14,0,14,0.0,53.25864595278674,18.567043382095214,5.967782831660478,9.080288063620822,54.189187212607905,0.25835412413682957,1.7230837276931672,1.5956718237388843,3.1250958043776955,4.973201906442443,7,15,62,133,213,7.603805623389279,9.476077255702148,29.18947518435469,103.0861375646732,0,0
kujawsko-pomorskie|chełmiński|Stolno,kujawsko-pomorskie,chełmiński,Stolno,20,0,20,0.0,53.3402457378758,18.584867398974197,10.684077627684246,16.246651738145935,173.58048836030235,0.11522032337232424,1.5711422648422073,1.6623742677051958,5.528386500517942,8.92538794647413,6,19,56,126,216,5.7003667982365975,9.741774160968967,28.86937749947368,100.97212520473424,0,0
kujawsko-pomorskie|chełmiński|Unisław,kujawsko-pomorskie,chełmiński,Unisław,10,0,10,0.0,53.222448157073394,18.37881144793991,8.28477093542192,8.010211597575111,66.36276823016986,0.15068690271202093,1.9350286085763053,2.1353130778823015,3.2770856632817384,5.8442290475281995,4,17,58,127,215,6.149929149138375,10.96611922970004,28.061124131343856,101.76081070649627,0,0
kujawsko-pomorskie|golubsko-dobrzyński|Ciechocin,kujawsko-pomorskie,golubsko-dobrzyński,Ciechocin,9,0,9,0.0,53.03153756852698,18.9573958574599,7.537984730213473,7.133694865496474,53.77368296611467,0.16736811584341962,2.071873862135894,1.8156717214697542,3.172942945383455,4.383843695860341,6,16,69,138,231,9.079070747361396,12.021003752081898,31.022191911325354,111.52634719415293,0,0
kujawsko-pomorskie|golubsko-dobrzyński|Golub-Dobrzyń,kujawsko-pomorskie,golubsko-dobrzyński,Golub-Dobrzyń,27,1,26,0.037037037037037035,53.140494006310014,19.077546532022687,20.193263647822757,17.844130807699507,360.3312379661126,0.07493105552657973,1.9622922332140815,1.9352346273529175,6.266475098245942,12.387843768488695,5,18,67,134,226,7.995265435180817,11.621897202907585,30.235836094703785,108.46514941103332,0,0
kujawsko-pomorskie|golubsko-dobrzyński|Kowalewo Pomorskie,kujawsko-pomorskie,golubsko-dobrzyński,Kowalewo Pomorskie,25,1,24,0.04,53.148888827306756,18.87951464630886,11.13927984662595,15.524551546114,172.9323241655334,0.14456522296010796,1.8248898485598828,1.8244574600030377,4.779003114728811,8.466566836204336,5,16,66,135,223,13.240558265957501,13.660031683371207,30.07654376417307,107.86193674548115,0,1
kujawsko-pomorskie|golubsko-dobrzyński|Radomin,kujawsko-pomorskie,golubsko-dobrzyński,Radomin,16,0,16,0.0,53.09720057530771,19.17320221272238,8.682542859111708,7.774247358082549,67.5002358838877,0.23703620869596398,1.5440206238421472,1.6126313717213006,3.335016393659223,5.580235031288828,4,15,68,135,230,7.995265435180817,10.334327986733427,30.467515597580675,109.72986928383162,0,0
kujawsko-pomorskie|golubsko-dobrzyński|Zbójno,kujawsko-pomorskie,golubsko-dobrzyński,Zbójno,17,0,17,0.0,53.005746350234176,19.139852173151038,7.791641015538158,12.242400624913913,95.38839083772922,0.17821875231043258,1.4326334436192736,1.5531090621902128,3.414570092160379,7.465074548700965,6,17,67,138,235,8.496192074071784,10.030554010488443,31.150585732922032,112.50891220948242,0,0
kujawsko-pomorskie|grudziądzki|Grudziądz,kujawsko-pomorskie,grudziądzki,Grudziądz,30,0,30,0.0,53.45924198304699,18.763101974244126,23.28537704463708,16.293726092712287,379.4055555308469,0.07907106146093557,1.8013297139407025,1.8357646411332105,7.7435609055282,15.260510650685596,4,19,60,123,209,3.2706565689998808,10.362123433870565,28.246527963592065,98.16455868149524,0,0
kujawsko-pomorskie|grudziądzki|Gruta,kujawsko-pomorskie,grudziądzki,Gruta,16,0,16,0.0,53.446169959439956,18.940117995492283,10.642102308484125,11.913524750575206,126.78494925027915,0.12619794458737593,2.4721004462938145,2.124381816318909,4.626475851600998,7.148647547671756,6,15,61,130,214,7.311383803867481,11.113623601324425,27.972752944405244,98.55369555820756,0,0
kujawsko-pomorskie|grudziądzki|Radzyń Chełmiński,kujawsko-pomorskie,grudziądzki,Radzyń Chełmiński,18,1,17,0.05555555555555555,53.38043351464015,18.94257560345704,7.75960656455789,10.920245031206575,84.73680503073122,0.2124224531886941,1.3451451890389186,1.531220574075847,3.2146845216430133,5.911491427819983,7,16,61,127,212,7.311383803867481,10.257369500206039,28.724712583280557,100.89454007116757,0,0
kujawsko-pomorskie|grudziądzki|Rogóźno,kujawsko-pomorskie,grudziądzki,Rogóźno,11,0,11,0.0,53.54881044416618,18.938468627796002,8.452515003638743,9.983552960306055,84.3861311866089,0.1303531735051929,2.3987805538691807,2.4283529219013014,3.864120636951194,6.031658549693007,5,15,57,127,211,11.413638354466796,13.016285899161932,26.657854508291543,94.74495721361399,0,1
kujawsko-pomorskie|grudziądzki|Łasin,kujawsko-pomorskie,grudziądzki,Łasin,21,1,20,0.047619047619047616,53.53516144523184,19.11331936784224,12.55266316164592,12.110903122626004,152.02408748164999,0.13813600428639178,1.665355649232765,1.7781764962736704,4.5598290745610255,7.261706313032058,5,12,56,124,213,10.173326026976657,12.369847132136128,25.826618044138236,94.25827768628726,0,0
kujawsko-pomorskie|grudziądzki|Świecie nad Osą,kujawsko-pomorskie,grudziądzki,Świecie nad Osą,12,0,12,0.0,53.443717028993746,19.11821491980442,9.43889344806716,10.54341278841586,99.51814988884598,0.12058101977783012,1.987551977538013,1.980828604605814,3.992466476718267,6.873469214727295,6,16,57,125,215,7.36329617211424,11.149769380797164,27.04701386498579,97.78508356963187,0,0
kujawsko-pomorskie|inowrocławski|Dąbrowa Biskupia,kujawsko-pomorskie,inowrocławski,Dąbrowa Biskupia,23,0,23,0.0,52.78666418665649,18.491533006421204,11.456426521169014,13.881265601108717,159.02969937993305,0.14462707336854982,1.990904527348294,1.9656452135633733,4.779910938470548,7.700601236033605,5,15,63,144,244,10.81813888509476,12.812608299651853,30.055082624574275,113.22443458366075,0,1
kujawsko-pomorskie|inowrocławski|Gniewkowo,kujawsko-pomorskie,inowrocławski,Gniewkowo,27,1,26,0.037037037037037035,52.877830356713424,18.430473532886847,11.282789119774169,14.450034250456387,163.0366892214134,0.1656068957787312,1.6454739422595257,1.6065689690075973,4.768504641485088,7.761281155702896,4,14,65,138,236,10.457262934806408,13.39663710554495,28.990850205089142,110.24181310864299,0,1
kujawsko-pomorskie|inowrocławski|Inowrocław,kujawsko-pomorskie,inowrocławski,Inowrocław,43,1,42,0.023255813953488372,52.79190350919682,18.270960575896243,15.933459113867984,15.84621825603259,252.4850706919237,0.17030709927585216,1.44020556614282,1.5084435197849826,6.122883281328968,11.454503111279111,4,11,59,135,237,11.510262262980838,14.096192369984795,28.184020839665475,109.76262794035577,0,1
kujawsko-pomorskie|inowrocławski|Janikowo,kujawsko-pomorskie,inowrocławski,Janikowo,18,1,17,0.05555555555555555,52.71875574185775,18.095112689974812,7.943050829331365,9.440679047661447,74.9877935389785,0.24003906703353844,1.3520017724660678,1.493587512181103,3.6659654135703357,5.658732475210321,5,12,56,131,242,9.955575839676976,11.798838092636931,27.593419754925023,108.75992212422955,0,0
kujawsko-pomorskie|inowrocławski|Kruszwica,kujawsko-pomorskie,inowrocławski,Kruszwica,50,1,49,0.02,52.63811200562432,18.364386441786984,20.551510018167672,15.456654975195764,317.6575995700969,0.1574021841998041,1.5673023830863468,1.5016169045747165,6.424477359971103,11.923058357794172,3,14,60,138,250,11.800988632458871,13.998190879222253,29.693946153943724,114.44115433718788,0,1
kujawsko-pomorskie|inowrocławski|Pakość,kujawsko-pomorskie,inowrocławski,Pakość,15,1,14,0.06666666666666667,52.80819449243071,18.101882750206485,9.309372765772492,9.00163292187323,83.79955637036771,0.1789985609673721,1.3911549468885758,1.5513460937951729,3.373031243024584,6.415536843676975,5,12,58,131,235,9.955575839676976,11.062072571540702,27.208492323161998,106.91987769875726,0,0
kujawsko-pomorskie|inowrocławski|Rojewo,kujawsko-pomorskie,inowrocławski,Rojewo,27,0,27,0.0,52.92937682810768,18.300060964695774,13.500883571899251,11.610193938834447,156.74787661537425,0.17225113719563948,1.4209897725205365,1.5804547742566126,4.625761419617976,9.28878115138985,2,11,58,134,235,10.457262934806408,14.245720780258694,27.738381149199174,107.12251369431539,0,1
kujawsko-pomorskie|inowrocławski|Złotniki Kujawskie,kujawsko-pomorskie,inowrocławski,Złotniki Kujawskie,23,0,23,0.0,52.9084477072368,18.108034695290815,11.03105758552873,12.585228062165374,138.82837548075838,0.16567218279657678,1.596117251546686,1.6844422351502788,4.080926510199317,7.520617000898346,5,11,52,128,227,9.200599216975787,11.818674494239643,26.699321681886687,104.72288886704986,0,0
kujawsko-pomorskie|lipnowski|Bobrowniki,kujawsko-pomorskie,lipnowski,Bobrowniki,13,1,12,0.07692307692307693,52.78097673886777,19.000472789259906,11.43062237488273,9.533013086476542,108.96827268632865,0.11930078067238192,2.2192342390896735,2.151031030251186,4.285119188781926,6.769041913753647,7,21,66,147,250,8.259692596419969,9.928300792170795,32.66081784283813,118.21895776990885,0,0
kujawsko-pomorskie|lipnowski|Chrostkowo,kujawsko-pomorskie,lipnowski,Chrostkowo,16,0,16,0.0,52.95143691555285,19.22911496717977,9.972607332240944,8.245978464507116,82.2339052966446,0.1945669482956302,1.2154666002850922,1.5342398094598795,3.2665930782777344,5.399365904914954,6,15,65,137,238,8.154392461983575,10.550474730647073,31.08923434563979,113.85190071495516,0,0
kujawsko-pomorskie|lipnowski|Dobrzyń nad Wisłą,kujawsko-pomorskie,lipnowski,Dobrzyń nad Wisłą,31,1,30,0.03225806451612903,52.67624594985481,19.31010797113022,8.499886056150755,16.231985420854265,137.97002654236152,0.2246864828317036,1.3836202167266554,1.3989657928798203,4.5363732790248905,8.321851270897715,5,14,69,147,259,8.758373318680873,12.564723956675067,31.55920005839906,120.5119397069713,0,0
kujawsko-pomorskie|lipnowski|Kikół,kujawsko-pomorskie,lipnowski,Kikół,28,1,27,0.03571428571428571,52.93023872559713,19.11262159405846,8.048541502561209,12.076611207174006,97.19910651123581,0.2880684916251089,1.2920261268002313,1.3426415839207206,3.6770857382842665,6.76795322270266,4,18,66,142,240,8.154392461983575,10.689911393728794,31.604611987319533,114.5940354712637,0,0
kujawsko-pomorskie|lipnowski|Lipno,kujawsko-pomorskie,lipnowski,Lipno,40,1,39,0.025,52.826488771986554,19.161331359412664,16.85664471589343,16.9500020140495,285.7201618845105,0.13999712073580653,1.7169826197519065,1.7086668316687947,5.513791422178034,9.707216346727753,6,16,68,147,246,10.988613446247605,12.482290381685317,31.740633655425817,117.14055336339419,0,1
kujawsko-pomorskie|lipnowski|Skępe,kujawsko-pomorskie,lipnowski,Skępe,28,1,27,0.03571428571428571,52.86959949118125,19.35855674942132,15.104192648415204,11.2948065145665,170.5989335225875,0.16412763797431812,1.6194024112582763,1.6458603506880842,5.047341533232328,8.101012146159569,5,15,62,142,245,12.475815166461553,13.514427540271441,30.664007200247376,115.59658466484677,0,1
kujawsko-pomorskie|lipnowski|Tłuchowo,kujawsko-pomorskie,lipnowski,Tłuchowo,22,0,22,0.0,52.75422855758033,19.43178392843533,12.889301623277483,9.412903843250298,121.32575678656092,0.1813300043015838,1.466923582103382,1.7247605500500987,3.647902219737016,7.271147310277045,5,12,68,145,255,7.773409635615246,11.360166932920507,30.955861589053427,118.51103913418753,0,0
kujawsko-pomorskie|lipnowski|Wielgie,kujawsko-pomorskie,lipnowski,Wielgie,27,0,27,0.0,52.75013603152435,19.265073523790694,12.17393131855418,11.012899616536442,134.07028354984632,0.2013869090532773,1.728205161330045,1.6496287003842436,4.409946383239042,6.806559955092028,5,12,68,146,254,8.758373318680873,11.414622092030315,31.550119447809145,118.85675972989617,0,0
kujawsko-pomorskie|mogileński|Dąbrowa,kujawsko-pomorskie,mogileński,Dąbrowa,12,0,12,0.0,52.7639492062301,17.946676163888835,12.46810299225344,7.548259685511373,94.11247917123036,0.12750700125715453,2.215597626374799,2.2573927913997056,4.231440808223531,6.9879879930727835,5,12,51,128,236,9.502050737413041,11.504923990405661,26.558593290925156,105.50507913901421,0,0
kujawsko-pomorskie|mogileński|Jeziora Wielkie,kujawsko-pomorskie,mogileński,Jeziora Wielkie,24,0,24,0.0,52.539512055100225,18.261880430932894,10.859752583137137,11.927217515701479,129.52663122577763,0.18529008106576664,1.605133289627112,1.5998638095638942,4.451414238435221,7.630843757513767,4,15,59,141,246,9.06596669729005,12.1712577313729,29.797440975156817,115.04867011082843,0,0
kujawsko-pomorskie|mogileński|Mogilno,kujawsko-pomorskie,mogileński,Mogilno,57,1,56,0.017543859649122806,52.63902714170485,17.95841852481198,17.13514757816934,20.579479841391773,352.63242416420906,0.1616414036091503,1.376217262379414,1.524619589718764,6.0930801421170635,11.28684820217619,4,11,54,132,238,10.987881937494617,13.62747210203435,27.26641318931922,108.39366024065865,0,1
kujawsko-pomorskie|mogileński|Strzelno,kujawsko-pomorskie,mogileński,Strzelno,26,1,25,0.038461538461538464,52.64135485788438,18.18957623758617,18.774598391474665,10.717162740602543,201.21042635088872,0.1292179559058181,1.9194160528473514,1.9267511826996506,5.0278801233525785,10.855531944028911,3,12,59,134,246,10.706384411977297,13.61094510676385,28.531492234797966,111.80285021479858,0,1
kujawsko-pomorskie|nakielski|Kcynia,kujawsko-pomorskie,nakielski,Kcynia,46,1,45,0.021739130434782608,53.0162615727732,17.46449458384879,20.190798497317992,17.205694276737052,347.3967061480553,0.1324134604212266,1.4991666848625775,1.6885391666382525,6.351200165096105,12.907843256763684,2,11,47,101,190,11.697977215040927,15.45147464005844,22.421538331282008,91.669151499603,0,1
kujawsko-pomorskie|nakielski|Mrocza,kujawsko-pomorskie,nakielski,Mrocza,15,1,14,0.06666666666666667,53.23713088688883,17.571320728016016,8.576677757941528,16.069190524583693,137.82026896032173,0.10883740187967911,2.331842951141374,2.420289078437578,4.72706146090179,9.009781663014818,3,9,45,96,185,10.237528257269744,13.61516237260552,21.509592046380142,87.72872923122438,0,0
kujawsko-pomorskie|nakielski|Nakło nad Notecią,kujawsko-pomorskie,nakielski,Nakło nad Notecią,22,1,21,0.045454545454545456,53.15189430270191,17.629413473930168,12.100088204080256,14.415712353591811,174.4313910031103,0.12612408737603725,2.040597357734647,2.194801115015382,5.209739758222676,7.930198780989898,3,10,48,99,189,10.237528257269744,14.2936321139799,22.274479203717014,90.8528141918226,0,0
kujawsko-pomorskie|nakielski|Sadki,kujawsko-pomorskie,nakielski,Sadki,15,0,15,0.0,53.15999781561041,17.430274929084295,12.579022337846256,9.598990285655697,120.74591322403222,0.12422780696659247,2.503274168036389,2.381122884223282,4.703328368844871,7.53442364071739,3,9,44,94,177,10.675195428201583,13.610105130585234,21.482937607941153,87.51489399976421,0,1
kujawsko-pomorskie|nakielski|Szubin,kujawsko-pomorskie,nakielski,Szubin,47,1,46,0.02127659574468085,53.01628309524352,17.72586214024329,19.422351316955,17.240007224513377,334.8414770213411,0.14036492855693758,1.6196383068291649,1.7413223380605642,7.104700589378647,11.79838411799215,2,9,48,111,203,13.49260227347426,15.721143878116692,23.457424809519246,95.76367047411364,0,1
kujawsko-pomorskie|radziejowski|Bytoń,kujawsko-pomorskie,radziejowski,Bytoń,29,0,29,0.0,52.558709414567616,18.625317543084723,9.386076006740156,9.119525670389926,85.59656108769782,0.3387986576971018,1.1530787543447085,1.1975552725101728,3.1734654232333526,5.621492397530809,6,17,68,141,254,7.830901389515372,10.557542541333666,31.976946137127207,119.52854070570089,0,0
kujawsko-pomorskie|radziejowski|Dobre,kujawsko-pomorskie,radziejowski,Dobre,21,0,21,0.0,52.69021343186127,18.597471558666918,7.310672600812275,10.237816462925252,74.84532430765248,0.28057864929116055,1.450743636470348,1.3417011359636248,2.9477461245759717,5.47654871003246,7,19,63,143,250,6.470899472267637,10.088924055978907,31.59871518321339,116.839013369803,0,0
kujawsko-pomorskie|radziejowski|Osięciny,kujawsko-pomorskie,radziejowski,Osięciny,37,0,37,0.0,52.6490834652753,18.72290792807437,14.104313976052381,11.077785092519276,156.24455910412436,0.23680824607366002,1.3647655101712441,1.3629986656677613,4.1387271916054775,7.734124188937974,6,20,66,147,251,8.639944726383264,10.67834776774879,32.415471858411685,119.03529995096044,0,0
kujawsko-pomorskie|radziejowski|Piotrków Kujawski,kujawsko-pomorskie,radziejowski,Piotrków Kujawski,41,1,40,0.024390243902439025,52.52063730264927,18.49271713365088,12.213156068363434,16.03046099793453,195.78252201558743,0.20941603764168357,1.3192304431513,1.3492192233677862,5.313793270496657,9.216196249056374,5,15,68,139,247,8.560343234135582,11.409953049700494,31.29718385768578,118.55686435423067,0,0
kujawsko-pomorskie|radziejowski|Radziejów,kujawsko-pomorskie,radziejowski,Radziejów,24,1,23,0.041666666666666664,52.627220503268724,18.553072064998855,9.141088459243297,11.657532726779337,106.56253787201365,0.2252198613064665,1.380078482054694,1.4730759675583227,3.5967507445482187,7.130440500456468,6,16,65,140,250,7.617786889705574,10.74102283283663,31.354076298478894,117.41214741694226,0,0
kujawsko-pomorskie|radziejowski|Topólka,kujawsko-pomorskie,radziejowski,Topólka,39,0,39,0.0,52.499604429158694,18.688260559319627,15.014302305829501,9.12482182324275,137.00283334099697,0.2846656455850798,1.1579999270308514,1.147251566239868,3.7430975197355916,7.982487383601566,6,17,68,146,254,7.830901389515372,11.875120966457777,32.32099453957085,121.16092165514893,0,0
kujawsko-pomorskie|rypiński|Brzuze,kujawsko-pomorskie,rypiński,Brzuze,21,0,21,0.0,53.052639003495315,19.26949907185545,11.928776625400438,7.425218135044288,88.57376852781573,0.23709051053196584,1.445892882778862,1.4652303869932861,3.4433037085856726,6.4665422705302475,7,18,65,134,234,8.119996635627945,10.514695927530997,30.467839897984145,110.83032905903453,0,0
kujawsko-pomorskie|rypiński|Rogowo,kujawsko-pomorskie,rypiński,Rogowo,31,0,31,0.0,52.978735253169404,19.40173711759417,9.085809055293874,15.169452886042208,137.8267523958561,0.224920049708231,1.5443496303556095,1.4660643552559958,4.537201322456985,8.484530287688429,6,15,63,139,237,9.87712724843612,11.814792446823729,30.110413690590104,112.40091803702188,0,0
kujawsko-pomorskie|rypiński|Rypin,kujawsko-pomorskie,rypiński,Rypin,31,1,30,0.03225806451612903,53.064982395452944,19.437069059351995,11.199066806915633,14.067924136809955,157.54762224275564,0.19676590200919675,1.4924982939828113,1.4127524450265756,4.648072631700445,7.738584362119744,6,16,62,132,229,9.87712724843612,10.865181111511689,29.525441517331984,109.57111893414698,0,0
kujawsko-pomorskie|rypiński|Skrwilno,kujawsko-pomorskie,rypiński,Skrwilno,22,0,22,0.0,53.01859866000387,19.598849541704073,14.220947481161845,8.970432246884181,127.56804586626059,0.17245698051269276,1.702028487235144,1.8319500113685963,4.20609917045303,8.443136542141328,5,15,58,132,230,10.791309379997543,12.5175094247782,28.8396478618605,109.98896788885823,0,1
kujawsko-pomorskie|rypiński|Wąpielsk,kujawsko-pomorskie,rypiński,Wąpielsk,16,0,16,0.0,53.155787597628645,19.277205748332293,9.89766176999699,7.18150227752834,71.08008054343857,0.22509822551793615,1.3114734652708986,1.5814402305166393,3.1898622386380557,5.9850327004427255,7,16,64,129,228,8.148080898898462,10.887103503534439,29.601546249387553,107.44228264775141,0,0
kujawsko-pomorskie|sępoleński|Kamień Krajeński,kujawsko-pomorskie,sępoleński,Kamień Krajeński,13,1,12,0.07692307692307693,53.55218069544404,17.507557641459968,11.697579190123914,12.921671703067025,151.15227801540988,0.08600598132351442,2.6159309730650917,2.9203415321000654,5.0243527494817535,7.940242464641036,2,9,36,87,168,11.724259424763675,15.380947144286505,18.742551624309222,78.04332444643808,0,1
kujawsko-pomorskie|sępoleński|Sośno,kujawsko-pomorskie,sępoleński,Sośno,22,0,22,0.0,53.37078003763451,17.66041705529463,15.502742624519533,10.909577987057379,169.12837967547443,0.1300787014114004,2.0101290687788174,1.9191382747382364,5.25557590429354,8.325278149860301,3,9,39,102,177,11.677054460635146,14.344492851186477,21.030076050205487,85.62541054836788,0,1
kujawsko-pomorskie|sępoleński|Sępólno Krajeńskie,kujawsko-pomorskie,sępoleński,Sępólno Krajeńskie,25,1,24,0.04,53.44881335736328,17.54252093784205,13.799241453880686,23.95675153793974,330.584998922658,0.07562351613494983,2.0010816264873257,2.070214052322327,6.419006274321716,12.963974625828373,3,8,42,94,169,11.677054460635146,14.04326688318623,19.795623119486372,81.51671820344409,0,1
kujawsko-pomorskie|sępoleński|Więcbork,kujawsko-pomorskie,sępoleński,Więcbork,22,1,21,0.045454545454545456,53.34210882166603,17.46391195892257,11.017918403515798,18.198416264375183,200.50866547410055,0.10972094372071771,1.750438895395542,1.980319326840326,5.29605136511254,9.74858737422322,4,10,40,93,168,12.959351601742782,14.961543269587015,20.170398321103775,83.11903788041958,0,1
kujawsko-pomorskie|toruński|Chełmża,kujawsko-pomorskie,toruński,Chełmża,32,1,31,0.03125,53.19478750131257,18.65206740041301,12.269762716622704,18.13737979006032,222.54134632530824,0.14379350412135455,1.7653490997168486,1.7563566017116425,5.495670740267235,10.096302690419167,4,16,62,132,216,9.080406589254475,12.026715764677911,29.516558247293524,105.38557545912519,0,0
kujawsko-pomorskie|toruński|Czernikowo,kujawsko-pomorskie,toruński,Czernikowo,26,0,26,0.0,52.927002074310806,18.972679351415806,15.350409979236069,13.623697666995147,209.12934462153746,0.12432497240907223,1.4946739568508567,1.628086805843767,4.88820138160666,9.17135343384901,7,18,65,144,237,9.387151957793543,11.100995935811508,31.90354761655943,114.52863422065609,0,0
kujawsko-pomorskie|toruński|Lubicz,kujawsko-pomorskie,toruński,Lubicz,19,0,19,0.0,53.04900357717002,18.76856424784009,16.460197114095404,9.173575516010821,150.9988612345776,0.12582876350625843,2.0719952078123782,1.8282042799578158,4.381237312972909,9.733498275141566,5,13,71,134,227,9.96395510082223,11.549925344611415,30.471508723984083,110.05290912390927,1,0
kujawsko-pomorskie|toruński|Obrowo,kujawsko-pomorskie,toruński,Obrowo,25,0,25,0.0,52.97678552066346,18.856737839389954,14.489019440556374,14.87557145494617,215.53244400010053,0.11599181791855123,1.6447709163019284,1.8737734071710133,5.101517513753396,9.136057450294784,5,17,67,138,237,9.079070747361396,11.002358483217833,31.35965573349631,112.6469388122998,0,0
kujawsko-pomorskie|toruński|Wielka Nieszawka,kujawsko-pomorskie,toruński,Wielka Nieszawka,4,0,4,0.0,52.98395704484422,18.555894732437395,4.200389991675644,13.221374068569935,55.53492731382104,0.07202674413160734,2.3074241682607646,4.020008324092572,4.700343267814469,9.279703104076784,3,15,64,136,234,5.123051815358932,13.148797708270695,29.600088848457993,109.54562023277433,0,0
kujawsko-pomorskie|toruński|Zławieś Wielka,kujawsko-pomorskie,toruński,Zławieś Wielka,20,0,20,0.0,53.08779197812893,18.396929141955,15.308022239088032,17.52620151399766,268.2914825430145,0.07454578807507782,2.276993421454375,2.014430965850326,5.8061199864093,10.30671544181732,3,14,60,130,225,8.575221560238589,13.302334038225236,28.143030288460935,105.0233840681095,0,0
kujawsko-pomorskie|toruński|Łubianka,kujawsko-pomorskie,toruński,Łubianka,14,0,14,0.0,53.14519922908426,18.482726495606162,8.344153953496733,7.464300516341334,62.283272663517245,0.22477945363652307,1.8288179409161405,1.9572515066524299,3.297852047743473,4.886167622779092,6,14,62,129,217,8.575221560238589,11.459594028188796,28.804737740724644,104.9032630010399,0,0
kujawsko-pomorskie|toruński|Łysomice,kujawsko-pomorskie,toruński,Łysomice,20,0,20,0.0,53.104344685542415,18.638446397675995,5.921058637231767,15.29087452478228,90.53816467578932,0.22090131903621602,1.5941472060181243,1.633294383261776,4.448618605637053,8.45119238011352,5,13,67,132,221,10.097734002800742,11.36349107042534,29.69509115229301,107.54508837833625,0,0
kujawsko-pomorskie|tucholski|Cekcyn,kujawsko-pomorskie,tucholski,Cekcyn,23,0,23,0.0,53.58701927831061,18.074377889139754,11.127682115473437,12.597386840933574,140.17971625155695,0.1640750931377673,1.6263205112990473,1.7134054543927555,5.126397371568169,7.947038029743401,4,11,51,110,193,11.425130067154786,13.748983149731373,22.902846421201293,86.7601265873242,0,1
kujawsko-pomorskie|tucholski|Gostycyn,kujawsko-pomorskie,tucholski,Gostycyn,10,0,10,0.0,53.489038173808424,17.801372789252788,9.702275313608448,9.215616216348495,89.4124457155677,0.11184125341802265,2.9060508730676378,2.6199342042803946,4.014816250962898,5.76535558805326,2,9,42,99,183,9.622938370269067,14.621754289090129,21.203532698599695,84.83539873776354,0,0
kujawsko-pomorskie|tucholski|Kęsowo,kujawsko-pomorskie,tucholski,Kęsowo,12,0,12,0.0,53.55550809147514,17.708157319930844,12.804255072997904,7.953350079064024,101.8367230971838,0.11783568476126514,2.0969717690232264,2.165127912428173,4.367205212712865,8.229528559433062,3,8,38,100,173,9.622938370269067,13.98642377437998,20.03491900896045,81.36539476840098,0,0
kujawsko-pomorskie|tucholski|Lubiewo,kujawsko-pomorskie,tucholski,Lubiewo,12,0,12,0.0,53.47882988469771,17.99884339478997,14.88400400504745,9.452681033347655,140.69374235878257,0.08529163983284235,2.1628710895051535,2.3036040969526232,4.927489412122081,8.964980034710887,4,10,47,111,195,10.144161569994539,13.57791862545884,23.010704535237622,88.61136752684172,0,0
kujawsko-pomorskie|tucholski|Tuchola,kujawsko-pomorskie,tucholski,Tuchola,31,1,30,0.03225806451612903,53.632742833279835,17.8657272721018,20.929395896039555,15.072024821042598,315.44837443453525,0.09827281581517043,1.502304584291098,1.6316953436940673,5.824287975630675,13.371810341398659,2,7,40,106,185,13.48664191063512,16.547571290877283,20.5639520305496,81.82491732981569,0,1
kujawsko-pomorskie|tucholski|Śliwice,kujawsko-pomorskie,tucholski,Śliwice,22,0,22,0.0,53.697782182751595,18.152306345450974,10.563824442453281,13.088473429685267,138.26433553090956,0.15911550809920763,1.7444510379749743,1.72534181849246,4.613087266330909,7.857137826761985,2,10,49,117,193,9.56253873911618,14.33628515885006,22.887728373344274,84.72800798399582,0,0
kujawsko-pomorskie|wąbrzeski|Dębowa Łąka,kujawsko-pomorskie,wąbrzeski,Dębowa Łąka,8,0,8,0.0,53.219925643133266,19.05898090481525,7.886549511131854,6.492248938914949,51.20144269534599,0.15624559736726262,2.9162870136088905,2.77236983865246,3.1782238510967105,4.770791837884789,6,16,64,127,224,8.918636520341392,11.22604804957226,29.670539277289542,105.97327828185452,0,0
kujawsko-pomorskie|wąbrzeski|Książki,kujawsko-pomorskie,wąbrzeski,Książki,9,0,9,0.0,53.33551113162294,19.051849469447365,10.090156053186016,8.769827244979956,88.48892546133014,0.10170764254486309,2.4232068476699924,2.5820083765093305,3.9015062012304274,6.346179486977785,8,17,60,129,221,8.805612591189618,10.661176854485268,28.743970317011794,102.14678051503154,0,0
kujawsko-pomorskie|wąbrzeski|Płużnica,kujawsko-pomorskie,wąbrzeski,Płużnica,18,0,18,0.0,53.322573049554954,18.80363742792912,10.30570478342651,10.653166839186039,109.78839245324023,0.16395175844902132,1.9362007162956085,1.8444704272039116,4.058835160613267,6.134009928898835,5,16,62,127,214,9.538969596225588,11.301817943916987,29.285349319893292,102.64235206464147,0,0
kujawsko-pomorskie|wąbrzeski|Ryńsk,kujawsko-pomorskie,wąbrzeski,Ryńsk,29,0,29,0.0,53.26707478235344,18.913082959630756,14.748225450198653,17.02964994015963,251.15711665543623,0.11546557145655265,1.9220449918549922,1.8957678993667795,5.745103768850707,10.870264196981594,6,16,65,130,219,2.6817607534325867,9.593201664499247,29.733924434641303,104.62005756300641,0,0
kujawsko-pomorskie|wąbrzeski|Wąbrzeźno,kujawsko-pomorskie,wąbrzeski,Wąbrzeźno,1,1,0,1.0,53.2800217487292,18.947109764432,0.001,0.001,1e-06,1000000.0,,,0.0,0.0,5,15,64,131,218,2.6817607534325867,8.759497539141455,29.643970283349528,104.25070841179938,0,0
kujawsko-pomorskie|włocławski|Baruchowo,kujawsko-pomorskie,włocławski,Baruchowo,22,0,22,0.0,52.48585576621124,19.292935691786454,8.173496642856763,10.109408932351934,82.62921996984471,0.26624963914737226,1.3579742009278968,1.2944016160594756,3.489845230841682,5.8393313872227015,3,15,66,152,269,9.811781558050702,12.874836689278544,32.513048115162206,124.71529415321714,0,0
kujawsko-pomorskie|włocławski|Boniewo,kujawsko-pomorskie,włocławski,Boniewo,29,0,29,0.0,52.45953541595667,18.891839583123936,11.539975031852148,8.937069777671537,103.13356209224996,0.2811887751347165,1.2580380591607934,1.1993399272990166,3.417419440627691,6.231738699846709,6,17,71,146,267,8.903416786696134,10.459441509769292,33.058624925472316,123.60952467989325,1,0
kujawsko-pomorskie|włocławski|Brześć Kujawski,kujawsko-pomorskie,włocławski,Brześć Kujawski,33,1,32,0.030303030303030304,52.62870671690146,18.888538776707698,16.333434693837496,12.917879646312045,210.99334358589041,0.1564030383099099,1.321605784757097,1.4058251052230342,4.530387915088689,8.755530325600104,5,20,67,150,250,10.917577388897962,11.94373768503463,32.68115824453626,120.62547370224908,0,1
kujawsko-pomorskie|włocławski|Choceń,kujawsko-pomorskie,włocławski,Choceń,32,0,32,0.0,52.50178346401141,19.029095443400454,10.763788186556315,9.636774715761371,103.72820184201684,0.30849855132683757,1.2211331606010316,1.2630768044889698,4.040984065563183,6.861152191685705,6,15,70,148,265,8.723571178030245,11.466366272647408,32.93990525016737,123.64814886197415,0,0
kujawsko-pomorskie|włocławski|Chodecz,kujawsko-pomorskie,włocławski,Chodecz,37,1,36,0.02702702702702703,52.39968070273928,19.01280451125643,12.080122763349491,12.11188331236846,146.31303730877508,0.25288245450004704,1.3016583970258429,1.3408307876479026,4.081199167531774,8.02840843460665,6,17,74,150,263,7.403904223698852,10.363255961487075,33.53393624641937,125.45276989288783,1,0
kujawsko-pomorskie|włocławski|Fabianki,kujawsko-pomorskie,włocławski,Fabianki,17,0,17,0.0,52.71011121161964,19.10917547576773,11.436984616575259,9.406144842211837,107.57793386165551,0.1580249721272941,1.6462110200791367,1.846841538832616,3.362539382030351,7.1605441941887555,6,16,67,145,255,6.809188601517217,11.125733680608468,32.31533425730854,119.81922993502643,0,0
kujawsko-pomorskie|włocławski|Izbica Kujawska,kujawsko-pomorskie,włocławski,Izbica Kujawska,50,1,49,0.02,52.398243512288346,18.804208859389686,11.682811267281801,15.765665677120241,184.18729660885833,0.27146280400749034,1.1755522553554996,1.1924219557543176,4.657165871622958,8.18455912935151,7,17,69,147,260,9.04154950313798,11.684327858097813,33.01028259986806,123.87168056495447,0,0
kujawsko-pomorskie|włocławski|Kowal,kujawsko-pomorskie,włocławski,Kowal,24,1,23,0.041666666666666664,52.51503628183436,19.156140574987873,8.854696314474525,12.32960697651149,109.17492545383568,0.2198306973898355,1.3520089138657958,1.3867214154704257,3.6349065577680135,7.2128474391659605,4,17,73,150,264,8.68006039084157,11.046445491566988,32.705062111319265,123.84105268853712,1,0
kujawsko-pomorskie|włocławski|Lubanie,kujawsko-pomorskie,włocławski,Lubanie,23,0,23,0.0,52.74769235395193,18.890727060913356,8.22117516906488,8.262971820811702,67.93133875593998,0.3385771636657,1.1379175544954285,1.2448526179780042,2.9811900537974765,4.995089535500317,7,18,62,150,249,5.774832229642984,8.603932202104012,33.02270728313583,118.6034738536646,0,0
kujawsko-pomorskie|włocławski|Lubień Kujawski,kujawsko-pomorskie,włocławski,Lubień Kujawski,52,1,51,0.019230769230769232,52.408293368293215,19.173568214792354,14.012409446065275,14.014813810775342,196.3813094269545,0.2647909831731812,1.1897332548511397,1.2419933465180657,4.835033440196647,8.617461831724688,7,15,71,150,271,9.89371200805175,11.263928201872847,33.39234752467306,126.03840283917495,1,0
kujawsko-pomorskie|włocławski|Lubraniec,kujawsko-pomorskie,włocławski,Lubraniec,46,1,45,0.021739130434782608,52.528875572476636,18.826075649934463,15.286092833630475,14.566966518784886,222.6720025105327,0.20658187594924124,1.3467535196540266,1.386168050358544,4.7257779351621325,9.44780947891894,6,19,69,149,254,8.903416786696134,11.739341907398273,32.683972213006186,121.91462951947206,0,0
kujawsko-pomorskie|włocławski|Włocławek,kujawsko-pomorskie,włocławski,Włocławek,40,0,40,0.0,52.59270675970413,19.143305348607562,10.515751840774653,32.05036422710251,337.0336766186513,0.11868250200189762,1.034371660357303,1.2392145308503928,9.685832805803084,18.23170401970934,5,15,71,148,262,8.68006039084157,11.587277898243276,32.371108957239706,122.22225424769735,1,0
kujawsko-pomorskie|świecki|Bukowiec,kujawsko-pomorskie,świecki,Bukowiec,14,0,14,0.0,53.41987013941887,18.235123735447637,9.21536503718383,8.641804470293742,79.63738277372387,0.1757968370178441,1.9433140043167156,1.7466009808613745,3.8594056058289605,5.244805634973263,5,14,54,115,208,8.107452563211021,10.535038687460661,25.87371278777609,94.35779607917982,0,0
kujawsko-pomorskie|świecki|Dragacz,kujawsko-pomorskie,świecki,Dragacz,14,0,14,0.0,53.484638693069755,18.67182194944811,12.353047278076636,9.960199806084105,123.03881910364669,0.11378522731274378,2.0052683564459697,2.0669032583361706,4.256283098290616,8.120264485182986,4,15,58,125,213,5.38138902774705,10.803871759967695,27.85153967644959,96.95820929307425,0,0
kujawsko-pomorskie|świecki|Drzycim,kujawsko-pomorskie,świecki,Drzycim,13,0,13,0.0,53.49647703929273,18.325313047209114,11.134303297206339,7.696026805403472,85.68989663479223,0.15170983407070276,2.0982805131850895,2.0796709581493706,3.83966343845992,6.671679419010749,5,13,54,113,211,8.249685281545144,10.511385096605709,26.00560328720634,93.37319729181363,0,0
kujawsko-pomorskie|świecki|Jeżewo,kujawsko-pomorskie,świecki,Jeżewo,19,0,19,0.0,53.507342841784,18.487567905889573,10.370944565995217,9.39776524084074,97.46370235699601,0.19494436944746504,1.4893024564478679,1.6505101682959626,4.039325531455229,6.504266905685541,4,14,59,121,212,10.799074541786782,12.457202129562324,26.836900221565358,94.82553927208063,0,1
kujawsko-pomorskie|świecki|Lniano,kujawsko-pomorskie,świecki,Lniano,15,0,15,0.0,53.521828749009536,18.208067512643385,12.004238885816113,10.157965499193299,121.93864444619469,0.12301268451953913,1.5592512075708747,1.8497736440392873,4.3875170751116235,7.384239115698072,6,10,54,115,209,8.249685281545144,11.133522063854471,24.804451713599722,90.91832190456623,0,0
kujawsko-pomorskie|świecki|Nowe,kujawsko-pomorskie,świecki,Nowe,18,1,17,0.05555555555555555,53.64510550848571,18.68849898132347,11.554960313666133,11.96392234204842,138.24264785815305,0.13020583936202743,1.451671646890567,1.6304865438682041,4.034759387092111,8.136140591412838,3,15,58,125,205,8.345400148704789,11.959113879894813,26.3826040642946,91.59096557180911,0,0
kujawsko-pomorskie|świecki|Osie,kujawsko-pomorskie,świecki,Osie,12,0,12,0.0,53.599190282933854,18.320156543496346,10.412218736439055,13.997811258178825,145.7482726515471,0.08233373735199888,2.3020246235627213,2.4084624836724706,5.030881314953418,7.711840948913142,2,12,52,114,208,11.349210942388714,13.936085084803864,24.90016156620821,90.01923686943192,0,1
kujawsko-pomorskie|świecki|Pruszcz,kujawsko-pomorskie,świecki,Pruszcz,23,1,22,0.043478260869565216,53.32616120543054,18.216770776327103,11.467586281631434,14.54134452267219,166.754122964672,0.1379276241635879,1.9455333127087726,1.828415725202797,4.640955934301016,9.711942003647088,3,16,55,120,208,8.761979960355617,12.674151877592436,26.175760880918116,96.60520160450685,0,0
kujawsko-pomorskie|świecki|Warlubie,kujawsko-pomorskie,świecki,Warlubie,11,0,11,0.0,53.58923367811192,18.604019856705634,12.947617964892013,16.287786564221292,210.88803792723834,0.052160379071833726,2.5812937307087864,2.510864214564009,5.073499506970278,12.34336165004287,4,13,58,122,204,8.345400148704789,12.686197880622275,26.586012757871604,93.04834033183545,0,0
kujawsko-pomorskie|świecki|Świecie,kujawsko-pomorskie,świecki,Świecie,25,1,24,0.04,53.407074901629386,18.41789001611014,16.834524581705733,19.184491192135408,322.9617885615206,0.07740853836409127,1.6819663911116232,1.8923880823502899,6.362325207142869,13.157896408864605,5,18,59,119,210,6.495143062756916,11.15507561655505,27.422330743544684,97.25956162499813,0,0
kujawsko-pomorskie|świecki|Świekatowo,kujawsko-pomorskie,świecki,Świekatowo,9,0,9,0.0,53.417881449551516,18.112825576259848,7.399962706077581,6.5646106867158736,48.577874261615804,0.1852695313823442,2.3341037970872733,2.004473306384167,3.317539776805355,4.749970008038752,4,13,50,112,201,8.107452563211021,12.058117936932812,24.622031125327112,92.35529787831132,0,0
kujawsko-pomorskie|żniński|Barcin,kujawsko-pomorskie,żniński,Barcin,20,1,19,0.05,52.86567960433119,17.965871011924747,12.380719552690627,13.070954547593878,161.827822539726,0.12358814254631857,1.3270210806332297,1.5965997519986765,4.416560893810528,7.96112456163096,4,11,51,123,229,10.5847398537673,11.786298748609175,26.07686134303225,103.47006913265088,0,1
kujawsko-pomorskie|żniński|Gąsawa,kujawsko-pomorskie,żniński,Gąsawa,22,1,21,0.045454545454545456,52.76786063035667,17.80559512644568,11.65525156885713,12.314362378425932,143.52699143062407,0.1532812733041508,1.8163614987897123,1.7724153323197336,4.573842701411719,7.745493452124972,3,11,48,124,229,9.502050737413041,13.16161268888374,25.741936595314375,103.1930194074188,0,0
kujawsko-pomorskie|żniński|Janowiec Wielkopolski,kujawsko-pomorskie,żniński,Janowiec Wielkopolski,23,1,22,0.043478260869565216,52.76471833515651,17.51408290939005,15.726325062437947,11.067858214574755,174.0567360273767,0.13214082100437882,1.5964127131642414,1.6215538824318456,4.437376820409192,8.095849210823173,4,12,49,116,213,9.824561617603427,12.36193775267017,24.678566102073173,98.88978630940358,0,0
kujawsko-pomorskie|żniński|Rogowo,kujawsko-pomorskie,żniński,Rogowo,25,0,25,0.0,52.71499944584503,17.665652456739217,14.329646431073861,11.156176283510964,159.86406166544376,0.15638286516402206,1.6254137309187289,1.7602687664214607,5.083095315644266,7.971049816376273,3,11,49,121,222,10.832338936598969,13.44730617441295,25.54541578850114,102.33151030228765,0,1
kujawsko-pomorskie|żniński|Łabiszyn,kujawsko-pomorskie,żniński,Łabiszyn,25,1,24,0.04,52.950945290518206,17.89569823252044,15.049712208327936,13.457324156175336,202.52885564461837,0.12343920040642517,1.6458215368793538,1.6282121533567426,5.252657134806352,9.235734633085952,4,11,48,125,219,10.5847398537673,13.311883390610612,25.00466832054102,100.23570669845488,0,1
kujawsko-pomorskie|żniński|Żnin,kujawsko-pomorskie,żniński,Żnin,37,1,36,0.02702702702702703,52.858759244443384,17.702560327104102,12.727215034100327,23.803020942322966,302.9461659941378,0.12213391075137743,1.6720275538320477,1.8487411049855234,6.432872191071274,12.678096220992684,1,11,45,120,219,12.252069591401188,15.518989722225436,24.504691924513764,99.34241136902813,0,1
lubelskie|Biała Podlaska|Biała Podlaska,lubelskie,Biała Podlaska,Biała Podlaska,1,1,0,1.0,52.03242276216771,23.116484437641603,0.001,0.001,1e-06,1000000.0,,,0.0,0.0,3,13,41,88,157,0.9267001762483115,13.189739507890902,20.444146279005587,77.36234637549404,0,0
lubelskie|Chełm|Chełm,lubelskie,Chełm,Chełm,1,1,0,1.0,51.13359940766411,23.47016351374021,0.001,0.001,1e-06,1000000.0,,,0.0,0.0,3,15,50,100,159,2.92250227905805,11.55926810027252,22.291558454543093,75.35412397851425,0,0
lubelskie|Lublin|Lublin,lubelskie,Lublin,Lublin,1,1,0,1.0,51.251121759690506,22.575131343974974,0.001,0.001,1e-06,1000000.0,,,0.0,0.0,6,21,73,146,244,7.455334553445863,9.664931829470977,33.278775514966796,111.67576788882022,1,0
lubelskie|Zamość|Zamość,lubelskie,Zamość,Zamość,1,1,0,1.0,50.72318773931735,23.252001096732663,0.001,0.001,1e-06,1000000.0,,,0.0,0.0,5,18,65,114,176,3.231534298618242,9.829307823856563,26.868330707836186,84.81737287483185,0,0
lubelskie|bialski|Biała Podlaska,lubelskie,bialski,Biała Podlaska,44,0,44,0.0,52.034868586911735,23.103534101217903,16.263567821356293,29.2675309043626,475.9944738267425,0.09243804795938784,1.918421798454609,1.8217103004724882,8.765541461743597,15.548210779843327,2,13,41,89,161,0.9267001762483115,13.034706815013118,20.618135854724137,77.89218571978017,0,0
lubelskie|bialski|Drelów,lubelskie,bialski,Drelów,18,0,18,0.0,51.923600496166735,22.89474932309321,18.55045440734556,18.616381403139926,345.3423344487029,0.05212219355826969,2.731680531747791,2.7282718631427993,6.776812801209058,13.311632632232081,2,12,56,110,187,12.235599515596924,15.771761346986017,23.547307144934788,88.43063866017033,0,1
lubelskie|bialski|Janów Podlaski,lubelskie,bialski,Janów Podlaski,18,0,18,0.0,52.196424253603595,23.213461828022844,12.935727417284328,15.687066378032037,202.9236146430682,0.08870332825315101,1.8081080859576597,1.7410301341190608,5.18702074004954,9.983180798885735,3,9,34,78,142,7.442747253998961,14.273406026211427,17.54231918728415,70.06253493434225,0,0
lubelskie|bialski|Kodeń,lubelskie,bialski,Kodeń,16,0,16,0.0,51.92397319697766,23.586444625207562,18.77946032033449,7.495425744558846,140.76005035395644,0.11366861520556622,1.5936025997860244,1.929737659699618,5.677847076248495,9.557641921321657,3,5,22,51,111,13.067438309644796,15.580669714189156,12.456295958549328,56.655634226547114,0,1
lubelskie|bialski|Konstantynów,lubelskie,bialski,Konstantynów,14,0,14,0.0,52.20256840634746,23.104716468296353,14.41042143711343,7.156988937019454,103.1352268032088,0.13574411414940937,1.1993163958073336,1.2446778344057674,3.700998277159187,8.693974376087569,3,11,40,84,153,7.442747253998961,12.42478712954018,19.469740502835258,74.94631712723867,0,0
lubelskie|bialski|Leśna Podlaska,lubelskie,bialski,Leśna Podlaska,17,0,17,0.0,52.128175400429555,23.033658162600144,8.10244157281845,11.069204492861228,89.68758266098757,0.1895468636305958,1.4658293394364277,1.5163101723290757,3.305740226434951,7.203333085336747,6,12,43,93,167,9.58735204574847,11.615985721791061,21.024470500647215,79.31784968549786,0,0
lubelskie|bialski|Międzyrzec Podlaski,lubelskie,bialski,Międzyrzec Podlaski,36,1,35,0.027777777777777776,52.02068185893144,22.755824034192543,17.759891938824296,19.47186699248852,345.8182536337557,0.10410092475374758,1.858277879225688,2.031057568881898,6.7297148130487825,10.763737115350832,3,12,52,114,202,11.8573308668634,14.548645215840633,24.488875462602767,92.09672365792278,0,1
lubelskie|bialski|Piszczac,lubelskie,bialski,Piszczac,22,1,21,0.045454545454545456,51.96240795165629,23.392521223581753,8.637297308588169,17.350946830961462,149.86528636451985,0.14679850506867234,1.9416763474359129,1.9664845005524538,4.996550854021039,10.347499874481969,3,12,29,65,131,11.361063460603924,14.314918688547612,16.12312282554534,65.62210134016466,0,1
lubelskie|bialski|Rokitno,lubelskie,bialski,Rokitno,13,0,13,0.0,52.13859754438506,23.339229951528015,8.792964658962518,15.495540641578279,136.25174123291518,0.0954116247056042,2.7683048421471685,2.3681625453449393,4.716568770375981,8.923354432953627,2,8,30,71,130,9.42199056825162,14.832073148142996,15.664584121624928,65.1407188581474,0,0
lubelskie|bialski|Rossosz,lubelskie,bialski,Rossosz,5,0,5,0.0,51.84170558820855,23.10835440148992,3.78946980570092,8.02174819002068,30.398172555019375,0.16448357186440127,3.4305993509433255,3.0746009440218196,3.045868767262649,4.315564813470939,3,12,44,93,171,8.08387146947563,12.327277277951755,21.822988268885183,81.12082782584801,0,0
lubelskie|bialski|Sosnówka,lubelskie,bialski,Sosnówka,13,0,13,0.0,51.749317217764286,23.34122867105486,13.645623463257113,9.81511325214676,133.93333968801966,0.09706321092479149,2.1289249886420993,2.4708709820829293,4.635771990387334,8.026319384640829,4,10,36,82,148,10.59779146394743,12.441840785695954,18.5749400957382,71.74460953630427,0,1
lubelskie|bialski|Sławatycze,lubelskie,bialski,Sławatycze,13,0,13,0.0,51.79476734563026,23.562587590865668,5.428353153003313,8.961341089738017,48.64532415961751,0.26724048456011396,0.8524955177466592,1.1895866224407998,3.547173791354432,5.692872353349942,3,5,25,61,119,10.832863254668952,15.265345251153724,13.619909390399338,59.7377698929066,0,1
lubelskie|bialski|Terespol,lubelskie,bialski,Terespol,26,1,25,0.038461538461538464,52.07180130348482,23.56723131116107,18.135878515282432,14.152611404431378,256.67004110476813,0.10129736952583128,1.2769077350019418,1.448050768262043,5.576562299969731,12.561695183121769,1,4,20,54,103,11.089359812604517,17.580961444735138,11.762384169324463,55.30043573880163,0,1
lubelskie|bialski|Tuczna,lubelskie,bialski,Tuczna,17,0,17,0.0,51.8523666725091,23.435467612456176,13.510703031407338,13.282412499365437,179.45473081957934,0.09473141177365507,2.3262604947697483,2.382607762909072,5.093002507637639,7.882624479182812,4,10,28,68,132,10.832863254668952,13.474784639447785,16.06632506827179,65.34149754639833,0,1
lubelskie|bialski|Wisznice,lubelskie,bialski,Wisznice,15,0,15,0.0,51.777208108718156,23.19125695151815,14.040892254202115,11.27840451829846,158.358862640735,0.09472156941433801,1.6113411914739455,1.6465207284739103,4.936381525501444,8.114087528492103,5,12,43,90,164,9.160740809330253,11.590404224265024,21.115548011314957,78.55007085382539,0,0
lubelskie|bialski|Zalesie,lubelskie,bialski,Zalesie,20,0,20,0.0,52.064269422379105,23.405461389087225,12.094485326586188,10.584681956290176,128.01628060693312,0.15623012873970998,1.4030621676378479,1.51018431229282,4.632688355797354,7.892588096962774,3,9,29,63,120,9.42199056825162,14.29705650137193,15.108982561170745,63.284424184244614,0,0
lubelskie|bialski|Łomazy,lubelskie,bialski,Łomazy,17,0,17,0.0,51.90374919671729,23.169728232094226,14.565766636415653,20.290605747447362,295.54822822883244,0.057520223016994394,2.3399763392132003,2.407076052090533,6.382490012068349,12.35848122253078,3,11,43,87,156,8.08387146947563,13.77511518713074,20.357127829250818,77.16728585055013,0,0
lubelskie|biłgorajski|Aleksandrów,lubelskie,biłgorajski,Aleksandrów,2,0,2,0.0,50.47735941263011,22.871338555673674,2.2017311629040313,1.3117210446842065,2.8880571011182488,0.6925070834733859,2.5599802850584914,2.5599802850584914,1.2799901500378545,1.2800252248600372,5,12,59,134,221,9.711895503132274,11.716499642239238,27.321895084682733,93.48786870732286,0,0
lubelskie|biłgorajski|Biszcza,lubelskie,biłgorajski,Biszcza,8,0,8,0.0,50.42703912498069,22.62194672630198,10.242521366556643,8.728875819510861,89.40569708735963,0.08947975644307188,2.422491797570587,2.735094345465691,4.386320756294015,6.973816489501935,6,11,62,150,239,8.578123313027575,11.882718187050619,29.339163257882603,101.2372175415905,0,0
lubelskie|biłgorajski|Biłgoraj,lubelskie,biłgorajski,Biłgoraj,34,1,33,0.029411764705882353,50.539423430985664,22.711153706261822,16.27052358767715,19.37137283620651,315.18237865718646,0.1078740510331026,1.3580712035208142,1.7569479773988628,6.866504240614899,11.457795062776418,5,13,63,144,240,13.027117200803268,13.52293052153669,28.9088634077171,100.6186225547612,0,1
lubelskie|biłgorajski|Frampol,lubelskie,biłgorajski,Frampol,17,1,16,0.058823529411764705,50.66341210214359,22.728754143147835,10.198935484525029,10.490331192417088,106.9902110427624,0.15889304109518348,1.3746213302373216,1.545288400648243,3.5491252053777878,8.345388936316505,6,13,67,147,250,6.8852096098581415,11.411216080395961,29.963193619059016,102.78203371499255,0,0
lubelskie|biłgorajski|Goraj,lubelskie,biłgorajski,Goraj,15,1,14,0.06666666666666667,50.72503852788447,22.719245379399023,7.010696381922457,7.0236970007268935,49.24100715071564,0.30462415104728413,1.1134150266214213,1.2953866950036466,3.131870769726474,4.371635900175827,5,17,68,147,247,6.8852096098581415,9.23954898141137,30.665119925937038,104.30000607961145,0,0
lubelskie|biłgorajski|Józefów,lubelskie,biłgorajski,Józefów,16,1,15,0.0625,50.49648010199054,23.06830800275217,7.979760573158486,12.669175593128738,101.09698789247048,0.15826386456753821,1.6970933906887267,1.7511571961811312,3.9577918794490596,6.761191377897806,5,12,53,121,194,10.385464237468842,13.494940513135493,25.60538087788748,86.35330979147045,0,1
lubelskie|biłgorajski|Księżpol,lubelskie,biłgorajski,Księżpol,21,0,21,0.0,50.42644561492538,22.759883151959002,11.931424443030703,11.150417924844021,133.04036897849164,0.15784682620201562,1.4183843298270054,1.5343524915590148,4.494918955474524,7.782433978397151,5,13,63,138,224,9.711895503132274,11.023568860742406,28.049119676354408,96.30263749940924,0,0
lubelskie|biłgorajski|Obsza,lubelskie,biłgorajski,Obsza,6,0,6,0.0,50.33143667067,22.96095382299357,4.025405358729956,8.347667646769784,33.60274607820377,0.17855683538589917,3.141064615609272,2.838594921736213,2.96101375692049,4.961813905313744,2,10,56,118,195,7.563095858040022,12.935095946332911,24.66310274599116,85.29061416168813,0,0
lubelskie|biłgorajski|Potok Górny,lubelskie,biłgorajski,Potok Górny,10,0,10,0.0,50.39167398249107,22.514365776787066,7.220643692496504,11.216698931203435,80.99178638822636,0.12346931023432375,2.319841725106876,2.377631133562978,4.251665502766697,6.506718277028263,4,13,63,154,248,8.578123313027575,11.228203164264576,30.384337818066452,104.16553563922932,0,0
lubelskie|biłgorajski|Tarnogród,lubelskie,biłgorajski,Tarnogród,5,1,4,0.2,50.33417675184099,22.73379581134198,4.62166698077962,13.81869492145976,63.86540603597759,0.07828964552708437,4.139093844699851,4.346507641387619,4.398320292960781,7.0682342175049016,4,12,61,135,222,8.81615189100982,12.17994326675679,27.853671357730015,94.79472486349097,0,0
lubelskie|biłgorajski|Tereszpol,lubelskie,biłgorajski,Tereszpol,7,0,7,0.0,50.581384317504025,22.89019416954684,7.934667315274803,6.6026074186253005,52.38949328015711,0.13361457730783777,2.260269033361295,2.5308313009744405,3.1772446660471987,5.345744120774806,4,13,60,136,224,7.990744306001087,12.668135900289437,28.1808690392855,95.51136842949347,0,0
lubelskie|biłgorajski|Turobin,lubelskie,biłgorajski,Turobin,21,1,20,0.047619047619047616,50.81373284003979,22.749930388650924,8.68769679627844,17.066723809696803,148.27052176447188,0.14163300803216,1.545865942508543,1.6974127972204591,4.560991413772716,9.161128576833814,5,17,68,148,242,10.095689034055038,11.492585257205244,31.053981671425113,104.66171358589415,0,0
lubelskie|biłgorajski|Łukowa,lubelskie,biłgorajski,Łukowa,9,0,9,0.0,50.39541354977119,22.92475611685754,8.39753382748538,13.925897131577235,116.94319224050146,0.0769604440204685,2.321310172785971,3.0428479693834394,3.9994360528273396,9.500525020175917,3,12,59,128,202,7.563095858040022,11.984966192255623,25.92677769905009,88.96682712304711,0,0
lubelskie|chełmski|Białopole,lubelskie,chełmski,Białopole,6,0,6,0.0,50.969329252472846,23.759184950768297,6.50499855475852,4.3694654210343105,28.423366248895515,0.2110939269986415,2.266706839334672,2.566728683807954,2.7229516955562403,4.3967506131840945,3,11,38,78,120,8.40126226726876,11.909483173376737,17.65714217887125,61.37617823393437,0,0
lubelskie|chełmski|Chełm,lubelskie,chełmski,Chełm,34,0,34,0.0,51.13055411279589,23.428562711436452,16.90874678936707,15.29756398547501,258.6626359245379,0.13144534725115514,1.397602382016253,1.4563766946569339,6.257355646183119,9.675004568792163,3,14,51,106,166,2.92250227905805,11.533942965782247,23.121859005629148,77.51349332700535,0,0
lubelskie|chełmski|Dorohusk,lubelskie,chełmski,Dorohusk,22,0,22,0.0,51.14544369668436,23.754002212940136,13.316440640777492,18.09162896415796,240.91610319618025,0.09131809666573094,1.3624095635588933,1.7249110282525728,5.462525979649526,11.328366432699472,4,9,31,75,128,12.599189751866486,14.85631993759145,15.573117251892956,59.89454214144824,0,1
lubelskie|chełmski|Dubienka,lubelskie,chełmski,Dubienka,18,0,18,0.0,51.02962462766107,23.8554280991164,11.460812741318948,11.043913238730191,126.57222156045998,0.1422112986410838,1.735772785477534,1.5742151353106861,3.811360372380643,7.495228449364738,3,9,27,67,115,9.503158601819475,14.589923702604441,14.613667248491208,55.700674444630394,0,0
lubelskie|chełmski|Kamień,lubelskie,chełmski,Kamień,13,0,13,0.0,51.08846393909508,23.597983933248397,10.275202264398029,9.723475961002151,99.91068221230911,0.13011621692638572,2.2117547366402706,2.096349500817697,3.9610391107709852,6.275747160081403,5,14,41,88,144,9.287347740237232,11.470654434206157,20.137059187956527,69.15036357723453,0,0
lubelskie|chełmski|Leśniowice,lubelskie,chełmski,Leśniowice,19,0,19,0.0,50.991068829718294,23.508445775744413,9.203879634656959,12.733803287495576,117.20039274950835,0.16211549768957326,1.608472702067095,1.4606326745270415,4.367491894561685,7.438980823644019,5,16,52,98,154,8.572804974145138,12.147808342867938,22.870348326449736,74.53704813191757,0,0
lubelskie|chełmski|Rejowiec,lubelskie,chełmski,Rejowiec,22,1,21,0.045454545454545456,51.10260552884009,23.28874606617104,10.665403808762301,13.578500400682335,144.8201898907178,0.15191252004711037,1.1506761495624507,1.2280391930870813,4.585135410332078,8.859056150893533,5,16,59,115,181,9.753783939061806,11.618030948162886,25.714976067503475,84.6025412038983,0,0
lubelskie|chełmski|Rejowiec Fabryczny,lubelskie,chełmski,Rejowiec Fabryczny,14,1,13,0.07142857142857142,51.12492345867811,23.15361648299884,5.8148098539080495,14.36032842901757,83.50257925440727,0.16765949177864564,1.4757476906797082,1.8612763450309793,4.122763200418624,8.926273079813019,5,16,62,128,193,8.45647980224235,10.994444403614498,27.644916799317556,90.68727228662577,0,0
lubelskie|chełmski|Ruda-Huta,lubelskie,chełmski,Ruda-Huta,10,0,10,0.0,51.240939193319285,23.610695993487255,7.558078985558797,11.386844960501806,86.06267360778479,0.1161943916078323,2.35394128065309,2.4240855327824717,4.2879549467788936,6.702245745109312,3,9,36,83,144,11.392497406391312,14.085899649932708,17.50508466972338,66.16396384618015,0,1
lubelskie|chełmski|Sawin,lubelskie,chełmski,Sawin,18,0,18,0.0,51.27914480270486,23.448755951332775,15.632186113992454,13.369050093435812,208.9874792278768,0.0861295617637125,1.945404599885425,2.2120589077283874,6.021852093347624,9.335510131653853,4,11,45,96,164,10.005249096736835,12.67856709498181,20.549716891561975,74.16018436916411,0,0
lubelskie|chełmski|Siedliszcze,lubelskie,chełmski,Siedliszcze,22,1,21,0.045454545454545456,51.200069312666415,23.13496355195582,9.516326149194164,14.765945078163014,140.51754926488755,0.15656407413232154,1.4780684453131574,1.6500387187858008,4.487559642294304,9.319944849968316,6,18,60,128,197,8.45647980224235,12.002139417029117,27.318510395308838,90.82136638655459,0,0
lubelskie|chełmski|Wierzbica,lubelskie,chełmski,Wierzbica,14,0,14,0.0,51.26834827970823,23.305966390067546,13.336884541820973,8.397802022852373,112.00051598385271,0.12499942412781744,2.09835401451433,2.247738601674677,3.7004434468751346,7.919172014174088,3,12,51,112,175,10.005249096736835,13.721752776649694,23.511396126290688,81.64523569578992,0,0
lubelskie|chełmski|Wojsławice,lubelskie,chełmski,Wojsławice,18,0,18,0.0,50.91974682019398,23.55492201148952,11.990538004275207,15.59088766648688,186.94313108539654,0.09628596619459376,1.8157529856636554,1.8634872455487992,5.194173500803242,9.346470725223057,5,14,51,94,145,8.572804974145138,11.499640001400016,22.4081047110283,72.29244140165025,0,0
lubelskie|chełmski|Żmudź,lubelskie,chełmski,Żmudź,15,0,15,0.0,51.03518175711485,23.700326373035686,8.957136283827454,11.63555849963034,104.22128321963585,0.1439245376435158,1.7750595895681276,1.7264358509387068,4.0384520868056875,7.148977419507136,5,12,37,79,129,8.40126226726876,11.13294622156452,18.48645552350053,64.18838444326677,0,0
lubelskie|hrubieszowski|Dołhobyczów,lubelskie,hrubieszowski,Dołhobyczów,24,0,24,0.0,50.53069944808029,24.015341860389015,21.412542887171305,10.281259759950904,220.1479155440973,0.10901761182105138,1.9970152889532686,2.0100837909690448,5.986323267445361,12.97750829614921,2,4,22,47,83,10.555997206451327,18.03806128238302,10.12865408956165,43.13742476247144,0,1
lubelskie|hrubieszowski|Horodło,lubelskie,hrubieszowski,Horodło,13,0,13,0.0,50.89137741319083,24.01850514862222,11.173758666889684,12.336387036861147,137.8438115712328,0.0943096382189204,2.188013655755941,2.3022659547995437,4.84125013239675,7.5637483824900995,1,5,26,54,92,10.927327893182984,19.31716102854869,11.383584883503879,47.37386166847766,0,1
lubelskie|hrubieszowski|Hrubieszów,lubelskie,hrubieszowski,Hrubieszów,35,1,34,0.02857142857142857,50.82852161072352,23.898829838357088,21.896163139823635,14.455883088021713,316.5283744255409,0.11057460508404843,1.8457115007470684,2.020312109340298,7.080180489671829,14.542419917178755,2,8,34,63,105,10.927327893182984,15.104822970855698,14.451857378685613,53.50127823032759,0,1
lubelskie|hrubieszowski|Mircze,lubelskie,hrubieszowski,Mircze,25,0,25,0.0,50.638052762364715,23.903696873800286,14.783253317229386,19.51748957260753,288.5319924682402,0.08664550432046748,2.209471226753354,2.1844535016580555,5.766698757601498,11.833883839108754,3,7,31,59,93,12.095089613109131,15.283521194612621,13.633763980152576,50.92886616979907,0,1
lubelskie|hrubieszowski|Trzeszczany,lubelskie,hrubieszowski,Trzeszczany,12,0,12,0.0,50.82241819266539,23.699137953254507,7.0232358567549085,10.07443775293003,70.75515246302353,0.16959895615052445,2.1327021850520915,1.881187974909462,3.5305278743718076,6.561252857768373,6,13,43,79,126,8.037545645793273,11.702629717253302,19.443232694404507,64.29396060434696,0,0
lubelskie|hrubieszowski|Uchanie,lubelskie,hrubieszowski,Uchanie,21,0,21,0.0,50.89465840385614,23.69518536024345,9.032548965865278,13.219671633560228,119.40733134279299,0.17586859838374144,1.4964991892314448,1.5393555778492511,4.290431388060044,7.275967322197197,4,14,42,81,128,8.037545645793273,11.151909783513634,19.539575590579787,64.89823850156557,0,0
lubelskie|hrubieszowski|Werbkowice,lubelskie,hrubieszowski,Werbkowice,23,0,23,0.0,50.72391168377306,23.742329781168497,14.172172976369794,13.008933676875186,184.36485830679746,0.12475262482900192,1.7967156891608984,1.8444909296076424,4.907964655550258,7.997117713782299,4,12,42,72,118,11.366723872147407,13.707393817182531,18.017056074151338,60.83749532039787,0,1
lubelskie|janowski|Batorz,lubelskie,janowski,Batorz,13,0,13,0.0,50.86670374957119,22.480527391515913,7.357581033121774,7.985631996647964,58.754934516027426,0.22125801189436783,1.0898128468249355,1.0509770293501588,3.1366829864528816,5.0785566590662885,5,18,67,151,270,6.2998795481132195,10.189720343291308,32.686561609701805,113.09028744489318,0,0
lubelskie|janowski|Chrzanów,lubelskie,janowski,Chrzanów,4,0,4,0.0,50.769532929674504,22.612865384279402,9.035401395253599,4.652316150068674,42.035543833491346,0.09515756512737311,2.4354567361719406,2.970111209562632,3.4204923634085933,6.1478314009430814,6,15,67,152,263,8.972094548329911,10.58887494988023,31.456355073905627,108.18406936325732,0,0
lubelskie|janowski|Dzwola,lubelskie,janowski,Dzwola,17,0,17,0.0,50.6891064536128,22.559641869072735,12.42630826481949,9.487198645859213,117.8908549430246,0.1442011766579852,1.5485374228096709,1.6075386281187471,4.054648533259461,6.902017145770809,5,14,67,155,266,9.69593762359787,11.111789869513487,30.900360600165982,108.29715820344991,0,0
lubelskie|janowski|Godziszów,lubelskie,janowski,Godziszów,14,0,14,0.0,50.76595886379965,22.482075793528345,10.281825233018875,6.74823958156982,69.3842200082413,0.20177498570045338,0.8788116513992312,1.1428367728598203,4.415360085192342,6.577477719443219,6,15,64,149,269,9.206626016999344,10.741586882307415,31.906906755031923,111.70912908360772,0,0
lubelskie|janowski|Janów Lubelski,lubelskie,janowski,Janów Lubelski,16,1,15,0.0625,50.6610931240545,22.40195376268957,15.523140745013757,17.070628894925072,264.98977494182054,0.06037968824839697,1.5519227521428995,2.081613516831773,7.112260730155338,10.512363585926993,4,14,61,155,274,11.509748143871212,13.27595557083016,31.257407491262576,112.05229601858923,0,1
lubelskie|janowski|Modliborzyce,lubelskie,janowski,Modliborzyce,26,1,25,0.038461538461538464,50.758107724435405,22.3322811221696,16.613412254836664,15.462643192944558,256.88726591383187,0.10121171210067385,1.5307909541950155,1.442160941734926,5.121825617142617,11.158636506298329,4,14,66,156,280,8.171727839958207,11.125959058379424,32.276924051523395,115.29856287616752,0,0
lubelskie|janowski|Potok Wielki,lubelskie,janowski,Potok Wielki,15,0,15,0.0,50.783331276892476,22.223136585662264,15.750460744298042,7.207877599957132,113.52739318782999,0.13212670157221565,1.4644987743836853,1.6212920509808375,3.7696836815573493,9.965260690550988,5,15,66,155,282,8.171727839958207,10.582983430993721,32.72058032032958,118.07890179010927,0,0
lubelskie|krasnostawski|Fajsławice,lubelskie,krasnostawski,Fajsławice,11,0,11,0.0,51.072710194109526,22.945224943034695,8.559488044310706,8.383052715627135,71.75463949423687,0.15330019184172042,1.9760455102530705,2.0965303872422534,3.324528168542119,4.905013640350218,5,18,70,139,219,8.6116339105754,10.344377499406205,30.475177190359616,99.62777377787626,0,0
lubelskie|krasnostawski|Gorzków,lubelskie,krasnostawski,Gorzków,17,0,17,0.0,50.95338701199125,22.987618296380365,6.614732465869372,10.100843835248114,66.8143796496922,0.25443624694460987,1.0465837623880654,1.3526194339409319,3.460886623451274,5.860705018149339,7,16,67,136,213,8.45839299700754,11.284533414242324,30.01287380291408,97.77456582620725,0,0
lubelskie|krasnostawski|Izbica,lubelskie,krasnostawski,Izbica,23,1,22,0.043478260869565216,50.89559445020194,23.156643037434495,8.992479018643854,14.772576387040923,132.8420832117791,0.17313790512704477,1.649052842942182,1.6509350171344122,4.347388414427236,7.852673753543762,6,17,68,127,192,9.466976953342177,12.07650751480598,28.23428466210537,90.70062364306534,0,0
lubelskie|krasnostawski|Krasnystaw,lubelskie,krasnostawski,Krasnystaw,25,1,24,0.04,51.00384859724107,23.170597571248788,13.290964525931738,15.231146773242587,202.4366314524269,0.12349543568588307,1.643784961753911,1.6424784765962823,5.59902249032994,9.04725305978241,6,17,67,126,191,8.88492798676662,11.952122559124652,27.95972237758514,90.41307056686045,0,0
lubelskie|krasnostawski|Kraśniczyn,lubelskie,krasnostawski,Kraśniczyn,19,0,19,0.0,50.92753521540563,23.350041822858554,7.8604432849425505,14.032395553836205,110.30084940280949,0.17225615308376807,1.7108571995195265,1.8408001975096335,3.5416295578714236,9.07511524853744,5,17,59,111,168,8.55963389953521,11.779539035259166,25.771451795847224,82.30119967596941,0,0
lubelskie|krasnostawski|Rudnik,lubelskie,krasnostawski,Rudnik,18,0,18,0.0,50.87828820673608,22.9684189285898,8.70818816351655,8.321602104769594,72.46607695024899,0.24839208575286553,1.1570663179215348,1.4938549813468005,3.619205377846021,6.912070954485386,5,16,70,143,216,8.45839299700754,10.611237778288379,30.01442080287282,97.98129865330873,0,0
lubelskie|krasnostawski|Siennica Różana,lubelskie,krasnostawski,Siennica Różana,14,0,14,0.0,51.00598335876323,23.335542642298975,6.960618795371661,12.853716418241747,89.46982009119081,0.15647734605625344,1.5251572213082945,1.7611575688698498,3.6324879139373825,7.60242001946722,4,14,60,113,175,8.781940285523907,11.813989602651548,25.66150331458264,82.93953809502653,0,0
lubelskie|krasnostawski|Łopiennik Górny,lubelskie,krasnostawski,Łopiennik Górny,13,0,13,0.0,51.04213737992636,23.05910012488105,9.159288489421082,15.373279109003533,140.80829838775364,0.0923241041106895,1.824394902814189,1.6209896885924306,5.072457457896705,9.659887385912944,6,16,70,134,207,8.65445719529014,10.641610780977294,29.27382469482012,95.1230283094223,0,0
lubelskie|krasnostawski|Żółkiewka,lubelskie,krasnostawski,Żółkiewka,24,0,24,0.0,50.907533259448236,22.847433832175454,15.135283139507075,9.507478540377846,143.89837965140615,0.16678436587083192,1.1923498716212675,1.345202735900272,3.956232650903105,7.961740454645352,6,17,69,147,233,9.08749993096189,11.185997375028318,30.94693859112519,102.49627266324819,0,0
lubelskie|kraśnicki|Annopol,lubelskie,kraśnicki,Annopol,26,1,25,0.038461538461538464,50.90023231100093,21.888605514700068,19.75152938128898,9.4006727672291,185.67766436580874,0.14002761230762079,1.5193633996361076,1.5251251495548266,5.2246356951302415,11.700007363411862,6,14,71,158,278,9.153484251075797,12.348907302519619,33.59178375424506,125.15567302209271,1,0
lubelskie|kraśnicki|Dzierzkowice,lubelskie,kraśnicki,Dzierzkowice,11,0,11,0.0,50.95851736456769,22.07111909765292,6.249189519732032,12.372194186242963,77.3161862447591,0.14227292542828493,1.0964600969747007,1.5838885738044808,3.585546878880119,7.328103526474454,6,15,72,156,275,7.258974554207565,11.295594227701079,33.58499220164275,122.44782313777806,1,0
lubelskie|kraśnicki|Gościeradów,lubelskie,kraśnicki,Gościeradów,16,0,16,0.0,50.86900635641882,22.009335797020825,14.193786835830236,9.281964264296583,131.74622218521952,0.12144560758262885,1.6234851213543915,1.78095796550141,4.62807642631783,7.740942890450172,4,14,69,156,280,9.153484251075797,11.983133887076585,33.40220716597605,122.99111357798989,0,0
lubelskie|kraśnicki|Kraśnik,lubelskie,kraśnicki,Kraśnik,16,1,15,0.0625,50.91429693505897,22.22761432135217,9.847877262811563,11.32758487348847,111.55266551819531,0.14343001062032218,1.3165659160953997,1.647329532784369,3.7603875818959764,6.468596084444041,7,18,69,156,276,8.81687113628174,11.422610101868305,33.41492874391303,119.28853997737568,0,0
lubelskie|kraśnicki|Szastarka,lubelskie,kraśnicki,Szastarka,14,0,14,0.0,50.83939485352569,22.345795390185327,10.228759517914574,8.53667314180709,87.31957665058496,0.1603305986700087,1.8496401237298665,1.736580844587029,3.65758657700594,6.848847214230599,7,17,67,155,278,9.088493630585708,10.669754745919288,32.85607416480496,116.04257202657007,0,0
lubelskie|kraśnicki|Trzydnik Duży,lubelskie,kraśnicki,Trzydnik Duży,19,0,19,0.0,50.85569486646228,22.142949036498752,10.712505678276791,9.717615724456461,104.10001362755168,0.18251678686592754,1.5232638595905665,1.495537162088566,3.897463332396627,5.8921724158151845,6,15,68,154,283,8.81687113628174,10.529097392685589,33.24467418031262,120.46299913901055,0,0
lubelskie|kraśnicki|Urzędów,lubelskie,kraśnicki,Urzędów,19,1,18,0.05263157894736842,51.013872070858234,22.126091021624063,7.414094387942673,15.781029422614978,117.00204167816791,0.16239032864283187,1.6596556805075826,1.5194990655100016,4.960160931796253,9.215103899602083,6,17,71,163,275,7.258974554207565,11.122953616302283,33.79933441065256,121.79165047934615,1,0
lubelskie|kraśnicki|Wilkołaz,lubelskie,kraśnicki,Wilkołaz,12,0,12,0.0,51.00018514994675,22.31562620967024,9.790271838910083,7.191395592138387,70.40571774817455,0.17044070259920233,1.0704369264187605,1.3707696438216963,3.263615219035932,5.200976858881032,6,17,71,157,271,7.9743789148453,10.840913320024622,33.723181960226206,118.07222872150263,1,0
lubelskie|kraśnicki|Zakrzówek,lubelskie,kraśnicki,Zakrzówek,11,0,11,0.0,50.9381202684629,22.41265482725589,9.079738019948582,6.603147468859983,59.95484912433523,0.18347139823816488,1.8214841784147338,1.9579198359614713,3.198473431484874,5.056879665641463,7,19,67,156,268,9.258248178165239,10.484764757448763,33.260012506028495,115.44384515590394,0,0
lubelskie|lubartowski|Abramów,lubelskie,lubartowski,Abramów,11,0,11,0.0,51.46946931497978,22.285974396772687,5.879869064498435,10.609667744447163,62.383457155181766,0.17632879775542074,1.9288453251642326,2.132152136414411,3.150161607998044,6.505232096082477,6,19,73,148,261,8.518596381200902,9.979167149927362,33.847767127083735,117.43942909975422,1,0
lubelskie|lubartowski|Firlej,lubelskie,lubartowski,Firlej,19,0,19,0.0,51.567209033654116,22.49048857768779,12.33560258998426,8.610992678485468,106.22178358706084,0.17887103151894768,1.6364793457024436,1.6825420688381936,4.196987490937482,6.3252473928551805,5,16,67,145,237,8.020419802257445,11.468304072305674,31.688706846912442,110.30776186949672,0,0
lubelskie|lubartowski|Jeziorzany,lubelskie,lubartowski,Jeziorzany,8,0,8,0.0,51.618931158436524,22.274058976468936,6.66628724509288,8.68208587599598,57.877278335953044,0.13822350030980024,1.7456046989736502,2.1211135680611877,3.357623444356487,5.9287376941849415,7,17,66,151,260,8.873822158652377,9.860636116375455,32.74557214648967,115.58782805357046,0,0
lubelskie|lubartowski|Kamionka,lubelskie,lubartowski,Kamionka,23,1,22,0.043478260869565216,51.4518235637405,22.44417602016934,12.6242782461403,9.718069208907895,122.68360970850182,0.18747410558466907,1.4367539825327311,1.4242211344074225,4.043440604698704,7.236852368833468,6,17,69,144,251,11.12222694774616,11.866452741636248,32.926146683372934,113.40738455977687,0,1
lubelskie|lubartowski|Kock,lubelskie,lubartowski,Kock,15,1,14,0.06666666666666667,51.64382873953441,22.412212515248783,9.088485459265769,12.07374703091163,109.7320743292936,0.13669658658767983,1.6695025500502538,1.9591290165161228,4.05337329341219,7.762406763041128,6,19,68,145,245,8.591964578828955,10.435474187846497,31.564213270543213,111.32579892382537,0,0
lubelskie|lubartowski|Lubartów,lubelskie,lubartowski,Lubartów,22,1,21,0.045454545454545456,51.456780556370205,22.604495991780205,14.464858681713443,11.337990473800383,164.00242993813578,0.1341443538873097,1.6521843147401936,1.728083785821321,4.9150677589379965,9.267103628452704,5,19,68,141,236,8.692344121368748,11.568701151014423,31.66543143763716,108.41762858522043,0,0
lubelskie|lubartowski|Michów,lubelskie,lubartowski,Michów,29,0,29,0.0,51.540765272523785,22.33101273509285,11.915684166557309,11.977839208226959,142.72414900303932,0.20318916036684476,1.4681715021871395,1.419600171779306,4.696413219404731,7.861950121512067,6,18,69,147,258,8.518596381200902,10.486252048829424,33.07986486170038,115.32199635838307,0,0
lubelskie|lubartowski|Niedźwiada,lubelskie,lubartowski,Niedźwiada,12,0,12,0.0,51.52958118661172,22.705057060802446,9.307363329916829,8.789691464746927,81.80885202026847,0.14668339310062622,1.853774992517155,1.7670941437536796,3.4429581054400717,5.987857875618624,5,15,64,137,228,10.677016903853387,10.888528749666781,30.06125915358327,103.76188227620005,0,1
lubelskie|lubartowski|Ostrów Lubelski,lubelskie,lubartowski,Ostrów Lubelski,10,1,9,0.1,51.47020168385196,22.830251575795106,13.702611463570387,7.676669114545208,105.1904142110039,0.0950656965751724,2.4285257228174806,2.0970017876012728,4.54146047578558,7.390733650437384,5,15,66,131,215,7.688489432268652,10.97730336057129,29.2471819366047,100.06606350709663,0,0
lubelskie|lubartowski|Ostrówek,lubelskie,lubartowski,Ostrówek,13,0,13,0.0,51.603486370970636,22.5908228256933,11.297220594715473,8.701967647604645,98.30804812306695,0.13223739305378077,1.8484155881429485,1.9120928384247158,3.7469437932940335,6.20200671055725,6,16,65,140,231,8.020419802257445,10.692075748581857,30.476183745157233,106.42961286443911,0,0
lubelskie|lubartowski|Serniki,lubelskie,lubartowski,Serniki,8,0,8,0.0,51.43412018557494,22.72453524718782,7.288550227741207,8.809440718832798,64.20805115752145,0.12459496676473827,2.217859850437933,2.2611388337299845,3.629409173597565,4.833880975793788,5,18,72,139,226,8.352162893194427,10.606598312017931,30.819449251912022,104.66847173960308,1,0
lubelskie|lubartowski|Uścimów,lubelskie,lubartowski,Uścimów,10,0,10,0.0,51.47977512624925,22.940193803032813,10.641169124974553,5.078304408350632,54.039096077362906,0.18505120784559204,1.828631545191781,2.017512284385934,2.97215984480092,6.356911169550482,3,15,62,124,207,7.688489432268652,12.473918552244958,27.582736704404955,95.32950380269187,0,0
lubelskie|lubelski|Bełżyce,lubelskie,lubelski,Bełżyce,24,1,23,0.041666666666666664,51.163542962651036,22.25105671002481,11.085394718176767,14.268785245795652,158.1751165985417,0.1517305661984337,1.519159987326347,1.5459361141228933,4.903116381936435,7.493994231780304,6,19,69,155,268,8.017113353244588,10.242650720493831,34.41246135647097,119.96524000375987,0,0
lubelskie|lubelski|Borzechów,lubelskie,lubelski,Borzechów,21,0,21,0.0,51.06565458958647,22.269080189921226,9.285459012995107,9.399953637191079,87.28288422219204,0.2405969989092164,1.2556606219306443,1.3062872531984209,3.634106579706688,6.259425215039242,6,15,72,156,269,7.9743789148453,10.031018103054995,34.057384359092666,119.37042207560813,1,0
lubelskie|lubelski|Bychawa,lubelskie,lubelski,Bychawa,38,1,37,0.02631578947368421,51.00353737260182,22.547834774134774,15.006601755912644,10.597094656451475,159.0263792790772,0.23895406644021852,1.281445132625656,1.2641463919124132,4.592335061672123,7.691814647560685,6,17,68,153,255,8.754330978277979,10.893716861992255,33.011177415003445,112.39217775229179,0,0
lubelskie|lubelski|Garbów,lubelskie,lubelski,Garbów,13,0,13,0.0,51.36691977405242,22.35638011977273,7.628827518933304,9.48562240264913,72.36417721953993,0.17964689850007323,1.479057320293516,1.8205015537421332,3.7146737870141866,5.578335180355632,7,20,72,147,254,7.272865052705578,9.938875207930936,34.089248965139916,116.80611439081304,1,0
lubelskie|lubelski|Głusk,lubelskie,lubelski,Głusk,13,0,13,0.0,51.16437484460254,22.593458976299004,7.410635392929417,13.132090530855782,97.31713487111311,0.13358387520570977,0.869768245979303,1.1836830008901265,3.327742011420684,7.905981226541737,5,18,72,150,246,8.71599383300462,10.882196446961583,33.19373441801254,111.43815958660377,1,0
lubelskie|lubelski|Jabłonna,lubelskie,lubelski,Jabłonna,17,0,17,0.0,51.08892921657158,22.627338962307473,11.353490638943146,13.204016213765218,149.91167447943693,0.1134001074901732,1.6580956935237674,1.5820103785100577,4.228636667376878,7.172679110218098,6,17,72,152,247,8.71599383300462,11.315976021672599,32.841430438687816,110.40996334935144,1,0
lubelskie|lubelski|Jastków,lubelskie,lubelski,Jastków,21,0,21,0.0,51.29867928629158,22.40474747847665,7.054666030901836,14.458338549559908,101.9987498288588,0.20588487638559672,1.2803208495392788,1.6900064946169975,4.359458974146866,8.277083288525706,7,18,75,149,254,8.298755701042575,11.026219614964395,34.00510224431285,116.06321626624793,1,0
lubelskie|lubelski|Konopnica,lubelskie,lubelski,Konopnica,15,0,15,0.0,51.21229581775046,22.42501796712993,8.958838445600925,9.897771426412206,88.67253518071198,0.16916173615009933,1.882250256602574,1.9050411152470623,4.228893592445986,6.43254436186251,6,20,76,150,255,9.708447911806163,11.526167404994743,33.95566253247273,115.91143534184573,1,0
lubelskie|lubelski|Krzczonów,lubelskie,lubelski,Krzczonów,25,0,25,0.0,51.01080847719358,22.72161665551456,13.761082900367256,13.063271683256163,179.76476458330816,0.13907063521569202,1.6778192942048178,1.6827676434783174,5.215000876066475,8.896281887183337,6,19,71,154,246,9.114998020177763,11.494433224993282,32.076196447215324,107.27507823093798,1,0
lubelskie|lubelski|Niedrzwica Duża,lubelskie,lubelski,Niedrzwica Duża,18,0,18,0.0,51.12042918147513,22.387341904724398,13.35134788418302,9.416431537422971,125.72205328372645,0.1431729718840818,1.5553466141817178,1.81993824845694,4.311745900347997,7.678172365885443,5,17,75,156,263,8.492128986675954,10.845711599737266,33.96764768175035,116.89174126643852,1,0
lubelskie|lubelski|Niemce,lubelskie,lubelski,Niemce,24,0,24,0.0,51.344335777631095,22.56802950674782,10.78466722460984,17.08551998847021,184.26164743507098,0.130249568122726,1.209535063898607,1.3754735046385227,5.711478394745003,9.993227166235359,8,18,74,149,242,10.376694840620594,12.042028080255216,32.79248726971036,111.03893124801887,1,1
lubelskie|lubelski|Strzyżewice,lubelskie,lubelski,Strzyżewice,21,0,21,0.0,51.05807816672806,22.45755517111359,14.264686739673163,7.663766646467024,109.32123045780762,0.1920944350155748,1.3178263248100284,1.4083160382901079,4.314951543707137,8.80875837125809,6,19,74,157,262,8.492128986675954,10.924673882961034,33.56897981625323,115.01946905091944,1,0
lubelskie|lubelski|Wojciechów,lubelskie,lubelski,Wojciechów,17,0,17,0.0,51.2352733459045,22.23942811004279,5.613819864852758,10.825417974703779,60.77194647172618,0.2797343344582382,1.2195997431960577,1.4730861743760155,3.7002998319099065,5.934750611988781,6,18,75,155,266,8.017113353244588,10.169075025776625,34.65029636587641,120.19718152600078,1,0
lubelskie|lubelski|Wysokie,lubelskie,lubelski,Wysokie,20,0,20,0.0,50.914785311802895,22.699139610339625,11.193234499787064,9.269359939859338,103.75411946977769,0.19276343052408396,1.3674942536376598,1.4869294945177247,4.516933605448334,6.827607659786983,5,18,68,152,245,10.42831460583281,11.715393106819155,31.836838740277123,107.33832093687037,0,1
lubelskie|lubelski|Wólka,lubelskie,lubelski,Wólka,16,0,16,0.0,51.27759269487606,22.673577663850047,7.377962715963634,11.650032864101972,85.95350811109537,0.186147143398963,1.3413267484386486,1.357750043762982,3.3540212736242503,6.75535465426993,7,18,70,147,235,7.08412542848213,9.04074900271387,32.59303305365399,108.44975007938204,0,0
lubelskie|lubelski|Zakrzew,lubelskie,lubelski,Zakrzew,16,0,16,0.0,50.90839966245933,22.54133220311014,8.60219666429453,12.182135798352387,104.79312792856989,0.15268176755737337,1.5273555259229004,1.5916802694524987,4.259358660517076,7.713427206309337,4,17,68,154,262,6.2998795481132195,10.660223603202805,32.66737416014824,111.89448191284102,0,0
lubelskie|opolski|Chodel,lubelskie,opolski,Chodel,25,0,25,0.0,51.10539577107969,22.149902535779283,9.737353405412252,10.013776901937133,97.5076846171161,0.25639004862198933,1.2323127906129374,1.3300898985441492,3.631329697058285,7.392471137473825,5,18,70,158,270,9.424573119048864,10.522291670630558,34.178667989087664,121.7367197359047,0,0
lubelskie|opolski|Józefów nad Wisłą,lubelskie,opolski,Józefów nad Wisłą,32,1,31,0.03125,51.01534031515973,21.89500192600013,12.054607881681004,14.035424886426373,169.19154345865707,0.18913474837954525,1.3430117109436392,1.3004308580814847,4.616773385155223,8.499361987634527,4,14,71,158,273,11.592861497357983,13.3323034034098,33.48959801590548,125.33208421468235,1,1
lubelskie|opolski|Karczmiska,lubelskie,opolski,Karczmiska,17,0,17,0.0,51.24449940751929,22.005279569094103,10.554146085462408,10.114703354948492,106.75205681924312,0.1592475171582416,1.308482774340755,1.5061170512635684,4.097490488065126,6.577675363449059,6,18,70,161,272,7.325999342372736,9.80781782953415,34.58991028930287,124.27024688598325,0,0
lubelskie|opolski|Opole Lubelskie,lubelskie,opolski,Opole Lubelskie,47,1,46,0.02127659574468085,51.115510075872066,21.997023465514236,14.608119301795469,14.362586938319849,209.81038347738567,0.22401179208113825,1.367677164589746,1.3867895293511239,5.232980442306551,8.611091032427268,6,16,69,161,275,10.73167370515555,12.538185295833387,33.91453966757389,124.15222584682553,0,1
lubelskie|opolski|Poniatowa,lubelskie,opolski,Poniatowa,15,1,14,0.06666666666666667,51.21372147630763,22.098305100509297,11.87250464015283,6.135900838212644,72.84851117319725,0.2059067475564122,1.7239269630675376,1.561717312716633,3.581643922982781,6.191220124312022,8,20,75,158,271,7.325999342372736,10.438771471433304,34.62145958522099,122.82237371952662,1,0
lubelskie|opolski|Wilków,lubelskie,opolski,Wilków,24,0,24,0.0,51.245102634705006,21.869348595111735,9.019094633403432,8.789175683310825,79.2704072373886,0.30276115433755696,0.9349665481424743,0.9785646699772382,2.899639994413022,5.703900807207742,6,17,68,162,274,9.462048855854446,10.579882511438438,34.21488526955213,126.0710613227823,0,0
lubelskie|opolski|Łaziska,lubelskie,opolski,Łaziska,23,0,23,0.0,51.1515591753301,21.844458566598306,14.175260918842572,6.654866500006991,94.33446901766374,0.24381331913463514,1.1675601353089582,1.281260907737389,4.490667007521412,7.446320047894693,4,16,70,158,279,8.68191566562581,11.865853389792916,33.81277912473752,126.30759309597065,0,0
lubelskie|parczewski|Dębowa Kłoda,lubelskie,parczewski,Dębowa Kłoda,20,0,20,0.0,51.605819726006374,23.051884284107267,11.427684136072473,16.506936012710383,188.63605080761386,0.10602427221293771,1.5553098364541462,1.7593927772963032,4.973401026566166,8.637815079322566,4,12,52,112,191,10.650499868099672,12.666452264122873,24.653769433029346,88.09115583888783,0,1
lubelskie|parczewski|Jabłoń,lubelskie,parczewski,Jabłoń,12,0,12,0.0,51.703169187611365,23.07485994504326,9.185308378097954,9.01709780016293,82.82482396996518,0.1448840990516511,2.137702584593274,1.8145846326754056,4.02730697961366,5.342078384498919,5,13,48,105,181,10.94020482177855,12.130677061259572,23.513858564621835,85.26405557948702,0,1
lubelskie|parczewski|Milanów,lubelskie,parczewski,Milanów,13,0,13,0.0,51.721692542127734,22.908131366651894,10.656833874918757,12.69533647293436,135.29209177825848,0.09608839533139,2.0522603329899485,1.9000671541232543,5.125921386239936,8.336489805094814,4,12,53,117,197,10.372412373550628,11.857699771280071,25.58178248774078,92.06745979833286,0,1
lubelskie|parczewski|Parczew,lubelskie,parczewski,Parczew,19,1,18,0.05263157894736842,51.62300717301618,22.90013722343011,16.826124754774877,12.146520455757729,204.37886852500455,0.09296460116998574,1.6674631973003218,1.8314078374996858,4.908063359278377,12.419164532354188,4,14,61,125,200,9.793590498774273,12.517266930770127,26.70120002715159,94.3621320997801,0,0
lubelskie|parczewski|Podedwórze,lubelskie,parczewski,Podedwórze,13,0,13,0.0,51.66899190098515,23.233286412227493,8.363392298368707,8.94960068650666,74.84902145500509,0.17368296535198993,1.665118248296478,1.651381234195462,3.313265290651368,5.840520402724971,5,13,43,92,163,11.563845756623278,12.390610758154162,21.1048962176827,78.4248020537317,0,1
lubelskie|parczewski|Siemień,lubelskie,parczewski,Siemień,21,0,21,0.0,51.620646024931276,22.758324824830616,9.810138744358289,10.34875882844003,101.52275993889943,0.206850168500528,1.594687305499197,1.5210303729420827,4.075588579062581,5.874767331556144,5,16,61,136,212,9.793590498774273,11.38267483718826,28.510203268973974,100.06847754745895,0,0
lubelskie|parczewski|Sosnowica,lubelskie,parczewski,Sosnowica,14,0,14,0.0,51.507086561943915,23.09541330028006,14.16935895298144,11.113604981660266,157.47265824678703,0.08890432253997749,2.692246261443317,2.5749013175587563,5.338587122582425,8.79439751246911,4,12,56,113,193,11.166812387650198,12.948575060780632,24.781318829898566,87.84965817535773,0,1
lubelskie|puławski|Baranów,lubelskie,puławski,Baranów,18,0,18,0.0,51.53816849571066,22.181510927646745,7.91120168648039,9.718588133731668,76.88571083378628,0.2341137228855556,1.350460703494393,1.4655989880014924,3.1609323503405613,6.533881921307029,7,18,70,151,267,8.435229285606335,9.828072674139666,33.724679748855564,118.94911918903719,0,0
lubelskie|puławski|Janowiec,lubelskie,puławski,Janowiec,7,0,7,0.0,51.334984895115895,21.896331696795936,8.704164525203247,8.747365116571752,76.13850513666421,0.09193771255996432,1.70111533446743,2.199343731428415,3.3823383054859164,5.55613897737624,7,16,70,161,274,8.285804907492825,10.543395331616225,34.38742361445265,125.52544601240837,0,0
lubelskie|puławski|Kazimierz Dolny,lubelskie,puławski,Kazimierz Dolny,9,1,8,0.1111111111111111,51.32792867950238,22.01505676656072,8.672733109801932,7.8997956125221735,68.51281896938909,0.13136227840838252,1.9140967599924512,2.2518707092610284,3.0298063018403805,4.898880569884354,6,20,69,157,270,7.732574066501832,9.698207002052637,34.716070457294975,123.91976347578529,0,0
lubelskie|puławski|Końskowola,lubelskie,puławski,Końskowola,16,1,15,0.0625,51.405357276182556,22.07213208202107,11.759206937584427,6.812559704624509,80.11029934132864,0.1997246313089939,1.4252109395138206,1.3487078592991562,3.2424803825372583,6.376587823544351,7,20,73,152,272,8.06259805538887,10.982434722132712,34.512798415186836,122.46448468737324,1,0
lubelskie|puławski|Kurów,lubelskie,puławski,Kurów,18,1,17,0.05555555555555555,51.41205984467766,22.187878602016443,14.152690138235437,6.83701289937021,96.76212503590524,0.186023198574037,1.289383834493778,1.4851922989193496,3.5911176857171068,7.562282191641578,8,19,71,150,267,5.889503260836241,9.5882823707159,34.54124680179033,120.29223660737591,1,0
lubelskie|puławski|Markuszów,lubelskie,puławski,Markuszów,9,0,9,0.0,51.37821866196131,22.253180032978193,7.933547893531012,3.8464268934845083,30.515811978425052,0.2949290684568079,1.3718146200039234,1.2198187523567339,2.795010164097825,5.144022684894737,7,18,74,147,269,5.889503260836241,8.74539769422536,34.583861740675694,119.22672054392787,1,0
lubelskie|puławski|Nałęczów,lubelskie,puławski,Nałęczów,10,1,9,0.1,51.309175543799896,22.23707091315753,6.8436764849197385,5.818259232403911,39.81828389196981,0.2511409087124598,1.7357801482711772,1.7894047901954484,2.6205837695210645,4.38257885336162,7,19,73,153,264,7.758362403316527,9.272317717162592,34.765476283401235,120.03508228872944,1,0
lubelskie|puławski|Puławy,lubelskie,puławski,Puławy,31,1,30,0.03225806451612903,51.43873028478067,21.87975061261639,18.000032950621744,13.23631353577727,238.25407978875148,0.13011319691770323,1.4457097758805368,1.4625840632557023,5.952871953356776,11.936115483077169,7,20,67,156,280,6.246968660310354,12.006407887207928,34.10984409086811,125.1342350956474,0,0
lubelskie|puławski|Wąwolnica,lubelskie,puławski,Wąwolnica,16,1,15,0.0625,51.304132459353596,22.119600651155068,6.775686998486634,7.119322901358618,48.23830362076373,0.3316866224357224,1.3555714708302231,1.2396500460640878,2.4511416123243643,4.6364727840782844,8,19,74,155,268,7.732574066501832,9.550569938047989,34.883033838750805,122.33423538230885,1,0
lubelskie|puławski|Żyrzyn,lubelskie,puławski,Żyrzyn,15,0,15,0.0,51.519431116649365,22.057643224999932,11.785280999389684,11.805863259695354,139.1354159558804,0.10780864021534585,1.532729788220771,1.766724552762092,4.525370231346189,8.210091250443744,5,19,69,150,272,8.81843757103139,12.063069234255305,33.87475226702776,121.56821279024656,0,0
lubelskie|radzyński|Borki,lubelskie,radzyński,Borki,15,0,15,0.0,51.71973463712107,22.510103548113747,12.461106626546984,9.890936678412615,123.25201658612406,0.12170186269949215,1.913177504242937,2.0310039625412766,4.070557669935174,7.611320487811712,7,15,60,146,235,10.373239999779228,11.850968127627914,29.776032801788105,106.74439006323445,0,1
lubelskie|radzyński|Czemierniki,lubelskie,radzyński,Czemierniki,8,1,7,0.125,51.67895729788477,22.645479883282583,10.064572266323447,6.609768956573323,66.52449732713353,0.12025645170470184,2.3742010335047166,2.4895968711912992,3.648232552425604,5.422173695135724,5,14,63,140,221,9.200596752806298,10.776306633197429,29.06706047892119,103.03957108392764,0,0
lubelskie|radzyński|Komarówka Podlaska,lubelskie,radzyński,Komarówka Podlaska,14,0,14,0.0,51.8179611435341,22.94462985806758,10.082125664125355,12.192072780012326,122.92200987424644,0.11389335412203636,2.0876513138849866,2.4091285055087126,4.373514375504163,7.27261523135381,4,11,51,110,189,10.995261518083968,12.962327825958695,24.06257967482315,88.55931585999812,0,1
lubelskie|radzyński|Kąkolewnica,lubelskie,radzyński,Kąkolewnica,17,0,17,0.0,51.90442227458775,22.662619957649184,11.456798414047324,12.24525798498805,140.29145226201143,0.12117630636719351,2.1124563141454056,2.0381551594452088,4.693222952095508,7.012386196309633,3,10,58,127,216,12.618660555717923,14.516994665069083,26.064314738022592,97.58206088597598,0,1
lubelskie|radzyński|Radzyń Podlaski,lubelskie,radzyński,Radzyń Podlaski,21,1,20,0.047619047619047616,51.79270853585943,22.630314990106406,14.304313730085275,11.156520019694792,159.58636249769145,0.13159019148834714,1.8808040833662931,1.8018527079401525,5.120447550710496,8.713717750313599,5,15,59,137,216,10.372697479645968,11.848823413045858,27.6812072073483,101.09440896060758,0,1
lubelskie|radzyński|Ulan-Majorat,lubelskie,radzyński,Ulan-Majorat,20,0,20,0.0,51.833005745924865,22.46881852923906,6.725204851665631,12.260902788351187,82.45708291802006,0.242550418863159,1.3509704452830396,1.5221801709011513,3.9855331884227114,7.127002503686036,4,13,60,146,229,10.173304613543694,12.36993590423065,28.61965129430223,105.64143320972534,0,0
lubelskie|radzyński|Wohyń,lubelskie,radzyński,Wohyń,14,0,14,0.0,51.75090107595218,22.7650779802317,15.783502248934658,11.13519927442757,175.75244279026313,0.07965749879623076,1.812223137592846,2.2347066499793917,5.293149934652017,8.947722894874438,5,13,57,131,204,10.372412373550628,12.229577193199527,26.85700177802075,97.08755713648449,0,1
lubelskie|rycki|Dęblin,lubelskie,rycki,Dęblin,1,1,0,1.0,51.56145763121326,21.842786425722373,0.001,0.001,1e-06,1000000.0,,,0.0,0.0,5,16,68,153,281,6.918151643176042,10.100456268597018,33.66217921439108,124.66953450449725,0,0
lubelskie|rycki|Kłoczew,lubelskie,rycki,Kłoczew,28,0,28,0.0,51.736429630123766,21.960707596034933,10.79661479423327,15.127053753611603,163.32097234940494,0.17144154603793,1.6758381695731657,1.6722313489208738,5.055207428637457,8.503407857395473,6,15,70,151,275,10.392285275254354,12.323356704477073,32.632886406364804,120.67430851963027,0,1
lubelskie|rycki|Nowodwór,lubelskie,rycki,Nowodwór,16,0,16,0.0,51.65362781447567,22.110622474068474,9.24452229522753,6.983268494007887,64.55698128641588,0.24784306330889005,1.6060351063415834,1.690321636228722,3.1726362031183877,5.487188509374988,7,17,69,147,268,5.983116581696901,10.29945027427829,32.95925337059994,118.81045784665365,0,0
lubelskie|rycki|Ryki,lubelskie,rycki,Ryki,31,1,30,0.03225806451612903,51.6290447756256,21.953520248755957,15.794601135650087,12.476690047930624,197.06434280019917,0.1573090268868705,1.219109058023252,1.4230488141897468,5.171560710011402,9.134063318815453,7,17,69,155,273,10.72325390949278,11.83893932793934,33.2587385013952,122.1400657453224,0,1
lubelskie|rycki|Stężyca,lubelskie,rycki,Stężyca,15,0,15,0.0,51.60619450255445,21.7504232842144,7.396764933773347,12.594782077648503,93.16064242046747,0.16101220011235653,1.514414147134836,1.7026244109191884,4.730841122772152,6.686556455640868,5,16,68,154,284,6.92835189194907,10.78117007283249,33.388066990699215,125.56856394204539,0,0
lubelskie|rycki|Ułęż,lubelskie,rycki,Ułęż,12,0,12,0.0,51.599820606769754,22.110399462819018,8.149337288625365,11.97779623457894,97.61110149001064,0.12293683624938972,1.8223470272176958,1.808905007054397,4.015028642128379,7.707886579767074,6,17,67,146,266,5.983116581696901,9.376195382105543,33.43293612678301,119.61640809171814,0,0
lubelskie|tomaszowski|Bełżec,lubelskie,tomaszowski,Bełżec,5,0,5,0.0,50.380074604211316,23.440468250755398,4.334837304844859,6.690817761317933,29.003606431679543,0.17239235443971165,2.033137014783505,2.513196410378536,2.506650551298699,3.91331810741605,4,11,37,81,143,8.672830711377978,11.422033974048286,18.713529646132198,65.85093742401745,0,0
lubelskie|tomaszowski|Jarczów,lubelskie,tomaszowski,Jarczów,12,0,12,0.0,50.445780156169626,23.604237679614403,8.404104127898602,7.490981393142917,62.95498764812401,0.19061237954762092,1.7825766918156776,1.6087136908244732,3.2441528116245806,4.745111200833993,5,12,36,71,127,11.098537649108843,12.510865853302828,17.35953094003688,60.682411199924786,0,1
lubelskie|tomaszowski|Krynice,lubelskie,tomaszowski,Krynice,14,0,14,0.0,50.57927005075682,23.382292502719906,4.391214407133642,12.988632534701104,57.03587031534424,0.24545956645521036,1.5402792438163606,1.7095955455736374,3.1864844920024926,8.273074502759279,7,17,53,93,159,5.817944861698464,9.964716023221854,23.810183228570967,75.80319179962736,0,0
lubelskie|tomaszowski|Lubycza Królewska,lubelskie,tomaszowski,Lubycza Królewska,13,1,12,0.07692307692307693,50.32834942334239,23.531963819315347,13.333935285676029,12.814967986580651,170.87395382107644,0.07607947091580973,1.9994389913091728,2.4214937286305123,4.531316992538914,7.644872123635721,3,9,33,72,130,8.672830711377978,14.004669827989247,15.614200599697186,59.206832548860056,0,0
lubelskie|tomaszowski|Rachanie,lubelskie,tomaszowski,Rachanie,13,0,13,0.0,50.547845724967566,23.558277674660886,8.26200912383604,9.471805882584805,78.25614662111953,0.16612113631073677,1.6061607802913123,1.656990254097269,3.2488598792269787,4.830343228783954,7,15,45,80,136,10.280635368394721,11.080781124753278,20.369146080236842,66.49362616692407,0,1
lubelskie|tomaszowski|Susiec,lubelskie,tomaszowski,Susiec,19,0,19,0.0,50.43819297321816,23.229814815082506,12.08900038974671,13.875766662603505,167.74414859224817,0.11326773636787252,1.806402557444482,1.812968765927178,4.767279713668148,7.805846013399501,3,12,48,106,172,11.670639046396486,13.86642171903452,22.840687248076904,77.59446246742083,0,1
lubelskie|tomaszowski|Tarnawatka,lubelskie,tomaszowski,Tarnawatka,15,0,15,0.0,50.528615907084955,23.40291915568544,6.796131242579647,11.956393929877601,81.25722233543081,0.18459897556034854,1.7043235991065515,1.6562887738413765,3.8500591369832193,7.295703361812332,5,18,51,92,158,5.817944861698464,10.528280784422076,22.679361689548227,73.29878207778911,0,0
lubelskie|tomaszowski|Telatyn,lubelskie,tomaszowski,Telatyn,14,0,14,0.0,50.53194384930067,23.866009443664097,8.890452456822631,9.965055607869806,88.59385311136025,0.15802450743848281,1.9432408658702394,2.0577699627421406,4.090314917926757,6.065396683180612,4,8,32,58,95,10.555997206451327,12.322403612527435,13.53391293398878,50.537194527215725,0,1
lubelskie|tomaszowski|Tomaszów Lubelski,lubelskie,tomaszowski,Tomaszów Lubelski,24,1,23,0.041666666666666664,50.46090086400048,23.44928487395281,9.5192129240248,20.386239788587304,194.06095726778887,0.12367248073955385,1.587496402792106,1.9741831422538019,5.3099668134012745,11.319841880094376,5,14,42,84,150,8.212877051614704,10.934696465496879,20.55664317914447,68.72806434127928,0,0
lubelskie|tomaszowski|Tyszowce,lubelskie,tomaszowski,Tyszowce,19,1,18,0.05263157894736842,50.62142682794033,23.66532042972227,12.79276806460194,11.810398095957908,151.08768359220588,0.1257547905180813,2.1193125900684784,2.0411456212158643,4.249770965904548,7.355873531506473,4,15,43,75,120,10.805672838830423,12.431945127695977,19.068241940503977,63.008311907133574,0,1
lubelskie|tomaszowski|Ulhówek,lubelskie,tomaszowski,Ulhówek,15,0,15,0.0,50.440691820073624,23.819167146500323,7.601975555606448,20.144159880157147,153.13541099718276,0.09795252386318377,2.3088591322937595,2.4016375219227615,6.031150803430049,11.675316805328599,2,8,25,54,99,10.67427013563496,15.481524487615854,12.808658921825636,49.96531226944502,0,1
lubelskie|tomaszowski|Łaszczów,lubelskie,tomaszowski,Łaszczów,20,1,19,0.05,50.52865692719482,23.71088258599566,12.237218136109412,8.498605595674228,103.9992905270256,0.19230900421193484,1.7572698957287465,1.762869844004301,4.044511805978437,7.888264127248419,5,12,34,70,115,10.805672838830423,11.421032401236015,16.906219441748505,58.26224957774414,0,1
lubelskie|włodawski|Hanna,lubelskie,włodawski,Hanna,11,0,11,0.0,51.69414683151954,23.46668293670066,13.047704384003318,10.324957725398294,134.71699617832823,0.08165265194481494,3.0236897935581677,2.8997287914442,4.65476250218904,7.0957608102569445,2,7,32,69,139,10.59779146394743,14.898018290481726,16.13598572752778,66.14711839298673,0,1
lubelskie|włodawski|Hańsk,lubelskie,włodawski,Hańsk,14,0,14,0.0,51.39453704576425,23.418155830541618,12.049281127008499,15.013500731009525,180.90189100848136,0.07739001467565437,2.816230368546294,2.6911743515021365,4.840934032321759,8.221472171529888,2,9,41,95,163,13.00594345294633,14.86287210375453,19.53027810844683,73.63933070490604,0,1
lubelskie|włodawski|Stary Brus,lubelskie,włodawski,Stary Brus,14,0,14,0.0,51.49601170033924,23.262836420450885,13.394620763779375,9.886348699497415,132.4238915682513,0.10572110390506383,1.961779513955723,1.9059468688721535,4.2561228301438225,7.835393359577128,3,9,45,102,171,8.959858399508873,13.623285162054907,21.7611771867735,79.89045855374025,0,0
lubelskie|włodawski|Urszulin,lubelskie,włodawski,Urszulin,25,0,25,0.0,51.391742211346774,23.181689599196766,13.894318639824679,12.405286961083492,172.36300985575642,0.14504272129456014,1.6819674929340085,1.8575138779187301,4.736565183876567,8.93869929876687,3,12,52,114,186,10.128136394107356,13.822694082839746,24.38129391664947,85.73393483751835,0,0
lubelskie|włodawski|Wola Uhruska,lubelskie,włodawski,Wola Uhruska,15,0,15,0.0,51.34257104288079,23.58996911720302,13.615674591726734,12.026828725139158,163.75338629192646,0.09160115915562929,1.998939135490535,2.112423679967455,4.470123989871801,9.540120167800984,3,7,35,81,145,11.392497406391312,16.222793502487026,16.40195255540788,65.43077230402625,0,1
lubelskie|włodawski|Wyryki,lubelskie,włodawski,Wyryki,12,0,12,0.0,51.5713884712556,23.30862076361549,11.435891344803542,15.297013761633385,174.93498727800392,0.06859691241140796,1.6127055330959001,2.289069998301882,5.06572615647327,10.881382710394023,2,11,42,97,163,8.959858399508873,14.154416193163541,20.221988529237414,76.27349351419441,0,0
lubelskie|włodawski|Włodawa,lubelskie,włodawski,Włodawa,14,1,13,0.07142857142857142,51.5464407581059,23.535322897639382,22.740358040969568,17.262090502456452,392.54611856148,0.035664599235636925,3.112719760708119,2.946846064013044,7.856501700599213,14.600728242009843,0,6,32,75,137,15.91576827740522,18.880393782660214,15.277973501999023,64.72376899189251,0,1
lubelskie|zamojski|Adamów,lubelskie,zamojski,Adamów,16,0,16,0.0,50.59703432770145,23.20857837745261,6.493140748392222,13.994323945320716,90.86711505556295,0.17608130279272544,1.6702875597883275,1.8466547935246094,4.511724549086239,8.07325247104239,6,15,59,111,180,6.270158149549838,11.533646920762527,25.945106044727194,83.76410847121164,0,0
lubelskie|zamojski|Grabowiec,lubelskie,zamojski,Grabowiec,21,0,21,0.0,50.834511374153536,23.54585321500125,8.859486497498047,12.043658147070438,106.7006267344529,0.19681233974625986,1.6078789041758221,1.5828758548339528,4.172263205198336,6.5106576404721395,6,17,54,92,140,9.499096860222888,11.237119559952594,22.67082402301738,72.36967662136202,0,0
lubelskie|zamojski|Komarów-Osada,lubelskie,zamojski,Komarów-Osada,25,0,25,0.0,50.62969514902787,23.49055299268052,9.24921481250521,12.66243201422174,117.11755374827989,0.21346074264607987,1.474436200084824,1.5248252731371597,4.2942241555276555,6.898226655101784,7,16,50,88,143,9.47686757333184,10.952914556848887,22.672148286530028,71.9968324785923,0,0
lubelskie|zamojski|Krasnobród,lubelskie,zamojski,Krasnobród,17,1,16,0.058823529411764705,50.54109780513687,23.19735635604066,7.886423868618081,15.351916940379665,121.07172418765245,0.1404126365100015,1.7229067735900538,1.7348676964949699,5.057589617472881,9.165953737409806,5,16,56,112,182,6.270158149549838,11.33135248894126,25.198978001574645,82.58131504754014,0,0
lubelskie|zamojski|Miączyn,lubelskie,zamojski,Miączyn,14,0,14,0.0,50.73684770842978,23.54890669205132,11.076230577211103,12.410826728155614,137.46517849486605,0.10184397353052477,2.5051632310137633,2.778399470390256,5.007260737694705,8.217265791926534,5,14,53,88,139,10.681150272363793,12.410609939066116,22.294843615450127,71.1006390822484,0,1
lubelskie|zamojski|Nielisz,lubelskie,zamojski,Nielisz,22,0,22,0.0,50.81193170924391,23.048260989169787,8.863729716922418,12.863626388830923,114.01970749006806,0.1929491005045453,1.321638334545626,1.3810214243952734,4.210593587567733,7.183814927294341,5,15,68,137,202,8.595721845915829,10.783932543608667,29.116071810155873,94.27813580467262,0,0
lubelskie|zamojski|Radecznica,lubelskie,zamojski,Radecznica,19,0,19,0.0,50.71786224686951,22.836840787348407,15.370931349111643,6.4758932658922195,99.5405108142037,0.19087705944632183,1.2572978026411517,1.3740494784779387,4.5078403896499495,8.708511302865185,5,14,63,141,234,8.316688142996659,10.81499089028814,29.93119065988653,100.35455813064524,0,0
lubelskie|zamojski|Sitno,lubelskie,zamojski,Sitno,18,0,18,0.0,50.745051959717,23.397669975318653,10.607623274402918,9.80875019944958,104.04752690848564,0.172997864868348,1.6508783959936015,1.7237226588249477,3.8065153894949963,6.867807552058924,7,18,61,106,158,9.853454964465449,11.321607495342471,24.975465005929184,78.59656504101201,0,0
lubelskie|zamojski|Skierbieszów,lubelskie,zamojski,Skierbieszów,30,0,30,0.0,50.85151762587021,23.369263219863747,12.803412184288574,14.100237395281288,180.53115126810582,0.16617630691030805,1.3629437151382446,1.402379476160397,4.696451650265398,8.157657914168537,4,16,64,107,163,8.55963389953521,12.031160440485495,25.578914506952305,81.05328476943649,0,0
lubelskie|zamojski|Stary Zamość,lubelskie,zamojski,Stary Zamość,14,0,14,0.0,50.816825125314544,23.20782602534189,9.01546070133798,10.937424002236208,98.6059162660313,0.14197931047290366,1.8937113716068028,2.00347913936061,3.81178955561879,6.555194598607929,5,16,62,121,185,9.466976953342177,11.194173004763922,27.598798652438948,87.91421486040443,0,0
lubelskie|zamojski|Sułów,lubelskie,zamojski,Sułów,15,0,15,0.0,50.762621742296155,22.954091661774115,7.213651709143705,10.2697618965211,74.08248545733834,0.20247700799182833,1.1609072727192045,1.5591096315284212,3.4086233142247155,5.828016644264254,4,17,62,138,219,8.595721845915829,11.15989484236836,29.53826082240369,97.0612569922669,0,0
lubelskie|zamojski|Szczebrzeszyn,lubelskie,zamojski,Szczebrzeszyn,15,1,14,0.06666666666666667,50.697007493160264,23.034440786902262,8.74528438770514,13.91284612922571,121.6717960424615,0.12328247373586268,1.8337706816309596,1.9448499112671738,4.511585809687195,9.310260196914605,5,17,65,133,206,9.23112725589391,11.642713319485399,28.427384712446862,92.9273053696829,0,0
lubelskie|zamojski|Zamość,lubelskie,zamojski,Zamość,34,0,34,0.0,50.705081465466286,23.216099991795172,15.040915392108767,14.165724020684634,213.06545646308038,0.15957537446193895,1.5024829752721334,1.55212005987982,5.956071079912313,10.143076372463508,6,16,63,116,182,3.231534298618242,10.320221059727752,27.099370060398186,85.991815204291,0,0
lubelskie|zamojski|Zwierzyniec,lubelskie,zamojski,Zwierzyniec,10,1,9,0.1,50.61989830465981,22.9857797121208,8.112318592220317,10.111269713650614,82.02584128900209,0.12191280019630578,1.7518955696031275,2.4939691054253754,4.083975700787604,7.5469754353794585,3,14,62,133,217,7.990744306001087,12.637944192257075,27.959034819420893,93.00623497634747,0,0
lubelskie|zamojski|Łabunie,lubelskie,zamojski,Łabunie,13,0,13,0.0,50.660339633163,23.356609384073217,10.00580591452303,8.495602512529297,85.00534986730236,0.15293155101759662,1.5090375212303615,1.7225619286642528,3.649484112931013,6.287151988326064,6,16,59,103,167,9.194834012365076,10.064740317250315,25.075515728969812,78.98404590668007,0,0
lubelskie|łukowski|Adamów,lubelskie,łukowski,Adamów,17,0,17,0.0,51.69961328960874,22.212208622144182,9.34149689999237,9.201368605570401,85.95455630462301,0.1977789279692398,1.6156357347972417,1.7134322212537971,3.3278030656569464,6.007568485667694,6,17,68,149,260,7.2845371850766,10.423866313421442,32.12295001473486,115.6961988968294,0,0
lubelskie|łukowski|Krzywda,lubelskie,łukowski,Krzywda,24,0,24,0.0,51.80386276018883,22.12370720044218,10.667509812363113,15.425079031600218,164.54718192607183,0.14585482242280381,1.544914084385953,1.8062970481072764,4.7494285885849346,8.364814113294667,5,15,63,150,259,9.567478852482587,12.411299175164675,31.385757832445933,115.98844251562981,0,0
lubelskie|łukowski|Serokomla,lubelskie,łukowski,Serokomla,17,0,17,0.0,51.69404276128905,22.317519529043714,8.28852753199088,9.383345787769224,77.77411990411586,0.21858170842638294,1.5221661395581176,1.6132894092799868,3.5785927092109477,5.996832955698462,6,16,64,145,247,7.2845371850766,9.821011436485772,31.64296739725722,113.07096024271856,0,0
lubelskie|łukowski|Stanin,lubelskie,łukowski,Stanin,28,0,28,0.0,51.881436369719886,22.183957119150403,11.87163113744394,15.821468892748564,187.82664274725454,0.1490736329546053,1.464778851600694,1.4203551958595264,4.670793867332901,8.59183926376599,5,14,62,146,256,9.567478852482587,13.539246176721544,30.31436217563511,113.08711771428273,0,0
lubelskie|łukowski|Stoczek Łukowski,lubelskie,łukowski,Stoczek Łukowski,35,1,34,0.02857142857142857,51.94882556533826,22.005059862262303,11.425678354870806,15.654352017635746,178.86159100742887,0.19568203437565476,1.5790882216298943,1.6898183914617095,4.700359075661824,8.388073271933441,5,15,67,146,265,10.146729946731861,12.827404625563052,31.52464926651037,116.85223747828371,0,0
lubelskie|łukowski|Trzebieszów,lubelskie,łukowski,Trzebieszów,24,0,24,0.0,51.999223191026296,22.528455108327375,12.688995364968092,10.826002210129278,137.37109186546473,0.17470924685889921,1.7759857998402304,1.6240925402257609,4.369669013649914,7.011563106902749,3,12,58,132,224,10.625577088455255,14.190801479714015,26.787289621661078,100.56342996329104,0,1
lubelskie|łukowski|Wojcieszków,lubelskie,łukowski,Wojcieszków,19,0,19,0.0,51.790155715406485,22.338069242084757,10.472939113094577,10.688244548811301,111.93733438556578,0.169737827904271,1.0413065170465148,1.2124162420140474,3.79839227882385,6.8879275310903285,6,12,62,145,247,10.173304613543694,12.620317572539175,30.161427523991104,110.50406562858475,0,0
lubelskie|łukowski|Wola Mysłowska,lubelskie,łukowski,Wola Mysłowska,23,0,23,0.0,51.85020727792785,21.980943400059367,12.33564954945582,13.144046816897932,162.14035519489317,0.14185240912019673,1.4347210553737402,1.6641189870948694,4.111660838402438,7.6434762294805925,6,16,66,147,271,10.132264003781527,11.35970477676199,32.06180624468894,118.78437243815503,0,0
lubelskie|łukowski|Łuków,lubelskie,łukowski,Łuków,39,1,38,0.02564102564102564,51.921627309129065,22.388345994541663,18.334301031187213,22.44436925044417,411.5018222927651,0.09477479293458207,1.60110447022718,1.711167038451813,6.764568397784035,12.538509492875884,3,11,59,142,236,11.297021685463353,14.291810152828049,28.385396559816304,106.41781368359776,0,1
lubelskie|łęczyński|Cyców,lubelskie,łęczyński,Cyców,21,0,21,0.0,51.30445814918634,23.140004882389285,12.706850310217126,11.443239549552308,145.40753202011763,0.14442167959424948,1.7106382725971458,1.8081387084553202,4.9834157591456245,7.10009525677617,4,15,56,121,192,9.244029972186896,11.739686753892535,26.18327313412695,89.19854431465683,0,0
lubelskie|łęczyński|Ludwin,lubelskie,łęczyński,Ludwin,20,0,20,0.0,51.37436884148748,22.947072818056032,7.3016111103219234,17.02529203118296,124.3120614513608,0.16088543433756294,1.6962475785710383,1.7208600884441225,5.146759254203581,8.610072443530608,5,16,67,133,209,9.110893091301756,11.391323589844335,28.628529422984453,96.8364559740532,0,0
lubelskie|łęczyński|Milejów,lubelskie,łęczyński,Milejów,10,0,10,0.0,51.223143641774826,22.92785141131743,9.677167295776405,10.167671499275194,98.39425810698376,0.10163194674558176,2.2641947745370894,2.2105784598146956,4.0199758139438755,5.906400474522859,6,17,70,138,216,8.873877455575927,10.285429091710856,30.235140255542156,99.58584595822165,0,0
lubelskie|łęczyński|Puchaczów,lubelskie,łęczyński,Puchaczów,14,0,14,0.0,51.30152356605881,23.007117183101432,11.848793197796233,7.505273689133133,88.92843583539971,0.15742995891565006,1.1713653817453922,1.766830043248834,3.8306425923045007,6.872943517467644,5,18,64,133,206,9.110893091301756,10.661632150502815,28.484481368558146,95.3349197930718,0,0
lubelskie|łęczyński|Spiczyn,lubelskie,łęczyński,Spiczyn,12,0,12,0.0,51.34423727461965,22.772625572246426,8.674084770763185,5.9403720093188825,51.52729037870082,0.23288629989672982,1.679107515317002,1.713441130297584,2.6524838210088615,4.989500799319816,7,16,70,143,228,7.695766752811221,10.780419883102125,31.18164494798789,104.24137681914529,0,0
lubelskie|łęczyński|Łęczna,lubelskie,łęczyński,Łęczna,12,1,11,0.08333333333333333,51.3012154964998,22.859376355091623,6.128879128559633,6.942814052558811,42.55166814019822,0.2820100955963157,1.000690524367108,1.2300568526178377,2.6097631755059836,3.9561935231620673,7,19,68,140,220,7.695766752811221,9.453207814377828,30.61075003835722,101.51965889604071,0,0
lubelskie|świdnicki|Mełgiew,lubelskie,świdnicki,Mełgiew,9,0,9,0.0,51.228341353141616,22.79575084027271,6.00895862486908,7.82526556081405,47.021696983544565,0.1914010037355646,1.6441759705663679,1.8830172797239884,2.8081640981294402,5.628885469224405,6,18,70,146,228,6.9010112090125695,9.269158176192814,31.753915145736553,104.63511815646343,0,0
lubelskie|świdnicki|Piaski,lubelskie,świdnicki,Piaski,29,1,28,0.034482758620689655,51.130927679896466,22.81045379302628,11.302403400713855,12.949120663754934,146.35618542627782,0.19814673302351002,1.577448203130847,1.4912815791677378,4.965568696917388,7.583199686791923,8,20,69,144,232,10.880298928034625,11.90382913078152,31.646626337016777,104.4781998389987,0,1
lubelskie|świdnicki|Rybczewice,lubelskie,świdnicki,Rybczewice,15,0,15,0.0,51.02326635353643,22.850407390511943,11.771630949137634,9.476420285024139,111.55292231422582,0.13446532541520986,1.7330967260080992,1.7006649514225234,4.159150359477799,7.320133503255437,6,18,69,144,226,8.6116339105754,11.048698484385124,31.253908751715134,103.04393573180744,0,0
lubelskie|świdnicki|Trawniki,lubelskie,świdnicki,Trawniki,9,0,9,0.0,51.153067714872705,22.988776213191787,7.351716174188238,8.287612478190567,60.92817470131786,0.14771491258551248,2.1620004793514918,2.2325657281320215,3.1081934231364534,5.206389487300467,6,17,61,135,218,8.873877455575927,10.87306926333886,29.769783255731056,97.60709436893129,0,0
lubelskie|świdnicki|Świdnik,lubelskie,świdnicki,Świdnik,1,1,0,1.0,51.21585266968747,22.69868494616852,0.001,0.001,1e-06,1000000.0,,,0.0,0.0,7,21,70,143,237,6.9010112090125695,8.997000758303802,32.62688206508256,108.06468527280444,0,0
lubuskie|Gorzów Wielkopolski|Gorzów Wielkopolski,lubuskie,Gorzów Wielkopolski,Gorzów Wielkopolski,1,1,0,1.0,52.730959831605,15.238292867141,0.001,0.001,1e-06,1000000.0,,,0.0,0.0,4,11,39,81,126,7.522981172576264,12.286870898423153,17.42510944041487,61.085285075155134,0,0
lubuskie|Zielona Góra|Zielona Góra,lubuskie,Zielona Góra,Zielona Góra,1,1,0,1.0,51.9391610444007,15.5038203028737,0.001,0.001,1e-06,1000000.0,,,0.0,0.0,3,11,45,95,156,11.212381460243414,14.320250041434239,20.680441035332404,72.81415688606364,0,1
lubuskie|gorzowski|Bogdaniec,lubuskie,gorzowski,Bogdaniec,21,0,21,0.0,52.671402420434866,15.103520508124321,11.700072206616444,9.476320539852454,110.87363456931622,0.18940481279948637,1.48935721566927,1.6864832893639952,4.025329425103375,6.637021902517868,4,9,37,75,122,8.930317512960496,12.611854901772364,16.808464916038304,58.26729257082118,0,0
lubuskie|gorzowski|Deszczno,lubuskie,gorzowski,Deszczno,20,0,20,0.0,52.665842116252534,15.268584321733357,7.7279857601296715,13.272271604237218,102.56792596211862,0.1949927310354954,1.500415028579277,1.6788706644335385,4.037940203743177,8.285973826179287,3,8,37,81,130,7.522981172576264,13.13475668101665,17.515319764959244,62.14387989679309,0,0
lubuskie|gorzowski|Kostrzyn nad Odrą,lubuskie,gorzowski,Kostrzyn nad Odrą,1,1,0,1.0,52.58729513125232,14.649659278246782,0.001,0.001,1e-06,1000000.0,,,0.0,0.0,2,8,25,50,90,11.962101862533261,15.399433627567907,11.914296050877756,44.75428981514699,0,1
lubuskie|gorzowski|Kłodawa,lubuskie,gorzowski,Kłodawa,10,0,10,0.0,52.81078412997755,15.272417487851863,10.503239181373605,15.79514888655378,165.90022666088134,0.060277193113431486,2.2963103311707007,2.9488713748227933,5.758044077027551,8.230203459312305,2,10,40,81,129,9.1681379636129,15.476754007222784,17.25166085538786,61.090090459552016,0,0
lubuskie|gorzowski|Lubiszyn,lubuskie,gorzowski,Lubiszyn,18,0,18,0.0,52.803710064108145,14.965080952472173,13.448460317006433,17.14821958302073,230.6171505695669,0.07805143700520314,1.5583356707952654,1.8943191744848684,5.855957577072122,11.370121668385853,1,9,39,70,106,13.638327950394817,16.425544982890404,15.767770478572698,54.18206125757567,0,1
lubuskie|gorzowski|Santok,lubuskie,gorzowski,Santok,15,0,15,0.0,52.73844703073616,15.447298871474276,4.757334128338148,20.416575499194145,97.12847140610877,0.15443463469411292,2.064093351254104,2.079044120562479,5.779416240055091,10.518494683927536,5,10,39,85,139,11.471908544876333,13.529249142263819,17.761048327616535,65.11386549443571,0,1
lubuskie|gorzowski|Witnica,lubuskie,gorzowski,Witnica,18,1,17,0.05555555555555555,52.664679673694565,14.891358424097408,12.09641283636569,19.69382135654076,238.22459345435243,0.07555894938886351,2.2502439799895564,2.421981491545449,6.535151582155837,13.17584586014225,3,10,31,62,107,9.349869779535414,13.690651097579726,15.131573283597923,52.538356414064815,0,0
lubuskie|krośnieński|Bobrowice,lubuskie,krośnieński,Bobrowice,17,0,17,0.0,51.93328165230009,15.063968921823088,10.804683718289459,13.027317949217641,140.75605013889188,0.12077633596016049,1.9355090762057918,1.963397005170495,4.748083556755108,7.701229481565764,3,9,34,69,118,9.880541834523713,15.538574553373758,15.461628141595934,57.414855312835854,0,0
lubuskie|krośnieński|Bytnica,lubuskie,krośnieński,Bytnica,7,0,7,0.0,52.15347069226095,15.167996729794579,9.314231226163042,12.691389563873082,118.2105369792264,0.05921637934214052,3.7726080092264325,4.40951761223632,5.197370880285656,8.311309372274964,1,8,37,78,128,12.991365680918687,16.99498147725322,16.180880875539867,60.79677463384322,0,1
lubuskie|krośnieński|Dąbie,lubuskie,krośnieński,Dąbie,15,0,15,0.0,51.99176744953961,15.17253559745446,10.2493248183719,12.674399170201701,129.9040339731005,0.11546985525565805,2.328119071465206,2.2461965525509915,4.785039627449749,6.738585172731768,3,9,35,73,125,9.787771632582713,13.287698404185027,16.803574908117834,61.39207828214886,0,0
lubuskie|krośnieński|Gubin,lubuskie,krośnieński,Gubin,47,1,46,0.02127659574468085,51.91368904495256,14.764666395216347,29.256069185715862,21.844898765920096,639.0958696507174,0.07354139219470582,1.9130303424977804,2.0337839940468223,7.744758522370708,16.846443393381186,1,4,20,50,95,12.597468487111742,20.274303510637022,10.75687024147942,45.700489294510206,0,1
lubuskie|krośnieński|Krosno Odrzańskie,lubuskie,krośnieński,Krosno Odrzańskie,20,1,19,0.05,52.05326527295772,15.070191975768854,11.512050369776496,25.053082442843323,288.4123470001755,0.06934515879095783,2.1006089596658812,2.141570009453001,5.645261809694851,14.361522957592378,4,6,32,72,116,9.787771632582713,13.772713280809935,15.303546471842465,57.596856268091116,0,0
lubuskie|krośnieński|Maszewo,lubuskie,krośnieński,Maszewo,16,0,16,0.0,52.11529052111833,14.915046424828867,13.66847826187776,13.864035062380328,189.5002618720566,0.0844326009997949,2.4085453844240052,2.4630668206093382,4.795349672095355,8.39878913606912,2,7,26,65,107,11.893574192653888,17.461692738878664,12.95657606890641,51.827631228688546,0,1
lubuskie|międzyrzecki|Bledzew,lubuskie,międzyrzecki,Bledzew,11,0,11,0.0,52.50679072500905,15.395906806269396,12.53279711651086,14.697830210974237,184.20492408706411,0.059716101806273486,2.9644994602677786,2.7905422989363946,5.066548137914658,8.576997450893552,2,8,38,83,146,12.891168139812649,16.779645271952763,17.729335629528354,65.90610982812323,0,1
lubuskie|międzyrzecki|Międzyrzecz,lubuskie,międzyrzecki,Międzyrzecz,19,1,18,0.05263157894736842,52.42756718240228,15.562947214121156,18.277075714503017,17.365155637341648,317.3842643778222,0.059864341533271234,2.5321254927587797,2.7108677495004048,6.813455777030188,10.343149417237434,1,9,40,91,159,14.34037056724326,16.695726005182674,18.78908795109519,70.63105944493532,0,1
lubuskie|międzyrzecki|Przytoczna,lubuskie,międzyrzecki,Przytoczna,16,0,16,0.0,52.590141154897864,15.693610940130064,10.06093308776366,16.15391932427583,162.5235014266715,0.09844730060297768,2.487712634711829,2.6835305695059715,5.120297543741792,9.06386815236711,3,7,37,94,158,10.413673713561023,16.119083811199705,18.602577950325838,71.50612586877234,0,1
lubuskie|międzyrzecki|Pszczew,lubuskie,międzyrzecki,Pszczew,12,0,12,0.0,52.481429905385276,15.770675554195405,13.620647711446763,11.01493070580939,150.03049070982735,0.07998374159296122,3.197261052456967,3.1409882616336184,5.25591309175208,7.658042355431808,2,7,43,96,166,13.164046096752209,14.72008773282395,19.601495898713804,74.7397757982944,0,1
lubuskie|międzyrzecki|Skwierzyna,lubuskie,międzyrzecki,Skwierzyna,10,1,9,0.1,52.64238422007774,15.56559230716602,9.805687092628851,24.260858210819077,237.8943842139273,0.042035460538687903,2.7632732995174534,3.188256154878311,8.309007730453455,12.978662681886458,2,11,40,89,155,10.413673713561023,16.166313193789204,18.07465579586409,68.32735435371666,0,1
lubuskie|międzyrzecki|Trzciel,lubuskie,międzyrzecki,Trzciel,15,1,14,0.06666666666666667,52.357585183347446,15.771495035705057,12.059391822433675,13.821754160932143,166.6819491000337,0.08999174824262339,2.102741162124021,2.407265796896608,5.475201688402057,8.738877855384711,4,8,42,101,167,11.914107634925191,14.171170301230228,20.592823560407624,76.62591627711609,0,1
lubuskie|nowosolski|Bytom Odrzański,lubuskie,nowosolski,Bytom Odrzański,11,1,10,0.09090909090909091,51.709519778080626,15.813922940596559,6.273875251441095,7.098617703572321,44.53584192988401,0.2469920747724517,1.565688821411767,1.643532070818788,2.7755961293939855,3.9892137662753577,6,14,49,108,193,7.253408133929617,9.712756189773321,24.653231260809314,82.937065176619,0,0
lubuskie|nowosolski|Kolsko,lubuskie,nowosolski,Kolsko,8,0,8,0.0,51.96108797097993,15.957311469669657,11.62206764416717,6.956470552489978,80.84857132569549,0.09895041889821769,1.8794972757074857,2.20808927970901,3.5113908793958992,6.351743741398738,3,13,52,108,190,8.921998427785226,13.71115136860053,24.13243388835132,85.51303245770934,0,0
lubuskie|nowosolski|Kożuchów,lubuskie,nowosolski,Kożuchów,21,1,20,0.047619047619047616,51.75200593491548,15.592579211482862,13.856219145318441,13.76184701262172,190.68716805123248,0.11012801865282235,1.9113388798722888,2.0213420814547627,5.135681392427789,9.351935136005348,4,14,50,99,169,10.94157897184342,13.243649341435477,22.122209188793175,75.99259819845216,0,1
lubuskie|nowosolski|Nowa Sól,lubuskie,nowosolski,Nowa Sól,19,1,18,0.05263157894736842,51.82540583312472,15.769220105051776,15.212900220916682,24.39560128075651,371.12784811341595,0.051195295897584155,2.147898159530442,2.1633430806700433,8.379456952628978,14.339711823289667,5,15,51,107,182,6.620941604716805,11.28314584596381,23.863846677248603,81.46534292216465,0,0
lubuskie|nowosolski|Nowe Miasteczko,lubuskie,nowosolski,Nowe Miasteczko,11,1,10,0.09090909090909091,51.68869997302179,15.71418024206173,6.666492046700247,10.629421503494214,70.86095391406876,0.15523358623339187,2.110785394882769,2.242765144886219,3.2574140094805144,5.757447898623446,5,15,46,107,179,7.253408133929617,11.16576553352526,23.624025212078283,79.85925066700604,0,0
lubuskie|nowosolski|Otyń,lubuskie,nowosolski,Otyń,8,1,7,0.125,51.845781633494866,15.678676578579573,4.264144799528036,9.178776929413466,39.139633909586344,0.20439639314154612,1.838457709729147,1.737321527361972,2.9540937337584863,5.759488265006947,4,12,52,103,180,6.620941604716805,11.977787197167771,22.9509669521737,78.71325778288121,0,0
lubuskie|nowosolski|Siedlisko,lubuskie,nowosolski,Siedlisko,6,0,6,0.0,51.77724235316912,15.863971430545552,3.6893977175109534,9.030496810365083,33.31709432015088,0.1800877334123064,2.2164986432562204,2.515801676831902,2.875085485090324,5.4453722004633,6,16,47,109,192,8.28136927185631,11.564923793936805,24.707049877823856,84.19547726756218,0,0
lubuskie|strzelecko-drezdenecki|Dobiegniew,lubuskie,strzelecko-drezdenecki,Dobiegniew,25,1,24,0.04,52.97491208684189,15.800725604222514,17.154514398751854,19.833897337637392,340.2408774618667,0.07347735576775878,2.0882425527549415,2.2556477765808394,6.1237271976081775,11.456463756378804,1,9,33,79,153,11.354453260463144,16.66230315516434,16.53515195833864,66.87137871793468,0,1
lubuskie|strzelecko-drezdenecki|Drezdenko,lubuskie,strzelecko-drezdenecki,Drezdenko,31,1,30,0.03225806451612903,52.8088499925972,15.796587879846248,23.04538123467787,24.879847487864346,573.3655704184763,0.05406672740634628,1.764811736975853,2.129327669751901,8.16268911072599,17.482727976117978,3,8,34,88,161,8.418330450653428,15.160103745503198,17.658425128602147,69.8652151596112,0,0
lubuskie|strzelecko-drezdenecki|Stare Kurowo,lubuskie,strzelecko-drezdenecki,Stare Kurowo,10,0,10,0.0,52.84825569267814,15.68959705036217,6.647390098519749,7.898872412539403,52.50688626458523,0.19045120957295816,2.0144242053376735,2.1456413386168802,3.014264156753377,4.239396685008539,3,9,34,84,152,8.418330450653428,13.502012839968714,17.554003373704667,67.68599061695662,0,0
lubuskie|strzelecko-drezdenecki|Strzelce Krajeńskie,lubuskie,strzelecko-drezdenecki,Strzelce Krajeńskie,26,1,25,0.038461538461538464,52.91306786884766,15.512620660726562,18.114397175001933,20.667424105015094,374.3779288224523,0.06944853849098147,2.4371139013948238,2.5743719634219704,6.239804929008405,10.9054824176746,2,10,37,87,138,12.98438838236088,16.619580075488486,17.185376814209718,64.0790445701675,0,1
lubuskie|strzelecko-drezdenecki|Zwierzyn,lubuskie,strzelecko-drezdenecki,Zwierzyn,13,0,13,0.0,52.80352709758278,15.579617297734123,7.904669670184829,13.274268601327185,104.92870840679778,0.1238936435736952,1.8575530026261815,1.8021200432303495,4.262584972664,7.9108334228969,4,9,37,85,147,8.907265980463436,13.180651072831262,17.722449028239524,66.64469619215244,0,0
lubuskie|sulęciński|Krzeszyce,lubuskie,sulęciński,Krzeszyce,23,0,23,0.0,52.596936530737686,15.053955414159587,10.956529309142718,15.973362670175389,175.01261626134283,0.13141909704186447,1.6392893983448626,1.7533460916644377,4.682016831476549,9.280647883759137,4,9,34,71,117,8.930317512960496,12.816696029841811,16.337865792950474,57.14944849641165,0,0
lubuskie|sulęciński|Lubniewice,lubuskie,sulęciński,Lubniewice,4,1,3,0.25,52.51868167861881,15.206415613125374,10.433221389811145,5.128012501072231,53.501689713405746,0.07476399383695975,4.598314835717175,4.76932382548033,4.176015346009674,6.143086781347634,3,9,37,78,130,9.864034385032891,14.29732032661747,16.933865255178567,61.228298296929545,0,0
lubuskie|sulęciński|Sulęcin,lubuskie,sulęciński,Sulęcin,15,1,14,0.06666666666666667,52.435344743124375,15.15650071296817,14.813105949600358,27.888391936040527,413.11370451254857,0.03630961606006069,2.6930574986524265,2.979376333086838,8.187509626669534,18.915416241212863,1,8,38,71,129,9.864034385032891,15.880979905438526,16.3252633957301,59.99802071217394,0,0
lubuskie|sulęciński|Słońsk,lubuskie,sulęciński,Słońsk,11,0,11,0.0,52.58094257464911,14.878766322182754,10.531769693606183,9.42055377032045,99.21510269524836,0.11087021734773465,1.670475573460611,2.0470377345502766,4.336898326864663,7.937258055079018,3,11,30,63,104,9.349869779535414,13.294473230840074,14.773218843700032,52.12523659052853,0,0
lubuskie|sulęciński|Torzym,lubuskie,sulęciński,Torzym,21,1,20,0.047619047619047616,52.31554568703735,15.013676787946094,16.602785026261127,18.121295193361025,300.86396849279214,0.06979898625017007,2.697053268593929,2.751182702226655,7.2664563699553595,11.321721871312578,0,7,29,67,121,16.47572182923175,18.22606086571326,14.513568426323442,55.532193746201315,0,1
lubuskie|słubicki|Cybinka,lubuskie,słubicki,Cybinka,12,1,11,0.08333333333333333,52.181219555315984,14.777784923078464,19.870340206057072,11.026722043402188,219.1047183600303,0.05476833219210616,3.3864989082529307,3.683369908555798,6.692636550506097,11.131351233673758,1,5,23,55,97,11.893574192653888,20.881069126647994,10.996635995030065,46.88715684970003,0,1
lubuskie|słubicki|Górzyca,lubuskie,słubicki,Górzyca,8,0,8,0.0,52.48746084588961,14.715546849424747,9.057749359241853,9.00486944386021,81.56385043518137,0.09808266722716315,3.0602247046973483,3.033964822333097,4.072962052594452,5.491418528907333,4,7,24,53,97,11.626568793853698,13.355703275488603,12.264761593673912,46.50656460948444,0,1
lubuskie|słubicki|Ośno Lubuskie,lubuskie,słubicki,Ośno Lubuskie,10,1,9,0.1,52.451243873343685,14.900470990342507,10.211978093143662,14.631167755956838,149.41316460094114,0.0669285067798973,3.5028096886676368,3.595035766222982,5.512801552501414,8.157518445244042,3,10,30,65,109,10.698793138498374,14.545763061001585,14.237056302747796,52.39654405675653,0,1
lubuskie|słubicki|Rzepin,lubuskie,słubicki,Rzepin,10,1,9,0.1,52.390202340345795,14.778517634719057,10.313960521805432,9.188097393588636,94.76567378797658,0.1055234411393881,3.091611661693347,3.1690921002693244,3.9998813021746087,6.071979794231057,3,7,24,56,99,10.602433901127279,14.639400500972286,12.402250455407863,48.0924171133468,0,1
lubuskie|słubicki|Słubice,lubuskie,słubicki,Słubice,12,1,11,0.08333333333333333,52.364882706570974,14.627930655406667,18.7208133366428,9.351132808602705,175.06081179600756,0.06854760855321061,2.760649297364884,3.2304646834619404,5.9984030199604845,11.092822396268005,2,5,19,46,88,10.602433901127279,18.780901136088463,9.984330386285192,42.60974234092468,0,1
lubuskie|wschowski|Szlichtyngowa,lubuskie,wschowski,Szlichtyngowa,11,1,10,0.09090909090909091,51.73774217334285,16.240000261179766,10.303738212494922,10.492448449131054,108.11144202794472,0.101746862253088,1.6907638276179224,1.9009969453005175,3.940197242540306,7.528098508959454,5,13,53,116,214,8.969666302684034,11.17706740472985,26.05686220962768,92.72928446056383,0,0
lubuskie|wschowski|Sława,lubuskie,wschowski,Sława,21,1,20,0.047619047619047616,51.89125464291327,16.06592278104792,19.463685256042172,14.29721631587177,278.27651840967894,0.07546450602448526,2.466847435254442,2.5391045786472377,5.523179810717312,11.776447578736606,2,12,54,114,196,9.762907193921711,14.913737048572992,24.829906028576694,88.42589431432667,0,0
lubuskie|wschowski|Wschowa,lubuskie,wschowski,Wschowa,16,1,15,0.0625,51.810476209337494,16.296374365628125,13.550453604162218,13.641191448709808,184.84433183123664,0.08655932178979685,2.3149731152684545,2.3979719441721103,4.7522618073346115,8.009512128265472,3,13,56,119,211,8.969666302684034,13.034799764047799,25.92066672041735,93.6156337559334,0,0
lubuskie|zielonogórski|Babimost,lubuskie,zielonogórski,Babimost,7,1,6,0.14285714285714285,52.157154849793805,15.790510588961414,9.413767626774137,4.920989965000778,46.32505602420471,0.15110613134159018,1.0822593206703481,1.9092152316859472,3.3921805894910895,5.728415135544077,5,14,45,111,176,10.697183516882346,12.255234638210604,22.286953473392956,79.69932872720499,0,1
lubuskie|zielonogórski|Bojadła,lubuskie,zielonogórski,Bojadła,11,0,11,0.0,51.96197929188111,15.827104294519966,11.056035097037219,6.849133175695127,75.72425677476731,0.14526388859408915,2.0278670873804745,2.0942190976647583,3.5641146645521387,6.684083790380384,4,13,54,106,184,8.842267438373463,11.00253975391595,23.621369844633094,82.35571437827397,0,0
lubuskie|zielonogórski|Czerwieńsk,lubuskie,zielonogórski,Czerwieńsk,13,1,12,0.07692307692307693,52.02717950868105,15.360825350139745,13.803015672527927,12.854713245706456,177.43380839633855,0.07326675855912172,2.8523076774270715,2.6418780121699212,5.268358839265227,8.848825419877814,3,10,42,88,142,13.372762957293105,14.919478983783932,18.793832328849618,67.75873623792681,0,1
lubuskie|zielonogórski|Kargowa,lubuskie,zielonogórski,Kargowa,10,1,9,0.1,52.06369824422198,15.854203544422564,7.937510584023195,16.12492766653705,127.99178401974628,0.07813001495828219,2.863746451600176,2.6657057764126546,5.250835881050046,8.46904437142928,5,12,52,107,181,10.722879561777665,12.029146447208914,23.185136903540187,82.21850729857024,0,1
lubuskie|zielonogórski|Nowogród Bobrzański,lubuskie,zielonogórski,Nowogród Bobrzański,26,1,25,0.038461538461538464,51.81228738276853,15.286902679516631,13.96308785862741,19.69061121322368,274.94173436031633,0.09456549061382769,2.0620199445392484,2.1733177473562004,6.393953747467847,11.22086273019526,2,11,42,78,144,11.371397396691401,17.197491014412826,18.40140885067161,65.46705977163867,0,1
lubuskie|zielonogórski|Sulechów,lubuskie,zielonogórski,Sulechów,22,1,21,0.045454545454545456,52.08471196879709,15.603880618890507,13.932982255169055,19.96859491748934,278.22207864603797,0.07907352323389484,1.9255813953389842,2.08037787798005,5.760128101669707,12.167540566206455,2,11,44,102,164,10.403066342179567,15.028102800924255,21.10789749818158,75.14108047355381,0,1
lubuskie|zielonogórski|Trzebiechów,lubuskie,zielonogórski,Trzebiechów,11,0,11,0.0,52.02028974049565,15.714205355911009,6.932085621149111,6.496558607990752,45.03470051340518,0.24425609307040255,1.6752941803078207,1.8233268424287175,2.630600642177432,4.62886445558865,4,12,49,101,170,9.006630934130849,11.261814341997411,22.537640483819754,78.88463008239955,0,0
lubuskie|zielonogórski|Zabór,lubuskie,zielonogórski,Zabór,8,0,8,0.0,51.93956960652792,15.703312914631242,6.070733398066345,10.068105797896521,61.12078612255582,0.13088836887599692,2.9921516416942597,2.7728242203213815,3.4204718418373146,5.742860406476553,5,12,50,102,173,8.842267438373463,11.113146565877662,22.83315751805879,79.08086791382982,0,0
lubuskie|zielonogórski|Świdnica,lubuskie,zielonogórski,Świdnica,11,0,11,0.0,51.90714481050611,15.348777736206738,10.285976634176228,11.180335130372146,115.00066591326753,0.09565162003754049,2.7125817647293515,2.94093102357396,4.250315267621354,6.194611891325753,3,9,46,84,144,11.212381460243414,14.203067454922266,19.02719832962476,67.67725429217543,0,1
lubuskie|świebodziński|Lubrza,lubuskie,świebodziński,Lubrza,10,0,10,0.0,52.3015061376057,15.404851512054728,13.686427306937691,7.656654340323372,104.7922430431848,0.09542691051931208,1.527412956969985,2.1087422862103677,4.490839075869675,7.720708985157344,2,8,41,85,150,7.817141416133718,14.403823744706964,18.349452465402617,67.64727446363531,0,0
lubuskie|świebodziński|Skąpe,lubuskie,świebodziński,Skąpe,14,0,14,0.0,52.16553461291402,15.430148206035616,10.36845787435066,13.64487283341655,141.47628917415122,0.09895651124102219,2.6347652704123603,2.6190211089674666,5.231452764869643,7.978100802063852,2,8,39,91,151,11.916407804054641,15.170732058165513,19.0125255060177,69.28089154570603,0,1
lubuskie|świebodziński|Szczaniec,lubuskie,świebodziński,Szczaniec,11,0,11,0.0,52.23622502279945,15.682552287263286,10.638392249125676,7.6147083568800635,81.00825436318539,0.13578863149776754,2.1516422081831896,2.329375646987558,4.078630535068037,6.530758318407153,4,12,44,101,168,8.726061124062248,12.461195995316539,21.029753138032614,76.0128934522402,0,0
lubuskie|świebodziński|Zbąszynek,lubuskie,świebodziński,Zbąszynek,6,1,5,0.16666666666666666,52.25276894212618,15.80783795799212,10.085693404911119,3.682724276121147,37.14282794378113,0.16153858852862568,2.4486250681091843,2.3015039215748274,3.20361446715208,5.83658414060328,4,10,46,106,173,8.726061124062248,11.333488510348229,21.786821743951435,79.02924652083377,0,0
lubuskie|świebodziński|Łagów,lubuskie,świebodziński,Łagów,11,0,11,0.0,52.30001241161972,15.289915488414398,14.526254382703938,10.976469618509318,159.44698990248762,0.06898844566916709,3.2348135297603817,3.2462119495015584,5.491957608235041,9.150063006447889,1,9,42,82,142,7.817141416133718,15.905980424051302,17.29514951539216,64.2527425383164,0,0
lubuskie|świebodziński|Świebodzin,lubuskie,świebodziński,Świebodzin,21,1,20,0.047619047619047616,52.24782920428354,15.542166079009933,21.719192306058112,11.32342323971736,245.93560690630892,0.08538820492146187,2.2013278601694157,2.2317484686452334,6.030056588823098,11.72568771100946,3,9,40,97,159,9.645282623108015,13.77184042561986,19.778427766184056,72.01475736983261,0,0
lubuskie|żagański|Brzeźnica,lubuskie,żagański,Brzeźnica,9,0,9,0.0,51.71797588084903,15.416681226055642,8.699304477075152,9.958102426998405,86.62856502636016,0.10389182825851259,2.8509046875474797,2.8986001887252097,3.688704272191099,5.634884772439616,3,10,48,89,155,10.628145427980654,14.918236533781101,20.012677108400517,69.87538893180789,0,1
lubuskie|żagański|Gozdnica,lubuskie,żagański,Gozdnica,1,1,0,1.0,51.43801697519476,15.09660301570796,0.001,0.001,1e-06,1000000.0,,,0.0,0.0,4,8,34,72,120,9.758244629803972,13.215077399667212,15.552457037959664,55.7328378745284,0,0
lubuskie|żagański|Iłowa,lubuskie,żagański,Iłowa,11,1,10,0.09090909090909091,51.52848262855059,15.202527208568432,11.80565839623856,9.43842660926992,111.42684034700886,0.09871948235939801,2.503102888092421,2.5120230082157167,4.562058159885452,7.198610289999245,3,9,34,83,130,8.366465866883015,13.593137266771299,17.33059572564747,60.8981863120971,0,0
lubuskie|żagański|Małomice,lubuskie,żagański,Małomice,7,1,6,0.14285714285714285,51.570216785543586,15.463179504192178,9.75942605355024,5.779487616415983,56.40448201982112,0.12410361285722166,2.3074487037020917,2.2109682576797103,3.5845616837548766,5.125145450661063,2,9,43,97,156,8.491606584268915,14.454345759618581,20.229141867641495,70.6285636849991,0,0
lubuskie|żagański|Niegosławice,lubuskie,żagański,Niegosławice,11,0,11,0.0,51.608735110221076,15.730115441617086,10.021774600313584,11.432188831235763,114.57081965486721,0.0960104853324465,2.306540439590551,2.2590574887165036,4.662877717097519,7.682567841021944,5,13,48,116,187,8.959413216383272,11.474199937403025,23.49649016888585,79.92824417736487,0,0
lubuskie|żagański|Szprotawa,lubuskie,żagański,Szprotawa,19,1,18,0.05263157894736842,51.56167571259762,15.585261198892812,23.344955753588344,9.192907834049143,214.60802663269288,0.08853350127727974,2.0380473135632413,2.2753947308193627,6.155935076521288,12.161704982924983,2,10,45,108,172,8.491606584268915,14.03346799896335,21.52608838250867,74.74312432572299,0,0
lubuskie|żagański|Wymiarki,lubuskie,żagański,Wymiarki,7,0,7,0.0,51.525282604544486,15.081698505879986,4.369215341180437,8.600494553200964,37.57741274358444,0.18628211707297768,2.2069550707251593,2.3880395270817294,2.93856063394097,5.102982316470981,5,11,30,71,123,8.366465866883015,11.257418750712104,15.929031145520955,56.30856390993167,0,0
lubuskie|żagański|Żagań,lubuskie,żagański,Żagań,23,1,22,0.043478260869565216,51.628466693761595,15.362623198706093,27.904006879558754,13.98671197957647,390.28530730050863,0.058931247397152595,1.9114868023883589,2.044407200625258,7.335808529540351,15.455316776253687,2,8,44,91,153,9.496902677014917,13.93811720491909,19.330382486910572,67.53843761905883,0,0
lubuskie|żarski|Brody,lubuskie,żarski,Brody,16,1,15,0.0625,51.80041106683795,14.761822030642747,14.336713179267152,12.327290759410795,176.73283189510292,0.09053213162733995,1.7055099801899443,1.7644436032932826,4.550140960165438,10.488203535224859,3,6,23,46,95,12.597468487111742,16.729685092179082,11.013423792484604,45.32630762948439,0,1
lubuskie|żarski|Jasień,lubuskie,żarski,Jasień,18,1,17,0.05555555555555555,51.73778748329329,15.023103825733687,11.106224954788786,13.336564511744957,148.11888559149236,0.12152400369554146,1.6515952063242925,1.7911929354392515,4.248148101469796,8.862253739157254,4,9,30,65,118,9.57064267723434,12.667302434902304,15.480018404310444,55.6228765242751,0,0
lubuskie|żarski|Lipinki Łużyckie,lubuskie,żarski,Lipinki Łużyckie,12,0,12,0.0,51.643944825099716,14.979693278593023,9.14558941782033,7.643742387803021,69.90652949443601,0.1716577848562072,1.6178237871978491,1.686536294859471,3.2480397760479263,5.417411982396402,5,11,26,63,113,8.87376548568509,11.195948824065868,14.944490211415639,53.45119943404936,0,0
lubuskie|żarski|Lubsko,lubuskie,żarski,Lubsko,20,1,19,0.05,51.8176892051085,14.971386449690844,11.841115438108174,13.909289668677669,164.70150462889768,0.1214317989690721,2.0002559342966757,2.091869369223857,5.034304192073501,8.11750860783554,3,9,28,62,112,9.57064267723434,14.280989700115777,14.488464817945292,53.788916168609816,0,0
lubuskie|żarski|Przewóz,lubuskie,żarski,Przewóz,15,0,15,0.0,51.47484926009017,14.963550532451338,17.64520884981945,9.493662384013293,167.51765551558938,0.0895428004518848,2.5675908935831404,2.408495640172636,5.9993369984340355,9.647751410205599,2,8,26,62,111,9.91629201432313,14.276403442307991,13.686242225926174,50.84379131967104,0,0
lubuskie|żarski|Trzebiel,lubuskie,żarski,Trzebiel,32,0,32,0.0,51.59883186194911,14.82825513760628,14.101522768740347,10.660943636751936,150.33553942991495,0.21285718680590565,1.8382758528660466,1.7401378877659899,5.046808150085116,9.095152485700252,3,8,22,52,99,9.210536375612145,13.580080364786028,12.171884636230262,46.825259508597696,0,0
lubuskie|żarski|Tuplice,lubuskie,żarski,Tuplice,13,0,13,0.0,51.693555369071575,14.878905539332928,9.115992529131285,7.047526465469025,64.24519860807064,0.20234975191386378,1.5559972038462964,1.492147976209483,3.261518241944501,5.8182604321821,4,8,24,55,104,8.87376548568509,12.122880877734989,13.33368064959606,49.69983962609,0,0
lubuskie|żarski|Łęknica,lubuskie,żarski,Łęknica,1,1,0,1.0,51.53801955362854,14.737774457653932,0.001,0.001,1e-06,1000000.0,,,0.0,0.0,1,5,18,47,89,9.210536375612145,18.094362420151956,10.041945870603632,42.316742671472696,0,0
lubuskie|żarski|Żary,lubuskie,żarski,Żary,28,1,27,0.03571428571428571,51.642359644187,15.120182691673905,22.246255663359687,17.32593136087155,385.4370986597699,0.07264479754896647,2.611917794470665,2.416811527944662,7.584789822730261,13.903182373422398,4,12,34,74,125,9.695781432223347,13.242586684606277,16.712033874984897,58.81666730342601,0,0
mazowieckie|Ostrołęka|Ostrołęka,mazowieckie,Ostrołęka,Ostrołęka,1,1,0,1.0,53.081362965762274,21.571488051305103,0.001,0.001,1e-06,1000000.0,,,0.0,0.0,3,12,46,110,201,5.19260599178569,11.243975046179509,24.19241943666112,92.03848736381558,0,0
mazowieckie|Płock|Płock,mazowieckie,Płock,Płock,1,1,0,1.0,52.546332334468175,19.68663715531701,0.001,0.001,1e-06,1000000.0,,,0.0,0.0,7,13,64,156,277,8.24177730803936,11.111351558807659,32.20683102452457,124.10185984027589,0,0
mazowieckie|Radom|Radom,mazowieckie,Radom,Radom,1,1,0,1.0,51.400654614664965,21.157799957915472,0.001,0.001,1e-06,1000000.0,,,0.0,0.0,8,16,63,154,286,9.224138937101058,11.296393756128182,34.45355502018127,133.1979238011151,0,0
mazowieckie|Siedlce|Siedlce,mazowieckie,Siedlce,Siedlce,1,1,0,1.0,52.16372676948608,22.28763852075897,0.001,0.001,1e-06,1000000.0,,,0.0,0.0,4,14,60,140,236,1.2654838319773976,10.515102497457287,29.216543606057286,105.98648546049239,0,0
mazowieckie|Warszawa|Warszawa,mazowieckie,Warszawa,Warszawa,1,1,0,1.0,52.229827082675,21.011731518271,0.001,0.001,1e-06,1000000.0,,,0.0,0.0,8,27,86,164,277,9.803101875604353,12.253949536392204,39.004728109315515,132.35253362392584,1,0
mazowieckie|białobrzeski|Białobrzegi,mazowieckie,białobrzeski,Białobrzegi,16,1,15,0.0625,51.62964537630368,20.98536681171298,8.381275588623048,9.367027104824645,78.50763561163723,0.2038018324631383,1.1905883848644048,1.427545946195831,3.6008257301530757,6.088568925603636,6,17,68,163,295,8.022875362650815,10.52788522850236,34.592031653972185,134.04767212559716,0,0
mazowieckie|białobrzeski|Promna,mazowieckie,białobrzeski,Promna,37,0,37,0.0,51.70267956815079,20.9244512278708,10.250882890699636,13.143253104470737,134.72994837675395,0.2746234259404193,1.1640267616399338,1.1677668790600655,4.153182442599749,8.72505565991416,6,15,68,168,295,7.314759736673209,11.178309113399576,34.98329641162607,134.54572528827532,0,0
mazowieckie|białobrzeski|Radzanów,mazowieckie,białobrzeski,Radzanów,25,0,25,0.0,51.55530132373808,20.837723130875307,7.694804211895986,9.507002717965143,73.15452455670477,0.34174236182235834,1.3722962325345862,1.3518373511871205,3.379907917330263,6.236830333400544,6,17,65,164,291,6.2533614786485145,10.237425561901835,34.78502397549513,135.0907775878183,0,0
mazowieckie|białobrzeski|Stara Błotnica,mazowieckie,białobrzeski,Stara Błotnica,28,0,28,0.0,51.5583245205922,21.00293797106742,9.244460542031307,12.010420021796541,111.02985398472092,0.2521844260360204,1.2039087234239387,1.281402400689313,3.959548553735819,7.626360513934158,7,16,67,163,295,8.022875362650815,10.689302185954805,34.51457794952951,134.00373061964564,0,0
mazowieckie|białobrzeski|Stromiec,mazowieckie,białobrzeski,Stromiec,33,0,33,0.0,51.64259523928049,21.120355949122843,13.556001003841178,11.673930544765577,158.25181418361436,0.20852841511005485,1.4113949082384039,1.461452889526895,4.85375907715994,8.419855424922847,5,14,67,164,296,9.426717017535447,12.09382557871561,34.02540358471538,132.71787172367337,0,0
mazowieckie|białobrzeski|Wyśmierzyce,mazowieckie,białobrzeski,Wyśmierzyce,21,1,20,0.047619047619047616,51.606938317701015,20.801872293649637,10.423220934253145,13.017461494987069,135.68387716538345,0.15477152067524833,1.5236844690537992,1.4675316360949682,4.493325535548344,8.361705120022338,7,19,64,165,291,6.2533614786485145,11.396389042706971,34.84152144307531,135.25212907258356,0,0
mazowieckie|ciechanowski|Ciechanów,mazowieckie,ciechanowski,Ciechanów,37,1,36,0.02702702702702703,52.86473011844319,20.55028826278825,11.511425345456994,18.5587784745446,213.63799291259437,0.1731901685443085,1.4395641477197425,1.4730613322837414,5.2257851003596025,9.550974552768139,4,14,57,130,240,9.769051363455517,13.005458567450404,28.847459147760816,110.96995460585498,0,0
mazowieckie|ciechanowski|Glinojeck,mazowieckie,ciechanowski,Glinojeck,34,1,33,0.029411764705882353,52.80703185516372,20.344704814404885,13.179746038752608,15.444112483722655,203.54948032939336,0.16703555295243003,1.3582942017008472,1.4131910922688218,5.067702712206981,9.32039966548746,3,13,61,138,246,11.635598110048182,13.476280301996116,29.292129426576786,114.15015252596163,0,1
mazowieckie|ciechanowski|Gołymin-Ośrodek,mazowieckie,ciechanowski,Gołymin-Ośrodek,36,0,36,0.0,52.824922731742184,20.828810739277632,10.485120928255235,13.759555376933461,144.2706020461719,0.24953108595525705,1.1029536032938507,1.1724487740595575,4.74242184590072,8.022745489198783,5,17,65,136,240,10.216329718933169,10.985855824676289,29.66336148049266,111.25722300210496,0,0
mazowieckie|ciechanowski|Grudusk,mazowieckie,ciechanowski,Grudusk,25,0,25,0.0,53.031816663530435,20.625685374685112,11.507839355489638,8.074684915278379,92.92217685121905,0.26904234109827596,1.182284671934905,1.3196289610283398,3.724945080301556,6.709184179672758,5,13,53,122,214,8.4124949235967,10.921029130272307,26.59455769049533,102.98322115806812,0,0
mazowieckie|ciechanowski|Ojrzeń,mazowieckie,ciechanowski,Ojrzeń,30,0,30,0.0,52.76478465749332,20.526695643102904,11.979054729266215,11.164707038850947,133.74263665461925,0.22431141444798075,1.315863408434871,1.344145453054658,4.070853827157554,6.6480457177314225,5,13,65,142,252,10.118370180838607,12.279897129450374,30.21551654544829,115.37289555891051,0,0
mazowieckie|ciechanowski|Opinogóra Górna,mazowieckie,ciechanowski,Opinogóra Górna,39,0,39,0.0,52.91551282150904,20.740379006963558,11.26213330381843,11.475260745210413,129.23591620863448,0.30177369530185094,1.185005633478383,1.28919517329058,4.137915817342877,7.9529389406351445,5,15,57,125,228,9.656392554700249,12.143799111339108,28.224772997820143,107.64319460216659,0,0
mazowieckie|ciechanowski|Regimin,mazowieckie,ciechanowski,Regimin,24,0,24,0.0,52.9513288258334,20.574835976464968,8.799699004025562,13.321385349801433,117.22418139488839,0.20473591467576271,1.5640298133852717,1.382966711671255,4.055854459816562,8.595916809598272,4,16,55,122,222,9.575139251432121,11.302175295322858,27.81947483523081,107.06307842704727,0,0
mazowieckie|ciechanowski|Sońsk,mazowieckie,ciechanowski,Sońsk,38,0,38,0.0,52.77026955985531,20.70666267379472,13.326233376927757,13.888466008833772,185.08093928124725,0.2053155778632372,1.5179648043926952,1.4820352943947075,4.47032886832037,7.68120239192756,6,15,67,145,242,10.216329718933169,12.44494297051194,30.404274371708883,114.39670366466437,0,0
mazowieckie|garwoliński|Borowie,mazowieckie,garwoliński,Borowie,19,0,19,0.0,51.94742672421472,21.774553318565758,5.858531112521035,11.876805318517837,69.58063347589206,0.273064487212279,1.2852686931615842,1.3512034291212238,3.623996206706686,6.702191590995871,4,17,68,157,279,7.035330618606237,10.227852713703593,33.560724465679776,122.4598426625478,0,0
mazowieckie|garwoliński|Garwolin,mazowieckie,garwoliński,Garwolin,29,1,28,0.034482758620689655,51.887346515669876,21.56127158406147,10.121226165077351,16.699997443777168,169.02445108468234,0.17157280981478126,1.7868254570663422,1.6917053081831974,5.264750841487377,9.259728074846288,6,17,66,164,282,9.772155984671183,10.7976978026244,34.38284316850072,126.91133754565547,0,0
mazowieckie|garwoliński|Górzno,mazowieckie,garwoliński,Górzno,15,0,15,0.0,51.848090061690485,21.712574392986788,12.047740583999683,7.326655321122356,88.26964265726303,0.169933847565721,1.4235906493271286,1.6240103229915386,3.6658482982350176,6.9070294101958805,7,16,69,158,281,9.02310624735674,10.659689308051849,33.638056111840946,124.49165783821041,0,0
mazowieckie|garwoliński|Maciejowice,mazowieckie,garwoliński,Maciejowice,33,1,32,0.030303030303030304,51.705085106003274,21.521308024530395,15.467264257865839,14.381278538211529,222.43903551649225,0.148355255737266,1.3458629506386244,1.5500690060959368,5.187294938414255,11.637856605280918,4,12,68,164,287,10.513898092169432,13.380846270531103,33.140643704723686,127.90272774791724,0,1
mazowieckie|garwoliński|Miastków Kościelny,mazowieckie,garwoliński,Miastków Kościelny,16,0,16,0.0,51.89176789802515,21.82333463063605,8.279660998400132,8.766061417363378,72.58001682692374,0.22044635285982409,1.484454739461794,1.5097318197680467,3.560214697152638,5.343845619729428,6,16,70,157,278,7.035330618606237,10.38163261600113,33.153008904019444,121.92957441274157,0,0
mazowieckie|garwoliński|Parysów,mazowieckie,garwoliński,Parysów,10,0,10,0.0,51.976342651563755,21.65953333856545,7.2848731956,6.866025061460897,50.01812193055434,0.19992753854061335,1.9703858106396468,2.2003631182875596,2.788536127596476,4.577314302252698,7,19,66,162,278,6.872694396472491,9.827523556020376,34.43432879594514,124.62276778101717,0,0
mazowieckie|garwoliński|Pilawa,mazowieckie,garwoliński,Pilawa,11,1,10,0.09090909090909091,51.97522032879506,21.559212063181796,8.65524209887257,8.619825195243523,74.60667391479421,0.1474398927442166,1.9127860155560246,2.0922074092273495,3.532584254452536,6.200286458989471,5,17,68,160,280,6.872694396472491,9.922022766032958,35.0089863891871,126.54741650594076,0,0
mazowieckie|garwoliński|Sobolew,mazowieckie,garwoliński,Sobolew,16,0,16,0.0,51.75211959841414,21.705348997960147,11.237147336267633,11.002667159969194,123.63859196848719,0.12940943232415697,1.6670825029668817,1.8014924119427813,4.355224018129706,6.771811901068068,5,17,65,160,281,8.091485057987661,10.89829453785648,33.31213237610744,125.1765094265234,0,0
mazowieckie|garwoliński|Trojanów,mazowieckie,garwoliński,Trojanów,27,0,27,0.0,51.69707292515053,21.782181165856247,13.277087419199924,15.353619140952588,203.85134353552877,0.1324494581773224,1.353059311099826,1.59540793084312,5.297159458791186,9.220191879502918,5,14,68,150,285,8.091485057987661,11.663489095609503,33.163954445771715,124.33289426996069,0,0
mazowieckie|garwoliński|Wilga,mazowieckie,garwoliński,Wilga,22,0,22,0.0,51.85177800889328,21.383720952624014,12.202414095371527,12.291071101801167,149.9807392598322,0.1466855018089115,1.3925880281388565,1.4879512159231583,4.912172817484929,9.012015661387075,5,17,70,169,288,9.04120090861723,11.359490051066592,34.52955061531123,129.593737336385,0,0
mazowieckie|garwoliński|Łaskarzew,mazowieckie,garwoliński,Łaskarzew,27,1,26,0.037037037037037035,51.794169731851696,21.572496911635653,8.900491183358595,11.273919678885985,100.34342270381767,0.2690759321584588,1.0229705271318068,1.18179955357993,4.027272343913636,5.982447623423289,5,17,67,166,281,10.267346295302502,11.39645986711655,33.66617285208722,127.00376159958553,0,1
mazowieckie|garwoliński|Żelechów,mazowieckie,garwoliński,Żelechów,19,1,18,0.05263157894736842,51.80305095157342,21.854786175039248,7.821878369245583,10.968039479992878,85.79067076158788,0.22146930233009796,1.4905495239525524,1.4556971062302164,3.655764511015001,5.954942939939538,6,16,64,157,276,10.098692443698523,10.66855935856106,32.938941660667744,122.10988898977618,0,0
mazowieckie|gostyniński|Gostynin,mazowieckie,gostyniński,Gostynin,78,1,77,0.01282051282051282,52.42589030620811,19.42561469126555,18.258099719737388,18.640830759774317,340.3461468707075,0.22917844293865636,1.2771274977597025,1.3213658522143537,6.748710482174574,11.100815064428073,5,14,67,156,278,11.193053418529887,13.34183193422104,32.81627059112151,126.34528070679467,0,1
mazowieckie|gostyniński|Pacyna,mazowieckie,gostyniński,Pacyna,26,0,26,0.0,52.3069208685324,19.709811651053982,9.461988491999996,10.016051089342639,94.77176014264407,0.27434332717748994,1.2498520511411435,1.3416198779595576,3.318097631246822,6.72172859196721,6,16,71,158,283,8.432740458911534,10.777357381699158,34.405796865214185,130.10650073288463,1,0
mazowieckie|gostyniński|Sanniki,mazowieckie,gostyniński,Sanniki,20,1,19,0.05,52.33219167918188,19.858864400654575,9.214822364179563,12.622546471895955,116.31452352212268,0.17194757279125214,1.3254651047285257,1.2906820299485402,3.8994574697415914,6.878356652363715,5,19,66,162,291,7.999351603468669,10.097535784893426,34.661509689041345,130.1819039336205,0,0
mazowieckie|gostyniński|Szczawin Kościelny,mazowieckie,gostyniński,Szczawin Kościelny,50,0,50,0.0,52.3505602269921,19.600155495259322,13.265626023754626,10.99810432941582,145.89673900426692,0.3427081396146743,1.1514670813676602,1.1956459398493116,4.401103109891134,7.190964558738826,7,18,71,155,284,8.892333210495048,11.673339424829654,33.73336266418204,128.6749382745538,1,0
mazowieckie|grodziski|Baranów,mazowieckie,grodziski,Baranów,22,0,22,0.0,52.15285280668022,20.480981002071584,9.445221392681614,8.124499048600534,76.73769221866317,0.28669092546217384,1.2826918472550886,1.2646716724864613,3.1573831352488324,5.2891588083710515,9,24,82,174,289,7.444605407962339,9.360563605116102,39.03647132263792,136.138076196413,1,0
mazowieckie|grodziski|Grodzisk Mazowiecki,mazowieckie,grodziski,Grodzisk Mazowiecki,37,1,36,0.02702702702702703,52.10398300061385,20.617604188226903,14.038237807899646,13.36459177555187,187.61531755069694,0.1972120426148145,1.070467035900842,1.227808312560553,4.440324441100322,8.029932389467554,11,25,85,176,285,4.221661779587127,7.818376376951416,40.01816704947938,136.9746626378817,1,0
mazowieckie|grodziski|Jaktorów,mazowieckie,grodziski,Jaktorów,16,0,16,0.0,52.07774911762266,20.516650953954045,7.581624539768251,7.008243256191399,53.133869051806066,0.30112619851567435,1.0993679153545008,1.173909245352753,3.0299959110731676,4.81575266591452,8,25,82,172,287,5.3363949588004935,7.950037369185497,39.26482684205753,137.0868233601068,1,0
mazowieckie|grodziski|Milanówek,mazowieckie,grodziski,Milanówek,1,1,0,1.0,52.12484008603676,20.66926482861297,0.001,0.001,1e-06,1000000.0,,,0.0,0.0,12,26,86,176,285,3.8116989257561547,6.70669792218497,40.45065934473472,136.79089855993283,1,0
mazowieckie|grodziski|Podkowa Leśna,mazowieckie,grodziski,Podkowa Leśna,1,1,0,1.0,52.12299863715825,20.72501785450387,0.001,0.001,1e-06,1000000.0,,,0.0,0.0,12,25,82,177,287,3.453682098647898,5.903748912509307,40.63056989801494,136.6802108163785,1,0
mazowieckie|grodziski|Żabia Wola,mazowieckie,grodziski,Żabia Wola,41,0,41,0.0,52.0094123458599,20.67072262973647,11.469749428957865,8.337562913723385,95.62975746857907,0.4287368397171906,0.9493879000850184,1.0004182601106386,3.3807318203415324,6.637078551938321,9,27,80,174,287,9.680224605153896,11.018580795126212,38.81360922483558,136.98792363279023,1,0
mazowieckie|grójecki|Belsk Duży,mazowieckie,grójecki,Belsk Duży,37,0,37,0.0,51.81330262543272,20.815528401129164,11.02576677849829,12.170233816944833,134.1861597054268,0.2757363358577705,1.0867393776028804,1.1204548552151714,4.433140625784474,8.496645111080088,6,17,75,174,290,7.524740632146723,10.209616946448032,36.013960428731444,135.56646270487317,1,0
mazowieckie|grójecki|Błędów,mazowieckie,grójecki,Błędów,51,0,51,0.0,51.78977087700057,20.66536681840096,12.841671465776507,12.236049771693805,157.13133120698149,0.3245692606830917,1.1095347430225455,1.1127743774166776,4.401795376331639,7.195628556923493,6,17,80,174,293,10.651740584952034,12.263165897569284,35.80772707300177,136.1974854207179,1,1
mazowieckie|grójecki|Chynów,mazowieckie,grójecki,Chynów,60,0,60,0.0,51.89139823817069,21.095831606016013,9.496437706450312,16.110611325839525,152.9934168686679,0.3921737368053228,0.9546909705517637,0.9980974602248802,4.69548946362993,9.032585166469628,5,18,77,175,289,9.294652321136743,11.565275674071154,35.90588137235434,133.2251948252785,1,0
mazowieckie|grójecki|Goszczyn,mazowieckie,grójecki,Goszczyn,11,0,11,0.0,51.74883291364356,20.8487759497091,6.386672756038957,9.263787388607927,59.16477853255952,0.18592142610567686,1.7819782472395242,1.596669062748731,2.9710372817074373,5.695459613887234,6,16,71,174,298,7.314759736673209,10.15884902900309,35.45030241794379,135.1861474802231,1,0
mazowieckie|grójecki|Grójec,mazowieckie,grójecki,Grójec,41,1,40,0.024390243902439025,51.88062504818837,20.888882353800785,11.27332167641305,14.80193809299099,166.86700955663937,0.24570464892332983,1.1028943469192474,1.1570054707296786,4.068794368255318,8.671447772455647,7,17,78,174,290,9.023804906455089,11.019223718603346,36.560423415537045,135.24341068141644,1,0
mazowieckie|grójecki|Jasieniec,mazowieckie,grójecki,Jasieniec,36,0,36,0.0,51.79754573145199,20.988988574863118,10.054528123308414,11.905764435322858,119.7068433444388,0.3007346864574426,1.2173932341123992,1.1759405432486048,4.08048664128037,7.4958213589747205,6,16,73,173,295,10.478890146879552,11.312072491276393,35.361664989386895,134.12351219007695,1,1
mazowieckie|grójecki|Mogielnica,mazowieckie,grójecki,Mogielnica,39,1,38,0.02564102564102564,51.685284756006,20.717545275965257,13.994274459154642,11.80199555371519,165.16036494441315,0.23613413553019186,1.490988552224614,1.3079511475900807,4.676161493756243,7.952452969285979,6,18,72,167,295,10.476091581667156,12.181954284700781,35.07597965262144,135.69979490281762,1,1
mazowieckie|grójecki|Nowe Miasto nad Pilicą,mazowieckie,grójecki,Nowe Miasto nad Pilicą,29,1,28,0.034482758620689655,51.633568773436025,20.51985306949772,13.228237868919543,16.33629983106443,216.1004600633104,0.13419684526124537,1.358870391814863,1.59126586159161,5.756765693554754,8.853948675450564,7,17,72,169,295,8.818455244998034,12.245302022936736,34.83590617530915,136.21534770244676,1,0
mazowieckie|grójecki|Pniewy,mazowieckie,grójecki,Pniewy,41,0,41,0.0,51.9051178937462,20.729562104082884,9.35993420040027,11.759808143817258,110.07103043546077,0.37248674640181556,1.0444508888843462,1.0451151409751522,3.710081198408881,7.3359068098288915,6,20,78,173,288,10.207020526218589,11.721227622156487,37.10086156694912,136.34465886058905,1,0
mazowieckie|grójecki|Warka,mazowieckie,grójecki,Warka,47,1,46,0.02127659574468085,51.7949906809661,21.14130922788564,19.787111982134206,16.545663552556633,327.39089753315454,0.14355927533153348,1.3324148095824129,1.3452272371148355,6.9145063025730344,12.79329523782006,4,15,74,169,292,10.478890146879552,12.809074192894126,34.69552252027795,132.50425627500664,1,1
mazowieckie|kozienicki|Garbatka-Letnisko,mazowieckie,kozienicki,Garbatka-Letnisko,12,0,12,0.0,51.487506239364215,21.620119764643277,5.4813954376547915,9.907456057154436,54.306684430451654,0.2209672736579584,1.510354385429917,1.618116103542971,3.4272569925067273,5.715254484248243,5,13,70,157,286,7.386700363288905,11.83441048707848,33.438624718833296,127.94611008983324,0,0
mazowieckie|kozienicki|Gniewoszów,mazowieckie,kozienicki,Gniewoszów,20,0,20,0.0,51.46694931641008,21.801794711475534,9.868471874624815,7.820371336235058,77.17511458075775,0.2591508948013489,1.13719040135573,1.4082132684758335,3.4134329362816955,6.076417988489313,6,15,68,158,273,6.246968660310354,9.90224423176496,33.963240625504554,126.00741834791133,0,0
mazowieckie|kozienicki|Grabów nad Pilicą,mazowieckie,kozienicki,Grabów nad Pilicą,28,0,28,0.0,51.72421976024175,21.246528186502648,12.36888876520034,11.601232667042547,143.49435639785773,0.1951296253238432,1.2914125646715828,1.375023791792718,3.6194977369896475,6.8511325420190845,4,16,72,170,294,9.05371788311173,12.404609100537204,33.80922789582746,131.24589276511898,1,0
mazowieckie|kozienicki|Głowaczów,mazowieckie,kozienicki,Głowaczów,46,1,45,0.021739130434782608,51.61684022657944,21.307874008021006,16.702267773438916,14.24187224524489,237.87156383518786,0.19338166890714037,1.4472325901007925,1.502606079008325,5.363275665740256,11.03356762081149,3,12,66,161,294,12.667374688430902,14.306721193857163,33.187885055906385,130.65752620819222,0,1
mazowieckie|kozienicki|Kozienice,mazowieckie,kozienicki,Kozienice,41,1,40,0.024390243902439025,51.60618428002244,21.543419290623405,15.986788765199423,18.19919238314846,290.94664432662074,0.14091930874436492,1.2192575322379122,1.382485303807201,5.780194217690415,12.508554874573587,3,15,67,158,288,11.102562197595583,14.3188589694776,32.91136335258303,128.00555563986472,0,1
mazowieckie|kozienicki|Magnuszew,mazowieckie,kozienicki,Magnuszew,34,1,33,0.029411764705882353,51.77287188499855,21.3519818885343,17.0655241890796,11.75756308704165,200.64897726653868,0.16945015351279355,1.484471200215077,1.4700890554192478,4.637975289420165,9.514320423473851,4,13,69,172,283,9.04120090861723,12.406068311858414,33.8614820610643,129.98208671179188,0,0
mazowieckie|kozienicki|Sieciechów,mazowieckie,kozienicki,Sieciechów,18,0,18,0.0,51.54392755517152,21.746781011397537,4.765144606815317,11.017533641084324,52.500141010219295,0.34285622197655147,1.2788694152584468,1.3175649390049884,3.4403268813111225,6.6926998262517925,6,15,70,159,289,6.918151643176042,9.594493754037597,33.63759144084151,126.14337816542718,0,0
mazowieckie|legionowski|Jabłonna,mazowieckie,legionowski,Jabłonna,10,0,10,0.0,52.40847543331578,20.82136924199261,5.407227240890254,11.828865313866274,63.96136275395956,0.15634438619556998,1.550260915909722,1.6731591789742104,3.46221551711042,7.934887537479662,8,21,83,165,273,6.174258134395645,7.462024769423185,37.609042353780026,129.09308042040232,1,0
mazowieckie|legionowski|Legionowo,mazowieckie,legionowski,Legionowo,1,1,0,1.0,52.40683012855,20.93190301373749,0.001,0.001,1e-06,1000000.0,,,0.0,0.0,8,23,81,166,274,6.250337784160086,8.216790338330252,37.51407255688486,128.3403253197517,1,0
mazowieckie|legionowski|Nieporęt,mazowieckie,legionowski,Nieporęt,15,0,15,0.0,52.411224286015525,21.035656274942372,12.546275053380171,9.170053518359214,115.05001369555127,0.13037808095958547,1.9337366936338236,2.0931304502549066,3.9140362593638973,7.601345179579848,10,21,83,162,270,7.054654720582315,9.94167135822528,37.04374273799691,127.11094938020709,1,0
mazowieckie|legionowski|Serock,mazowieckie,legionowski,Serock,31,1,30,0.03225806451612903,52.51056773802198,21.011789926387237,10.447424455912246,15.452615003190898,161.4400278921331,0.19202177059033212,1.2657469800836771,1.3155807818407008,4.704443262493812,8.269509916856853,6,21,78,158,269,10.509149720632223,11.957141338590429,34.93379790053373,123.39725801712652,1,1
mazowieckie|legionowski|Wieliszew,mazowieckie,legionowski,Wieliszew,14,0,14,0.0,52.45220503634829,20.877490232609684,6.6526002418949375,13.221862222127882,87.95976381722949,0.1591636833983596,1.871373736163557,1.8445831892916762,4.06450982440215,7.241662071288421,7,19,80,158,275,6.174258134395645,9.146585153912968,36.67357706828028,127.05471873508088,1,0
mazowieckie|lipski|Chotcza,mazowieckie,lipski,Chotcza,17,0,17,0.0,51.24955964933075,21.730488395331317,9.976178658157854,10.154088398761454,101.29899997677228,0.16782001800509458,1.8277320508695096,1.6197304873633522,3.9036048763453444,5.614723090034164,7,17,69,162,282,9.67787327045712,12.272855416040418,33.867162203511626,127.67887926382443,0,0
mazowieckie|lipski|Ciepielów,mazowieckie,lipski,Ciepielów,31,1,30,0.03225806451612903,51.22864909160115,21.525617004988735,10.933035946311186,16.57691570227191,181.23601525190915,0.17104768032397713,1.5355766941399118,1.5404488396882572,5.427954239040953,9.021287619749156,5,16,69,159,279,8.30908953824099,12.033149423695534,33.749096278331834,129.9428953037995,0,0
mazowieckie|lipski|Lipsko,mazowieckie,lipski,Lipsko,42,1,41,0.023809523809523808,51.148524811644585,21.609306165871295,13.732081592283789,12.627854453033105,173.4067276845348,0.24220513564160726,1.0743367141897369,1.0982733822650994,4.2941249530712,8.728903080293149,4,14,71,158,280,9.989092704725119,12.01601620921355,33.658556290716845,129.10081402847916,1,0
mazowieckie|lipski|Rzeczniów,mazowieckie,lipski,Rzeczniów,30,0,30,0.0,51.12314931544415,21.387938310982584,11.314549110280831,9.894202846440551,111.948444013132,0.2679804999923079,1.1929025649627976,1.2258798008725877,3.76405609576161,7.160213029637372,2,16,69,159,277,8.410091013535666,13.219718905892895,33.9292544706319,131.48394052834067,0,0
mazowieckie|lipski|Sienno,mazowieckie,lipski,Sienno,36,1,35,0.027777777777777776,51.090287611877436,21.49643444221281,15.986788765200213,14.503120715035934,231.85832730747896,0.1552672289930678,1.3887429257385198,1.3924958148975055,4.934154403748244,8.639411933430736,3,14,74,156,278,8.410091013535666,12.171949919303902,33.837834073654456,130.41765094343833,1,0
mazowieckie|lipski|Solec nad Wisłą,mazowieckie,lipski,Solec nad Wisłą,22,1,21,0.045454545454545456,51.110289626611,21.73884030962399,15.053711073488167,8.528870666470313,128.39115479619255,0.17135136789541838,1.648134797378893,1.5792992750923625,4.300652513846609,8.72790857153908,3,12,70,159,281,8.68191566562581,12.604828319602827,33.60506069831945,127.57154962788675,0,0
mazowieckie|makowski|Czerwonka,mazowieckie,makowski,Czerwonka,26,0,26,0.0,52.90504062650678,21.20117596360138,8.655728718277743,13.987770994715136,121.07435110364824,0.21474407884905494,1.1087973555224122,1.2073164511945922,4.314341895046916,7.526346373766399,7,16,55,129,231,8.081983480670853,10.420518263403336,27.92594629895845,104.31008894400568,0,0
mazowieckie|makowski|Karniewo,mazowieckie,makowski,Karniewo,38,0,38,0.0,52.84710599298602,20.981232461395958,12.185895876581146,13.65163793859418,166.35743846449355,0.22842381050553695,1.297472989034493,1.412890102357268,4.420061442848683,8.420740037569708,7,14,63,134,237,8.261954583611045,11.006992668886138,29.276719010495025,109.11375456547638,0,0
mazowieckie|makowski|Krasnosielc,mazowieckie,makowski,Krasnosielc,34,0,34,0.0,53.05924183342103,21.175367727031443,15.756239968028474,13.243693919102352,208.67081945249615,0.16293605444790085,1.4381757488241207,1.5216982460586197,4.643282265721151,8.080074280881199,3,11,50,112,203,10.183858005674209,14.108701729598598,24.70692359018352,96.78314955396361,0,0
mazowieckie|makowski|Maków Mazowiecki,mazowieckie,makowski,Maków Mazowiecki,1,1,0,1.0,52.86498010415048,21.100671250665464,0.001,0.001,1e-06,1000000.0,,,0.0,0.0,4,17,57,126,234,6.422047219245621,9.92414435789468,28.874921563953716,107.2349249024906,0,0
mazowieckie|makowski|Młynarze,mazowieckie,makowski,Młynarze,17,0,17,0.0,52.968849739729315,21.395052431737525,9.232533273876815,10.7474117073521,99.22583619618149,0.17132634656148366,1.2374422321494665,1.3765847873765065,3.334830937266969,6.51312078218957,5,14,51,118,214,7.575929217090569,11.217830424168474,26.251411507780183,99.12877198517094,0,0
mazowieckie|makowski|Płoniawy-Bramura,mazowieckie,makowski,Płoniawy-Bramura,39,0,39,0.0,52.9667583093044,21.063308513244277,15.883990911749448,11.378352547480624,180.7336484548634,0.2157871560355287,1.0021691962272512,1.1101079815530053,5.0279393265439785,8.913063522516666,7,14,55,121,221,11.051100644306857,11.970679749452037,26.92840706664477,102.58671354440094,0,1
mazowieckie|makowski|Rzewnie,mazowieckie,makowski,Rzewnie,24,0,24,0.0,52.81991041722758,21.367584678876636,7.984890232554197,12.3520989329963,98.63015412162528,0.24333329105827534,1.2027597795829768,1.3054031439196254,4.087794259634335,6.5630791086739855,6,14,57,135,236,9.096143110981028,11.874646102448557,28.418975704016145,106.0084051846371,0,0
mazowieckie|makowski|Różan,mazowieckie,makowski,Różan,19,1,18,0.05263157894736842,52.90144277588447,21.378606458628006,11.089708600184498,9.084723363938275,100.74693481936333,0.1885913455736049,1.6090738592289549,1.5799300028756247,3.669192231632715,7.341563744574136,5,15,54,131,225,7.575929217090569,10.484829982160395,27.351412846927083,102.38651654894912,0,0
mazowieckie|makowski|Sypniewo,mazowieckie,makowski,Sypniewo,29,0,29,0.0,52.99245699221257,21.279567297675218,11.431829926007676,12.688815502621205,145.05638078845521,0.19992226362170523,1.139211784994257,1.2606812653259805,4.165108664504255,7.343010929629349,6,14,54,119,216,8.165063090082013,11.138761587358882,26.07967253766451,99.24320319406496,0,0
mazowieckie|makowski|Szelków,mazowieckie,makowski,Szelków,23,0,23,0.0,52.82199703586088,21.16453860330626,9.091270627999927,12.706115465651887,115.51473432885662,0.1991087988353222,1.3672403151421193,1.3226633239823133,4.235875204491849,6.931246274869547,6,15,60,135,240,6.422047219245621,10.491430063234422,29.3194410082782,108.49194007327068,0,0
mazowieckie|miński|Cegłów,mazowieckie,miński,Cegłów,19,1,18,0.05263157894736842,52.12388573491585,21.73620248411048,10.804091235419463,9.261510424778718,100.06220360709774,0.1898818866172988,1.6298258028595525,1.6299745034494797,4.231843373704429,6.57317649591421,6,17,70,155,271,7.777556529774945,10.500151397598298,33.8668658456816,121.17662298146546,0,0
mazowieckie|miński|Dobre,mazowieckie,miński,Dobre,40,1,39,0.025,52.33032028305654,21.695022976291153,11.812586590939764,14.068924327218022,166.19038685664185,0.24068780846213783,1.1480287506961586,1.2086457434706868,4.427752180174937,7.696016170218837,6,16,68,153,261,9.860516163580435,11.276180230299158,32.997644820524286,117.84138163813759,0,0
mazowieckie|miński|Dębe Wielkie,mazowieckie,miński,Dębe Wielkie,23,0,23,0.0,52.206589968851254,21.46425556464128,11.628876822716364,6.450792615436739,75.01547273380217,0.30660341342668285,1.2205607962621363,1.2732469003021938,3.4115310049034706,6.098781116786406,6,21,77,158,274,7.611937746083169,9.376898476655864,36.14311699397302,125.7124395716784,1,0
mazowieckie|miński|Halinów,mazowieckie,miński,Halinów,23,1,22,0.043478260869565216,52.23265774187365,21.360934650458287,8.203344890342954,7.222172272695965,59.24597001039701,0.38821205891242483,1.0798839190597054,1.247265687384964,2.9244160724299886,5.6880341440567355,7,22,79,163,274,4.892154073268013,8.83511155680181,37.02780941577698,127.24397995142247,1,0
mazowieckie|miński|Jakubów,mazowieckie,miński,Jakubów,26,0,26,0.0,52.235020664913336,21.69228030460395,10.499348962439948,10.382926129086474,109.01396468051469,0.2385015541467347,0.9570624252433753,1.1392315502941073,3.757076837958875,6.807734526260954,6,18,72,153,267,8.351833373118389,10.981808908652868,33.82590217923928,120.18208356790703,1,0
mazowieckie|miński|Kałuszyn,mazowieckie,miński,Kałuszyn,30,1,29,0.03333333333333333,52.227156170298876,21.81423872927014,12.206859326601824,12.315027168915789,150.32780425423456,0.19956388073934722,1.086860413615458,1.1939204891526543,4.2599340765371645,8.264168716652762,6,19,71,153,263,8.351833373118389,10.749276979301563,32.82900336123995,117.50027574108827,1,0
mazowieckie|miński|Latowicz,mazowieckie,miński,Latowicz,18,1,17,0.05555555555555555,52.02549318066997,21.772764492780105,10.6958665958735,13.944853449309257,149.15229219281824,0.12068202060703369,1.89338072117387,1.8755540280295153,4.666515370874109,7.518670741989993,6,18,68,156,272,8.681470163799618,10.770071263202023,33.58470250296549,121.63466280043747,0,0
mazowieckie|miński|Mińsk Mazowiecki,mazowieckie,miński,Mińsk Mazowiecki,43,1,42,0.023255813953488372,52.169323758159905,21.57539112954884,12.194337605239868,12.889641845267855,157.1806442718232,0.2735705798841056,1.0657488278872433,1.128657110781653,4.4356282575619455,7.264273189728699,6,20,74,157,271,8.635385591848907,10.850375328850197,35.17858148518091,124.02492570528767,1,0
mazowieckie|miński|Mrozy,mazowieckie,miński,Mrozy,26,1,25,0.038461538461538464,52.126168513844995,21.85007003273281,14.617286842069037,10.895689546722325,159.2654194465734,0.16324949942270342,1.4428698917793044,1.5921845117912024,4.685104792414801,8.312748366115594,5,16,68,150,267,7.777556529774945,11.446661421898611,32.78800156761145,118.38319126812817,0,0
mazowieckie|miński|Siennica,mazowieckie,miński,Siennica,39,1,38,0.02564102564102564,52.084843188465584,21.62472768472147,11.154989556308408,10.941212246310045,122.0491083409422,0.31954350613569527,0.9951469439482913,1.107697070531769,4.128369833542541,6.557270658226941,6,19,74,159,275,8.764362128252,10.572531735269338,34.8450269704946,124.20209618131196,1,0
mazowieckie|miński|Stanisławów,mazowieckie,miński,Stanisławów,29,0,29,0.0,52.279708162802855,21.524805587897994,9.5042386770324,13.255437767386036,125.98284430978639,0.2301900719806758,1.289344868705705,1.2929352047591607,3.942809996282024,8.216595940724456,6,20,77,157,266,9.115868307798975,11.308780421478815,35.023399755824656,122.83975582050134,1,0
mazowieckie|miński|Sulejówek,mazowieckie,miński,Sulejówek,1,1,0,1.0,52.24148063196599,21.29055140054965,0.001,0.001,1e-06,1000000.0,,,0.0,0.0,10,21,79,166,274,4.892154073268013,10.103738806368055,37.51795976909137,128.29521394667862,1,0
mazowieckie|mławski|Dzierzgowo,mazowieckie,mławski,Dzierzgowo,26,0,26,0.0,53.16371952693167,20.635939664917977,13.76256445629076,10.011922190497978,137.7897244780962,0.18869331583671975,1.5662773526086713,1.475049254585806,4.364140676710066,7.567501527065511,5,14,42,104,194,10.173842340101773,12.767609692948543,23.943409233286935,96.21019449895908,0,0
mazowieckie|mławski|Lipowiec Kościelny,mazowieckie,mławski,Lipowiec Kościelny,15,0,15,0.0,53.11006005045345,20.227639014841966,9.802343825999998,11.172113669614804,109.51289945271886,0.13697016584312158,2.3552456707727645,2.1192212016962455,4.033344830284363,7.039324984552354,5,14,51,113,216,8.29689953728595,10.564574880742871,25.998397518584582,102.12592831711979,0,0
mazowieckie|mławski|Mława,mazowieckie,mławski,Mława,1,1,0,1.0,53.112275663337854,20.38372607717136,0.001,0.001,1e-06,1000000.0,,,0.0,0.0,6,14,47,115,209,7.171883111130695,9.528043154589431,25.87529215855702,101.00126317782295,0,0
mazowieckie|mławski|Radzanów,mazowieckie,mławski,Radzanów,20,0,20,0.0,52.935874140955754,20.12273150003316,10.922443921504174,11.182250973935007,122.13750917899054,0.16374985976413128,1.552251538220979,1.5115827546044727,4.208935089978949,6.861306224266419,4,14,56,125,242,8.928903959966007,11.885433802331516,28.091602617113566,110.0175460234988,0,0
mazowieckie|mławski|Strzegowo,mazowieckie,mławski,Strzegowo,50,0,50,0.0,52.91245360646366,20.300952685248582,16.11047753040062,18.777482723975677,302.51421350209597,0.1652814901527051,1.557672901923068,1.4683036076064777,5.825942603765456,10.100786141307001,3,15,57,128,234,12.084791187680707,14.191917602370626,28.118230223204392,110.05464966011174,0,1
mazowieckie|mławski|Stupsk,mazowieckie,mławski,Stupsk,24,0,24,0.0,53.0056288775964,20.453001546080014,10.068037054387664,11.182868373950766,112.58953316327624,0.21316368694055632,1.4753303784951493,1.592542532078823,3.963629240211285,6.038275951774597,6,16,54,122,221,9.210796814367736,10.952654515716343,27.238180802534636,105.39578864601853,0,0
mazowieckie|mławski|Szreńsk,mazowieckie,mławski,Szreńsk,24,0,24,0.0,53.01549437771191,20.142203326521667,9.882727653230582,12.687095532012819,125.38310985340124,0.19141334130299495,1.1004303087054974,1.3371290261203288,4.488602261618099,7.13696693641416,5,12,56,118,225,8.948861260548734,12.030316237186558,27.277196599352784,106.73443539241842,0,0
mazowieckie|mławski|Szydłowo,mazowieckie,mławski,Szydłowo,29,0,29,0.0,53.082994453854106,20.502235929000356,11.572406539129856,12.384297886365227,143.316129842705,0.20234986830741677,1.4830651447523266,1.4933389451138614,4.230460526627435,6.757751764179153,6,15,48,119,207,8.556300238372316,10.421305887303898,26.094802350118208,101.5012270788578,0,0
mazowieckie|mławski|Wieczfnia Kościelna,mazowieckie,mławski,Wieczfnia Kościelna,24,0,24,0.0,53.18969780251388,20.489564245419757,10.23525617399997,12.7099281728371,130.0893708021271,0.1844885546914151,1.6419445535923505,1.6930739918668352,3.9893281233999294,7.376847883463813,5,15,45,109,196,10.057833756168197,11.221777755422227,23.998259548946237,96.23219025390937,0,0
mazowieckie|mławski|Wiśniewo,mazowieckie,mławski,Wiśniewo,16,0,16,0.0,53.06028114355537,20.32018205116497,10.66816740880064,9.180231686620415,97.93624848444284,0.16337158353111308,1.4733090141011795,1.642815835810013,3.7899168252360846,6.794758923487942,6,13,48,117,219,7.171883111130695,10.310410311158858,26.703953745676344,103.81703485284835,0,0
mazowieckie|nowodworski|Czosnów,mazowieckie,nowodworski,Czosnów,36,0,36,0.0,52.372617262268264,20.695036090479626,10.927264085730496,14.710244380844763,160.74272511512382,0.2239603688080865,1.0558290465653566,1.1504112175426442,3.9874240419397844,8.615572799526518,9,21,82,170,278,6.572296031452193,10.314603420886707,37.708629383876314,130.69017834750008,1,0
mazowieckie|nowodworski|Leoncin,mazowieckie,nowodworski,Leoncin,32,0,32,0.0,52.382622724216816,20.521264280149317,11.436332224825021,12.658571461811114,144.76762872896083,0.22104389137927757,1.1650795741269528,1.2396954488819119,4.380976986851714,7.584454783154005,7,21,78,166,275,10.596135858213598,12.71521720521633,36.44232728560544,130.30181355347042,1,1
mazowieckie|nowodworski|Nasielsk,mazowieckie,nowodworski,Nasielsk,62,1,61,0.016129032258064516,52.57335238404127,20.77512384578047,12.57190131503522,20.163112106492406,253.48865560681443,0.24458688240537294,1.3045673219604212,1.32372127262477,5.367402984630081,10.751513622744241,5,17,74,158,262,9.540010144511086,11.79502387976385,33.96197469276915,122.60615292307816,1,0
mazowieckie|nowodworski|Nowy Dwór Mazowiecki,mazowieckie,nowodworski,Nowy Dwór Mazowiecki,1,1,0,1.0,52.430300457345446,20.716163915037374,0.001,0.001,1e-06,1000000.0,,,0.0,0.0,8,18,81,164,274,6.572296031452193,8.472670112453233,36.896937772664444,128.68429209108515,1,0
mazowieckie|nowodworski|Pomiechówek,mazowieckie,nowodworski,Pomiechówek,25,0,25,0.0,52.492817022797624,20.726499401283675,8.84375506079956,16.47808887062218,145.72818184186983,0.17155226726926154,1.245015270318835,1.3084329164605573,5.07623444687924,10.531813242900052,7,18,78,164,268,6.986713044860027,9.824941428775858,35.637915600813294,126.21222021731307,1,0
mazowieckie|nowodworski|Zakroczym,mazowieckie,nowodworski,Zakroczym,18,1,17,0.05555555555555555,52.4702049503254,20.582847120531408,10.3779727750538,8.300760683499112,86.14506838559076,0.20894986024540446,1.1182525662396092,1.2969073315160824,4.13714072545481,6.750764119888335,6,19,77,164,274,7.06561426774991,10.205482835457204,35.49819867068218,127.34826732231875,1,0
mazowieckie|ostrowski|Andrzejewo,mazowieckie,ostrowski,Andrzejewo,31,0,31,0.0,52.82973620955477,22.19359380411329,9.270456508662873,16.20500402660793,150.22778505137555,0.2063533053449366,1.4477070653246622,1.4578064296671507,4.838161553139659,9.84663405125492,4,14,53,122,207,8.682616983789945,10.94836019665289,26.042478061859413,92.71969875291848,0,0
mazowieckie|ostrowski|Boguty-Pianki,mazowieckie,ostrowski,Boguty-Pianki,40,0,40,0.0,52.737605844390146,22.393373865744962,12.885475288889417,6.7061862212869485,86.41239683708368,0.46289654568213634,0.8027667710201557,0.9131066574044724,3.765056001984931,7.440289313611771,5,14,54,122,203,7.832221712095058,10.646090769559297,26.023653861013187,90.9573218693863,0,0
mazowieckie|ostrowski|Brok,mazowieckie,ostrowski,Brok,6,1,5,0.16666666666666666,52.716566488266956,21.857310427535356,6.866400922803909,11.97576501227819,82.23040393158973,0.0729657123536886,1.312809062627927,2.5890079865749303,4.832341887074023,6.944811761496835,3,11,61,135,233,8.916736742861978,13.118256371683344,27.476810956320016,102.2628486750477,0,0
mazowieckie|ostrowski|Małkinia Górna,mazowieckie,ostrowski,Małkinia Górna,28,0,28,0.0,52.701614172035946,22.024956995509594,13.326252646160922,12.191728964322486,162.4700603720793,0.17233944479294253,1.411112422902906,1.287441036893504,4.412239964524858,7.037806392861691,4,13,58,134,226,9.330580678048225,12.680968897292654,27.349495441676357,99.79934343101534,0,0
mazowieckie|ostrowski|Nur,mazowieckie,ostrowski,Nur,26,0,26,0.0,52.67654622813666,22.33541784741878,12.925488765199834,15.054046309310483,194.58090644179066,0.1336205102311925,1.3347559137727547,1.2929652359038202,5.160157453027826,8.553966572084652,4,16,55,121,209,7.832221712095058,10.878038361415443,26.637674739792537,93.89672045868716,0,0
mazowieckie|ostrowski|Ostrów Mazowiecka,mazowieckie,ostrowski,Ostrów Mazowiecka,46,1,45,0.021739130434782608,52.80488273417884,21.859646541758654,21.041858047540174,23.556291793652267,495.66814804846655,0.09280402660754007,1.8343070487026902,1.7982627623542513,7.774448809809967,14.73620360053679,3,12,59,127,222,9.821590087771446,13.855899055305514,26.578782523377242,99.1540948338855,0,0
mazowieckie|ostrowski|Stary Lubotyń,mazowieckie,ostrowski,Stary Lubotyń,27,0,27,0.0,52.92021223232274,21.93092320415205,9.706346868107467,10.123599407868754,98.26316740654148,0.2747723354804313,1.2656824336380559,1.2794245503330912,3.567491415818619,6.388762847607841,3,11,52,119,212,10.549217421443567,13.247294502772581,25.37377161805817,93.9483238496349,0,1
mazowieckie|ostrowski|Szulborze Wielkie,mazowieckie,ostrowski,Szulborze Wielkie,18,0,18,0.0,52.75827617174226,22.24564549937628,7.309699295998924,6.781560880917472,49.57117079701629,0.36311428014694835,1.0049245365525603,1.016549799349119,2.5898045520619695,3.994588651072784,6,14,54,123,208,7.380477674903301,9.462610939755079,26.657125085594462,93.88171958465767,0,0
mazowieckie|ostrowski|Wąsewo,mazowieckie,ostrowski,Wąsewo,32,0,32,0.0,52.85874827657822,21.70419159233276,13.2347112348001,10.807560117601316,143.0349373091956,0.22372156482878217,1.43766874894806,1.4695626719397095,4.113610076174395,8.15413854911728,4,12,55,129,223,10.906493657231827,13.327828394190016,26.435616271985424,99.55435436335404,0,1
mazowieckie|ostrowski|Zaręby Kościelne,mazowieckie,ostrowski,Zaręby Kościelne,32,0,32,0.0,52.75132580267204,22.136580294252703,9.938298195165546,10.455778744505295,103.91264702556725,0.30795096570032077,1.0639571021931482,1.093969964343227,3.5596271746365726,6.652972563247144,4,15,53,124,219,7.380477674903301,10.772396409370765,26.88722688142431,96.24654218312088,0,0
mazowieckie|ostrołęcki|Baranowo,mazowieckie,ostrołęcki,Baranowo,32,0,32,0.0,53.19713026697139,21.247699015427834,17.926594623935998,12.405577496952418,222.3897588636886,0.14389151804249248,1.4511859565825074,1.5058771408470457,5.156627913716972,10.077653116374025,2,9,43,99,189,14.379407357031218,16.255038229607827,21.674540671745604,88.99086163847079,0,1
mazowieckie|ostrołęcki|Czarnia,mazowieckie,ostrołęcki,Czarnia,9,0,9,0.0,53.34280119096805,21.17084196250648,9.072855164148763,11.120063719363865,100.89072754189374,0.08920542273087337,2.6646919826344524,2.810203229372147,4.320430563520407,6.763086575543555,2,8,36,90,171,13.07249387186926,16.203278552730914,19.091448866448893,82.29386261659766,0,1
mazowieckie|ostrołęcki|Czerwin,mazowieckie,ostrołęcki,Czerwin,45,0,45,0.0,52.95825557199024,21.786713739659024,9.229519395885749,21.12084824039383,194.93527849227425,0.23084584969971692,1.1138518765725223,1.188171049618121,5.188747434359089,10.900792089213809,3,10,54,115,210,8.208096382530949,12.590338508071685,25.33947413235569,94.62188802825867,0,0
mazowieckie|ostrołęcki|Goworowo,mazowieckie,ostrołęcki,Goworowo,45,0,45,0.0,52.89531308082547,21.55338818895197,18.418573085317508,12.557590694514118,231.29290198241134,0.19455849969586192,1.2676202061997761,1.3375610472438895,5.33763168503938,10.073821853294772,4,14,54,126,223,10.906493657231827,13.169235998153605,26.586849962611936,100.26349429196203,0,1
mazowieckie|ostrołęcki|Kadzidło,mazowieckie,ostrołęcki,Kadzidło,24,0,24,0.0,53.250384059219876,21.4544771709247,15.55783875765541,20.948262358725678,325.9096880301163,0.07364003244292092,1.8866971867361575,2.2533467826109255,6.062925404527423,11.262101696859908,3,9,42,96,178,11.760155572481354,15.420608070478517,20.7783141234714,84.71562714145489,0,1
mazowieckie|ostrołęcki|Lelis,mazowieckie,ostrołęcki,Lelis,22,0,22,0.0,53.1665503543356,21.56213683710124,12.36484156710091,16.887728361653526,208.81408562008247,0.10535687731347264,1.7878841549686264,1.9393541957866907,5.760925229567427,9.36505182195079,4,11,43,102,193,9.4929477119862,12.610967272060781,22.5489325017805,88.01368144305434,0,0
mazowieckie|ostrołęcki|Myszyniec,mazowieckie,ostrołęcki,Myszyniec,18,1,17,0.05555555555555555,53.36982961500466,21.36254341485428,13.502072388514653,16.70173720098084,225.50806470159142,0.07981976176248465,2.60945453360073,2.9044755814096543,5.710079401379994,9.721496180681331,4,7,34,93,172,12.14318823225862,14.653190206940698,18.684368517053933,79.57305061374785,0,1
mazowieckie|ostrołęcki|Olszewo-Borki,mazowieckie,ostrołęcki,Olszewo-Borki,40,0,40,0.0,53.074299436049024,21.442480419231238,14.800185904993292,15.05640711474737,222.83762435952477,0.17950290089013093,1.4592677305203556,1.500204506430618,5.468714983649856,8.727520515377986,5,12,48,109,200,8.653192746104063,12.293613514808627,24.256504013131423,93.58429032174196,0,0
mazowieckie|ostrołęcki|Rzekuń,mazowieckie,ostrołęcki,Rzekuń,21,0,21,0.0,53.063581822770814,21.643359086084153,14.174967522247508,14.958543953293272,212.03687471804398,0.0990393771268547,1.7827988805581638,1.8961046152744192,5.131422328115162,10.768828740483409,5,14,48,110,202,5.19260599178569,11.160099317834135,24.39669038941724,92.0756687030354,0,0
mazowieckie|ostrołęcki|Troszyn,mazowieckie,ostrołęcki,Troszyn,41,0,41,0.0,53.0320021142217,21.79207411977521,12.76126396366485,17.866540812975256,227.99964343196842,0.17982484263065862,1.2965740251642843,1.4363208811496917,4.9634994796604905,9.631253859286087,4,15,52,112,200,8.208096382530949,11.75633059219716,24.56861502725036,91.64255163186942,0,0
mazowieckie|ostrołęcki|Łyse,mazowieckie,ostrołęcki,Łyse,22,0,22,0.0,53.38289556159661,21.553744621433783,21.01924879009641,11.13649729917106,234.0808073815132,0.09398463823710082,2.1174527185359695,2.290192876852075,7.1821706656719355,11.558407964089726,2,6,35,89,172,12.61038231287495,16.045129457409683,18.42463068147345,77.48554507886618,0,1
mazowieckie|otwocki|Celestynów,mazowieckie,otwocki,Celestynów,15,0,15,0.0,52.06220568487477,21.383635264621375,10.664938870774963,8.995068954525104,95.93186053841589,0.15636098284566527,1.6274693069899735,1.8210295651551731,3.7789731366755692,8.072360992280217,6,18,82,158,280,7.019797452195722,10.035406236496204,36.54349467783729,129.06308199734778,1,0
mazowieckie|otwocki|Józefów,mazowieckie,otwocki,Józefów,1,1,0,1.0,52.1422081139625,21.230170733384224,0.001,0.001,1e-06,1000000.0,,,0.0,0.0,7,22,82,162,281,4.410717452947919,9.128742403113856,37.88975812124655,130.7997529237295,1,0
mazowieckie|otwocki|Karczew,mazowieckie,otwocki,Karczew,17,1,16,0.058823529411764705,52.03188727792345,21.26309132163043,10.376122249121721,6.2916595525505725,65.28302866711921,0.2604045851898766,1.5848305746402624,1.5249494632207339,3.0178699673582106,5.494158493059587,6,18,78,166,285,8.54981897218252,9.666913985925243,36.94268894760191,131.1174927432487,1,0
mazowieckie|otwocki|Kołbiel,mazowieckie,otwocki,Kołbiel,28,0,28,0.0,52.06415528463727,21.486272166579415,10.656269740082717,9.03859198557701,96.31767426885845,0.2907046937391946,1.217569558793639,1.212147756893956,3.8035360965006646,5.8674879944420555,6,23,75,162,278,7.019797452195722,10.926510725174401,35.84750333272156,127.19807477871396,1,0
mazowieckie|otwocki|Osieck,mazowieckie,otwocki,Osieck,13,1,12,0.07692307692307693,51.94526259353764,21.43875473421392,8.195405855796816,7.787473566921302,63.821506472209755,0.20369309216573697,1.2089706315652375,1.4721075249576514,2.945265857764693,6.320355925280274,6,19,74,169,282,8.721268463188173,10.561640839026426,35.30832413660232,128.70281124083698,1,0
mazowieckie|otwocki|Otwock,mazowieckie,otwocki,Otwock,1,1,0,1.0,52.10876927436838,21.26492551335113,0.001,0.001,1e-06,1000000.0,,,0.0,0.0,6,21,82,164,285,4.410717452947919,7.787498206169067,37.61426530600908,130.6512867243944,1,0
mazowieckie|otwocki|Sobienie-Jeziory,mazowieckie,otwocki,Sobienie-Jeziory,25,0,25,0.0,51.925283931251464,21.31573991459745,12.213426131300594,9.17145412958069,112.01487752824553,0.22318463896633758,1.220523041658882,1.275342593771141,3.4933916664485487,6.984346691494747,4,18,77,170,287,8.721268463188173,11.444389511713998,35.51097640908473,130.5195801625282,1,0
mazowieckie|otwocki|Wiązowna,mazowieckie,otwocki,Wiązowna,26,0,26,0.0,52.1603281074989,21.35469459889644,11.934830300925093,12.933104655443715,154.35440932682505,0.168443519776286,1.408714993938135,1.4194652045876799,4.638270623980743,8.987684879567977,7,22,80,162,280,8.053936999918244,8.854561013508157,37.15955431596498,128.56174725546097,1,0
mazowieckie|piaseczyński|Góra Kalwaria,mazowieckie,piaseczyński,Góra Kalwaria,43,1,42,0.023255813953488372,51.97190276957731,21.17169813835855,15.812122524909237,12.236010866358349,193.47730303497903,0.22224829127489942,1.110283545973718,1.187728095303487,4.944540478438053,8.665750434642872,6,19,79,167,290,9.14499318172645,10.802744482203325,36.61129658595053,132.4295244739472,1,0
mazowieckie|piaseczyński|Konstancin-Jeziorna,mazowieckie,piaseczyński,Konstancin-Jeziorna,24,1,23,0.041666666666666664,52.083818874241466,21.155657182683484,10.165847136620746,8.321766516667239,84.59780631508805,0.28369529950470584,1.213836476288766,1.2163593604179166,3.4742486880290966,5.755138282297997,5,22,85,169,284,7.963168569875239,10.09201771282724,37.86679876911444,132.32911082145992,1,0
mazowieckie|piaseczyński|Lesznowola,mazowieckie,piaseczyński,Lesznowola,29,0,29,0.0,52.06877968921115,20.910827200612243,9.41861658804944,12.464800905081777,117.40118057133691,0.24701625536362154,1.1271047813179293,1.08905150558832,4.666517002907189,7.408951243213283,9,24,85,167,287,5.976536414818406,8.629803687119121,39.28914213518694,135.44491133032653,1,0
mazowieckie|piaseczyński|Piaseczno,mazowieckie,piaseczyński,Piaseczno,36,1,35,0.027777777777777776,52.04244627649288,20.987027572514872,11.431088296208484,13.710512403704104,156.72607787300325,0.22970012705333678,1.1065809718616177,1.1260280505192704,4.634515551988062,7.637023261083664,7,22,82,169,285,5.976536414818406,10.433737134449144,38.42371995247184,134.62176420892553,1,0
mazowieckie|piaseczyński|Prażmów,mazowieckie,piaseczyński,Prażmów,29,0,29,0.0,51.95829080799229,21.014552450778304,9.72958037976605,10.083946461193555,98.11256763944012,0.2955788508825279,1.1813149715823472,1.2225261864093444,3.500620393180093,6.1285292047518585,6,18,81,173,289,9.294652321136743,10.943630805357493,37.1281310619756,134.27303332367012,1,0
mazowieckie|piaseczyński|Tarczyn,mazowieckie,piaseczyński,Tarczyn,36,1,35,0.027777777777777776,51.97330495491639,20.829245139584206,7.646930125455371,14.594123561616849,111.60024311794591,0.3225799424285574,1.0684495591864054,1.1153708331479375,4.375650248622147,8.838512139997931,7,24,79,175,285,10.207020526218589,11.163881416711485,38.04034249612985,136.01618148675018,1,0
mazowieckie|pruszkowski|Brwinów,mazowieckie,pruszkowski,Brwinów,20,1,19,0.05,52.153934121657905,20.72049708037607,11.183835921167132,8.084620635171104,90.41707066863563,0.22119716832341163,1.130277184664154,1.3264768915579022,3.7552115149925327,7.089456338185224,11,26,83,174,286,3.453682098647898,6.145985635427424,40.70428627276144,136.34870016125308,1,0
mazowieckie|pruszkowski|Michałowice,mazowieckie,pruszkowski,Michałowice,12,0,12,0.0,52.15411913471473,20.85618668643239,4.811180816606118,7.806471742242008,37.558347091652486,0.31950287830070817,1.0980544400807069,1.2280991681693605,2.742944780571553,4.521968936128412,11,23,82,172,287,3.54982447512016,6.196380831084743,40.50434069914894,135.501930735692,1,0
mazowieckie|pruszkowski|Nadarzyn,mazowieckie,pruszkowski,Nadarzyn,15,0,15,0.0,52.06987221887984,20.79733655558054,10.738381719749126,8.671114740760343,93.11374002202805,0.16109330369987745,1.4058430659593855,1.5888490673741709,3.7417036028536454,7.248297913977816,12,25,80,174,285,7.700811146633618,9.325800581094265,39.81165065581615,136.44323366512674,1,0
mazowieckie|pruszkowski|Piastów,mazowieckie,pruszkowski,Piastów,1,1,0,1.0,52.184454642165534,20.83997074569989,0.001,0.001,1e-06,1000000.0,,,0.0,0.0,12,24,83,170,287,3.492156915257791,5.970886204427582,40.54907603662186,135.19857642017908,1,0
mazowieckie|pruszkowski|Pruszków,mazowieckie,pruszkowski,Pruszków,1,1,0,1.0,52.16246554783892,20.80340771043528,0.001,0.001,1e-06,1000000.0,,,0.0,0.0,12,23,81,172,284,3.492156915257791,5.304658887765233,40.76361222053815,135.8456499342892,1,0
mazowieckie|pruszkowski|Raszyn,mazowieckie,pruszkowski,Raszyn,17,0,17,0.0,52.13323883125716,20.923914585315025,5.683362370161745,6.652338986839564,37.80765307136389,0.4496444137358018,1.0118058526553027,1.0417549100634604,2.5097584162039612,3.9532254474985025,10,25,83,169,287,5.172078360402031,8.05812436092464,39.80714850514588,134.92914257348372,1,0
mazowieckie|przasnyski|Chorzele,mazowieckie,przasnyski,Chorzele,49,1,48,0.02040816326530612,53.26186188203311,20.91484970424058,13.840353406794069,30.295432992227955,419.29949922428364,0.1168615752955857,1.389538140229822,1.6361353417618527,8.393695989656006,18.078701914434493,2,7,43,100,187,13.577544451465863,16.40216555795333,20.771613305475142,88.41056420763883,0,1
mazowieckie|przasnyski|Czernice Borowe,mazowieckie,przasnyski,Czernice Borowe,32,0,32,0.0,53.037969124389384,20.751082230046254,12.79464358823178,9.307694479963548,119.08863349928595,0.2687074245435176,1.1960902886532503,1.2567774175265527,4.598629236849252,8.028411043329942,4,14,52,114,213,8.4124949235967,12.590642301682546,26.07782744564413,101.62206077756844,0,0
mazowieckie|przasnyski|Jednorożec,mazowieckie,przasnyski,Jednorożec,21,0,21,0.0,53.16128563868957,21.040378795589508,16.43272396573191,15.65041775146404,257.17899485819925,0.08165519120867071,1.72962208296474,1.6520852274382005,6.265914214576717,10.298200383004037,3,9,50,102,192,13.962307065060271,15.034316676273116,22.59885823318235,92.57743583296718,0,1
mazowieckie|przasnyski|Krasne,mazowieckie,przasnyski,Krasne,40,0,40,0.0,52.92283782887548,20.88389626120024,11.029889347725403,14.429560812672312,159.15645910005026,0.25132501832586557,1.0146445234692238,1.1314226670898768,3.95532227687999,8.786537100393767,5,15,56,126,231,9.656392554700249,11.260382817418593,28.024575229955175,106.27800465426195,0,0
mazowieckie|przasnyski|Krzynowłoga Mała,mazowieckie,przasnyski,Krzynowłoga Mała,40,0,40,0.0,53.15630876098777,20.81235001572433,13.76764946367987,15.132104331338182,208.33350808169595,0.1919998389520441,1.270017705950505,1.3964823739103114,5.123926481704337,8.569983263377974,3,10,48,102,196,11.79021283148641,14.209332784642294,23.335158201796713,94.90207837854791,0,1
mazowieckie|przasnyski|Przasnysz,mazowieckie,przasnyski,Przasnysz,40,1,39,0.025,53.023052467207116,20.927229127569642,15.491834300326419,12.880505202752282,199.54265230553068,0.20045839592606904,1.341223405169045,1.4801050020281026,5.58285647634138,9.610469836416874,3,15,54,111,212,11.051100644306857,13.643499427365294,25.902236688218665,100.85726392197896,0,1
mazowieckie|przysuski|Borkowice,mazowieckie,przysuski,Borkowice,16,0,16,0.0,51.304691277634745,20.696316937672037,6.944396606661117,9.350768822250327,64.93544727890774,0.2463985491818904,1.7779506614079978,1.6804286239663677,3.4548646902205205,4.989915301062531,4,18,69,148,279,7.221131426841288,10.630076157703055,34.17381161162352,135.42617206571543,0,0
mazowieckie|przysuski|Gielniów,mazowieckie,przysuski,Gielniów,20,1,19,0.05,51.385711406796666,20.49851108300175,9.318975252823959,10.010511359331252,93.28770762572107,0.21439051841901674,1.0524662100948339,1.0756182247350736,3.544294104324141,5.801680695399368,5,15,72,153,283,8.664923134453865,10.324681463286453,33.7091582422693,135.58228690240352,1,0
mazowieckie|przysuski|Klwów,mazowieckie,przysuski,Klwów,17,0,17,0.0,51.52292749263087,20.641704293655632,12.849579496620201,6.510526370372459,83.65752616094309,0.2032094514400873,1.666551775525687,1.4927055603373258,4.050118129044197,7.711964951532995,6,16,69,161,284,7.471338326457988,11.085776315902464,34.572584002530455,135.74697625442747,0,0
mazowieckie|przysuski|Odrzywół,mazowieckie,przysuski,Odrzywół,24,1,23,0.041666666666666664,51.54055756540756,20.50933142491887,12.869887491148841,9.166051493744424,117.96605146256752,0.20344836249448917,1.3226455333834009,1.3061305732271153,4.095524646126866,8.859145746423122,5,17,65,163,292,9.364043181680058,11.00942806058619,34.407136316021635,135.98725497241293,0,0
mazowieckie|przysuski|Potworów,mazowieckie,przysuski,Potworów,16,0,16,0.0,51.49034335893816,20.73611218288329,11.104833561628661,6.859110073997449,76.16927575263212,0.21005844997084802,1.723471571795387,1.6487329827163175,4.110710046946326,6.063660669625045,6,18,65,162,286,7.471338326457988,10.466385699346215,34.65900704496865,135.49167990853155,0,0
mazowieckie|przysuski|Przysucha,mazowieckie,przysuski,Przysucha,27,1,26,0.037037037037037035,51.3551359708279,20.63086219637257,20.563356387295343,10.905384906646722,224.2513163760081,0.12040063102563192,1.2405710447541616,1.433937635595464,5.885748251114637,12.759609915338897,4,17,70,151,279,7.221131426841288,10.387293904293603,34.07021589866093,135.51703546276616,0,0
mazowieckie|przysuski|Rusinów,mazowieckie,przysuski,Rusinów,14,0,14,0.0,51.43608904060234,20.59987520848497,7.659606901678863,8.95717262754654,68.60842127748448,0.20405658284101108,1.6808084163508408,1.7217058955418894,3.4814921628477093,4.812620822895246,7,16,67,160,284,8.98905470350261,10.270126220212862,34.27266300185653,135.6935955476898,0,0
mazowieckie|przysuski|Wieniawa,mazowieckie,przysuski,Wieniawa,21,0,21,0.0,51.36735300854507,20.775398011457483,10.095467895303138,10.451423275674795,105.51200813979885,0.19902947892126086,1.6615745318961825,1.4717503061122545,3.691911523215579,7.381345372964377,9,15,70,149,281,8.872955337252273,11.685016765449264,34.575543712824114,135.3691568490142,0,0
mazowieckie|pułtuski|Gzy,mazowieckie,pułtuski,Gzy,35,0,35,0.0,52.738950176911445,20.90945941647858,11.916743696826288,13.00379204481185,154.96285688485142,0.2258605752603511,1.2304744631388638,1.2414987534164112,4.213403234999411,7.503882807098377,6,15,66,146,250,10.97894193025599,11.611778345138973,30.959420754523574,114.52103830513529,0,1
mazowieckie|pułtuski|Obryte,mazowieckie,pułtuski,Obryte,23,0,23,0.0,52.73424700548263,21.262300300086196,9.906294682149692,10.927555591507668,108.25158584504754,0.21246801901749912,1.3288341686792606,1.5150858605926536,3.8732586180209125,6.552803704308075,5,14,63,143,246,7.913862850731253,11.470051087841346,30.009805726552976,110.99919482009577,0,0
mazowieckie|pułtuski|Pokrzywnica,mazowieckie,pułtuski,Pokrzywnica,35,0,35,0.0,52.60264831949198,21.046816088739853,12.846049791499361,9.66440886471283,124.14947748150881,0.28191822237200315,1.2781339198894095,1.2782615939120503,4.266731338278987,7.336795132553349,4,15,69,155,260,8.622179659085134,11.791553961601334,32.96191498810393,119.14752702439077,0,0
mazowieckie|pułtuski|Pułtusk,mazowieckie,pułtuski,Pułtusk,24,1,23,0.041666666666666664,52.728807813400046,21.07204081567719,12.530362350034867,10.77248380823172,134.98312552702697,0.1778000020839242,1.6319632727853244,1.7156366296078869,4.459866395475138,8.055334630569503,7,15,65,148,246,11.004644474910776,12.850435123948523,30.788815666148167,113.47733405814105,0,1
mazowieckie|pułtuski|Winnica,mazowieckie,pułtuski,Winnica,38,0,38,0.0,52.63045974471947,20.92759955681123,14.769739016844882,9.486844406776216,140.1182159814993,0.2711995705470399,1.2143329295651588,1.2025689220271467,4.4180991465518,8.242584305673258,6,16,71,157,259,8.622179659085134,11.552613862626675,32.75672836254003,119.09717760947714,1,0
mazowieckie|pułtuski|Zatory,mazowieckie,pułtuski,Zatory,30,0,30,0.0,52.62497464099844,21.194771575593084,11.817712390713451,11.00022749226198,129.99752473597115,0.23077362481271005,1.0386448191532696,1.0896203388267003,4.263194735977903,8.612594850380496,4,14,71,148,254,7.36003904822,12.145521631912851,31.966815336033854,116.43805049513652,1,0
mazowieckie|pułtuski|Świercze,mazowieckie,pułtuski,Świercze,28,0,28,0.0,52.67225512142945,20.78930169358963,9.441377612555497,11.418254081881088,107.80404846314252,0.2597305054788644,1.2224208845024793,1.2282042143071654,3.932084634831592,7.222352684111408,5,14,68,154,254,9.750627517457987,10.885809503948101,32.130214508445725,118.27717060555364,0,0
mazowieckie|płocki|Bielsk,mazowieckie,płocki,Bielsk,42,0,42,0.0,52.65556514201192,19.80152070155762,13.306563805286284,13.875502946873308,184.63526529300754,0.22747550384455517,1.2409281874623175,1.2584980288545329,4.557117564994593,7.264662973492353,5,14,60,153,273,9.294405493160253,11.71841195754895,31.176657916468763,120.91061569201551,0,0
mazowieckie|płocki|Bodzanów,mazowieckie,płocki,Bodzanów,38,1,37,0.02631578947368421,52.49903058997308,19.993395905969518,11.809691281471473,17.199832065537322,203.1247067871496,0.18707719312461313,1.284375148767363,1.3685736790074134,4.444982825246416,9.267257042602447,6,16,65,160,285,8.867199854620942,10.814897286230735,33.16294964512488,125.94143181823353,0,0
mazowieckie|płocki|Brudzeń Duży,mazowieckie,płocki,Brudzeń Duży,43,0,43,0.0,52.655158689833506,19.507010761126217,14.886591104372568,14.67830479725638,218.50992162210605,0.19678740297369549,1.3732927993790116,1.3453552520517003,4.708270907227906,8.605937047569455,5,12,65,151,267,10.596310590302526,12.15734662303404,31.26201320612946,120.98849390455962,0,1
mazowieckie|płocki|Bulkowo,mazowieckie,płocki,Bulkowo,32,0,32,0.0,52.55938220303702,20.08126003289251,8.389562666261028,14.488308014240511,121.55056801356264,0.26326491535958463,1.4161334980230054,1.3737832806906178,4.573346398077534,7.8120224208380895,4,15,64,157,283,8.964497345195346,11.0546703446955,32.48049913711828,124.01435365105397,0,0
mazowieckie|płocki|Drobin,mazowieckie,płocki,Drobin,43,1,42,0.023255813953488372,52.71522648791278,19.96188517375716,11.064667089786111,14.637345950932227,161.9573600250938,0.26550198146807,1.281478104787857,1.2605539539273116,4.577579325748314,8.181052390601499,4,14,60,150,263,10.072193075584723,12.88146856421153,30.3334460650249,118.63695839577875,0,0
mazowieckie|płocki|Gąbin,mazowieckie,płocki,Gąbin,33,1,32,0.030303030303030304,52.421667769214494,19.765368493338457,15.141270622950781,10.61152810910584,160.67201882302072,0.2053873489717541,1.2922992115593248,1.4746460430112773,4.86741132220449,8.275208230106562,7,17,68,163,284,9.831695192397916,11.362738554228489,33.51674512325705,127.61860495766737,0,0
mazowieckie|płocki|Mała Wieś,mazowieckie,płocki,Mała Wieś,30,0,30,0.0,52.46021973513354,20.107776622809567,10.725918145275443,13.64499252875552,146.3550729563267,0.20498093707316994,1.2788989805925317,1.3595964400784588,4.095383648970096,8.942965254926802,3,16,63,164,283,6.193688891569191,11.437023539657591,33.84455687069482,127.292959381705,0,0
mazowieckie|płocki|Nowy Duninów,mazowieckie,płocki,Nowy Duninów,18,0,18,0.0,52.56017385517547,19.49436465698987,8.685572293897177,17.473445952541084,151.76687804430063,0.11860295363488874,1.6215647487071796,1.690071416970026,5.0384593162307265,9.743278915909446,3,17,66,151,275,10.596310590302526,13.440638167733704,31.777920172028622,123.3355606738235,0,1
mazowieckie|płocki|Radzanowo,mazowieckie,płocki,Radzanowo,30,0,30,0.0,52.57882156585565,19.85607650294531,8.306759984338964,13.8612580687164,115.14214385780899,0.2605475197426193,1.2051187071793958,1.2566431742773458,4.112557800216589,7.993878017546968,6,15,63,159,276,6.795215240875078,10.916937826105995,32.10523575835336,123.35727879702404,0,0
mazowieckie|płocki|Stara Biała,mazowieckie,płocki,Stara Biała,28,0,28,0.0,52.61790319963334,19.65492130119878,11.549741920859521,11.91528302341992,137.61844383449883,0.2034611002699104,1.3117182311421554,1.2946645209070817,4.316396832462566,6.712551156767122,6,14,62,152,275,8.24177730803936,11.112685341153362,31.556879786133656,122.07085100060576,0,0
mazowieckie|płocki|Staroźreby,mazowieckie,płocki,Staroźreby,50,0,50,0.0,52.636132402700866,20.034698436913352,8.849757958147826,16.742378027878633,148.16599319053825,0.33745935165906177,1.0780106655311772,1.086157530974972,5.059771314645769,8.686765671330992,4,13,61,153,271,9.09522376408044,12.1916444106554,31.362364079264655,121.33968580654897,0,0
mazowieckie|płocki|Słubice,mazowieckie,płocki,Słubice,22,0,22,0.0,52.39768232657355,19.907618913050126,12.151996564018212,9.0310433831333,109.74520816133527,0.20046433341907768,1.3176189743968125,1.4050720652860977,3.9695194942562257,7.6292933069130955,5,19,67,157,292,7.999351603468669,11.341129255286347,34.10942204219327,128.67921321062607,0,0
mazowieckie|płocki|Słupno,mazowieckie,płocki,Słupno,19,0,19,0.0,52.51866962846098,19.838344148120658,7.837268647827605,10.21573351134876,80.06344796305545,0.23731178813042597,1.2562785057670192,1.4161731103232191,3.532246371954678,6.341708514971632,5,15,64,159,278,6.795215240875078,10.867938677020444,32.74048254955036,125.15652467564125,0,0
mazowieckie|płocki|Wyszogród,mazowieckie,płocki,Wyszogród,18,1,17,0.05555555555555555,52.4231558868692,20.17598857550719,12.4008354784869,12.923958054458984,160.26787756421152,0.11231196340507023,1.5636001229880083,1.6797948705375418,4.550678836788199,9.30312161671845,6,15,71,161,285,6.193688891569191,11.477738633692912,34.46352466297087,128.53513943061677,1,0
mazowieckie|płocki|Łąck,mazowieckie,płocki,Łąck,19,0,19,0.0,52.449328061874766,19.62761738251612,8.9056000000006,9.89805703776213,88.14813675550037,0.21554624634552375,1.295463249849014,1.28521760262956,3.7762256466386765,6.564504854030984,4,16,67,159,281,9.831695192397916,12.337118613579559,32.87920262374685,126.44412025551406,0,0
mazowieckie|płoński|Baboszewo,mazowieckie,płoński,Baboszewo,41,0,41,0.0,52.71099331314119,20.276046262965316,14.730709988442968,14.426622882559286,212.51439779561596,0.1929281047556666,1.4247758318964112,1.5256155466197232,4.935123253781232,8.151545064746314,5,13,65,153,264,11.635598110048182,12.697523036835202,30.490151625691976,118.17490746818456,0,1
mazowieckie|płoński|Czerwińsk nad Wisłą,mazowieckie,płoński,Czerwińsk nad Wisłą,37,1,36,0.02702702702702703,52.43331197842638,20.353332747243055,8.712282114448968,15.90881054297332,138.60204555570363,0.26695132710093983,1.2587457345364024,1.34488114496671,4.789752558888319,8.112969426976091,5,18,74,164,275,10.391056421703171,12.147960237650455,34.852952612692334,128.43342866339262,1,1
mazowieckie|płoński|Dzierzążnia,mazowieckie,płoński,Dzierzążnia,31,0,31,0.0,52.60881657942471,20.216627589912907,12.853837398667137,9.380349829298154,120.5734914484135,0.25710460589310485,1.1062397351100912,1.2595866735067929,4.071409606676023,7.072572531161764,5,16,67,159,273,10.670453996445492,11.907914643852825,31.898064440988342,122.17760151680562,0,1
mazowieckie|płoński|Joniec,mazowieckie,płoński,Joniec,16,0,16,0.0,52.589542758810225,20.570836986429008,11.78095507536769,6.624482059603527,78.04272554176838,0.20501590492808736,1.7991779661121907,1.7626099085675997,3.420429336523795,6.291774139243278,6,17,72,160,260,8.824482250151329,11.091014006518542,33.316873114786915,122.67637624152515,1,0
mazowieckie|płoński|Naruszewo,mazowieckie,płoński,Naruszewo,38,0,38,0.0,52.52619371534577,20.336453848064803,11.062378239332611,16.192428963483522,179.1267738075792,0.21214025794279193,1.3210308756801385,1.3570241129498577,5.037616163810466,9.21135847511003,4,16,72,163,273,10.391056421703171,12.244729670554062,33.436688015128524,125.20563723828673,1,1
mazowieckie|płoński|Nowe Miasto,mazowieckie,płoński,Nowe Miasto,36,1,35,0.027777777777777776,52.653588083450146,20.64803369947581,14.678300934341669,9.836062893012528,144.3766911527492,0.24934772858807475,1.1529696149340949,1.2532047734608558,4.52462557705137,7.6985703264750445,6,14,67,156,250,8.824482250151329,11.304426485164385,32.33099785061154,119.76135830474452,0,0
mazowieckie|płoński|Płońsk,mazowieckie,płoński,Płońsk,42,1,41,0.023809523809523808,52.61779915182727,20.392608443747655,13.616348137161038,13.643650181979813,185.7766907394777,0.22607787786950265,1.3057968254639107,1.2841202777362224,4.709712645524803,7.946455195281247,6,13,70,153,263,8.819208055822571,11.411796418241575,32.24841848686988,121.75133743300844,0,0
mazowieckie|płoński|Raciąż,mazowieckie,płoński,Raciąż,63,1,62,0.015873015873015872,52.77982951251634,20.121279598106796,23.174301169612512,17.938959590794653,415.7228522265841,0.15154326894125777,1.341046654477119,1.3915982038698251,6.703288669710184,11.998924814600445,3,11,59,143,256,11.824763827694854,13.999569767349561,29.483228485382487,115.87159176953878,0,1
mazowieckie|płoński|Sochocin,mazowieckie,płoński,Sochocin,28,1,27,0.03571428571428571,52.67931831586971,20.475118956612857,11.775466887524384,11.220678551201418,132.12872873522738,0.21191454930372614,1.3726544453975749,1.4925550581540528,3.9129029580368675,6.639212840539782,5,14,67,154,257,8.819208055822571,11.340864494020856,31.494603570403445,119.1449396134753,0,0
mazowieckie|płoński|Załuski,mazowieckie,płoński,Załuski,30,0,30,0.0,52.51687097438225,20.512013779068635,14.846897576469706,8.981977875383537,133.35450554993636,0.22496427755690715,1.3734033798597811,1.4347908399248146,4.087183171746394,7.937677962068578,7,15,75,165,268,7.06561426774991,11.20504610080926,34.36351278032954,125.61584205380082,1,0
mazowieckie|radomski|Gózd,mazowieckie,radomski,Gózd,19,0,19,0.0,51.37143897827638,21.351359361309697,5.967824481414977,13.035191229375238,77.79173333859133,0.24424189029574409,1.2686678760278676,1.3907441271745842,3.751258986209483,6.867949952290863,6,16,67,159,284,5.777512760161071,9.754237112021615,34.05001755841062,131.46295601291467,0,0
mazowieckie|radomski|Iłża,mazowieckie,radomski,Iłża,37,1,36,0.02702702702702703,51.1627977200333,21.24260625223864,15.964330461873201,13.163344009507288,210.1439737510933,0.1760697646453804,1.4431939034717485,1.6375952858437155,5.389860259417008,8.938653316252969,3,17,68,158,276,11.055651657559423,13.564182620349026,34.27966482831525,132.85172789462558,0,1
mazowieckie|radomski|Jastrzębia,mazowieckie,radomski,Jastrzębia,19,0,19,0.0,51.50992328732211,21.24238015645098,11.810134570380038,7.9954691903999064,94.42756709195044,0.2012124275265763,1.5775541159194955,1.6397816861447745,3.889232435317428,6.155565136062253,5,16,67,155,287,8.955139053589518,12.024682837793488,33.699005426360486,131.8554471140887,0,0
mazowieckie|radomski|Jedlińsk,mazowieckie,radomski,Jedlińsk,37,0,37,0.0,51.527314101141606,21.116009728055044,15.571262259727972,15.0389547157758,234.17550799151772,0.15800115185974192,1.267012267051346,1.3321460535736516,4.793141435497948,9.73518193740161,6,17,69,161,293,8.546065382845716,11.15502221168182,34.16635654669457,133.08170658899058,0,0
mazowieckie|radomski|Jedlnia-Letnisko,mazowieckie,radomski,Jedlnia-Letnisko,20,1,19,0.05,51.415187026675355,21.30643459727721,4.728329136956274,14.109760407814472,66.71559125174122,0.2997800008176952,1.31962987698918,1.3460915568772553,3.79388233049007,7.869688750713964,6,15,68,160,289,5.777512760161071,10.141528101385415,33.99896019113582,131.7194921634197,0,0
mazowieckie|radomski|Kowala,mazowieckie,radomski,Kowala,28,0,28,0.0,51.325893081279695,21.10022798704093,9.872930157101978,10.444812003646831,103.12089941606553,0.271525948266097,1.2921296065918386,1.3731894120909327,3.6124822325621055,6.170460396571477,7,20,66,152,284,8.065813347791135,10.09099373420032,34.83753677880485,133.9394727113436,0,0
mazowieckie|radomski|Pionki,mazowieckie,radomski,Pionki,39,1,38,0.02564102564102564,51.46228289856083,21.42212766575398,13.720420991705522,14.369551243827976,197.15629252720555,0.1978126059284585,1.0906519370537728,1.2597216668942202,4.84179888456979,8.849547891024772,5,14,65,157,293,9.577594498496415,12.652619937623431,33.399247053292434,130.17658839676005,0,0
mazowieckie|radomski|Przytyk,mazowieckie,radomski,Przytyk,30,1,29,0.03333333333333333,51.46522683324057,20.87236634549073,12.340425154109807,11.472630823976342,141.57714200401318,0.2118986128364536,1.6906505627749424,1.6187205234669784,4.307719722677907,7.429149323267028,6,17,67,158,287,9.840808283759323,11.067068873701364,34.71203526458552,134.96840195313354,0,0
mazowieckie|radomski|Skaryszew,mazowieckie,radomski,Skaryszew,38,1,37,0.02631578947368421,51.29743425698203,21.25988505392653,16.114236319909097,12.627682906324884,203.4854665253957,0.1867455236428763,1.4906411526020307,1.5404045035043816,5.367483682812576,9.507307042260209,7,19,71,155,281,10.397126926929033,11.852838077412889,34.29957976182673,132.53804372084986,1,1
mazowieckie|radomski|Wierzbica,mazowieckie,radomski,Wierzbica,17,0,17,0.0,51.25335795532102,21.101166774711388,7.109908466433084,10.474003793624277,74.46920824974148,0.22828227128437362,1.6217599544545442,1.6836456389127985,3.5891042133345077,5.991260759131326,7,20,68,150,276,8.065813347791135,10.318149766467439,34.92303861274567,134.083983030333,0,0
mazowieckie|radomski|Wolanów,mazowieckie,radomski,Wolanów,24,0,24,0.0,51.38322556159008,20.96143920104048,7.752783308711494,12.553471749732562,97.32434624770788,0.24659811162682466,1.403846167376304,1.4312444057869775,3.808798232299054,7.30095334383219,6,20,69,147,288,7.083982662388538,10.181138089191037,34.89064371575956,134.70747411944222,0,0
mazowieckie|radomski|Zakrzew,mazowieckie,radomski,Zakrzew,28,0,28,0.0,51.44235060809321,21.032593413508284,9.093845824907797,11.260345805775739,102.39984869287173,0.27343790403421897,1.1434469354139116,1.2240555366543941,3.4899266876326487,6.009860700315947,7,20,65,154,287,8.220383647653167,10.716788628636403,34.638325884297,134.07274685752566,0,0
mazowieckie|siedlecki|Domanice,mazowieckie,siedlecki,Domanice,14,0,14,0.0,52.0377926902291,22.160652847970276,5.9549470548042525,7.285450559327377,43.384472351188556,0.32269609934800686,1.225868724858275,1.1947998257538244,2.9012694892783277,4.974636368679826,4,12,63,145,255,8.657497365276656,12.442150515243418,30.077488374439298,111.41820300715901,0,0
mazowieckie|siedlecki|Korczew,mazowieckie,siedlecki,Korczew,16,0,16,0.0,52.35916653264953,22.6157829531625,6.991233748041319,11.317829860242638,79.12559407351809,0.2022101721616636,1.5294230365751584,1.5063638944540858,4.1481494598870885,6.701151570552244,5,12,52,115,201,9.668685828823888,12.30447368402885,25.20641142951454,91.75762035801723,0,0
mazowieckie|siedlecki|Kotuń,mazowieckie,siedlecki,Kotuń,32,0,32,0.0,52.173627077449325,22.017823079243307,11.031049096789046,14.301984928413209,157.76589792686306,0.20283217362242964,1.3107253916157209,1.4269816789255776,4.615810921544654,8.161143355328933,4,17,64,146,257,9.628746603534232,12.115737535933635,31.231709866659948,113.31409945023721,0,0
mazowieckie|siedlecki|Mokobody,mazowieckie,siedlecki,Mokobody,28,0,28,0.0,52.26815106823925,22.125892486381243,12.195609787076195,8.400599757931717,102.45043662514196,0.27330288598427144,1.3729214510947583,1.3526687994748556,4.156341039103619,7.859192229215082,5,15,60,142,244,10.227385806917656,11.635564694534262,30.16280154685805,108.73439890991156,0,0
mazowieckie|siedlecki|Mordy,mazowieckie,siedlecki,Mordy,32,1,31,0.03125,52.18891099176746,22.520008286281357,14.403824418881593,17.184607260305015,247.5240656848713,0.12928035870556503,1.266626234017062,1.3134507928551231,5.667866489458172,10.569685388095808,4,15,53,129,216,10.568469499124863,11.956583092642893,26.835662753038957,98.04656914393749,0,1
mazowieckie|siedlecki|Paprotnia,mazowieckie,siedlecki,Paprotnia,22,0,22,0.0,52.29315094620984,22.453496385277404,7.2207631738579865,10.363907351998083,74.8353205445838,0.2939788303157372,1.4352993702544434,1.4215636860101406,3.5863772961659235,6.354742907559112,5,17,54,124,217,9.425450438277755,11.413477215250536,27.252886632231547,98.50569433255116,0,0
mazowieckie|siedlecki|Przesmyki,mazowieckie,siedlecki,Przesmyki,21,0,21,0.0,52.27360709440561,22.590423849342343,9.830605737747874,11.345163151143051,111.52982596931263,0.18829043995619735,1.3960999048073506,1.477070097420196,4.000951517437299,7.0851334140424695,6,16,52,119,205,9.56455322909783,11.227690695862865,25.954029315569677,94.23903736151635,0,0
mazowieckie|siedlecki|Siedlce,mazowieckie,siedlecki,Siedlce,35,0,35,0.0,52.171515201855186,22.301167922571967,10.387262306932417,16.35357699701023,169.86889392456138,0.20604125447207225,1.0355080984831508,1.2441713492234725,5.7500543184402755,8.836760473248427,4,15,59,141,233,1.2654838319773976,10.625953340876018,29.090502902183484,105.45377059102869,0,0
mazowieckie|siedlecki|Skórzec,mazowieckie,siedlecki,Skórzec,21,0,21,0.0,52.11011230740441,22.11372867745893,11.553002552021276,12.670533117658952,146.38270144378396,0.143459574067669,1.5598199375534934,1.6114200804536403,4.525648354026999,6.935579584762936,6,12,63,143,254,8.657497365276656,11.448474270803437,30.52324103653735,111.72951914351366,0,0
mazowieckie|siedlecki|Suchożebry,mazowieckie,siedlecki,Suchożebry,18,0,18,0.0,52.26788873447213,22.276188775653633,8.301282188997137,9.55277712145233,79.30029857377156,0.22698527399937773,1.0855138325231923,1.338843147350405,3.9589901913685503,6.020426665809249,5,17,58,134,233,8.432728194808377,10.700788984588193,28.977017977543948,104.4886372010762,0,0
mazowieckie|siedlecki|Wiśniew,mazowieckie,siedlecki,Wiśniew,26,0,26,0.0,52.06843516505278,22.295625445000535,12.927742109660723,10.097973124579719,130.5439923848515,0.19916657614814204,1.3094312889331394,1.2597395558093945,4.467241096913147,7.439464374289491,5,13,60,136,238,9.837942462481722,11.699600668583717,28.908409061572378,107.03172162298321,0,0
mazowieckie|siedlecki|Wodynie,mazowieckie,siedlecki,Wodynie,25,0,25,0.0,52.03816814140309,21.97490524970774,11.433167174751853,12.253191454234294,140.09278632050146,0.1784531570583906,1.4672377392888052,1.5790351499785948,4.735007275434092,8.43183254103755,5,16,67,145,271,10.146729946731861,12.428768981710377,31.689152687233943,116.44621277195601,0,0
mazowieckie|siedlecki|Zbuczyn,mazowieckie,siedlecki,Zbuczyn,43,0,43,0.0,52.091305637105116,22.48693373735508,13.105248407076596,20.281694010515185,265.79663812411906,0.16177781744523154,1.4328644120255762,1.527371262665733,6.443807998551995,12.059540873940183,4,15,55,133,222,10.625577088455255,12.968689699110877,27.113761562009433,100.58482088860855,0,1
mazowieckie|sierpecki|Gozdowo,mazowieckie,sierpecki,Gozdowo,40,0,40,0.0,52.73422212688729,19.691648882944957,10.984495323304014,14.359208398043917,157.72865749466112,0.25360007899232856,1.282457857358423,1.2551776957104575,4.574689736941562,8.537389818709945,5,13,59,150,259,10.825797998199548,12.208764667990414,30.5026485525371,118.58984986268882,0,1
mazowieckie|sierpecki|Mochowo,mazowieckie,sierpecki,Mochowo,43,0,43,0.0,52.77732365576406,19.540832877650562,17.838290092072636,11.20048622867092,199.79752251929648,0.2152178838746464,1.2461756104135848,1.244990534509391,5.175474229874379,10.009575301871203,4,14,63,146,253,7.773409635615246,11.793730897222206,30.541407356265708,117.66309781283358,0,0
mazowieckie|sierpecki|Rościszewo,mazowieckie,sierpecki,Rościszewo,30,0,30,0.0,52.90584831969075,19.764234735176174,10.990233650048014,12.286009995635824,135.02612047886308,0.22217923386679975,1.312933192546415,1.3382245409842493,4.124219884315394,7.151393668825883,5,12,58,136,241,10.720165797354465,12.340457947368686,28.992470009505514,112.83125190164935,0,1
mazowieckie|sierpecki|Sierpc,mazowieckie,sierpecki,Sierpc,43,1,42,0.023255813953488372,52.83024970863902,19.665123529927087,14.02346126052148,16.174105817476015,226.81694635494998,0.18958019094705789,1.2821185320742678,1.4009875969716592,5.587868253528062,9.94964542453604,5,15,60,145,248,10.21973161561318,11.583982609962789,29.837802655902305,115.70570953037753,0,0
mazowieckie|sierpecki|Szczutowo,mazowieckie,sierpecki,Szczutowo,30,0,30,0.0,52.92340712870223,19.567476023925785,9.88677003312238,13.821222799213501,136.64725139237186,0.21954338410991783,1.3168498791229601,1.3716570571849045,4.4719281634139945,7.330673573419111,4,14,61,135,240,10.791309379997543,12.8634627738007,29.548298865038696,113.21366787682824,0,1
mazowieckie|sierpecki|Zawidz,mazowieckie,sierpecki,Zawidz,47,0,47,0.0,52.806837264926244,19.8682606913545,18.66867378805323,12.189810023076813,227.56758685916265,0.20653204899996336,1.2369653923634607,1.3071026421936642,5.193143395416111,10.763435118757448,5,13,58,143,251,11.977331252931197,13.383259108362243,29.491875169388642,115.71965560030048,0,1
mazowieckie|sochaczewski|Brochów,mazowieckie,sochaczewski,Brochów,31,0,31,0.0,52.334055797858326,20.31398766112966,10.789611816815512,11.284390489995106,121.75419297641179,0.2546113545839512,0.9933939269282013,1.1450545529909721,4.004909439297267,7.429014892279276,5,18,82,168,284,8.599838138104483,11.02126294741897,36.10928745747009,131.45227402835633,1,0
mazowieckie|sochaczewski|Iłów,mazowieckie,sochaczewski,Iłów,56,0,56,0.0,52.326104371091574,20.035247375498027,15.612421558019907,12.051517370266868,188.15336959840585,0.29762953551948756,1.0668054426172888,1.101175462365282,4.2604324198755466,9.799306015037379,7,16,72,162,285,10.420129854318715,11.621761272265724,35.17493294046521,130.90783305709996,1,1
mazowieckie|sochaczewski|Młodzieszyn,mazowieckie,sochaczewski,Młodzieszyn,28,0,28,0.0,52.32389512048031,20.18853127488996,11.680600504943323,9.805539099835778,114.53458496078329,0.24446764276124297,1.4599344967410883,1.4151614399023782,4.173896333173738,6.743566510044589,5,18,81,163,284,8.599838138104483,10.647661727288767,35.73673702400555,131.42600427368455,1,0
mazowieckie|sochaczewski|Nowa Sucha,mazowieckie,sochaczewski,Nowa Sucha,30,0,30,0.0,52.161774512963035,20.195256932346997,8.003170320042301,13.408416837884705,107.3098436757143,0.27956428760308977,1.245221479127802,1.2698761622963626,3.5288605863150875,8.030759921155868,7,19,80,171,286,7.237150117904168,10.344937998822292,37.13567067972396,134.9799917674048,1,0
mazowieckie|sochaczewski|Rybno,mazowieckie,sochaczewski,Rybno,25,0,25,0.0,52.23695013733927,20.108226459771274,9.031829223421685,9.011114905734518,81.38685094122376,0.30717492704140364,1.2549342063199596,1.2092783734871213,3.2553207201508823,5.891966233512039,6,19,76,165,289,7.1390983888664845,10.16051521165861,36.31094662438049,133.25667686475413,1,0
mazowieckie|sochaczewski|Sochaczew,mazowieckie,sochaczewski,Sochaczew,44,1,43,0.022727272727272728,52.228522824733595,20.272433175289017,12.404222503634086,13.190369323991936,163.6162759999055,0.2689219011440244,0.8439093104504747,0.9601316304098332,4.452175582159205,7.512795581907384,6,20,84,167,288,9.097150923130446,10.455386390253057,37.10845786529588,134.0039082825503,1,0
mazowieckie|sochaczewski|Teresin,mazowieckie,sochaczewski,Teresin,26,0,26,0.0,52.19612326244563,20.39767360845806,10.187813054447302,11.557828575986113,117.74899684749539,0.2208086751997925,1.1847657837193613,1.2620931277736094,4.150586080981876,6.541397873745099,7,19,83,169,290,7.444605407962339,10.10093165139374,38.14501941915806,135.09775027502798,1,0
mazowieckie|sokołowski|Bielany,mazowieckie,sokołowski,Bielany,28,0,28,0.0,52.33722547878926,22.2259513608196,7.398654669178202,15.301152528401976,113.20794359806914,0.24733246722871807,1.2174359684757325,1.1820409041643989,4.235371665055984,7.854645921160117,3,14,60,131,235,8.432728194808377,11.5691562372655,29.0860614539739,104.57324987621503,0,0
mazowieckie|sokołowski|Ceranów,mazowieckie,sokołowski,Ceranów,20,0,20,0.0,52.655798986756324,22.214920131523762,10.091907200803641,11.987560523413988,120.97734836631109,0.16532020473321482,1.3454435689787263,1.3810441658365569,3.967973259534264,6.559853606181747,6,13,55,129,218,8.446922135767366,10.735552834649356,27.303315901795607,97.2821267126292,0,0
mazowieckie|sokołowski|Jabłonna Lacka,mazowieckie,sokołowski,Jabłonna Lacka,27,0,27,0.0,52.478517558653586,22.450611647920237,13.745979227378427,11.46092715096156,157.541666543615,0.17138323208308273,1.0027085296740423,1.1345121192199534,4.607711405309475,8.574220779490878,5,14,57,115,216,11.103338979002814,12.356353053372302,26.320546580343176,94.89816664789056,0,1
mazowieckie|sokołowski|Kosów Lacki,mazowieckie,sokołowski,Kosów Lacki,32,1,31,0.03125,52.576640440884645,22.131909624396233,18.88135475606087,11.305217959397162,213.45783088596835,0.14991251371374972,1.5559735753443062,1.4355015244755305,5.414282622171287,11.407283946645649,4,15,57,136,229,10.434710786725086,12.707786644593627,27.98202990986185,101.17747380644295,0,1
mazowieckie|sokołowski|Repki,mazowieckie,sokołowski,Repki,42,0,42,0.0,52.37736832429997,22.43775330235819,12.845918129388767,15.485115890642465,198.92053095529013,0.2111395932752664,1.1154745515951099,1.2902018963896715,5.13196274990454,10.156914986633456,3,14,59,123,217,9.425450438277755,12.707789058173066,26.974203883395166,97.37437019518856,0,0
mazowieckie|sokołowski|Sabnie,mazowieckie,sokołowski,Sabnie,21,0,21,0.0,52.49158424258186,22.288048230277873,7.899246206567645,10.837319734101825,85.60665679896452,0.24530802609562966,1.301183261024465,1.1827307511751624,3.375333660203372,5.785304166093096,4,15,58,126,222,9.406829315787071,12.287783812639756,27.631896635043525,99.3726462560444,0,0
mazowieckie|sokołowski|Sokołów Podlaski,mazowieckie,sokołowski,Sokołów Podlaski,33,1,32,0.030303030303030304,52.41193017202146,22.196861620992852,16.141459344935935,15.938673370588297,257.273448223564,0.12826819179305224,1.2613548897319575,1.3896875765763221,5.84736180538618,9.998942619429284,5,14,59,136,238,8.538290521367532,11.748251539127011,28.8173640971024,103.70777122233973,0,0
mazowieckie|sokołowski|Sterdyń,mazowieckie,sokołowski,Sterdyń,25,0,25,0.0,52.57440020690851,22.31643889458559,8.845406437182943,13.223798935140753,116.96987622490695,0.2137302424081443,0.9233398962155979,1.204866405516585,4.341953724043491,7.64962516355279,5,15,57,124,215,9.406829315787071,11.732914525929592,27.046234636376884,96.7161889641196,0,0
mazowieckie|szydłowiecki|Chlewiska,mazowieckie,szydłowiecki,Chlewiska,26,0,26,0.0,51.24174365150952,20.763710615168705,14.248194223764274,9.117869478235088,129.91317523282575,0.20013366583800088,1.219737988927275,1.2127095157448955,4.493529788606125,7.841934184254356,4,19,71,147,278,6.3377314293703115,11.476324795475378,34.38984484460833,135.38694735954866,1,0
mazowieckie|szydłowiecki|Jastrząb,mazowieckie,szydłowiecki,Jastrząb,13,1,12,0.07692307692307693,51.24187750572337,20.959417451627818,8.435280251740762,7.2692463576972095,61.31813024612173,0.21200907378975778,1.3448911414252185,1.3061255520139023,3.0347116318650538,5.4769528335429545,8,19,70,151,284,6.554150484656436,8.884398928494916,35.213887232991276,135.0523967189938,0,0
mazowieckie|szydłowiecki|Mirów,mazowieckie,szydłowiecki,Mirów,8,0,8,0.0,51.19380455940445,21.013869122368675,5.5944129401599145,6.694253105302091,37.45041619700771,0.21361578354472865,1.9245007434709827,1.9665053712311065,2.7544211079870475,3.507445702923748,8,17,70,149,280,6.554150484656436,8.867756519204598,35.2421072324324,134.83376586921054,0,0
mazowieckie|szydłowiecki|Orońsko,mazowieckie,szydłowiecki,Orońsko,19,0,19,0.0,51.31962018399906,20.955660136984573,8.124880565014289,11.613948559858702,94.36194493707166,0.20135235674371454,1.615031767232065,1.6462903551148953,3.7986266513031284,6.279679796555721,8,18,68,150,285,7.083982662388538,9.769235663646118,35.04980403802807,134.90007218297995,0,0
mazowieckie|szydłowiecki|Szydłowiec,mazowieckie,szydłowiecki,Szydłowiec,26,1,25,0.038461538461538464,51.249543248170475,20.853905317223767,18.444701765312878,10.311338793418853,190.18956884571188,0.13670570977050833,1.1664249920782561,1.331418931696967,5.274269854323546,11.453468296954796,7,19,69,149,280,6.3377314293703115,9.91320485757537,34.900973868784355,135.3413534109055,0,0
mazowieckie|warszawski zachodni|Błonie,mazowieckie,warszawski zachodni,Błonie,33,1,32,0.030303030303030304,52.20454928779498,20.580034002427105,8.698213531484473,12.519669815653037,108.89876140023097,0.30303374965594426,1.1466269493783805,1.1307012221380492,4.055024625651475,6.5732225202013,10,25,81,170,286,6.336799166659923,9.70771401907383,39.40954505927638,135.39022670701218,1,0
mazowieckie|warszawski zachodni|Izabelin,mazowieckie,warszawski zachodni,Izabelin,7,0,7,0.0,52.2952465018486,20.821736714059472,3.102804482363601,6.228644695916678,19.326266681540538,0.36220135607908394,1.4465480416272585,1.5752899642078702,1.9618093139299861,3.293465438246859,9,24,85,168,278,4.347688562031756,9.04223838077291,39.29804301126595,132.66154453998325,1,0
mazowieckie|warszawski zachodni|Kampinos,mazowieckie,warszawski zachodni,Kampinos,29,0,29,0.0,52.273169215002994,20.4108717890291,10.389615472337237,11.810082642758966,122.70221735479,0.23634454719059655,1.2211831766848644,1.2409884541565792,3.695901305332179,6.238187842389521,7,20,81,169,287,8.614147895785909,10.904087082955773,37.40113876117333,133.34897856840564,1,0
mazowieckie|warszawski zachodni|Leszno,mazowieckie,warszawski zachodni,Leszno,31,0,31,0.0,52.261418447395805,20.586043239150072,8.086563658169805,16.2963540870914,131.7815047213403,0.23523786638763394,0.9375154733202083,1.1021949201839827,4.432217698136294,8.846549331511573,8,25,84,170,282,6.336799166659923,11.986007059642182,38.69132054114324,133.9938192495179,1,0
mazowieckie|warszawski zachodni|Ożarów Mazowiecki,mazowieckie,warszawski zachodni,Ożarów Mazowiecki,25,1,24,0.04,52.2187153361272,20.769884938556242,5.043356411585144,12.8231567437021,64.67174978011126,0.38656755206101356,1.0218038177627549,1.0850118430988034,3.665758063714002,6.640678243176922,11,26,82,171,281,4.881042989312226,6.9627494304771576,40.319734926399974,134.93134016503012,1,0
mazowieckie|warszawski zachodni|Stare Babice,mazowieckie,warszawski zachodni,Stare Babice,23,0,23,0.0,52.25826806919657,20.80097425700171,5.825718725777019,12.450550311900798,72.53340409826939,0.31709527887094946,0.9591649660917543,0.9946326781137766,3.5917402369510576,6.802032698788275,10,27,84,172,279,4.347688562031756,7.989933596219297,39.8313774153712,133.79872445424996,1,0
mazowieckie|warszawski zachodni|Łomianki,mazowieckie,warszawski zachodni,Łomianki,10,1,9,0.1,52.354126975248434,20.86207771471478,4.136033343398226,4.084098867832484,16.891969095090097,0.5919972943182006,1.2749740761796384,1.2474686030700293,1.810199019904914,2.8746473708477973,8,25,80,165,278,6.64497151134775,8.73515848846815,38.46288122953254,130.65325567009629,1,0
mazowieckie|wołomiński|Dąbrówka,mazowieckie,wołomiński,Dąbrówka,27,0,27,0.0,52.488280905031395,21.263524838317444,8.303819884990597,14.168362860241748,117.65153325663768,0.2294912718315697,1.4377235961024173,1.3787395803170397,4.288942873166927,8.908735968476655,4,18,74,160,262,8.698314275096577,11.4806526103626,34.22931261139355,121.06434756523588,1,0
mazowieckie|wołomiński|Jadów,mazowieckie,wołomiński,Jadów,29,1,28,0.034482758620689655,52.4844907729516,21.61599929083189,11.169572951422051,11.605063316367533,129.62360131803908,0.22372468983365773,1.3339411058306678,1.4150608852645998,3.9665771167683017,6.868401979869406,4,15,68,154,257,8.343603363935257,11.369778156308906,31.606424800602294,114.78427654919761,0,0
mazowieckie|wołomiński|Klembów,mazowieckie,wołomiński,Klembów,17,0,17,0.0,52.40432656775295,21.329901474495,7.243956005373095,10.24029083707905,74.18021630602586,0.22917161537878994,1.2293993021348604,1.3151314425356018,3.4983861841836035,6.297556730558027,7,20,76,161,266,7.525729204126948,9.667590152549385,35.41963536312148,123.11869900571477,1,0
mazowieckie|wołomiński|Kobyłka,mazowieckie,wołomiński,Kobyłka,1,1,0,1.0,52.33934335368086,21.1959654161314,0.001,0.001,1e-06,1000000.0,,,0.0,0.0,9,21,78,165,275,4.6414908630742575,6.627046084273689,37.645522886372945,127.52911268769415,1,0
mazowieckie|wołomiński|Marki,mazowieckie,wołomiński,Marki,1,1,0,1.0,52.33435216902715,21.11422882555264,0.001,0.001,1e-06,1000000.0,,,0.0,0.0,8,20,84,164,276,4.082970509490228,7.050447370098422,38.11481312244348,128.79046504913347,1,0
mazowieckie|wołomiński|Poświętne,mazowieckie,wołomiński,Poświętne,26,0,26,0.0,52.33062847843815,21.404927500683304,8.023642710214068,12.003705105496003,96.31344096527239,0.2699519375429104,1.2649060089555448,1.1885326260033078,3.7873330301569315,7.218013462081731,8,21,78,162,267,9.579464607213422,10.469098531625146,35.732376463805636,123.98596700904383,1,0
mazowieckie|wołomiński|Radzymin,mazowieckie,wołomiński,Radzymin,24,1,23,0.041666666666666664,52.43112209243669,21.175877236807057,16.14820594558551,12.107238178292269,195.5101755353191,0.12275575905083456,1.51821332164567,1.7218455247858995,4.971956684031714,9.789371505394062,8,20,80,161,268,8.698314275096577,10.137329177112813,35.9948672750582,124.60598944252973,1,0
mazowieckie|wołomiński|Strachówka,mazowieckie,wołomiński,Strachówka,22,0,22,0.0,52.41004708455867,21.631433959512286,9.891521580580127,12.06330884202256,119.32447974406921,0.18437122078542703,1.2724068495372132,1.3913333228868259,4.35461609537,8.218973694007488,4,14,69,157,257,8.343603363935257,11.617855791503361,32.573726199534626,116.92061553304903,0,0
mazowieckie|wołomiński|Tłuszcz,mazowieckie,wołomiński,Tłuszcz,36,1,35,0.027777777777777776,52.42987684294145,21.470327545367212,10.613612392549173,10.193810007143407,108.19314821910903,0.33273826108742155,0.9828860162478451,1.1301440436269752,3.561664776916811,6.304124357915158,5,18,70,159,260,8.420675223183386,10.597737690867993,33.688455745474954,119.56939848466115,0,0
mazowieckie|wołomiński|Wołomin,mazowieckie,wołomiński,Wołomin,15,1,14,0.06666666666666667,52.34858506513561,21.26702128563444,7.63681912014313,7.683502078117886,58.67751557983015,0.25563454505146277,1.3626124822841361,1.3483664745242372,3.023108328828711,5.923420867255224,9,20,81,162,266,4.935092648870344,8.310351897984159,36.917562205328764,126.07437945136914,1,0
mazowieckie|wołomiński|Zielonka,mazowieckie,wołomiński,Zielonka,1,1,0,1.0,52.30661096045772,21.15358523853084,0.001,0.001,1e-06,1000000.0,,,0.0,0.0,8,24,80,165,277,3.0893969806279693,6.525526386449121,38.25348016591159,129.04956347735686,1,0
mazowieckie|wołomiński|Ząbki,mazowieckie,wołomiński,Ząbki,1,1,0,1.0,52.28933083330596,21.11801032483078,0.001,0.001,1e-06,1000000.0,,,0.0,0.0,7,26,82,163,276,3.0893969806279693,7.533922352074486,38.46306774295516,129.9047141397533,1,0
mazowieckie|wyszkowski|Brańszczyk,mazowieckie,wyszkowski,Brańszczyk,21,0,21,0.0,52.66090367560944,21.629265769918693,10.893408819798177,14.610992960668058,159.1635195837505,0.13193978152104116,1.5203363395084766,1.5769175790397458,4.482264733147354,9.643841578062172,3,12,65,142,241,12.343696922187068,14.884260869223947,28.76306731535613,108.05996270208698,0,1
mazowieckie|wyszkowski|Długosiodło,mazowieckie,wyszkowski,Długosiodło,41,0,41,0.0,52.76250241225693,21.555432499096312,13.053446009883627,13.446968691104436,175.52927980592727,0.2335792640711075,1.1957502067192793,1.2520828463968556,4.65000370193589,8.147035332841327,5,11,58,138,234,12.343696922187068,13.704445165615974,27.96163532237877,105.45790935670195,0,1
mazowieckie|wyszkowski|Rząśnik,mazowieckie,wyszkowski,Rząśnik,28,0,28,0.0,52.724741163795606,21.378772856736248,15.94352901987791,9.851254935804155,157.06376895120906,0.17827154019650476,1.441676417067808,1.5848911755173865,5.114964385365051,9.731871950051302,3,14,60,144,247,7.913862850731253,12.761332129606085,29.468634156288406,109.71471857042218,0,0
mazowieckie|wyszkowski|Somianka,mazowieckie,wyszkowski,Somianka,28,0,28,0.0,52.57773002765411,21.271099761044088,10.777820980905293,12.893690148661648,138.9658842055374,0.2014883016797606,1.1230915838140623,1.233469098349848,4.538754248229041,8.238146863334608,4,14,70,153,260,7.36003904822,11.845855627150572,32.40483030681786,117.32538424039653,0,0
mazowieckie|wyszkowski|Wyszków,mazowieckie,wyszkowski,Wyszków,29,1,28,0.034482758620689655,52.58630245218264,21.445061641324624,11.566560050710493,15.399065408833613,178.1142147760927,0.16281687588189347,1.3093062082173816,1.5096642194794574,4.845355675908519,10.255842804196966,3,13,68,152,260,9.07281202720278,13.604687068252854,31.052286254743855,114.13696148090905,0,0
mazowieckie|wyszkowski|Zabrodzie,mazowieckie,wyszkowski,Zabrodzie,22,0,22,0.0,52.504841628123174,21.452714172484576,6.378632188113945,14.001484919318553,89.31032238775731,0.24633210822465654,1.4848930626235348,1.5250176366995873,3.9834265791665175,7.386955254963865,6,14,70,156,257,8.420675223183386,11.130176425919585,32.528535513886,117.19454051578921,0,0
mazowieckie|węgrowski|Grębków,mazowieckie,węgrowski,Grębków,28,0,28,0.0,52.26231133855817,21.96856329897805,11.442356773044411,13.411386099864126,153.45786457569395,0.18246050847520326,1.5364847696461374,1.3976620820802292,4.489593925696761,7.436550258950608,5,18,65,144,255,10.182667719916358,10.970456566401719,31.395285128064987,112.97631094849278,0,0
mazowieckie|węgrowski|Korytnica,mazowieckie,węgrowski,Korytnica,41,0,41,0.0,52.41540924593528,21.81825248136428,14.27031208079801,14.72738148856595,210.16432997480365,0.19508543626273517,1.5624345654308704,1.4825935665896846,5.202362144048382,8.872640184082517,6,15,66,150,256,11.301137711601111,12.75288876442437,31.11568440542676,112.71761738975154,0,1
mazowieckie|węgrowski|Liw,mazowieckie,węgrowski,Liw,22,0,22,0.0,52.37097049034724,22.003699227625273,18.714109186205327,12.509872809618116,234.11112566473463,0.09397246686817316,1.881361627768538,2.127322895627094,6.536713911210679,12.336064665037991,7,15,63,136,249,3.2411350601624367,11.061182103223704,30.546757289719146,109.69981459886539,0,0
mazowieckie|węgrowski|Miedzna,mazowieckie,węgrowski,Miedzna,14,0,14,0.0,52.492435215885855,22.05243473730601,13.873381437133377,9.718895879439627,134.83394968324978,0.1038314165897285,2.04947924678359,2.1486400614747074,5.080367167687603,8.698161137409764,5,14,60,137,238,10.668739032994583,12.03757521057696,29.019173361160277,105.27303242809471,0,1
mazowieckie|węgrowski|Sadowne,mazowieckie,węgrowski,Sadowne,23,0,23,0.0,52.63640889667937,21.861071905175226,9.193636665749603,17.24093041605438,158.5068500246751,0.14510413900988847,1.6350556044552293,1.6560358373027984,5.226011707671974,8.916574891811406,4,13,60,143,239,8.916736742861978,12.681303762319228,28.272832179463812,104.86678041639469,0,0
mazowieckie|węgrowski|Stoczek,mazowieckie,węgrowski,Stoczek,25,0,25,0.0,52.53427542450832,21.89614166441494,11.128108317843633,10.433225662684455,116.10206527885853,0.21532778025915397,1.4526823463554257,1.6409665173897208,4.38505172443658,7.8575748009329365,4,14,64,139,245,11.488084690641609,13.099183890765024,29.254184546952814,107.43799138482635,0,1
mazowieckie|węgrowski|Wierzbno,mazowieckie,węgrowski,Wierzbno,32,0,32,0.0,52.31523876386802,21.846391290466656,10.70186392016738,13.400914503120166,143.41476341818947,0.22312905057542634,1.1956520081641722,1.1265665515288865,4.103966761698942,7.13738794287005,7,17,68,148,257,10.035715660694486,10.85921576455787,31.99913404894057,114.78879717621743,0,0
mazowieckie|węgrowski|Węgrów,mazowieckie,węgrowski,Węgrów,1,1,0,1.0,52.3989026312763,22.017349363836,0.001,0.001,1e-06,1000000.0,,,0.0,0.0,5,14,60,139,245,3.2411350601624367,10.936074929392758,30.219871266952648,108.66416092671301,0,0
mazowieckie|węgrowski|Łochów,mazowieckie,węgrowski,Łochów,32,1,31,0.03125,52.542866452263425,21.72686791572815,14.075742879528402,16.880477122775286,237.6052556639463,0.13467715564868968,1.6958070651534913,1.7560117403357722,5.35691180108403,10.294585833955198,4,12,69,149,248,9.92077345501366,13.071800166305419,29.958476035853494,110.54300562302684,0,0
mazowieckie|zwoleński|Kazanów,mazowieckie,zwoleński,Kazanów,30,1,29,0.03333333333333333,51.2635780525409,21.420086818084886,9.028776611506956,13.484940491231507,121.75251531479415,0.24640148026867661,1.1033887282343868,1.099009210978512,3.882616086256633,8.209577906599698,4,16,70,160,280,7.66066444038864,11.283136820201436,33.932288369132294,131.01215370102344,0,0
mazowieckie|zwoleński|Policzna,mazowieckie,zwoleński,Policzna,30,0,30,0.0,51.42816569456401,21.668043230837082,10.9376958378126,12.996432137336944,142.1510216949642,0.2110431542614989,1.4121520879811658,1.410148201772089,4.302539119905486,7.444610397875567,6,16,68,161,281,7.386700363288905,10.64051250059531,33.752658559310944,127.80519572816675,0,0
mazowieckie|zwoleński|Przyłęk,mazowieckie,zwoleński,Przyłęk,31,0,31,0.0,51.33630008776981,21.751335646010663,11.650179744866437,11.379571881462523,132.57405783866633,0.23383156935367327,1.3145234957695862,1.3715235171813973,4.198171146928207,8.306223094082595,7,17,66,162,278,9.753435349167471,11.045446076073961,34.00883426877175,127.26934060874746,0,0
mazowieckie|zwoleński|Tczów,mazowieckie,zwoleński,Tczów,18,0,18,0.0,51.32936612622583,21.452795464866412,6.8606586985200675,11.25164146274236,77.19367187399243,0.23317973563147004,1.3314858843019244,1.4118446654356296,3.817234293593855,5.799640079832526,7,17,70,157,279,7.66066444038864,10.553390588644314,33.89036389969205,130.53548879393787,0,0
mazowieckie|zwoleński|Zwoleń,mazowieckie,zwoleński,Zwoleń,48,1,47,0.020833333333333332,51.35012225039526,21.600084266459373,13.635427349328618,14.707231255947042,200.53938330024096,0.2393544809506868,1.0196257664141177,1.0688782050092993,4.9098851176647,9.886173916991297,5,17,72,157,283,9.876501475194015,11.96877084097753,33.74244199067245,128.86902011055184,1,0
mazowieckie|łosicki|Huszlew,mazowieckie,łosicki,Huszlew,25,0,25,0.0,52.119937434724626,22.819237682990277,11.09058871740079,11.548504025340371,128.07970844629753,0.1951909502548738,0.9864577484808359,1.087358121745897,4.0364787226807355,6.294567215661882,5,15,47,111,186,11.172279772086467,12.252420993367576,23.70841865962313,88.18559150336516,0,1
mazowieckie|łosicki|Olszanka,mazowieckie,łosicki,Olszanka,17,0,17,0.0,52.157079891544484,22.66712919706295,8.750881265413176,10.351436444310277,90.58419125062998,0.18767071566565177,1.4421557147093829,1.5317152055683498,3.229958568461041,5.503995822959198,5,11,52,116,205,8.88758148739682,11.796321127868255,25.371819835398995,93.36920724382122,0,0
mazowieckie|łosicki|Platerów,mazowieckie,łosicki,Platerów,23,0,23,0.0,52.2923012607581,22.804257951689454,16.257219192733096,11.89081744995355,193.31162566467046,0.11897887631392191,1.3311384398633979,1.2617087023267828,4.68650550672624,8.638507240965355,5,14,46,106,185,8.946789383512256,12.331865766363421,23.320163654143805,85.98144626539252,0,0
mazowieckie|łosicki|Sarnaki,mazowieckie,łosicki,Sarnaki,32,0,32,0.0,52.30424083501046,22.946471317174172,15.908034659885317,18.329007095696312,291.5784801596208,0.10974746827160227,1.3991556587381728,1.5012967828076362,5.895308452399398,10.892428370441014,3,12,46,95,167,9.761418254390183,12.694477584007373,21.27911791923266,80.04294365735376,0,0
mazowieckie|łosicki|Stara Kornica,mazowieckie,łosicki,Stara Kornica,18,0,18,0.0,52.198604365275145,22.929129919049203,10.492281392441397,11.926895982482318,125.14034878658327,0.14383849952901714,1.7360179431584206,1.8014612658184257,4.335797310284736,6.5219387785247624,6,13,44,99,175,10.590689824199709,11.676616463017577,22.16387787256577,82.5704376408654,0,1
mazowieckie|łosicki|Łosice,mazowieckie,łosicki,Łosice,20,1,19,0.05,52.21931522344836,22.748933913106885,11.469116087220955,10.8255900352715,124.15994882719123,0.16108254061731675,1.3633957492243816,1.683212137351759,4.198359927569703,6.738024643828028,5,13,48,113,192,8.88758148739682,10.947556781921868,24.389489151498584,89.38048641426428,0,0
mazowieckie|żuromiński|Bieżuń,mazowieckie,żuromiński,Bieżuń,27,1,26,0.037037037037037035,52.961124866967275,19.949057302603002,10.242905551411134,12.407258609698758,127.086378091077,0.21245392626305185,1.5874839797135791,1.4341782727565477,4.255425678391809,7.759215699544511,6,14,59,130,239,10.152138975751917,11.922275312028283,28.114763333154208,109.93985996128255,0,0
mazowieckie|żuromiński|Kuczbork-Osada,mazowieckie,żuromiński,Kuczbork-Osada,22,0,22,0.0,53.10700439305963,20.04517512070183,12.40439425006795,10.874706804079857,134.89415055170298,0.16309083759393792,1.6309443252258704,1.5927761733584624,4.302711529743732,6.954646542835716,3,13,53,113,216,10.840513210705842,13.365931138187852,26.172381320169876,103.42298044255719,0,1
mazowieckie|żuromiński|Lubowidz,mazowieckie,żuromiński,Lubowidz,38,1,37,0.02631578947368421,53.11053284270843,19.795244077248498,17.693684680301484,19.43604179088031,343.89519488099836,0.11049878150565476,1.2920859150275357,1.554687420058687,7.196659874977185,12.411228394099917,3,13,54,120,224,10.391713503637062,13.629971747093794,26.9543296959841,105.14737034235998,0,1
mazowieckie|żuromiński|Lutocin,mazowieckie,żuromiński,Lutocin,24,0,24,0.0,53.00234545738966,19.779585423058133,11.185297159041257,9.976101996263122,111.58566531710771,0.21508138999571344,1.6950567410132935,1.6192100806867373,3.7192236925559854,7.314375970325687,5,15,58,132,231,10.408514978232525,11.545114765921031,28.20001113051766,109.39901126989889,0,1
mazowieckie|żuromiński|Siemiątkowo,mazowieckie,żuromiński,Siemiątkowo,31,0,31,0.0,52.873680451348655,20.038517103369518,10.115781413769708,10.812431346549145,109.37619205308282,0.2834254824391306,1.0837573657269315,1.234586524825013,4.128361027914901,7.434486392059327,4,12,57,135,249,8.928903959966007,12.609705756001583,28.696951994889908,112.72736273373026,0,0
mazowieckie|żuromiński|Żuromin,mazowieckie,żuromiński,Żuromin,25,1,24,0.04,53.04990238018545,19.91363645020551,8.333265223992633,19.783879461303275,164.8643147105407,0.15163985028472393,1.761410852256131,1.6130305954767448,5.383321899341771,10.21292416561816,4,13,56,120,226,10.152138975751917,11.509665673014513,27.29426800894506,106.72911301533645,0,0
mazowieckie|żyrardowski|Mszczonów,mazowieckie,żyrardowski,Mszczonów,67,1,66,0.014925373134328358,51.936753996881606,20.546152698060293,18.783737740509483,15.606118852821538,293.14124367862047,0.22855876286536503,0.8755899893101291,0.9730900118308379,5.423387801360019,11.739007926812835,7,20,80,172,291,9.010322142303513,11.451825777097966,37.514230367744815,137.08786027485831,1,0
mazowieckie|żyrardowski|Puszcza Mariańska,mazowieckie,żyrardowski,Puszcza Mariańska,41,0,41,0.0,51.97025777774263,20.351952184855385,11.496666261613841,12.465048338809954,143.30650068618206,0.286100070852915,1.099980889368795,1.1804494462094657,4.242933847656839,7.62921094683487,7,19,80,172,287,10.176742244748379,11.929550334892427,37.47009944089628,137.16228955572743,1,0
mazowieckie|żyrardowski|Radziejowice,mazowieckie,żyrardowski,Radziejowice,24,0,24,0.0,52.01716016576521,20.52983914183337,7.025394132304057,11.320273350931338,79.529381975711,0.30177526096367524,1.4249077147053182,1.299029037929621,3.878128998939623,6.838294066275852,7,20,79,176,288,6.797291609679208,8.79976372374512,38.676682220018236,137.27148206457935,1,0
mazowieckie|żyrardowski|Wiskitki,mazowieckie,żyrardowski,Wiskitki,39,1,38,0.02564102564102564,52.085553121518785,20.349883230616097,13.78345962533756,12.48149724569614,172.0382133498147,0.22669382133549115,1.2761918785403088,1.2928936578915424,4.6744432205507636,7.846761045495443,8,21,82,173,289,7.390328205826454,11.025979660678447,38.07177245118468,136.51975582520447,1,0
mazowieckie|żyrardowski|Żyrardów,mazowieckie,żyrardowski,Żyrardów,1,1,0,1.0,52.0562027539337,20.44689363491534,0.001,0.001,1e-06,1000000.0,,,0.0,0.0,7,22,81,174,286,5.3363949588004935,8.48468444355716,38.670339854277,137.07465461289414,1,0
małopolskie|Kraków|Kraków,małopolskie,Kraków,Kraków,1,1,0,1.0,50.061781182988,19.9373697234367,0.001,0.001,1e-06,1000000.0,,,0.0,0.0,8,25,95,212,337,8.915698246333475,11.885813753022584,43.4334744982108,138.50344049561917,1,0
małopolskie|Nowy Sącz|Nowy Sącz,małopolskie,Nowy Sącz,Nowy Sącz,1,1,0,1.0,49.62025418126497,20.70214316576697,0.001,0.001,1e-06,1000000.0,,,0.0,0.0,8,20,71,142,228,3.900402960933109,8.487019522051645,33.10860428163154,104.35924869351223,1,0
małopolskie|Tarnów|Tarnów,małopolskie,Tarnów,Tarnów,1,1,0,1.0,50.0125044210521,20.9883644616795,0.001,0.001,1e-06,1000000.0,,,0.0,0.0,8,19,85,180,292,3.023723189170658,7.828505008810682,38.98317486705831,126.88491387872673,1,0
małopolskie|bocheński|Bochnia,małopolskie,bocheński,Bochnia,32,1,31,0.03125,49.97865581962739,20.408417726629782,20.99878667037454,14.482258580075712,304.10985842821117,0.10522513201443612,1.42723319603452,1.4723427945091867,6.57731131704689,13.929130904989353,7,26,98,194,302,9.356829235047682,11.470069573612525,41.25600326688883,132.04257137733646,1,0
małopolskie|bocheński|Drwinia,małopolskie,bocheński,Drwinia,13,0,13,0.0,50.10044841527755,20.45499394496056,9.073139344872402,8.773559846798731,79.60373104058225,0.16330892823820728,1.6128401078166024,1.7537355844525895,3.2889584043266447,5.677408198340426,7,20,89,195,318,7.047864836146833,10.77874083114843,41.019852151417744,135.7480153713283,1,0
małopolskie|bocheński|Lipnica Murowana,małopolskie,bocheński,Lipnica Murowana,5,0,5,0.0,49.85928883602788,20.517078174591802,7.234932992696231,4.426716027493723,32.02699383661153,0.15611830524925102,2.2904509804749047,2.6575007231355583,2.490114190719372,4.599351102395656,7,24,92,180,276,6.030108465276909,8.532860788555654,40.39125433461908,125.24086884148645,1,0
małopolskie|bocheński|Nowy Wiśnicz,małopolskie,bocheński,Nowy Wiśnicz,12,1,11,0.08333333333333333,49.90551915826844,20.473082920192343,8.696792151959636,8.560255999814437,74.44676719795159,0.1611890005658994,2.07101414897397,2.0008833703087245,3.2268589265376075,5.418359976200395,9,24,93,183,282,6.030108465276909,9.656229430756317,40.88513911965848,128.16209749788538,1,0
małopolskie|bocheński|Rzezawa,małopolskie,bocheński,Rzezawa,11,0,11,0.0,50.021947111041754,20.52753198846187,10.531028580942467,5.327846246805865,56.107701099979614,0.19605151849652233,1.882856506292263,1.5745757114267265,3.5116379697247795,5.734479660819323,6,24,91,191,303,8.168170137229914,10.78186569150086,40.880667691083275,132.64400540174742,1,0
małopolskie|bocheński|Trzciana,małopolskie,bocheński,Trzciana,7,0,7,0.0,49.83346970114114,20.37421591105044,5.965016509578091,4.079745078673188,24.335746749155533,0.28764270404987285,1.9198547784250368,1.907997905689053,2.150668269917815,3.4140250123328864,10,24,95,180,280,4.692297512897899,8.671059626949393,40.5639828928652,124.82433071179608,1,0
małopolskie|bocheński|Łapanów,małopolskie,bocheński,Łapanów,17,0,17,0.0,49.86462340876045,20.301144649589066,9.05122361225429,7.458991207418568,67.51299734018409,0.25180336631094163,1.281944619194534,1.4886923524770215,2.9752308334520188,5.5739596721489155,9,23,97,188,287,6.280827672802403,8.971285170971381,41.1424722734436,127.24176820216522,1,0
małopolskie|bocheński|Żegocina,małopolskie,bocheński,Żegocina,5,0,5,0.0,49.81041286691338,20.42899706957648,4.496336259293351,4.496147516617602,20.216191106099476,0.2473265104073654,2.1170355615486365,2.253258026315669,2.134796194864908,2.987632392259379,9,24,91,174,273,4.692297512897899,8.492391624762657,40.02485372726566,122.8844291194496,1,0
małopolskie|brzeski|Borzęcin,małopolskie,brzeski,Borzęcin,4,0,4,0.0,50.03504352320845,20.69840283266805,5.539773285687305,4.79618115787998,26.56975625174032,0.15054710935626292,2.7249760609098477,3.213204986919769,2.7181226720434486,3.6800905151481023,7,25,88,185,299,7.687959887431686,10.848111348958104,40.3340781442744,131.39115605715023,1,0
małopolskie|brzeski|Brzesko,małopolskie,brzeski,Brzesko,10,1,9,0.1,49.98417012995102,20.625548595088834,10.638784337281999,10.393474778315033,110.57393668147347,0.0904372250832188,2.3214146197008967,2.4322275209657738,4.112045732791968,7.129527807921956,6,20,94,188,294,7.5994965759851185,9.504685519650529,40.60554225119839,130.28698019722358,1,0
małopolskie|brzeski|Czchów,małopolskie,brzeski,Czchów,10,1,9,0.1,49.8439811354997,20.67796268587894,7.212036332983324,6.334230450838419,45.682700152936015,0.21890124634756955,1.6269021170866358,1.5789691009223876,2.8598762321577844,4.652348020977231,8,25,93,177,271,6.5748018668090085,9.239984073769515,39.36064479343785,122.5901314459877,1,0
małopolskie|brzeski|Dębno,małopolskie,brzeski,Dębno,13,0,13,0.0,49.949120975792475,20.71676318045602,10.950666441146042,5.358468214934239,58.67879805722811,0.22154509687334417,1.9762868277190404,1.8680865477595243,3.7132238560442725,5.891010087143258,7,23,93,184,288,7.318427784059587,9.091654300834051,40.142884715441646,127.78456894863263,1,0
małopolskie|brzeski|Gnojnik,małopolskie,brzeski,Gnojnik,7,0,7,0.0,49.89348314649295,20.6277908252687,5.047623454095,6.75095414178782,34.07627446360798,0.20542151717540907,1.263612489830739,1.6089991938704924,2.744973056331573,4.032283384252822,8,21,94,181,277,6.5748018668090085,9.099712213867784,40.1990021743272,126.02869245386017,1,0
małopolskie|brzeski|Iwkowa,małopolskie,brzeski,Iwkowa,7,0,7,0.0,49.7938666104464,20.58770660254247,3.821854619390546,3.8054729633622553,14.543964423991865,0.4812993071168912,1.1854122566532013,1.468496925233748,1.6080454308527412,2.4872009826598487,9,23,86,171,263,6.024741989874347,8.351147784034785,39.04564186222206,120.2932208811877,1,0
małopolskie|brzeski|Szczurowa,małopolskie,brzeski,Szczurowa,21,0,21,0.0,50.12899175983433,20.62163561735894,13.315587933457072,14.450681633069605,192.41932198353138,0.1091366489785123,1.5427787038674918,1.8301059462616522,4.643486136066743,7.72775902811834,7,21,87,183,312,6.445621054497521,10.685719289099874,40.49875225417928,134.95937643193875,1,0
małopolskie|chrzanowski|Alwernia,małopolskie,chrzanowski,Alwernia,11,1,10,0.09090909090909091,50.056701738029005,19.543636418493406,8.274270092358877,6.466636534935617,53.50669727917302,0.20558174133991347,1.7896849025837447,1.87723892879208,3.0314447973070755,4.588825357171852,10,25,109,222,328,7.498483637066738,9.445168226918444,46.92019088762315,140.24060228526,1,0
małopolskie|chrzanowski|Babice,małopolskie,chrzanowski,Babice,7,0,7,0.0,50.06169790635376,19.434156332718732,5.707844425848638,8.316153522575416,47.4673105283336,0.1474699097565607,1.441214328906918,2.3155682865949805,2.862185418960084,4.540146967601402,10,27,118,221,324,7.644723144829896,8.13742099752324,48.108686024354625,140.57230644444337,1,0
małopolskie|chrzanowski|Chrzanów,małopolskie,chrzanowski,Chrzanów,5,1,4,0.2,50.136485370642276,19.41626466680088,8.280426353089071,5.946569851499526,49.24013370884164,0.10154318486552347,2.9914102336229798,2.5983166891712806,3.6700161416700694,5.3892519859683325,8,29,114,230,329,6.887089220584032,9.95136775848324,47.57358101919432,142.78182643192304,1,0
małopolskie|chrzanowski|Libiąż,małopolskie,chrzanowski,Libiąż,3,1,2,0.3333333333333333,50.082464150803965,19.323344668869268,5.136020533058506,4.201644689056009,21.57973339560788,0.13901932637455983,3.243566598727334,3.7431846966826634,2.661587356428788,3.378069052342507,10,29,123,226,319,5.510401527680448,8.04921370716497,49.061689457646914,141.0820363392906,1,0
małopolskie|chrzanowski|Trzebinia,małopolskie,chrzanowski,Trzebinia,11,1,10,0.09090909090909091,50.16710158831467,19.500291786022544,10.307366397298232,6.5291702909347915,67.29855045901918,0.16345077159868912,1.9364587621767932,2.102685629473168,3.556934925336152,5.837643896561579,6,25,107,225,341,6.887089220584032,10.678003480897,46.27181230989726,143.28163769718998,1,0
małopolskie|dąbrowski|Bolesław,małopolskie,dąbrowski,Bolesław,9,0,9,0.0,50.27313374843022,20.886478199105493,5.990832620126469,4.821465360209516,28.88459195675299,0.3115848066496876,1.5877705273561953,1.5095489458036877,2.323222703368819,3.276769592002111,9,20,80,176,311,6.179473271716253,7.811826166390536,39.07078251344343,134.75962858826975,1,0
małopolskie|dąbrowski|Dąbrowa Tarnowska,małopolskie,dąbrowski,Dąbrowa Tarnowska,13,1,12,0.07692307692307693,50.16887175701171,21.016787439953944,12.9942938765919,8.385455875069832,108.9630779298515,0.11930646827330971,2.5116249872558405,2.43444384448155,4.509048751997332,7.84655222963964,7,20,80,182,305,7.266952423535186,9.83420486624876,38.62500104235595,131.11170634346811,1,0
małopolskie|dąbrowski|Gręboszów,małopolskie,dąbrowski,Gręboszów,15,0,15,0.0,50.245847141839356,20.78892691147172,6.524254789437599,6.49019286666509,42.34367189471345,0.35424419585758055,1.2372764529233375,1.2674652312395414,2.5969634485471724,3.699434721431927,8,22,80,184,316,6.3587011647973615,7.849190929010275,39.62440035129578,135.50511260506258,1,0
małopolskie|dąbrowski|Mędrzechów,małopolskie,dąbrowski,Mędrzechów,7,0,7,0.0,50.28168040000143,20.972403113261297,5.472583595355383,5.633576070067647,30.830215984238855,0.22704998250996905,1.420986410723679,2.055720049796732,2.8989806270316554,3.7643127123736675,9,21,77,175,317,6.179473271716253,9.449063578711826,38.530757066493365,133.77228826600623,1,0
małopolskie|dąbrowski|Olesno,małopolskie,dąbrowski,Olesno,13,0,13,0.0,50.20974433303823,20.910300594168195,7.712640097936593,7.373158324164203,56.86651653938381,0.2286055273140679,1.805323713298333,1.7859094693625048,3.243051951263873,4.88513688729418,9,20,80,184,310,7.249326191827139,8.409141938061222,39.33579448441561,133.5298632699611,1,0
małopolskie|dąbrowski|Radgoszcz,małopolskie,dąbrowski,Radgoszcz,5,0,5,0.0,50.18914632303522,21.11380431744364,11.23828507761916,2.606751267954335,29.29541387571603,0.17067517875706378,1.6325486012625807,2.26063918051186,3.8257529152264427,6.661701056452452,7,19,78,178,308,7.266952423535186,11.341786045706934,37.78983291694743,130.02612443072164,1,0
małopolskie|dąbrowski|Szczucin,małopolskie,dąbrowski,Szczucin,18,1,17,0.05555555555555555,50.29999172656156,21.09654030762085,10.22840642101652,12.88566595882094,131.7998284322781,0.13657073923467836,1.6439437635579561,1.7794128580609976,4.151840186030456,7.245528249474531,6,22,75,179,313,9.050895698271804,11.030410916710142,37.70740743776503,132.32687709176764,1,0
małopolskie|gorlicki|Biecz,małopolskie,gorlicki,Biecz,11,1,10,0.09090909090909091,49.73375034965766,21.220686840291133,7.654862860074032,13.540911498174076,103.65382051892215,0.10612247522503944,2.1483693351245887,2.3493356451302616,4.360388483041324,7.330767186352481,8,23,73,153,242,9.08193745435931,9.70200123456427,33.905144063664416,107.34451491640814,1,0
małopolskie|gorlicki|Bobowa,małopolskie,gorlicki,Bobowa,7,1,6,0.14285714285714285,49.70829015212862,20.950877296057424,6.625706535503706,5.333149394472461,35.33588279777381,0.1980989137885924,1.8535487093285468,2.2085142334696615,2.5909754134623673,3.7746071565257453,7,22,77,149,243,7.343374812192022,8.618093841260883,34.61078894750344,109.13171548135998,1,0
małopolskie|gorlicki|Gorlice,małopolskie,gorlicki,Gorlice,11,1,10,0.09090909090909091,49.66299706590912,21.15622470511935,14.514854751912942,9.5142044404559,138.09729553322254,0.07965398567384466,2.6144687695030044,2.7857888399938067,4.562547630929225,8.326665416979555,6,18,70,140,231,8.35313173324504,10.08276504876348,31.671512921523863,102.17900232974901,0,0
małopolskie|gorlicki|Lipinki,małopolskie,gorlicki,Lipinki,6,0,6,0.0,49.66626851495794,21.30116510699838,6.175410881510826,5.866008860050885,36.22501494539715,0.1656314016445251,2.8123060027903755,2.889581040725789,2.8024601767542747,3.8489721160543238,6,19,71,138,226,7.9850631586113785,9.91306097957192,31.2646096047023,100.47288419652222,1,0
małopolskie|gorlicki|Moszczenica,małopolskie,gorlicki,Moszczenica,2,0,2,0.0,49.74040392230561,21.063625718764563,3.3999475592907142,5.7615331856488705,19.58891069231933,0.1020985817646402,6.682403170766413,6.682403170766413,3.3412017734811883,3.341591758631919,8,20,76,153,247,5.217392556272706,8.217833874612046,35.00187131096169,110.20364068098559,1,0
małopolskie|gorlicki|Ropa,małopolskie,gorlicki,Ropa,3,0,3,0.0,49.57521688201442,21.069008753012614,4.405563542718479,3.3912591503408716,14.940407676652189,0.20079773356440517,1.9687703496305264,2.785631201759968,2.2158035154996423,3.0458151617726377,5,16,60,126,215,10.488350901794766,12.1423990468993,28.072702110775293,94.75573358860429,0,1
małopolskie|gorlicki|Sękowa,małopolskie,gorlicki,Sękowa,15,0,15,0.0,49.564688691337395,21.283849595339657,19.40139799391538,15.703578925564443,304.67138466373785,0.04923337325083982,2.7354540470713586,2.640263741620826,7.530170174106105,14.291785921990837,4,12,59,122,204,11.363857343337962,13.42437113860935,26.361619252573576,90.67251645104443,0,1
małopolskie|gorlicki|Uście Gorlickie,małopolskie,gorlicki,Uście Gorlickie,21,0,21,0.0,49.49481287740607,21.15522000128729,16.622986172886282,20.179524754526675,335.44396096991335,0.06260360132667148,2.517270703730055,2.655994230671174,6.4505211540726854,11.8623584837534,3,10,51,109,195,10.892104279180446,14.890813938939413,23.201890705961656,84.93625539655862,0,1
małopolskie|gorlicki|Łużna,małopolskie,gorlicki,Łużna,6,0,6,0.0,49.69423931369471,21.05064712404641,6.925784062391645,6.809153925059879,47.15872973255122,0.12722989007607877,2.7390453265172185,2.8591376522181466,2.936698295040884,4.967600441502769,8,21,73,144,237,5.217392556272706,8.640741921549555,33.57527780112896,106.5465586392201,1,0
małopolskie|krakowski|Czernichów,małopolskie,krakowski,Czernichów,12,0,12,0.0,50.011738041453775,19.668868810550403,6.750789180943275,11.46575731096321,77.4029104061717,0.15503293011890654,2.0982417157290456,2.047070636192952,3.529961721873258,6.038292736442459,9,27,102,216,327,7.0709406688885785,8.780834610519381,45.76545843260994,138.10190125016692,1,0
małopolskie|krakowski|Igołomia-Wawrzeńczyce,małopolskie,krakowski,Igołomia-Wawrzeńczyce,13,0,13,0.0,50.102898340446814,20.259042496333755,8.08409401977618,7.800272199119032,63.05813383752455,0.20615897123590388,1.4548371398520357,1.3961226476816373,3.345529975577452,6.050016446720292,7,22,92,196,331,8.843751801373362,10.669809502341863,41.67904975255715,137.41850024764545,1,0
małopolskie|krakowski|Iwanowice,małopolskie,krakowski,Iwanowice,22,0,22,0.0,50.22455196606231,19.97066496315757,10.241204705476358,7.080403974356402,72.5118664988523,0.3033986168367106,1.3071700722548145,1.2769988698483827,3.3285918627952653,5.570538639290182,10,20,88,205,350,6.108599640709139,8.860749520735114,42.34386677416934,141.8614243719241,1,0
małopolskie|krakowski|Jerzmanowice-Przeginia,małopolskie,krakowski,Jerzmanowice-Przeginia,8,0,8,0.0,50.21035991011492,19.721620414752607,6.2951711410307105,6.522669928305269,41.06132349513618,0.19483054414813544,2.0377119771886294,2.0661759768059875,2.952633420843802,3.777296642020759,7,21,100,218,353,6.41587397533051,9.406351591363626,43.94236199204954,143.138237774936,1,0
małopolskie|krakowski|Kocmyrzów-Luborzyca,małopolskie,krakowski,Kocmyrzów-Luborzyca,25,0,25,0.0,50.14944204952975,20.114527052422044,8.516378755531312,9.636198556863143,82.06551667375075,0.30463465062173223,1.4171131120067115,1.3636491058966898,3.464807644721713,5.815973445122579,7,20,91,202,342,7.590099455066703,10.122326073576579,42.137285388860775,139.61472256244434,1,0
małopolskie|krakowski|Krzeszowice,małopolskie,krakowski,Krzeszowice,18,1,17,0.05555555555555555,50.139446352526036,19.629729219664373,13.469467967111848,9.22151172793355,124.20885682774717,0.1449172020394842,1.9305085748397302,1.9966294524780155,4.542126620996042,7.576105271293676,8,24,103,220,346,9.574599972895452,10.94397799548402,45.350445782460724,142.2746217240782,1,0
małopolskie|krakowski|Liszki,małopolskie,krakowski,Liszki,13,0,13,0.0,50.04135282549611,19.75866031561008,9.542391770563862,6.979220869097813,66.59845978622654,0.1951997094486647,1.4087452715247484,1.5972103056673599,3.3850730352472387,5.400719993018556,8,25,102,216,338,7.210204037736098,10.480742674971115,44.87004135457226,138.84470961836624,1,0
małopolskie|krakowski|Michałowice,małopolskie,krakowski,Michałowice,18,0,18,0.0,50.15904456518464,20.00873942778695,7.249415283791061,8.478522359418706,61.464329576334215,0.29285278346110183,1.116484261602376,1.3059824708405496,2.847889048713352,5.52561116459203,8,24,90,205,346,5.764062940299248,8.652924656373623,42.74876527104724,140.6280972103716,1,0
małopolskie|krakowski|Mogilany,małopolskie,krakowski,Mogilany,10,0,10,0.0,49.95146867751613,19.888237923983915,6.3889265938917985,6.183567271461651,39.50635738576029,0.2531238175758621,1.5403147336201748,1.6947312795201714,2.5103806377631597,4.170507630201814,9,26,96,209,319,4.903165922352779,9.689466254823014,43.74285835524986,134.31894299401438,1,0
małopolskie|krakowski|Skawina,małopolskie,krakowski,Skawina,17,1,16,0.058823529411764705,49.952950896033926,19.75680814364255,8.536865097137781,11.293198087070675,96.4085085845768,0.17633298398228328,1.7589606970122795,1.666006725205609,3.366818481967862,6.351073909352591,8,27,103,212,318,9.070068726922118,9.372874096469435,44.736926535030925,134.97048089707954,1,0
małopolskie|krakowski|Skała,małopolskie,krakowski,Skała,18,1,17,0.05555555555555555,50.22036817878895,19.88505131501229,10.294989665393457,6.786519412550238,69.86714721619677,0.25763181577030525,1.3759356220048988,1.4003390362512396,3.25150358598954,6.156280514892789,10,20,89,213,358,6.108599640709139,8.562842633082163,42.93164602071598,142.40687776240452,1,0
małopolskie|krakowski|Sułoszowa,małopolskie,krakowski,Sułoszowa,3,0,3,0.0,50.25316416913247,19.7821051386013,4.748601212138438,6.749676294650734,32.05152103432056,0.09359930209825673,3.63091038963361,4.700159160554197,3.5504888315457266,4.735519455888867,8,21,93,211,358,5.983638811263276,8.863931225039362,43.01991476890586,143.26786520258958,1,0
małopolskie|krakowski|Słomniki,małopolskie,krakowski,Słomniki,25,1,24,0.04,50.2452606942055,20.083925253999,10.258702168858713,10.642040367945759,109.17352260372714,0.22899325224435427,1.3205186161238651,1.379930669543527,4.000406483410506,7.288253215054022,8,22,85,199,348,8.378289768293827,10.345196476086269,41.393903043551866,141.19009450476776,1,0
małopolskie|krakowski|Wielka Wieś,małopolskie,krakowski,Wielka Wieś,12,0,12,0.0,50.155706759726975,19.83259637259537,8.234241503145137,9.33516048741522,76.86796592399499,0.15611184523687388,1.4708058521568899,1.599613959188743,3.163631471810526,5.891019616526647,10,20,94,215,355,6.411132216537714,8.634702765685068,43.89942410178109,141.72714186527418,1,0
małopolskie|krakowski|Zabierzów,małopolskie,krakowski,Zabierzów,23,0,23,0.0,50.12088882424617,19.76089432570439,8.856817270273657,10.585652354606978,93.75518859139609,0.24531975611759058,1.385580041034515,1.4753603061207856,3.734148286190776,6.120187230551683,9,22,98,217,346,6.411132216537714,9.522279346992375,44.559372399994544,141.29397605414252,1,0
małopolskie|krakowski|Zielonki,małopolskie,krakowski,Zielonki,19,0,19,0.0,50.141898351733744,19.932394903701052,7.334189186921776,10.522239179010466,77.17209280890323,0.24620299007632976,1.09564537356609,1.1006813338524115,3.3118610443932037,6.877393735669235,7,25,91,208,349,5.764062940299248,8.178954459030827,43.35023495586975,140.81627145090536,1,0
małopolskie|krakowski|Świątniki Górne,małopolskie,krakowski,Świątniki Górne,5,1,4,0.2,49.94204650272614,19.95517935191232,4.989274397974867,3.027515339324952,15.105104771970176,0.3310139238013272,1.8554528160548827,1.7796123325814288,1.953173371839645,3.4300584848950084,9,25,93,207,319,4.903165922352779,8.199108266609006,43.34735038151635,133.5499832258275,1,0
małopolskie|limanowski|Dobra,małopolskie,limanowski,Dobra,11,0,11,0.0,49.71163140906679,20.20556740653552,11.539010273899407,7.486515206166234,86.38697587965632,0.12733400941507483,2.348356763682403,2.2402918183223473,4.253827463054805,6.86708277871951,8,23,86,170,258,8.56457746953192,9.710690703782337,37.58776010886706,116.13550270909428,1,0
małopolskie|limanowski|Jodłownik,małopolskie,limanowski,Jodłownik,12,0,12,0.0,49.78860834126912,20.236829796572074,5.9790661616937735,8.86284395017501,52.991530358863784,0.2264512822848262,1.7971866379296664,1.7999758673782214,2.8127219311325953,4.738626006986786,8,26,90,178,274,6.975719554326425,8.697292261523648,39.90532723290185,122.4299932811339,1,0
małopolskie|limanowski|Kamienica,małopolskie,limanowski,Kamienica,4,0,4,0.0,49.59366281799438,20.333131211212148,5.937710417788577,4.55580532938397,27.05105276569992,0.14786855190611667,2.9794035555060754,3.081680380001777,2.8001926625477416,3.9946046477135377,5,19,76,138,229,3.128069078441834,8.743273785172436,33.00691203679854,104.37738632961013,1,0
małopolskie|limanowski|Laskowa,małopolskie,limanowski,Laskowa,9,0,9,0.0,49.758699906992604,20.52387855024509,5.226323591851663,8.582743314174083,44.85619386567514,0.2006411874121799,1.4223516443161215,1.6159433471594506,2.6570969665308266,5.263583382649176,9,24,83,170,258,6.024741989874347,8.432153376525616,38.504534343130075,118.28491578137667,1,0
małopolskie|limanowski|Limanowa,małopolskie,limanowski,Limanowa,22,1,21,0.045454545454545456,49.72468878515909,20.42112754714536,17.038500218727826,18.549236937418556,316.05117761544034,0.06960897967850259,1.875299382889497,1.8811584205005678,6.068623925015076,11.884423610352187,8,26,84,167,256,7.2662253086349455,9.015958450876646,37.86509784607001,116.32488953475519,1,0
małopolskie|limanowski|Mszana Dolna,małopolskie,limanowski,Mszana Dolna,10,1,9,0.1,49.663972183060764,20.090726853655422,12.741049365020233,12.62648108194082,160.87461877150207,0.06216020946227372,2.827447850393459,3.2978551244073957,4.939409776710589,9.760033908524262,5,22,81,164,250,4.85661007177799,10.409705801315113,35.8144662396534,111.85633673690214,1,0
małopolskie|limanowski|Niedźwiedź,małopolskie,limanowski,Niedźwiedź,4,0,4,0.0,49.6203858872456,20.08639465418655,3.185670830810539,4.289794458047204,13.665873075173684,0.29269992323188343,1.8097947479369716,2.097521680196183,1.7846176507231764,2.6348937748820482,4,19,78,154,239,4.85661007177799,11.182476671299343,33.96669922899397,107.4582656621038,1,0
małopolskie|limanowski|Szczawa,małopolskie,limanowski,Szczawa,1,0,1,0.0,49.6084630448233,20.2962184807286,0.001,0.001,1e-06,1000000.0,,,0.0,0.0,7,21,77,147,235,3.128069078441834,9.842456978316525,33.63166664964771,106.00528913538139,1,0
małopolskie|limanowski|Słopnice,małopolskie,limanowski,Słopnice,1,0,1,0.0,49.6836007316164,20.3425590651226,0.001,0.001,1e-06,1000000.0,,,0.0,0.0,7,22,80,157,250,5.936789121977185,8.511469323362252,36.64626006209694,113.15810436325532,1,0
małopolskie|limanowski|Tymbark,małopolskie,limanowski,Tymbark,5,0,5,0.0,49.73480773225964,20.31918780478818,3.174367229494331,4.567319807613366,14.49835032390822,0.34486682196903795,1.7349419832784474,1.8346373968398884,2.008805127207573,2.786718941334558,9,24,86,170,261,5.936789121977185,8.370807452209508,38.393079994083315,117.78304378059559,1,0
małopolskie|limanowski|Łukowica,małopolskie,limanowski,Łukowica,9,0,9,0.0,49.6087692213403,20.493478965714147,6.191755128243897,9.299985484191366,57.58323281433569,0.15629549714616572,1.8837600841936653,2.144701344766364,3.123812251981308,6.374687376009362,8,24,77,142,229,6.482527045832915,10.161359842512194,33.39023652064658,105.05686447360216,1,0
małopolskie|miechowski|Charsznica,małopolskie,miechowski,Charsznica,17,0,17,0.0,50.41087095590812,19.92113889605411,7.530989787004894,8.114751141862056,61.11210797344945,0.2781772804725663,1.6214774828953789,1.7106252991896196,3.0775390245542065,4.799978743989506,6,18,75,196,345,8.786940646395918,10.760739206844303,39.24786255156916,142.1752928074102,1,0
małopolskie|miechowski|Gołcza,małopolskie,miechowski,Gołcza,22,0,22,0.0,50.33270931016478,19.902898042741295,12.605841475737057,10.152820304776997,127.9848432936632,0.17189535443287343,1.2963035671450294,1.4125893899944055,3.865080913626382,7.684283110120969,7,21,81,200,349,7.688041904122932,10.293313461210715,40.8644902528533,142.66555526873734,1,0
małopolskie|miechowski|Kozłów,małopolskie,miechowski,Kozłów,12,0,12,0.0,50.475339521203274,20.026362603939237,6.485459193133017,11.03676951507072,71.57851831400563,0.16764806372992472,1.7945563609223492,2.057947116848826,3.3520202332449576,6.658741359297712,7,15,70,182,338,9.419760941796527,11.440468772486767,37.554993373886305,140.94156991520788,0,0
małopolskie|miechowski|Książ Wielki,małopolskie,miechowski,Książ Wielki,21,1,20,0.047619047619047616,50.43481438677366,20.14821553433993,8.666772399205843,13.36873837252089,115.8638127391681,0.18124727215109926,1.7163937463813073,1.870941992297288,4.024135421565946,7.770991139752784,5,18,69,178,340,8.879200654319463,11.00184237765183,37.80892029492659,140.46013250375523,0,0
małopolskie|miechowski|Miechów,małopolskie,miechowski,Miechów,32,1,31,0.03125,50.34825890210723,20.047495502449657,12.286876087220987,16.363468274641203,201.05590704768827,0.15915971069882542,1.586112103511872,1.6680900617069767,4.940014994464276,10.97336824872692,8,22,81,194,346,10.406346814335626,11.742100947063019,39.806038738749976,141.61970534024144,1,1
małopolskie|miechowski|Racławice,małopolskie,miechowski,Racławice,11,0,11,0.0,50.32898073980062,20.231475527336872,6.037270205276828,7.256311031996174,43.808310393692054,0.2510939112042058,1.6232085710686002,1.7880885886807256,2.901718661808602,5.0363567007791605,8,21,77,185,341,5.835170415748364,8.893375769912598,39.70890787669339,140.4869887521013,1,0
małopolskie|miechowski|Słaboszów,małopolskie,miechowski,Słaboszów,20,0,20,0.0,50.381109068756395,20.240939366119242,5.680456207628697,11.517342136344663,65.4237576337826,0.3056993471997194,1.176402791057685,1.2439244353594794,3.183560177943052,6.06357453477935,7,20,76,183,334,5.835170415748364,9.781369251615926,38.65381913475182,140.2303104305176,1,0
małopolskie|myślenicki|Dobczyce,małopolskie,myślenicki,Dobczyce,14,1,13,0.07142857142857142,49.88612753007855,20.091138803573624,7.403211317003811,9.014195843723321,66.73399668394121,0.20978812442937264,1.487569930414346,1.5632738153752783,3.1414180917017975,5.219534561886129,8,22,92,200,303,6.710346174775141,8.836111048489089,42.12559639966121,129.74774022191338,1,0
małopolskie|myślenicki|Lubień,małopolskie,myślenicki,Lubień,4,0,4,0.0,49.68177181371089,19.9418710815617,8.46245497698454,4.634146722231377,39.216257993623515,0.10199851298026426,3.3237854040432455,3.5620203187432646,3.270076750238098,4.861627895514198,7,19,82,167,260,8.562506504222416,9.986216007762014,36.741674714996144,113.6586931241392,1,0
małopolskie|myślenicki|Myślenice,małopolskie,myślenicki,Myślenice,16,1,15,0.0625,49.84748022338687,19.948325540704104,10.102403356019835,14.711380691787067,148.62030167239507,0.10765689357345626,2.302450524845582,2.3553139585617693,4.909016116407762,7.955163607838229,9,24,95,194,297,7.418849852433088,9.400914348701402,41.992465243394776,127.78878898722274,1,0
małopolskie|myślenicki|Pcim,małopolskie,myślenicki,Pcim,3,0,3,0.0,49.77906345678081,19.912557152675923,4.88566596135959,8.908203123167265,43.5225047757355,0.06892985629982741,5.6212830605559505,5.715076465071896,4.013296672596857,5.069766744699033,7,27,92,182,285,5.33273944296076,9.84428331053115,40.361982576333276,122.59251442057064,1,0
małopolskie|myślenicki|Raciechowice,małopolskie,myślenicki,Raciechowice,15,0,15,0.0,49.83893921011486,20.178795238511206,6.4219743740360835,8.417924051827665,54.05969254341926,0.2774710564243852,1.462767899206338,1.5874451884781031,2.8948549278070534,4.398093015818771,9,25,94,188,286,6.975719554326425,8.469561333435474,41.07886833051011,126.29633108179002,1,0
małopolskie|myślenicki|Siepraw,małopolskie,myślenicki,Siepraw,4,0,4,0.0,49.904558214601735,20.00193444236852,3.7826936600347296,4.105232633499991,15.528837455708093,0.2575852835995575,1.9046446986955559,1.9046446986955559,2.204150110429227,2.692168998536692,8,22,98,202,309,5.3460121060725525,7.6196003547615,42.778169607820516,131.2872606737146,1,0
małopolskie|myślenicki|Sułkowice,małopolskie,myślenicki,Sułkowice,5,1,4,0.2,49.854575790158364,19.810278844857628,8.681573103107084,4.451391817179903,38.645083471420016,0.12938256437452778,3.38014661671345,3.349237716437443,3.1198623330520063,4.88176151964612,11,26,97,198,300,4.693615987698368,9.13662104358188,43.012575132743045,128.74626734717646,1,0
małopolskie|myślenicki|Tokarnia,małopolskie,myślenicki,Tokarnia,6,0,6,0.0,49.74280086708807,19.863971542096834,3.8843420591452262,9.061131550563768,35.19653438530265,0.1704713292029535,3.030594055398487,3.1556784112376444,3.1224063280072887,4.645695149849438,7,27,94,178,275,5.33273944296076,9.574855391538076,39.353070577316714,119.4707063835103,1,0
małopolskie|myślenicki|Wiśniowa,małopolskie,myślenicki,Wiśniowa,7,0,7,0.0,49.78494206594455,20.102969781163093,7.854506194998207,2.754464252010971,21.634956531321272,0.32355045363118656,1.5541943277096317,1.7331054894386593,2.5916267190045965,4.409781483454545,7,26,91,185,280,8.1026357214869,10.617886330916845,39.87967943252176,122.57056724926468,1,0
małopolskie|nowosądecki|Chełmiec,małopolskie,nowosądecki,Chełmiec,27,0,27,0.0,49.652122615056854,20.67951280158224,11.25614306624552,14.741638877744021,165.93399623881376,0.16271530013139288,1.435268374313354,1.5076204763018282,4.671545370077842,7.95857837045414,9,22,73,147,232,3.900402960933109,9.2838546371292,34.44243478500529,107.63022315647316,1,0
małopolskie|nowosądecki|Grybów,małopolskie,nowosądecki,Grybów,17,1,16,0.058823529411764705,49.62421386714917,20.944650420004013,13.627557062598404,12.23339366246452,166.71127020446494,0.10197270993826726,2.357816099843479,2.291485501282216,4.897581065966444,8.582737731749715,6,18,69,138,226,9.35960425379625,10.610217671607135,31.339575067267862,101.49508643257786,0,0
małopolskie|nowosądecki|Gródek nad Dunajcem,małopolskie,nowosądecki,Gródek nad Dunajcem,12,0,12,0.0,49.74824187929377,20.73010223392339,10.703379714953112,8.957643185029344,95.87705636043107,0.12516028813909705,1.7918511211234367,1.9731622982250052,3.95255048705684,6.056432098075628,8,26,84,160,252,7.583561206974147,10.10171478503804,37.05744106862255,115.22163625859143,1,0
małopolskie|nowosądecki|Kamionka Wielka,małopolskie,nowosądecki,Kamionka Wielka,8,0,8,0.0,49.58582391724396,20.808543184643817,4.6752071016891605,10.23674908780152,47.8589220334997,0.1671579647030131,1.9213864335799102,2.1482151213130196,3.109051834136551,6.109103453267987,7,18,67,132,219,6.936353110708361,9.52413649077201,30.776515970753607,99.5717590028014,0,0
małopolskie|nowosądecki|Korzenna,małopolskie,nowosądecki,Korzenna,16,0,16,0.0,49.688167144069126,20.817248100345967,10.603497036557917,11.00309412578101,116.67127595568675,0.1371374390906379,1.981065447303524,2.079944623373766,3.7089795137912693,7.059353594875444,8,23,75,149,239,9.158324789284244,10.465250212044591,34.72193207439131,109.15531138286298,1,0
małopolskie|nowosądecki|Krynica-Zdrój,małopolskie,nowosądecki,Krynica-Zdrój,9,1,8,0.1111111111111111,49.452984531154755,21.002167817394028,15.164743418849907,8.119040397715763,123.12316443863665,0.07309753644681144,2.25646542310572,2.677736974426412,4.937365961094532,9.338838601925342,4,10,46,107,183,11.245582458336521,13.95538305126731,22.047019529202984,82.44723728935038,0,1
małopolskie|nowosądecki|Muszyna,małopolskie,nowosądecki,Muszyna,11,1,10,0.09090909090909091,49.35429959039859,20.899334822635986,9.809767077260963,14.461957106076474,141.86843069194921,0.0775366298643651,3.17899088448653,2.87973801770921,4.675342096757543,7.823162948745599,2,6,33,94,163,13.258107683708943,18.01118432827862,17.332154957565717,72.64623185223454,0,1
małopolskie|nowosądecki|Nawojowa,małopolskie,nowosądecki,Nawojowa,8,0,8,0.0,49.53934303816993,20.744402331408786,6.421903450077809,5.71089926179903,36.674843672394005,0.21813317246725672,1.5785792358295352,1.910956570691073,2.407660785571829,4.083940085041574,8,19,61,122,206,6.936353110708361,8.584697315188478,29.04950071892096,95.50386018174237,0,0
małopolskie|nowosądecki|Piwniczna-Zdrój,małopolskie,nowosądecki,Piwniczna-Zdrój,8,1,7,0.125,49.43946265691855,20.742212216616124,9.151323678076727,9.29097216508631,85.02469356670615,0.09409031264221608,2.2259090422443832,2.158659630228381,3.709406728958888,5.8273265688954465,5,12,47,106,187,6.946137427438752,11.676873565722902,23.30727671271789,84.17822003908643,0,0
małopolskie|nowosądecki|Podegrodzie,małopolskie,nowosądecki,Podegrodzie,13,0,13,0.0,49.58691326988042,20.576865371937952,7.506893982528929,8.531866432731142,64.04781678360997,0.20297335104991024,1.8385194507487967,1.6481729130030152,3.0319221974392545,4.819120920563446,7,23,68,137,220,6.388408865859469,8.492460089519417,32.22264229175883,102.21766894775413,0,0
małopolskie|nowosądecki|Rytro,małopolskie,nowosądecki,Rytro,4,0,4,0.0,49.48319966510345,20.673589804764802,1.5426908062509175,1.729585547409478,2.668215722613062,1.4991291618965061,0.8480268793740597,0.8480268793740597,0.893284226136164,1.0607290618580503,6,14,55,115,196,6.946137427438752,9.78391740150604,26.358559968743013,89.97264049441017,0,0
małopolskie|nowosądecki|Stary Sącz,małopolskie,nowosądecki,Stary Sącz,15,1,14,0.06666666666666667,49.538325971199896,20.62413524572286,6.698035456873564,8.90391546361074,59.63874148026956,0.2515143617670485,1.3177777665502275,1.4834220645585654,3.242566316554411,5.615246304481799,9,18,63,121,212,6.388408865859469,9.02388154232629,29.671203763039948,96.64083502475343,0,0
małopolskie|nowosądecki|Łabowa,małopolskie,nowosądecki,Łabowa,13,0,13,0.0,49.50443553563187,20.868161407785426,7.46020857440786,11.900481684978795,88.7800755058625,0.14642925145002336,2.2288767811250403,2.2319663771639386,4.341246426010111,6.606372007128402,6,16,55,117,201,9.74014788791494,11.375100475607368,26.064528865954678,90.02999161534628,0,0
małopolskie|nowosądecki|Łososina Dolna,małopolskie,nowosądecki,Łososina Dolna,18,0,18,0.0,49.73689126355901,20.626037008772528,9.647010387257403,8.93713128910334,86.21659837826306,0.2087765040442394,1.2419266792536503,1.3666637796159848,3.57191866355696,5.837143679258108,8,25,83,164,253,6.907680872752909,8.975910750382575,37.41813397457549,115.54531705346969,1,0
małopolskie|nowosądecki|Łącko,małopolskie,nowosądecki,Łącko,16,0,16,0.0,49.55355847556518,20.455949400228075,10.614570020713872,11.663833879044558,123.80658141909316,0.12923384053258832,1.267680086576017,1.5345456599151341,4.279945283707171,6.643929917833418,7,20,69,130,216,6.708965702058773,9.724527717469764,30.91826740608372,99.52196600471967,0,0
małopolskie|nowotarski|Czarny Dunajec,małopolskie,nowotarski,Czarny Dunajec,15,1,14,0.06666666666666667,49.43951299207278,19.855220673874992,16.406117941967366,10.526536450382912,172.69959852540055,0.08685602125353992,2.672911404233474,2.5576773164162367,6.03167627170032,9.105347410790078,5,14,48,116,196,10.772027688718717,13.175528202755231,24.32021697231806,86.18352467654131,0,1
małopolskie|nowotarski|Czorsztyn,małopolskie,nowotarski,Czorsztyn,7,0,7,0.0,49.44138015971766,20.310032687467583,9.478840514262467,12.923464121386566,122.49945529841638,0.057143111232189236,2.3308937524609856,2.6871201111229186,4.170172641089122,8.818061805085256,3,12,53,108,193,4.8656658405138975,10.239701038389116,25.27188146622285,87.50939956776082,0,0
małopolskie|nowotarski|Jabłonka,małopolskie,nowotarski,Jabłonka,7,0,7,0.0,49.50956812833882,19.681932547999242,15.237462726195362,6.955119442229022,105.9783732572014,0.0660512120054111,3.7597716302952344,3.9869348821192823,4.695440876502177,9.321827184960172,5,10,61,133,211,5.744813887158138,12.346256808381959,26.938851684301408,92.70616809081419,0,0
małopolskie|nowotarski|Krościenko nad Dunajcem,małopolskie,nowotarski,Krościenko nad Dunajcem,5,0,5,0.0,49.43998347697318,20.377293959416015,1.8959997648338967,6.447222725199583,12.223932770810164,0.40903366320368073,2.0080621420497136,2.224483670427568,2.0453321057707,3.7247399398521543,5,13,53,108,193,4.8656658405138975,9.776901667102857,24.984167256729794,87.05770468958794,0,0
małopolskie|nowotarski|Lipnica Wielka,małopolskie,nowotarski,Lipnica Wielka,2,0,2,0.0,49.5143762625231,19.602707347485698,3.539728411384907,1.5513828192082066,5.491473842085703,0.364200951786813,3.8604354548005526,3.8604354548005526,1.9302177439597226,1.930268295256195,1,10,59,130,212,5.744813887158138,15.373360848272009,26.591848441503508,92.27532030726886,0,0
małopolskie|nowotarski|Nowy Targ,małopolskie,nowotarski,Nowy Targ,22,1,21,0.045454545454545456,49.47590467510803,20.05974625717345,14.412701849800914,20.971259459486575,302.2525100043971,0.07278682317536403,1.8044412800149825,2.089094312665355,7.42474316800617,11.860235233763284,4,19,57,120,207,7.833726991712384,12.547924682115635,27.077678310603773,91.57895392876829,0,0
małopolskie|nowotarski|Ochotnica Dolna,małopolskie,nowotarski,Ochotnica Dolna,3,0,3,0.0,49.513041744446674,20.32804897160744,3.2370007047294704,10.448504853602032,33.82181757447907,0.08870014136270754,4.534214758683775,5.293544905301872,4.0802419898211575,5.782226836352321,6,18,65,122,213,8.074030245749496,9.408346972847161,29.039760141481118,95.633249340177,0,0
małopolskie|nowotarski|Raba Wyżna,małopolskie,nowotarski,Raba Wyżna,8,0,8,0.0,49.55305972456257,19.873464883045287,9.372353808093177,10.615247741168483,99.48985759079292,0.08041020656501918,2.6722667133608478,2.8238602582871417,4.096605787767271,6.298578757732764,6,16,68,144,226,4.473748044129239,9.534165748916893,30.7070895273888,99.69539806719416,0,0
małopolskie|nowotarski|Rabka-Zdrój,małopolskie,nowotarski,Rabka-Zdrój,4,1,3,0.25,49.586367843052,19.955670246966875,4.960260104861897,3.221198161587697,15.977980730777938,0.2503445252186912,1.9412022343559454,1.9412022343559454,2.216493527855728,2.6390411292064027,7,18,69,149,233,6.9899186832763744,9.795558087917506,32.476740245722794,103.73546587650333,0,0
małopolskie|nowotarski|Spytkowice,małopolskie,nowotarski,Spytkowice,1,0,1,0.0,49.5773313017728,19.8239915126206,0.001,0.001,1e-06,1000000.0,,,0.0,0.0,6,18,72,148,232,4.473748044129239,8.545251930910798,31.857992312029012,102.18017803083634,1,0
małopolskie|nowotarski|Szaflary,małopolskie,nowotarski,Szaflary,7,0,7,0.0,49.41707981503904,20.000119176276097,6.16954685732925,7.8759340810248455,48.59094435811917,0.14405976447811833,2.508769925548756,2.6717665642711905,2.963963563801127,4.766049982277521,6,13,43,110,191,5.6089354185989,8.719163331914615,24.159626113863187,84.69550392256782,0,0
małopolskie|nowotarski|Szczawnica,małopolskie,nowotarski,Szczawnica,3,1,2,0.3333333333333333,49.41599404448487,20.520892722377667,1.7464144346485975,5.207245312301274,9.094008378159188,0.32988753421483663,2.176148350552555,2.564926951328953,1.9755079937029663,2.9400427274226155,2,12,50,104,182,10.722404980861832,14.214893114525188,22.874627695492233,83.29178034138634,0,1
małopolskie|nowotarski|Łapsze Niżne,małopolskie,nowotarski,Łapsze Niżne,9,0,9,0.0,49.40472790265259,20.24143146337691,10.186502313145017,13.029266931731001,132.72265773866172,0.06781057698318173,3.5512924894839304,3.3156445631307987,4.6669120424177954,7.511772334564461,4,13,50,100,185,6.4210655876254314,11.25198715736597,23.282187588280348,83.35672507781601,0,0
małopolskie|olkuski|Bolesław,małopolskie,olkuski,Bolesław,13,0,13,0.0,50.30239433333114,19.448856912129212,3.57500764224814,6.393713763045469,22.85757556523466,0.5687392332095103,1.068711380136026,1.0956124966821608,2.0314906455940145,3.7369071049768423,5,20,101,222,348,3.993450208963885,9.236696934798653,44.99365967902456,145.05957976270514,1,0
małopolskie|olkuski|Bukowno,małopolskie,olkuski,Bukowno,1,1,0,1.0,50.26759636246141,19.462759213138582,0.001,0.001,1e-06,1000000.0,,,0.0,0.0,6,23,100,225,349,3.993450208963885,9.353683122297502,45.35492295010117,144.78029324190908,1,0
małopolskie|olkuski|Klucze,małopolskie,olkuski,Klucze,14,0,14,0.0,50.370204934270134,19.58977594980637,8.949469659241734,9.725715062157855,87.03999186321205,0.16084560327167471,1.8471912885355666,1.834182401247182,3.5583663274131276,5.640787659748479,6,19,97,208,361,9.748966100455677,12.061792413997612,42.2277465486763,144.380022695868,1,0
małopolskie|olkuski|Olkusz,małopolskie,olkuski,Olkusz,18,1,17,0.05555555555555555,50.26573568591331,19.609656549594316,12.220446805562071,9.150207871370572,111.81962855191942,0.160973527037271,1.8548815155450558,2.031524182214271,4.032101870123828,6.922868012574498,8,18,100,219,351,10.065921700551696,11.335997290857525,43.823182909696555,144.10478266604557,1,0
małopolskie|olkuski|Trzyciąż,małopolskie,olkuski,Trzyciąż,14,0,14,0.0,50.305201268588625,19.80355418050149,6.491380533664437,15.462185500374222,100.37092996503773,0.1394826171768721,1.872155291592058,1.785570552779688,3.9887989458875834,8.060312145740983,8,21,88,206,359,5.983638811263276,9.350388872294715,41.96829690593051,143.31595094511994,1,0
małopolskie|olkuski|Wolbrom,małopolskie,olkuski,Wolbrom,28,1,27,0.03571428571428571,50.38912335075441,19.75437508084431,9.866623330628286,13.044576911606784,128.70592689423458,0.21755019893535507,1.6755309323827952,1.6222281103430536,4.673571575845569,7.202622559803276,6,17,83,200,356,9.962855419516538,11.587685905800999,40.60921828727023,143.36107259486784,1,0
małopolskie|oświęcimski|Brzeszcze,małopolskie,oświęcimski,Brzeszcze,6,1,5,0.16666666666666666,49.97463749103133,19.17345149129398,3.085409811458138,4.223308815134431,13.030638455033417,0.46045326333817105,1.8484327402494503,1.7819560677076653,1.9338542046798939,2.9288574513928327,13,30,118,202,294,6.749115891643632,7.701428755523137,48.741312252699544,134.1066073233466,1,0
małopolskie|oświęcimski|Chełmek,małopolskie,oświęcimski,Chełmek,3,1,2,0.3333333333333333,50.08100114701733,19.2461512552729,4.2956205340409745,2.3123445205264392,9.932954604150504,0.302024938153492,2.8786168844074096,2.9896865323847996,1.991831420359344,2.341600735897805,13,27,123,221,312,4.046591170679593,7.087941816749259,49.654707425946555,140.57246965744474,1,0
małopolskie|oświęcimski|Kęty,małopolskie,oświęcimski,Kęty,8,1,7,0.125,49.91551057635964,19.233367702332302,8.176542317547392,5.228288471151744,42.74932193271739,0.18713747115313542,2.233778110105924,2.2082731509956273,2.9979602022683354,5.243819536722935,12,35,114,196,292,5.792876351145543,7.6617878743331875,47.569829708600025,130.96740213299648,1,0
małopolskie|oświęcimski|Osiek,małopolskie,oświęcimski,Osiek,2,0,2,0.0,49.946936304929096,19.29791701434625,0.8690896958148587,4.888958291747546,4.248943274626406,0.47070527204810775,4.9600322742845755,4.9600322742845755,2.4800162055795942,2.4801136195942672,10,32,114,203,301,4.755793094010646,7.0023944932060544,48.283338618221165,134.0272273638989,1,0
małopolskie|oświęcimski|Oświęcim,małopolskie,oświęcimski,Oświęcim,14,1,13,0.07142857142857142,50.02423772025475,19.240907628982587,8.561485505573335,12.488291360801243,106.91832547487655,0.1309410705584768,1.8097747133389679,1.8677883970413183,4.278849324570059,6.900601947239975,14,33,122,213,306,6.322906875249032,7.771744577752747,49.451672681261485,137.9434956649586,1,0
małopolskie|oświęcimski|Polanka Wielka,małopolskie,oświęcimski,Polanka Wielka,1,0,1,0.0,49.9855661465396,19.3264559629884,0.001,0.001,1e-06,1000000.0,,,0.0,0.0,12,31,117,208,306,3.8303191654890947,6.535545768149194,48.85039679110251,136.69867448101945,1,0
małopolskie|oświęcimski|Przeciszów,małopolskie,oświęcimski,Przeciszów,3,0,3,0.0,50.00833994557223,19.366660342430965,7.316296768439336,0.6920429699918904,5.063191744972828,0.592511631221286,3.416516312897613,3.602495114772982,2.572828291849848,3.7568237376997975,14,32,114,213,312,3.8303191654890947,6.9842428282180276,48.795402951613255,138.1567843727685,1,0
małopolskie|oświęcimski|Zator,małopolskie,oświęcimski,Zator,10,1,9,0.1,49.98513432493377,19.445981894405488,9.231987737893947,3.5084044838846538,32.38954717479527,0.30874158091909815,1.6268612302438987,1.5528494748962391,2.4913598967378365,4.960876032097055,11,29,110,214,315,5.939285715398328,7.459837571196576,47.93907348443577,137.1953858800472,1,0
małopolskie|proszowicki|Koniusza,małopolskie,proszowicki,Koniusza,29,0,29,0.0,50.17657459888089,20.212301920219325,12.387761508601088,8.086419737756875,100.17263916977673,0.2895002092422623,1.399111475785788,1.3138333334041306,3.9658587060169728,7.031361805664392,8,23,88,195,341,7.590099455066703,9.577146911708969,41.565202814232485,139.4061007840739,1,0
małopolskie|proszowicki|Koszyce,małopolskie,proszowicki,Koszyce,20,1,19,0.05,50.1721754166704,20.561287530866256,6.3715605324149776,12.085768893773203,77.00520808745397,0.25972269274678433,1.3494950723351793,1.3085805949798481,3.449563735355388,6.81401046265424,7,23,84,184,314,6.445621054497521,9.234336589210958,40.56722028011898,136.49080862464643,1,0
małopolskie|proszowicki|Nowe Brzesko,małopolskie,proszowicki,Nowe Brzesko,14,1,13,0.07142857142857142,50.153447296653916,20.400768041114443,4.978081054479413,10.262799460418304,51.08904755982991,0.2740313368262489,1.4701266861020195,1.5377065107712526,3.29433535907756,5.676067736832533,6,23,88,192,325,6.372714592513576,9.64481121207461,41.07109327530736,137.49330993857097,1,0
małopolskie|proszowicki|Pałecznica,małopolskie,proszowicki,Pałecznica,14,0,14,0.0,50.27958799920251,20.30699043672855,7.099357747903122,5.875766444609032,41.71416803340431,0.33561738517208184,1.4447336689888286,1.5115316395282228,2.8499916554763054,4.219230074075113,8,21,83,184,336,6.557365624491417,8.604336415309204,40.29037997137939,139.8579102909706,1,0
małopolskie|proszowicki|Proszowice,małopolskie,proszowicki,Proszowice,29,1,28,0.034482758620689655,50.19733956088066,20.34322707408027,9.806231183741078,16.10486837525924,157.92806247151267,0.1836279097340985,1.3002595595548634,1.3458312865715394,4.439906203046853,10.108806305761783,8,22,85,189,329,6.372714592513576,9.649069626072762,41.00003197979332,138.74492999338895,1,0
małopolskie|proszowicki|Radziemice,małopolskie,proszowicki,Radziemice,17,0,17,0.0,50.26592310390713,20.217233498504424,6.479107824099306,7.148043811618681,46.31294658686322,0.3670679853659342,1.3932023917223004,1.4193187899671988,2.85546057204152,4.881388223112394,8,20,80,191,346,6.557365624491417,9.020483276194152,40.70928288642559,140.42410920215295,1,0
małopolskie|suski|Budzów,małopolskie,suski,Budzów,6,0,6,0.0,49.78370307467984,19.712372117573096,5.200839430499424,5.673368346804748,29.506277801809468,0.20334655697005777,2.5056541008138455,2.5463552221937067,2.616780155421732,3.230455112883701,10,25,94,185,289,7.428304808050563,8.795867528815176,41.58150510726696,123.14731796110993,1,0
małopolskie|suski|Bystra-Sidzina,małopolskie,suski,Bystra-Sidzina,2,0,2,0.0,49.62596857612485,19.751245210314842,4.869982284343484,4.10972191311895,20.014272910467497,0.09992868634033648,6.365175019085088,6.365175019085088,3.1825876528531474,3.1828848304380486,6,19,79,159,247,6.517093992990296,9.696148010289551,34.162608939495335,107.16892089233109,1,0
małopolskie|suski|Jordanów,małopolskie,suski,Jordanów,6,1,5,0.16666666666666666,49.653197193758054,19.831389141571382,9.22408540592522,7.842793987637354,72.34260156304377,0.0829386816393551,3.781240757253631,3.971014018773035,3.879082456873899,5.68470345389556,7,22,81,162,253,6.517093992990296,8.964042777578268,35.68361719507609,110.5732997590219,1,0
małopolskie|suski|Maków Podhalański,małopolskie,suski,Maków Podhalański,7,1,6,0.14285714285714285,49.71243486172187,19.708027732642897,4.77587318210726,9.35303782196016,44.668922505134425,0.15670850352827276,2.6492528339882586,2.6494487528356845,3.4996106462415417,5.081651140319826,8,24,91,173,272,7.930819545879515,9.507471138146034,38.53443652814302,116.25571949683481,1,0
małopolskie|suski|Stryszawa,małopolskie,suski,Stryszawa,8,0,8,0.0,49.725967166126956,19.457305904137392,8.530735111804752,9.455336992556395,80.66097527634719,0.0991805513458241,2.2435463221567193,2.2524352032158372,3.8239372597653674,6.2363635366099315,9,24,91,174,261,4.365089043925256,8.853637635193902,39.80161219039977,116.14473475503445,1,0
małopolskie|suski|Sucha Beskidzka,małopolskie,suski,Sucha Beskidzka,1,1,0,1.0,49.74171067995851,19.592128007695543,0.001,0.001,1e-06,1000000.0,,,0.0,0.0,8,25,92,179,274,4.668836752077424,8.137357164357613,40.303246633381306,118.76991289750953,1,0
małopolskie|suski|Zawoja,małopolskie,suski,Zawoja,2,0,2,0.0,49.66975645738815,19.593545374452248,1.8703663313512164,4.764357788564161,8.911094398241344,0.22443932368113073,5.1125933064404965,5.1125933064404965,2.556296732683096,2.5564880000869468,6,23,82,162,257,8.001604738618605,10.782792343114144,36.28219417225966,110.9177717135565,1,0
małopolskie|suski|Zembrzyce,małopolskie,suski,Zembrzyce,5,0,5,0.0,49.780110103557774,19.565835961816404,1.1798490980487901,9.698101145200436,11.442295888950673,0.4369752406794761,2.1554121481008144,2.0428252016234296,3.2611256331859706,5.098790605767995,10,28,97,185,281,4.588462731626222,7.431859588142281,42.157716987305186,122.432680479221,1,0
małopolskie|tarnowski|Ciężkowice,małopolskie,tarnowski,Ciężkowice,13,1,12,0.07692307692307693,49.776612381819476,20.93692667059512,7.404989877299963,10.278208575107762,76.11003045545066,0.1708053448698758,2.252875687453282,2.2534630815466734,3.6032762351804077,5.845953750780526,7,24,82,160,255,6.84185657006368,9.520832028350465,36.550820184760425,114.68607944041815,1,0
małopolskie|tarnowski|Gromnik,małopolskie,tarnowski,Gromnik,7,0,7,0.0,49.837808927501484,20.946842319188256,3.5650209441094582,8.63268863578713,30.775715790556823,0.22745206147724661,2.0030748729258105,1.821203962883558,3.3169004291738937,4.553991711710042,7,23,85,167,266,6.84185657006368,9.576656723157289,37.65954801614542,118.6915158547261,1,0
małopolskie|tarnowski|Lisia Góra,małopolskie,tarnowski,Lisia Góra,10,0,10,0.0,50.090500697588915,21.044493321967003,6.761187009691456,12.04795753313508,81.45849396634722,0.12276190625536583,2.3523054828957743,2.4495213632619617,4.330885240877386,7.950912943916496,8,21,84,180,302,8.935458916382789,10.895254494341092,38.38483226968995,128.53972665556043,1,0
małopolskie|tarnowski|Pleśna,małopolskie,tarnowski,Pleśna,11,0,11,0.0,49.922706310853364,20.925128030375333,7.791401125896317,7.570108645553401,58.98175302412221,0.1864983564578226,2.287940243450566,2.188825106436127,3.296592037189836,5.804219138786684,8,22,85,177,280,7.999684918558638,9.105829429146208,38.870478460898404,123.82556396482443,1,0
małopolskie|tarnowski|Radłów,małopolskie,tarnowski,Radłów,14,1,13,0.07142857142857142,50.10502458672272,20.841169260099104,12.080173466124494,6.425237662335952,77.61798552209454,0.18037056625251882,1.6675194033593803,1.6300333562189369,3.576862323152286,6.808649862735031,8,24,86,183,306,5.4161427924677605,10.642373092226354,39.80045070948243,131.9396981497319,1,0
małopolskie|tarnowski|Ryglice,małopolskie,tarnowski,Ryglice,8,1,7,0.125,49.894669644660354,21.16682059395926,5.250128366707407,11.774662567008797,61.818489951460734,0.12941111965500163,1.800776673922298,2.5861849587574035,4.023602396694844,7.184741581673001,6,21,85,172,269,9.007090528484868,10.704070743644484,36.86149054741083,118.58824489509485,1,0
małopolskie|tarnowski|Rzepiennik Strzyżewski,małopolskie,tarnowski,Rzepiennik Strzyżewski,6,0,6,0.0,49.7940889811284,21.085918975799917,4.730850401213081,7.723190734834996,36.53725998653929,0.16421592648738473,3.0730046775438535,2.7648736057595436,2.838266154782888,4.457467540526506,9,22,78,162,257,6.180505371116079,9.986823737416632,36.08619294986638,113.80472885971268,1,0
małopolskie|tarnowski|Skrzyszów,małopolskie,tarnowski,Skrzyszów,5,0,5,0.0,49.9925977703571,21.09263453563188,5.684780296082908,7.700058572148137,43.773141249632026,0.1142252956324452,3.2877373493153805,3.58199286274606,3.3289230725301073,5.402848089538761,7,19,86,180,286,7.77407753811808,10.218324747407747,37.9112084691067,124.32455754305062,1,0
małopolskie|tarnowski|Szerzyny,małopolskie,tarnowski,Szerzyny,5,0,5,0.0,49.81920475624962,21.22542936750262,3.231263815291212,9.051328041140017,29.247228779666425,0.17095636778675435,3.2954139326351477,3.2571908963622405,2.995726167408645,4.907788359870291,7,21,79,162,251,9.384398986375567,10.17629528913849,35.731059864289385,113.34512015253857,1,0
małopolskie|tarnowski|Tarnów,małopolskie,tarnowski,Tarnów,14,0,14,0.0,49.98617834059212,20.97776802863613,12.598502928501706,15.097533126307177,190.20631530493247,0.07360428583854149,1.8028341845289473,2.4288915111288447,4.897369346506217,12.782241027915642,7,20,83,181,287,3.023723189170658,7.666863317003893,39.010147005637,126.0124609434571,1,0
małopolskie|tarnowski|Tuchów,małopolskie,tarnowski,Tuchów,13,1,12,0.07692307692307693,49.89422233549041,21.041080678527027,14.267086042348794,6.721798681188867,95.90048014386821,0.13555719408805492,1.9030808711006473,2.2364324381171934,3.743195190934636,8.21705245038251,7,20,88,175,273,8.887020425873706,9.968049459326348,37.779280501897446,120.58457409931815,1,0
małopolskie|tarnowski|Wierzchosławice,małopolskie,tarnowski,Wierzchosławice,11,0,11,0.0,50.017904086558104,20.879115895292184,8.446703220991678,4.419411692663855,37.32945897931207,0.294673437568334,1.3799036052130498,1.4952651649936604,2.5124098403501325,4.521605871520388,9,21,86,180,300,7.829108165822905,9.139518515185431,39.60843979797481,128.62392300749735,1,0
małopolskie|tarnowski|Wietrzychowice,małopolskie,tarnowski,Wietrzychowice,9,0,9,0.0,50.19629573950381,20.744313931365998,6.884361680095615,7.204298091378249,49.59699371227039,0.18146261146819032,1.454490146204384,1.7118919742155934,2.871573822912537,4.132260030166886,10,23,84,185,316,6.3587011647973615,9.316689830264567,40.024632395921564,135.1959566666511,1,0
małopolskie|tarnowski|Wojnicz,małopolskie,tarnowski,Wojnicz,15,1,14,0.06666666666666667,49.94841840912525,20.819040102651964,11.139156226204006,7.127142411552339,79.39035276868587,0.18893983307650053,1.1832630077471489,1.4315927111377023,3.3885986296048167,6.615927736320416,9,22,89,179,286,7.318427784059587,9.701122477747052,39.638899621034696,126.49767445009164,1,0
małopolskie|tarnowski|Zakliczyn,małopolskie,tarnowski,Zakliczyn,24,1,23,0.041666666666666664,49.84080451437483,20.791345416137975,13.432788585715896,9.501431364948354,127.63071878704126,0.18804250440715056,1.5587522869076824,1.6394616129168378,3.972679771103001,8.200121002136896,8,25,89,168,265,8.138214732350002,11.053651950181578,38.55318957688809,120.94294426070155,1,0
małopolskie|tarnowski|Żabno,małopolskie,tarnowski,Żabno,19,1,18,0.05263157894736842,50.15188612609555,20.861893676417818,16.33057963606699,12.934543573166653,211.2285938777765,0.08994994309811104,1.7583880273666979,1.7342692486498517,5.300371023803614,10.393896745631137,8,22,86,184,313,5.4161427924677605,9.05964425041953,39.71928662309946,132.92681802447967,1,0
małopolskie|tatrzański|Biały Dunajec,małopolskie,tatrzański,Biały Dunajec,4,0,4,0.0,49.3675265896443,20.0146055827421,3.4552070496738265,6.673867211305395,23.059593037089403,0.1734635990134925,2.3519470636433946,2.701516574498183,2.62312976977379,4.081467547846633,7,11,39,101,176,4.415614333797177,7.725152631165261,21.691613965828783,79.02397436914227,0,0
małopolskie|tatrzański|Bukowina Tatrzańska,małopolskie,tatrzański,Bukowina Tatrzańska,8,0,8,0.0,49.36669023561565,20.110950031985226,8.448012197416512,6.970857439299045,58.88988867364996,0.1358467502686852,2.0400055301715976,1.7721465125448987,3.6950141893826722,5.273511750223299,6,11,40,95,177,6.977050621799765,9.875587716777558,21.505530303793908,79.04954877080527,0,0
małopolskie|tatrzański|Kościelisko,małopolskie,tatrzański,Kościelisko,3,0,3,0.0,49.31696846556711,19.856731644648136,4.779668621981603,4.764918578335009,22.774731815165033,0.1317249320144524,2.4635866930282404,3.434961864532727,2.731958965027637,3.7530040272435743,4,8,28,92,164,7.119096681759143,11.709553280613218,17.805758645237628,71.8220330104556,0,0
małopolskie|tatrzański|Poronin,małopolskie,tatrzański,Poronin,7,0,7,0.0,49.33099302685526,19.990714817930886,5.422634310275728,10.55407456397521,57.230886843820315,0.1223115765985347,1.9179347508438678,1.9542063486860735,3.456684201282158,6.3364556662309095,5,8,31,95,170,4.415614333797177,7.64380995967853,19.61935986787452,74.62137398802199,0,0
małopolskie|tatrzański|Zakopane,małopolskie,tatrzański,Zakopane,1,1,0,1.0,49.29694444,19.95,0.001,0.001,1e-06,1000000.0,,,0.0,0.0,5,8,29,87,157,4.800502506333265,9.781428527129453,17.485227662720124,70.35711236041082,0,0
małopolskie|wadowicki|Andrychów,małopolskie,wadowicki,Andrychów,8,1,7,0.125,49.835540488421245,19.349528114389308,5.594072061296007,5.902014281580375,33.0162931979588,0.24230460857715522,2.1369851964312674,2.138075158754651,2.7716039576484626,4.326651954117778,10,35,102,192,285,9.147473707521822,11.086876919687422,44.75584475582946,125.78112262972145,1,0
małopolskie|wadowicki|Brzeźnica,małopolskie,wadowicki,Brzeźnica,13,0,13,0.0,49.954645843049335,19.62531761700453,5.290541679531656,11.739291610942642,62.10721155586837,0.20931546714677227,1.4680616050956408,1.6216461131661175,3.121550768777858,6.451560759396975,11,26,111,216,319,7.0709406688885785,8.463987839778126,45.9676658928478,135.48503825062045,1,0
małopolskie|wadowicki|Kalwaria Zebrzydowska,małopolskie,wadowicki,Kalwaria Zebrzydowska,12,1,11,0.08333333333333333,49.88367723508781,19.687840496863895,6.6733459616120685,11.237877512199475,74.99424451312744,0.16001227931430723,1.6480481625876457,1.5464332900640978,3.633100872356177,6.830404704822069,11,27,104,207,305,5.173782943456983,7.9534521999069865,44.53774689095869,131.0546723018353,1,0
małopolskie|wadowicki|Lanckorona,małopolskie,wadowicki,Lanckorona,5,0,5,0.0,49.85510242896181,19.74481330184681,7.694684570493131,4.498590999139326,34.615238750036646,0.1444450531196959,2.552451126014134,2.477117578212336,2.952765443931379,4.507448666167263,9,24,101,201,303,4.693615987698368,7.454543208988719,43.554466010412106,128.96382135512442,1,0
małopolskie|wadowicki|Mucharz,małopolskie,wadowicki,Mucharz,6,0,6,0.0,49.81688024956071,19.53682109048784,3.6680038645018973,4.6271053825415915,16.972240424620086,0.3535184424618653,1.7355868298020996,1.7886164876946171,2.176136127929882,2.752152826359426,10,30,96,192,283,4.588462731626222,7.771945647512912,43.632186855584735,125.61581421211176,1,0
małopolskie|wadowicki|Spytkowice,małopolskie,wadowicki,Spytkowice,6,0,6,0.0,49.98995096009173,19.528718106495408,5.821060022770302,4.892317198450132,28.47847206260967,0.2106854604702476,2.5016765082338277,2.4051256415490068,2.680258030950274,3.770832353772527,10,27,109,216,318,5.939285715398328,7.826445163572063,47.16697627831666,137.4763228279312,1,0
małopolskie|wadowicki|Stryszów,małopolskie,wadowicki,Stryszów,6,0,6,0.0,49.82964709449336,19.637225961832353,2.9094562794545773,8.082305390261613,23.51511417016623,0.25515504439320297,1.8976063214055416,2.025655332863385,2.8333237676396354,4.4235786888126265,11,26,102,194,291,7.018565227417766,7.505715089818267,43.589163321447295,127.02022802708811,1,0
małopolskie|wadowicki|Tomice,małopolskie,wadowicki,Tomice,6,0,6,0.0,49.92392186226104,19.511673418305737,4.749743443011404,5.296412060673358,25.1565984566698,0.23850601305794633,2.4382611147310067,2.242879838013634,2.4467179981259752,3.287688656203902,12,30,107,210,306,5.992729913256877,7.956385865798976,46.53559092244624,133.6674491943766,1,0
małopolskie|wadowicki|Wadowice,małopolskie,wadowicki,Wadowice,15,1,14,0.06666666666666667,49.87025665561543,19.519371780668337,9.510353039188349,14.454432616499064,137.46675716406506,0.10911728995030898,1.6837826289160591,1.641579786897004,4.120135871188818,8.983167268764003,10,29,103,204,297,5.992729913256877,8.721070541443613,45.291711545732255,129.8838714414329,1,0
małopolskie|wadowicki|Wieprz,małopolskie,wadowicki,Wieprz,6,0,6,0.0,49.92254500771211,19.382428638715332,5.007005105812859,7.503908066571884,37.57210600287573,0.15969293814780483,2.429424040206945,2.113892118699274,3.0080691578065744,4.9959673222078145,10,32,111,202,300,6.628885924920383,8.374678612345672,47.31830568337578,133.02069371733785,1,0
małopolskie|wielicki|Biskupice,małopolskie,wielicki,Biskupice,11,0,11,0.0,49.96276568383385,20.14092585716048,5.518481933935907,6.209105212712593,34.264834942261714,0.321028833745607,1.3715311943723667,1.3455554109876757,2.208169680310131,3.503386415263066,8,22,95,199,314,5.509229683802102,8.058799631647394,42.53824283627586,133.48981642494687,1,0
małopolskie|wielicki|Gdów,małopolskie,wielicki,Gdów,29,0,29,0.0,49.92349989922974,20.220144422773124,11.870629048344007,11.754287458425486,139.53078614657122,0.20783943673575178,1.3029787648469786,1.3947770313809662,4.32154459842959,6.804699299698824,9,22,94,195,303,7.155345181533366,8.744457845938351,41.991960973164865,131.06548014040993,1,0
małopolskie|wielicki|Kłaj,małopolskie,wielicki,Kłaj,8,0,8,0.0,49.98570129425256,20.271450079699214,4.384123536333545,4.988027884018906,21.868130446215297,0.36582916951570293,1.3416440922219026,1.489982008262417,1.9254414549819434,3.0908594326741867,7,22,95,194,310,5.626046874168211,9.203790119675372,41.9249083555358,133.50137024108028,1,0
małopolskie|wielicki|Niepołomice,małopolskie,wielicki,Niepołomice,13,1,12,0.07692307692307693,50.023192746938854,20.218587994485173,11.441551523959026,15.787475233970113,180.63321132269613,0.07196904658233566,1.5460133249648844,1.7403523303636645,5.633223687172022,11.110562518791493,6,23,93,199,322,5.626046874168211,9.394146171970302,42.11468524764996,135.3170487626428,1,0
małopolskie|wielicki|Wieliczka,małopolskie,wielicki,Wieliczka,30,1,29,0.03333333333333333,49.973810463041474,20.06583565454146,12.869803912131012,11.075061794196882,142.53387360604773,0.21047628357394965,1.0710152859713626,1.1242114281208444,4.017157106778126,8.691052545754019,9,24,97,204,322,5.509229683802102,9.054319486846335,42.86391797988122,134.42609556859276,1,0
opolskie|Opole|Opole,opolskie,Opole,Opole,1,1,0,1.0,50.667732633124,17.928593896248,0.001,0.001,1e-06,1000000.0,,,0.0,0.0,7,17,57,141,259,8.347344324961194,10.490634288497587,30.699968344846887,112.83894591183451,0,0
opolskie|brzeski|Brzeg,opolskie,brzeski,Brzeg,1,1,0,1.0,50.8616426846768,17.4699174477905,0.001,0.001,1e-06,1000000.0,,,0.0,0.0,4,12,55,128,235,2.0208163683065954,9.973270085660273,27.85357892435392,105.25844249871423,0,0
opolskie|brzeski|Grodków,opolskie,brzeski,Grodków,36,1,35,0.027777777777777776,50.68756594183429,17.342488821550877,20.008823196883515,17.85531038486112,357.2637486161643,0.10076589113629199,2.0445791456116305,2.1175403303348173,6.692815467675731,12.600629647540348,3,13,55,119,205,10.307993865734993,13.733861965386243,26.342778472370384,97.39278831602118,0,1
opolskie|brzeski|Lewin Brzeski,opolskie,brzeski,Lewin Brzeski,20,1,19,0.05,50.760768286962076,17.628808133357932,9.816580145023392,14.594386120153708,143.26696101590588,0.13959952705201548,2.1910286825263783,1.9811154992838529,4.959852190340214,8.22739823697819,4,14,59,129,239,11.351324968628303,12.442657126966612,28.163497209516965,106.44045321755308,0,1
opolskie|brzeski|Lubsza,opolskie,brzeski,Lubsza,20,0,20,0.0,50.91532132269307,17.554423245698967,12.671773240451829,15.923814794322062,201.78297019660127,0.09911639213415083,1.9444358328302735,2.0959150578767347,5.734071333940347,9.333284024479292,3,12,56,131,239,8.412139908584132,13.123499908868059,27.836268110592883,107.82723987225583,0,0
opolskie|brzeski|Olszanka,opolskie,brzeski,Olszanka,10,0,10,0.0,50.783038229909614,17.47127394063677,7.487716208604028,9.212087559872463,68.97749733713657,0.14497481622337915,2.4292813865820073,2.189174407642883,3.3759659534330013,5.6907463885302425,4,12,62,123,227,6.926279580946048,11.360488922586203,27.554954280900972,103.36295837044008,0,0
opolskie|brzeski|Skarbimierz,opolskie,brzeski,Skarbimierz,14,0,14,0.0,50.84483919798146,17.458951900913267,10.182420804473459,19.05841426341878,194.0607938961091,0.07214234116498015,2.1946768433479726,2.3679585331158153,5.99310387213161,11.250969734733161,3,11,56,125,233,2.0208163683065954,9.917984325331142,27.823631639206162,104.68459864351354,0,0
opolskie|głubczycki|Baborów,opolskie,głubczycki,Baborów,14,1,13,0.07142857142857142,50.142008272045466,17.977007093799507,10.167188549023159,10.59502561815282,107.72162314149035,0.12996462169541634,2.152216311231488,2.407340190625642,4.132210171328053,6.580066344037024,6,13,53,116,203,9.727866956076753,11.979825061256651,25.753566421697414,92.7289838558711,0,0
opolskie|głubczycki|Branice,opolskie,głubczycki,Branice,19,0,19,0.0,50.04740010337139,17.83591206831466,15.379352963140283,9.091735356351002,139.82500709278406,0.1358841339975196,1.9279555715500902,1.90738529875735,4.6906572948184975,8.068305103902327,2,5,37,90,175,7.51111893064327,16.114601587783223,18.394722817397245,78.12988240400205,0,0
opolskie|głubczycki|Głubczyce,opolskie,głubczycki,Głubczyce,46,1,45,0.021739130434782608,50.19571817241389,17.77514200304227,21.720441880192887,22.107210572129315,480.1783823651205,0.09579773202914055,1.7984187508052107,1.851104712017633,7.4508822973243864,13.061299019875884,0,9,43,97,191,15.568599286931246,16.853063323037638,21.168153871938166,85.5802772088029,0,1
opolskie|głubczycki|Kietrz,opolskie,głubczycki,Kietrz,13,1,12,0.07692307692307693,50.057832432657655,17.939852661318987,12.850079672854715,10.724414508112062,137.80958087395902,0.09433306391004724,2.3877014499902756,2.567836957272935,4.399284840356683,7.665285766287221,4,10,44,101,192,7.51111893064327,12.686420093312114,21.90976016808305,84.55555202210823,0,0
opolskie|kluczborski|Byczyna,opolskie,kluczborski,Byczyna,24,1,23,0.041666666666666664,51.10241180980656,18.216652186693494,12.215480464716665,17.753771097571484,216.8708440174358,0.11066494488337247,2.163204902352259,2.0214678059679145,5.522504080883794,10.946161397528911,7,17,64,144,265,10.205137861240194,12.766820940749282,32.40557802331088,124.25167175616181,0,0
opolskie|kluczborski|Kluczbork,opolskie,kluczborski,Kluczbork,26,1,25,0.038461538461538464,50.980978153402546,18.196975380147546,14.259848034931323,16.27566467350844,232.0885049117305,0.11202622900211495,1.7489921964254103,2.0700364744385933,5.1813116664917604,10.499941016273462,4,13,67,153,273,11.216392320925362,13.770193851438174,31.44972562018981,122.84396547295148,0,1
opolskie|kluczborski|Lasowice Wielkie,opolskie,kluczborski,Lasowice Wielkie,13,0,13,0.0,50.88313249770302,18.23588165868273,10.920048990360856,13.28118061999189,145.0311430201426,0.08963592046016282,2.5613294065993912,2.6605893442932502,5.1582039404712905,8.793122203794221,2,12,67,152,283,11.216392320925362,14.825259066300816,31.712435942445797,123.14586319080155,0,1
opolskie|kluczborski|Wołczyn,opolskie,kluczborski,Wołczyn,22,1,21,0.045454545454545456,51.0343167091741,18.03393689131606,16.364951546447138,14.59694591420647,238.8783126120984,0.09209710065109432,1.849876519812485,2.0034121214268983,5.520496062670255,9.653712908191387,5,15,64,146,261,10.399644995241138,13.535330017006464,30.616018978558266,119.73091225946362,0,1
opolskie|krapkowicki|Gogolin,opolskie,krapkowicki,Gogolin,10,1,9,0.1,50.50761050105124,18.026280584534387,8.743920736473703,8.818546037967097,77.10866756692852,0.129687106722733,1.6505369136405932,1.9598214423373719,4.15049503102099,5.199182332300113,7,17,63,149,256,8.07708747660265,10.041719367920926,31.911263213262593,112.39187417835831,0,0
opolskie|krapkowicki|Krapkowice,opolskie,krapkowicki,Krapkowice,12,1,11,0.08333333333333333,50.4564119472223,17.941780502463228,15.078514924871083,8.364795381259514,126.12869199981428,0.09514092162327085,1.7664338106105704,1.9310264465853795,4.506907834940599,9.059685569700092,5,19,62,133,243,8.103338094015099,10.113067705714268,30.230994606067057,107.3588886256651,0,0
opolskie|krapkowicki|Strzeleczki,opolskie,krapkowicki,Strzeleczki,13,1,12,0.07692307692307693,50.44927263083188,17.82787609738855,8.336898033272943,9.610090691918906,80.11834618903335,0.16225996439476492,1.64143676319241,1.651903644621972,3.8422138746328667,6.022450613062284,4,16,56,123,232,8.103338094015099,11.929072087543682,28.036847119079393,102.38092138992477,0,0
opolskie|krapkowicki|Walce,opolskie,krapkowicki,Walce,9,0,9,0.0,50.38838456168153,17.993047227937925,6.036034588731342,7.3017993799851935,44.07391361756769,0.20420242409361702,1.9151951801032163,1.9513905844358095,2.8326736380150175,4.647651164308832,7,19,66,136,241,8.391073430560613,10.442421977379183,30.55901980420616,106.863590348902,0,0
opolskie|krapkowicki|Zdzieszowice,opolskie,krapkowicki,Zdzieszowice,7,1,6,0.14285714285714285,50.43937271898989,18.112719089498558,8.367387683299427,4.112654576319254,34.41217524755874,0.2034163766063173,1.7621583030628063,2.1106833757627363,2.653029683649406,5.464119064546892,8,18,70,152,258,6.361848603239724,10.218251654405446,33.14494972841585,113.8269865264947,0,0
opolskie|kędzierzyńsko-kozielski|Bierawa,opolskie,kędzierzyńsko-kozielski,Bierawa,12,0,12,0.0,50.27896943811978,18.29440045783404,9.721256567599967,14.636803271165867,142.28811992848986,0.08433592351934141,1.9690646588462761,2.006554548178878,4.327624939512304,8.50202539830209,4,22,82,162,254,7.68815611625753,11.202975377551178,36.58356164942929,116.6508190856126,1,0
opolskie|kędzierzyńsko-kozielski|Cisek,opolskie,kędzierzyńsko-kozielski,Cisek,14,0,14,0.0,50.243891228397274,18.201199487423732,13.386600566769426,6.588481879935816,88.19737526809888,0.15873488250011245,1.5963200065045902,1.7253510841022073,3.8401665024630005,8.54448754556881,8,22,71,149,241,7.315565167894043,9.291136727145703,34.42807308074771,110.76900230843795,1,0
opolskie|kędzierzyńsko-kozielski|Kędzierzyn-Koźle,opolskie,kędzierzyńsko-kozielski,Kędzierzyn-Koźle,1,1,0,1.0,50.3441698005677,18.2073192220981,0.001,0.001,1e-06,1000000.0,,,0.0,0.0,6,20,82,156,253,8.320655439480436,10.346094132629208,34.69016900918753,114.85196843058011,1,0
opolskie|kędzierzyńsko-kozielski|Pawłowiczki,opolskie,kędzierzyńsko-kozielski,Pawłowiczki,23,0,23,0.0,50.25637178605654,17.999299681691504,13.596338221031253,11.077960489403996,150.61969761315763,0.1527024709548401,1.7268272935138802,1.7115833301620043,4.7775990101302686,7.683540983806812,6,19,63,125,221,9.564162450227753,12.099920160163354,28.850273946990058,100.83939573458285,0,0
opolskie|kędzierzyńsko-kozielski|Polska Cerekiew,opolskie,kędzierzyńsko-kozielski,Polska Cerekiew,13,0,13,0.0,50.21026236447938,18.112811046227073,8.382850126333192,7.264402746158065,60.89639947836632,0.21347731740065026,1.4301917144260672,1.2862053625211483,3.2115702911070283,5.811820525357959,6,18,65,136,231,7.315565167894043,9.91264906341423,31.60421164177545,104.4724652504384,0,0
opolskie|kędzierzyńsko-kozielski|Reńska Wieś,opolskie,kędzierzyńsko-kozielski,Reńska Wieś,15,0,15,0.0,50.32558249359348,18.09376106428559,13.960649278447935,8.26075517633533,115.32550579194087,0.1300666309416544,1.8700229517798204,1.7823609674762653,4.194099316588645,8.460761222527633,7,17,71,141,241,8.320655439480436,10.622316398294702,32.18635992605137,108.89833022042744,1,0
opolskie|namysłowski|Domaszowice,opolskie,namysłowski,Domaszowice,11,0,11,0.0,51.04921051953112,17.887086674654277,8.726166111167784,8.218281708638123,71.71409133794806,0.15338686992718356,1.7350532483816001,2.0235098386574553,3.5893077252816195,5.7210123460171785,5,14,59,138,250,9.960847320675072,11.692453018156046,29.790428313593594,116.71718694954333,0,0
opolskie|namysłowski|Namysłów,opolskie,namysłowski,Namysłów,33,1,32,0.030303030303030304,51.0746248651314,17.706519089963653,21.45522505980449,22.00025547822014,472.0204326584098,0.06991222776976973,2.1700711548857177,2.1408248023669127,7.693305907321313,13.78838505091418,3,13,57,138,247,7.155115794432765,12.766594245666573,28.642952769800857,113.09022591898596,0,0
opolskie|namysłowski|Pokój,opolskie,namysłowski,Pokój,18,0,18,0.0,50.93397137767272,17.86845002547848,14.899862952654583,13.985190123614558,208.37741620867533,0.08638172181756139,1.5410415281207501,1.6842983470833452,4.419503342531595,9.927885855575559,4,11,59,141,248,7.304895029744487,12.431331453799306,29.409992765566116,114.99668120341525,0,0
opolskie|namysłowski|Wilków,opolskie,namysłowski,Wilków,12,0,12,0.0,51.12294800942386,17.638856451482756,9.05993710848767,8.922581628616362,80.83802840061173,0.1484449860717928,1.8510226143312518,2.024537470870946,4.022068679988121,5.006270268283394,3,11,53,135,247,7.155115794432765,12.440402813287736,28.338639282594492,112.21013375692732,0,0
opolskie|namysłowski|Świerczów,opolskie,namysłowski,Świerczów,15,0,15,0.0,50.96381883679224,17.775559099346903,9.164342927997522,15.608600111219312,143.04256404519404,0.10486389208781784,1.9745307299459964,1.7829661389503308,4.873826280186401,8.946563994838407,4,12,58,139,248,7.304895029744487,12.643822169802721,28.879431926712087,113.26606530454234,0,0
opolskie|nyski|Głuchołazy,opolskie,nyski,Głuchołazy,18,1,17,0.05555555555555555,50.3431871575998,17.365328861795817,12.093025619005756,13.552831426763744,163.8947376539203,0.10982658905137488,2.16162676617583,2.2894193012576047,5.1962719688825025,8.83862733983113,2,8,35,91,165,11.251508081578269,16.762448414735076,18.640640163734815,79.07010394344204,0,1
opolskie|nyski|Kamiennik,opolskie,nyski,Kamiennik,13,0,13,0.0,50.55538456088454,17.15892842753257,8.447963314139821,8.559341889120793,72.30900627247269,0.17978396703467034,2.0836471637135854,2.1720193380241852,3.2680340208805556,5.24983609080825,4,13,52,107,178,10.48812620698732,12.50782728733146,23.900351091315507,87.22732046182432,0,1
opolskie|nyski|Korfantów,opolskie,nyski,Korfantów,24,1,23,0.041666666666666664,50.47125042024553,17.586131978267566,14.203686896863978,12.773078815069987,181.42481219822042,0.13228620555923834,1.7230102675820633,1.861672604700045,4.9303637040244945,9.40312574732839,3,13,49,114,208,8.61803310429455,13.089158266685335,24.782568109821472,94.37310000612337,0,0
opolskie|nyski|Nysa,opolskie,nyski,Nysa,27,1,26,0.037037037037037035,50.45889150193423,17.344982372341317,12.812351467491284,15.301713039303781,196.05092551425432,0.13771931924920652,2.116213553696705,2.092957120562932,5.596346536953864,10.868109094437479,4,9,44,104,182,9.645163049943955,13.01643879303287,22.16713301645848,86.12252421470163,0,0
opolskie|nyski|Otmuchów,opolskie,nyski,Otmuchów,27,1,26,0.037037037037037035,50.44722283272784,17.182816942181688,17.381783076024877,12.977963410471054,225.58014476939587,0.1196913851952765,2.083858483433894,2.065097425613886,6.243069837594101,9.960881333796397,4,9,43,98,167,10.636764557742303,13.143623601796861,20.91242183150397,81.07725158757361,0,1
opolskie|nyski|Paczków,opolskie,nyski,Paczków,12,1,11,0.08333333333333333,50.442650088550444,17.032775603313045,7.176281918550353,11.612157220090578,83.33211389389994,0.14400210722217646,2.341819475736985,2.2777149618156325,3.6989079210794054,5.941388811453585,3,11,44,92,156,10.636764557742303,13.342507460616417,20.41173250125533,77.30873981698888,0,1
opolskie|nyski|Pakosławice,opolskie,nyski,Pakosławice,12,0,12,0.0,50.54302795566778,17.311815862249926,4.169245056712152,12.30998195457903,51.323331412344416,0.2338117902672571,1.8218425716519588,1.845047638729058,3.2794977757543156,6.6893081026339996,5,12,49,110,191,8.294757577320626,11.503671006940596,24.11297258339546,90.12027199877197,0,0
opolskie|nyski|Skoroszyce,opolskie,nyski,Skoroszyce,10,0,10,0.0,50.5995632303235,17.38844127061524,9.938473061140622,9.680691862118096,96.21129528486394,0.10393790012276459,2.669597533576278,2.554759233840392,3.7764189080059936,6.127200915417997,3,13,55,116,206,8.294757577320626,12.25413397282783,25.470960933552195,94.8307296343936,0,0
opolskie|nyski|Łambinowice,opolskie,nyski,Łambinowice,12,0,12,0.0,50.535928821999214,17.518992290532076,9.985981470472122,12.338311501998481,123.21015003586989,0.09739457338950133,2.29710410241645,2.4539042488565,4.166836627901753,8.09087907450226,6,12,51,112,211,8.61803310429455,12.172690732904377,25.31304752167108,95.45192903672208,0,0
opolskie|oleski|Dobrodzień,opolskie,oleski,Dobrodzień,21,1,20,0.047619047619047616,50.72527799413853,18.442904086582484,16.518240396217283,10.42638797460432,172.2255830287432,0.1219331044244179,1.6388759975981235,1.724596351746213,4.623411935582458,9.283397682547434,4,15,71,180,297,9.162248419257482,12.023441260873392,35.04177380153637,128.3268299820308,1,0
opolskie|oleski|Gorzów Śląski,opolskie,oleski,Gorzów Śląski,15,1,14,0.06666666666666667,51.029065081587625,18.387091237429058,15.86762861960686,10.360632925276422,164.39867552235728,0.09124161099436646,2.214177234780283,2.352589695464635,5.1470074822846605,9.519204802781244,4,14,69,154,281,8.460551458259934,13.293870479005278,33.2195678471645,127.3083737632298,0,0
opolskie|oleski|Olesno,opolskie,oleski,Olesno,19,1,18,0.05263157894736842,50.867921902710314,18.46331547895083,15.365584336038062,19.131993324134502,293.97425693850585,0.064631509567773,2.502266479056726,2.832781787471808,5.995920212325356,12.449202881093584,4,13,71,173,294,9.553346773170041,13.703571167027505,33.92967014867161,128.6796567929524,1,0
opolskie|oleski|Praszka,opolskie,oleski,Praszka,21,1,20,0.047619047619047616,51.0649974022542,18.493772173118785,13.226281563099555,9.7374817941287,128.790675924702,0.1630552821407486,1.795635280870919,1.8226366594764196,4.470125211632436,7.741186598244399,6,18,72,154,276,8.460551458259934,10.816521396423562,34.2458940775193,129.55243960291295,1,0
opolskie|oleski|Radłów,opolskie,oleski,Radłów,10,0,10,0.0,50.943613972938095,18.52777247252175,7.346679032169371,9.727804760039776,71.46705925962162,0.13992460447648403,1.807610591659039,2.092160502713567,3.3637901327584556,5.6442824028583995,6,16,74,168,290,9.553346773170041,11.811266336004044,34.37659047759342,130.13831474650286,1,0
opolskie|oleski|Rudniki,opolskie,oleski,Rudniki,13,0,13,0.0,51.029606005102785,18.612521402426662,11.333440557267908,8.318070174776269,94.27235387700992,0.13789832825178128,2.0264136403904893,1.9111189202065644,3.713001250540148,6.246901818531232,5,16,73,159,280,9.084524969451534,10.299930329969394,35.01442944994842,131.69371373712457,1,0
opolskie|oleski|Zębowice,opolskie,oleski,Zębowice,9,0,9,0.0,50.7746671327699,18.338660374478156,5.403610433087199,7.708413279171054,41.65326241787661,0.21606950998722754,2.0217059671017346,1.8177419766704024,2.9183271485728506,4.892948470551339,5,13,69,169,290,9.162248419257482,12.556683818910427,33.39194807635785,125.48174047553877,0,0
opolskie|opolski|Chrząstowice,opolskie,opolski,Chrząstowice,9,0,9,0.0,50.65006787518309,18.079211566243732,8.236430672493755,7.6004472271969465,62.60055666675505,0.14376868959664674,1.94174497063878,2.400709960364013,3.2602220197684932,5.201273336774022,7,17,64,159,270,8.202654126007157,10.592654647486436,32.21735241107237,117.19140033780758,0,0
opolskie|opolski|Dobrzeń Wielki,opolskie,opolski,Dobrzeń Wielki,4,0,4,0.0,50.77654237400182,17.85128814214605,6.4449846863453555,4.809645531231809,30.998091795538382,0.12904020113185574,2.5869739019179687,3.1375845320241833,2.73792035163851,4.019305536959364,4,14,56,141,257,10.60829066727364,12.353664206110318,29.635850176293154,112.48951080362897,0,1
opolskie|opolski|Dąbrowa,opolskie,opolski,Dąbrowa,13,0,13,0.0,50.69748633378944,17.76690872644269,11.272921632552723,12.342242792099217,139.13313576527318,0.09343568610378955,1.9571617089596436,1.912259922358101,4.5343165654233735,6.840766838348333,6,13,59,134,251,7.987281766251978,11.235884174607795,29.126806662455802,108.6473814903969,0,0
opolskie|opolski|Komprachcice,opolskie,opolski,Komprachcice,7,0,7,0.0,50.63478683903304,17.822206763151613,5.137243360015209,7.1903631814842965,36.93864551017804,0.18950342935750653,2.244661079839815,2.071779009501412,2.6226937881920542,5.011772236374737,4,17,59,132,249,7.216697365178189,10.295667407851194,29.581095672328892,108.74936926667306,0,0
opolskie|opolski|Murów,opolskie,opolski,Murów,13,0,13,0.0,50.88277268855559,18.013519915273392,11.2726131576635,13.478564388039674,151.9386422670307,0.08556085407919221,2.305064080337295,2.1986443233975117,5.384379629771124,7.702214661979047,2,11,63,145,270,11.656452915459505,14.428072765985187,30.220625673932403,117.79204225945405,0,1
opolskie|opolski|Niemodlin,opolskie,opolski,Niemodlin,29,1,28,0.034482758620689655,50.65347536149832,17.58498466394924,13.39530252163533,13.991371616996174,187.41865550228584,0.15473379596219705,1.6988113318783777,1.6960065557010366,5.075686182349557,8.16504378516622,4,16,53,122,228,8.902472224294533,12.785542444147435,27.308323145958852,102.16681606737956,0,0
opolskie|opolski|Ozimek,opolskie,opolski,Ozimek,14,1,13,0.07142857142857142,50.694200910996265,18.218914877384545,9.556483303622933,11.421933469627051,109.15351649758287,0.1282597249197191,1.763805414282431,1.9026313889843407,3.903285711160572,6.72361720524806,4,14,64,169,284,9.330931377788865,11.687544553616004,33.09477847829946,121.82935668870527,0,0
opolskie|opolski|Popielów,opolskie,opolski,Popielów,12,0,12,0.0,50.841709879440224,17.72784568540096,9.346864885482008,14.569298418239088,136.1772637915475,0.08812043703836586,2.8505178129005833,2.8548264486728114,4.792909132914944,7.7077261454686425,5,14,56,135,247,11.30226999867849,13.111857433108634,28.687325245618133,110.43892075896318,0,1
opolskie|opolski|Prószków,opolskie,opolski,Prószków,14,1,13,0.07142857142857142,50.5893026234231,17.89516410374937,8.06735933618164,8.386141777805586,67.65401916572279,0.20693522975635958,1.518587929902726,1.492885783553956,3.5449034569979467,5.978714434044845,5,17,58,140,247,7.216697365178189,11.044573563187452,30.262870667518897,109.89763858108353,0,0
opolskie|opolski|Tarnów Opolski,opolskie,opolski,Tarnów Opolski,8,0,8,0.0,50.57790907647037,18.055060763913925,5.095695989416263,11.116000672485146,56.64376004513104,0.14123356206625376,2.1203921750096626,2.2226179344490244,3.7481534049455583,6.245025917191883,5,18,62,155,262,7.610021387392204,9.72843330567374,32.30627556406648,115.16184620320175,0,0
opolskie|opolski|Turawa,opolskie,opolski,Turawa,11,0,11,0.0,50.753096088109054,18.10310331773919,11.315233776326792,16.503261959886245,186.73826714807393,0.0589059766270486,2.091618903701217,2.2698641893276683,5.9640006458877615,8.894839494574288,3,15,65,154,275,7.105708469515236,12.080348827688338,31.63146706094229,119.01010114919764,0,0
opolskie|opolski|Tułowice,opolskie,opolski,Tułowice,5,1,4,0.2,50.5919029090378,17.6656458184812,3.946950610110507,7.6158964891205665,30.059567294272888,0.166336393037588,2.310967109261316,2.189061255751127,2.53548884929265,4.3941318931795195,5,13,52,121,232,8.902472224294533,12.261173425261607,27.475094292891526,102.34526175968249,0,0
opolskie|opolski|Łubniany,opolskie,opolski,Łubniany,11,0,11,0.0,50.76833211177516,18.004993811538053,10.950726646240533,11.866816284661052,129.95026129447885,0.08464777131207933,2.030732914855747,2.023956805377039,4.8852240348911105,8.024666852093848,5,14,60,146,271,7.105708469515236,11.450996290812164,30.805704123747823,116.49826616485171,0,0
opolskie|prudnicki|Biała,opolskie,prudnicki,Biała,29,1,28,0.034482758620689655,50.409382202842174,17.693489927051193,13.233490452811049,14.698337756921848,194.51031237841744,0.14909235220177353,1.6986123127337562,1.6436660583572,4.808373721062497,8.760776576547116,5,12,50,115,213,9.551437344000597,11.763181496706105,25.05193941129903,95.06677542326906,0,0
opolskie|prudnicki|Głogówek,opolskie,prudnicki,Głogówek,22,1,21,0.045454545454545456,50.34389782666787,17.867845708517198,13.460632126914101,15.270950634386079,205.55664871773652,0.10702645785108932,1.8627254397543402,2.145124699941486,5.128753883436463,8.706394761137837,6,15,58,122,221,10.165223162613982,12.724028304455747,27.08270467204712,99.02951871569728,0,0
opolskie|prudnicki|Lubrza,opolskie,prudnicki,Lubrza,11,0,11,0.0,50.325956816719206,17.66141141260334,7.153222171445972,9.861210308856862,70.53942821860647,0.1559411562836922,2.0690047676784977,1.8485598374552041,3.5588230480671226,5.906251573610357,3,9,47,108,195,9.551437344000597,13.57316721883809,22.412695608703597,88.89512272665337,0,0
opolskie|prudnicki|Prudnik,opolskie,prudnicki,Prudnik,11,1,10,0.09090909090909091,50.34218293736585,17.523873237399112,13.115199093299276,8.013172048356989,105.09434678306268,0.10466785642339416,2.9700523194092705,2.9827538329807384,4.579245583159326,6.813325977328306,3,9,44,99,182,9.927375209755299,13.699411651511014,20.616301136706916,84.50859165979256,0,0
opolskie|strzelecki|Izbicko,opolskie,strzelecki,Izbicko,10,0,10,0.0,50.56130625148771,18.15959524360522,12.630126889297404,6.3003857310473235,79.57467123464649,0.1256681283735677,1.935124090200533,1.7704396985119204,4.104620795553558,7.526808312950127,6,16,65,164,272,7.610021387392204,10.593711452870984,33.56393701519865,118.42913222412423,0,0
opolskie|strzelecki|Jemielnica,opolskie,strzelecki,Jemielnica,7,0,7,0.0,50.55534100388356,18.388777346074185,8.35515491962408,5.300921343673829,44.29001904313668,0.15804915308756776,2.2413308442417006,2.362658170226093,2.6387962258367916,5.098357763919592,5,20,80,181,292,8.9478080205125,11.867471482896212,36.33164064414165,126.12540549199463,1,0
opolskie|strzelecki|Kolonowskie,opolskie,strzelecki,Kolonowskie,4,1,3,0.25,50.65149957367028,18.332900240989925,2.772098349399261,7.281876671907113,20.186078302722688,0.19815636995029798,2.7054479625478502,2.8950703374401163,2.655729825951481,3.8896929627597734,6,16,70,177,289,9.330931377788865,12.083089356532161,34.642504529535316,124.96604524180977,0,0
opolskie|strzelecki|Leśnica,opolskie,strzelecki,Leśnica,12,1,11,0.08333333333333333,50.43575999410328,18.20236825639471,9.562626223753732,7.08996053500515,67.79864253741928,0.1769946941544882,2.069513169066624,2.078574748604005,3.818727009267436,5.703265006933436,7,16,78,162,267,6.361848603239724,10.299817904244096,34.57348880283136,117.34823699797272,1,0
opolskie|strzelecki|Strzelce Opolskie,opolskie,strzelecki,Strzelce Opolskie,21,1,20,0.047619047619047616,50.52518714944066,18.27138636610329,15.399033955508754,24.39921014999788,375.7242655874112,0.05589205149464697,2.3374728281695236,2.2130260059280373,6.687522104213067,14.913758805231943,6,17,74,169,280,8.86194976925238,11.070332335543055,35.09964962900115,121.73136695732462,1,0
opolskie|strzelecki|Ujazd,opolskie,strzelecki,Ujazd,10,1,9,0.1,50.42803477686989,18.33713626899663,9.934441342254281,7.055616685999104,70.09361010048865,0.14266635697125102,1.891895425109228,1.9786959173821845,3.5850678930489344,6.174199887713348,6,18,90,168,272,9.584284207230109,11.766505152776196,36.629701768127305,122.47338974300595,1,0
opolskie|strzelecki|Zawadzkie,opolskie,strzelecki,Zawadzkie,3,1,2,0.3333333333333333,50.586969223956494,18.51606567520427,3.772183727842331,4.971833663752721,18.754670043946735,0.15996015888150916,3.0586276287235012,3.1589518308749063,2.257678389721114,3.1785138547923166,6,19,84,186,301,9.62034166211463,11.17287331161862,37.72608845579386,130.45681966602575,1,0
podkarpackie|Krosno|Krosno,podkarpackie,Krosno,Krosno,1,1,0,1.0,49.6919920759955,21.7670045037303,0.001,0.001,1e-06,1000000.0,,,0.0,0.0,10,24,68,133,210,4.947375265345306,7.484184560016422,31.875977643863912,95.95862929911598,0,0
podkarpackie|Przemyśl|Przemyśl,podkarpackie,Przemyśl,Przemyśl,1,1,0,1.0,49.7823167973594,22.7751403340637,0.001,0.001,1e-06,1000000.0,,,0.0,0.0,6,13,43,94,146,2.014006028439331,7.619902612104603,20.97823858599827,69.21953112836295,0,0
podkarpackie|Rzeszów|Rzeszów,podkarpackie,Rzeszów,Rzeszów,1,1,0,1.0,50.041104832625,21.9991422690219,0.001,0.001,1e-06,1000000.0,,,0.0,0.0,8,20,77,163,247,8.390254604337333,9.199699337727807,35.29830413560898,110.41739231185709,1,0
podkarpackie|Tarnobrzeg|Tarnobrzeg,podkarpackie,Tarnobrzeg,Tarnobrzeg,1,1,0,1.0,50.569196570734725,21.67749032198508,0.001,0.001,1e-06,1000000.0,,,0.0,0.0,9,18,70,154,296,8.559080309474039,10.451049406183078,35.10405615643561,126.95094827493672,0,0
podkarpackie|bieszczadzki|Czarna,podkarpackie,bieszczadzki,Czarna,13,0,13,0.0,49.314224314446534,22.632671133871092,9.603852883301716,13.643484401396508,131.03001700663384,0.09921390759906434,2.250741594674198,2.3469652004794868,5.138799267732964,7.264579571146378,0,5,15,48,88,16.260709291182714,19.608304280789703,9.382611532863336,42.66508351380535,0,1
podkarpackie|bieszczadzki|Lutowiska,podkarpackie,bieszczadzki,Lutowiska,20,0,20,0.0,49.15855696014439,22.70959872312776,25.29804174809143,26.256577569548647,664.2399955164426,0.030109599143379073,2.982860121493899,3.163136222881333,9.375725518847721,19.2480025191983,0,1,9,23,61,18.18822423083958,29.555941201053116,5.37465680018534,31.57529984756883,0,1
podkarpackie|bieszczadzki|Ustrzyki Dolne,podkarpackie,bieszczadzki,Ustrzyki Dolne,34,1,33,0.029411764705882353,49.46732527380976,22.569659260523316,30.02070717962473,18.969538581606383,569.4789630909991,0.05970369794778006,2.128228257816229,2.2581724229785376,8.412439383133991,17.597434374259286,1,6,30,70,111,10.010856033410615,16.57329046365805,14.265855991499853,55.03468514377705,0,0
podkarpackie|brzozowski|Brzozów,podkarpackie,brzozowski,Brzozów,8,1,7,0.125,49.683529042727336,22.02638745648254,9.262243231732661,8.201350397835956,75.96290221342404,0.10531456496387329,3.0662094366874566,3.021183990841242,3.666214549891557,5.410282964464715,9,18,71,123,186,6.393060149599803,10.119236420170683,29.436884382098377,89.26286043727069,1,0
podkarpackie|brzozowski|Domaradz,podkarpackie,brzozowski,Domaradz,3,0,3,0.0,49.79063270601103,22.003720101827337,4.583297037055098,6.908815161469555,31.665152059124747,0.09474137355786072,4.701048115951331,5.1777576015212174,3.5085694973542245,4.253418767933584,8,22,74,134,208,6.705141608489253,10.596783283788746,32.50173062099128,97.61052403271839,1,0
podkarpackie|brzozowski|Dydnia,podkarpackie,brzozowski,Dydnia,13,0,13,0.0,49.68814817551243,22.178835460861,8.983412367813873,9.003301871305974,80.88037338185187,0.16073120655148918,2.2720530791170295,2.148366447009917,3.6771545725951875,5.316484066933771,3,14,71,116,174,8.327495880703802,12.505162299008479,27.429242026524662,85.05368780397549,1,0
podkarpackie|brzozowski|Haczów,podkarpackie,brzozowski,Haczów,7,0,7,0.0,49.664176282373774,21.94272815064054,6.428094617032648,7.835719949663778,50.36874922900906,0.13897506106759672,2.1700723760769276,2.2333459180283906,3.570100802157899,4.91603765472524,10,20,67,123,191,6.393060149599803,8.75771773193868,29.788791259554912,89.92327071228266,0,0
podkarpackie|brzozowski|Jasienica Rosielna,podkarpackie,brzozowski,Jasienica Rosielna,4,0,4,0.0,49.7463392560302,21.94036787215415,2.8560783626629096,5.879615431913201,16.79264241586623,0.23819955793381697,2.5382784945024133,2.6967175426809398,2.1287850096741754,3.2852854409927477,7,24,73,133,208,6.705141608489253,8.777196904492769,32.14643325780578,96.23412791531581,1,0
podkarpackie|brzozowski|Nozdrzec,podkarpackie,brzozowski,Nozdrzec,8,0,8,0.0,49.76301216823905,22.181938722987436,7.57253430794528,14.286075733464708,108.18179861756603,0.07394959320542299,2.935960786388362,3.00748422583737,4.598335470025821,8.687269731924177,5,19,78,126,183,7.330074695954435,11.598247756910798,29.724738572526295,90.52022228265882,1,0
podkarpackie|dębicki|Brzostek,podkarpackie,dębicki,Brzostek,19,1,18,0.05263157894736842,49.89488821073416,21.425943640850097,11.101088387328312,9.595187272064978,106.51702200016095,0.17837524597684762,1.838381549769685,1.6847057817810065,3.8898664750212166,6.122865914230092,6,18,81,167,269,8.146929673537871,10.900885922890563,35.66497408413145,114.50927276708603,1,0
podkarpackie|dębicki|Czarna,podkarpackie,dębicki,Czarna,13,0,13,0.0,50.08143493533248,21.263618334233833,12.519108539680058,10.515330424299666,131.64256291240747,0.09875225544378044,2.817516866788597,2.6397941862788112,4.43450125477708,7.0890689756297345,4,17,84,181,293,9.493612351826851,12.830525684380202,36.57637272021903,124.54636401004834,1,0
podkarpackie|dębicki|Dębica,podkarpackie,dębicki,Dębica,18,1,17,0.05555555555555555,50.05683189834292,21.4568509740673,19.53349147452776,14.88806631019799,290.81591634245643,0.061894824142994014,2.4692098748075355,2.4305828723564016,5.795798697073601,10.742828929520329,6,13,85,181,285,7.434952613779652,11.516272367471055,35.7419541378851,120.60497151723884,1,0
podkarpackie|dębicki|Jodłowa,podkarpackie,dębicki,Jodłowa,5,0,5,0.0,49.89580672514468,21.312216741521702,7.718293521573397,3.022516039071892,23.328665963220267,0.21432858646452171,1.8378256008984073,2.135875741777363,2.9491968184503365,5.1510077555541836,5,19,82,166,265,8.146929673537871,9.853274364522694,36.10179860063509,116.3499586801537,1,0
podkarpackie|dębicki|Pilzno,podkarpackie,dębicki,Pilzno,18,1,17,0.05555555555555555,49.97229376664144,21.29678135509702,9.242807652931305,15.575131592297073,143.95794547669553,0.1250365163270124,1.919017719883486,2.0507505297396404,4.889990040710993,8.364998593688867,6,19,84,176,280,8.576433506556715,12.206468724136325,36.32975685041538,120.04650046710806,1,0
podkarpackie|dębicki|Żyraków,podkarpackie,dębicki,Żyraków,13,0,13,0.0,50.10813718264845,21.390029100559154,10.126008019817034,8.661714149200666,87.70858694016862,0.14821809874634162,1.9304158036873627,2.0430805553947415,3.987475391138248,6.709776233963351,4,17,80,182,294,7.434952613779652,11.346812869413307,35.965748796695465,123.30553331536629,1,0
podkarpackie|jarosławski|Chłopice,podkarpackie,jarosławski,Chłopice,7,0,7,0.0,49.937835854810444,22.701643835553465,4.13106448687683,7.683683271123437,31.741791089747622,0.22052945847346817,1.8017592897523802,1.787771957123692,3.0243529989315503,4.725232364516191,8,21,53,110,175,6.029410896119092,9.053273393015091,26.414234025277445,81.82975761544859,0,0
podkarpackie|jarosławski|Jarosław,podkarpackie,jarosławski,Jarosław,14,1,13,0.07142857142857142,50.04118434646937,22.69682153696789,17.61136809861947,13.089236026584206,230.51935379388576,0.060732427753193416,1.9855423192591117,2.467679108271176,6.347889834793192,10.825818603517254,4,19,60,114,190,6.829987011308253,11.163549162380923,27.505008774271744,86.7336571745494,0,0
podkarpackie|jarosławski|Laszki,podkarpackie,jarosławski,Laszki,12,0,12,0.0,50.021229710951566,22.908635963633415,8.458569169794051,14.384137233917382,121.66921974090026,0.0986280673579933,2.5843930343521286,2.7397233745617275,4.796467126763377,8.300651799003376,3,13,47,97,172,7.968168775379133,13.095555892378107,22.10784835376653,75.46734306455278,0,0
podkarpackie|jarosławski|Pawłosiów,podkarpackie,jarosławski,Pawłosiów,10,0,10,0.0,50.005852471340425,22.618616841182092,5.16652160148889,7.280503453092887,37.61487836011886,0.2658522487900025,1.3992972439717803,1.4502630091798312,2.6228548429104537,4.526555111294023,7,21,64,121,193,6.829987011308253,8.759789587109973,29.06578695537977,88.87401408852008,0,0
podkarpackie|jarosławski|Pruchnik,podkarpackie,jarosławski,Pruchnik,8,1,7,0.125,49.91025392233256,22.490351254849827,7.455673009786386,6.89469260461714,51.40457356301781,0.15562817557843667,2.200031573363528,2.3389080973054095,2.9527736307449706,5.1813927305163014,9,23,65,121,184,6.3941435247069425,9.51596353460695,29.816267048822176,89.38887336682964,0,0
podkarpackie|jarosławski|Radymno,podkarpackie,jarosławski,Radymno,20,1,19,0.05,49.949573684948156,22.909711727703424,10.522706073243215,23.851714723820542,250.98458338161103,0.07968616928789957,2.3754997741769897,2.3894030734847407,6.453951278370704,15.06840400649595,4,15,43,94,159,6.6928248129694765,11.327031583594906,21.17608050335833,72.06119678478947,0,0
podkarpackie|jarosławski|Rokietnica,podkarpackie,jarosławski,Rokietnica,4,0,4,0.0,49.904427179384555,22.635308930296425,2.7905479924540666,5.744610410267215,16.03061104780191,0.24952261570518694,2.603992309374383,2.657440292318662,2.1240327010409064,3.259537706980838,8,22,57,111,171,5.066704164771117,8.849681312182359,27.24048652757833,83.06713708119543,0,0
podkarpackie|jarosławski|Roźwienica,podkarpackie,jarosławski,Roźwienica,12,0,12,0.0,49.92837891037586,22.575109099066054,12.283809548957368,7.841093571069763,96.31850008257499,0.12458665770036138,1.474569645017045,1.8708232909892797,3.4226069250141324,7.323754823443145,7,21,61,118,183,5.066704164771117,7.59742404247671,28.907842996084376,87.01030259396661,0,0
podkarpackie|jarosławski|Wiązownica,podkarpackie,jarosławski,Wiązownica,12,0,12,0.0,50.099845878739664,22.783969308291805,11.802165121597746,16.917468086806615,199.66275179985197,0.06010134535273342,2.939854394066793,3.0640811589724835,5.966179862673651,8.638204924763617,3,16,59,113,191,9.012930065857848,13.73586918768871,25.723789013181914,84.8485783527847,0,0
podkarpackie|jasielski|Brzyska,podkarpackie,jasielski,Brzyska,7,0,7,0.0,49.80612380318904,21.394305373166414,8.259084266878538,3.0215055867368883,24.954869253704242,0.28050637848807547,1.4585917320532633,1.730196696593173,2.447967237093915,5.149030785904819,8,22,74,157,249,5.566606157815693,8.83912865571889,35.06677079993135,110.05384656834644,1,0
podkarpackie|jasielski|Dębowiec,podkarpackie,jasielski,Dębowiec,13,0,13,0.0,49.66321294813128,21.412011413516133,8.970672457715981,9.471951105378192,84.96977090184859,0.15299558727793597,1.6888621052660597,1.794580239913035,3.8087892895655124,6.067413962521068,7,18,66,133,225,5.755032079179893,9.445201957030473,31.04648277132197,98.76115536459113,0,0
podkarpackie|jasielski|Jasło,podkarpackie,jasielski,Jasło,19,1,18,0.05263157894736842,49.74438651767055,21.498074127748243,9.242799829260209,16.29766894114628,150.63609170656625,0.1261317907597558,1.8539100517846332,1.7801373884549896,5.065210598442461,9.273331803019351,9,22,72,147,231,5.997586099082103,8.99599032183067,33.68802718299942,104.28130860077373,1,0
podkarpackie|jasielski|Kołaczyce,podkarpackie,jasielski,Kołaczyce,8,1,7,0.125,49.80355912882429,21.471771159150112,5.5505419914765435,8.121297881380888,45.07760491589411,0.17747171827177632,1.3690181863115147,1.649096220727054,2.7114217598342285,4.74805428826033,6,22,75,155,252,5.566606157815693,8.618577080720607,34.872008120629765,108.73606891572703,1,0
podkarpackie|jasielski|Krempna,podkarpackie,jasielski,Krempna,11,0,11,0.0,49.49889049407372,21.473092340430764,11.91696891079745,11.252108490359715,134.09102706053676,0.08203382613389887,2.159021021373473,2.734919965363799,5.1339066814728,7.001141304573479,3,10,49,110,183,12.04436762275937,15.091668863251323,22.400798329520512,81.32832302276192,0,1
podkarpackie|jasielski|Nowy Żmigród,podkarpackie,jasielski,Nowy Żmigród,18,0,18,0.0,49.60000357535454,21.532962868710413,11.160376644930961,9.453792206022127,105.50788174211971,0.17060336822982805,1.7011131539623403,1.5996932699155426,3.6365901729211996,6.389816356043284,7,19,58,123,205,5.493487310819405,10.210202505648885,28.105665727134173,91.17876644007029,0,0
podkarpackie|jasielski|Osiek Jasielski,podkarpackie,jasielski,Osiek Jasielski,8,0,8,0.0,49.62697640441647,21.469081786812815,7.918025473957692,3.8063604291125954,30.138858840778063,0.2654380526569888,2.0434733360904147,1.9090693030943031,2.561392550262138,4.240374881348748,7,19,60,128,218,5.493487310819405,9.729323986689403,29.454807722426963,94.65368706934032,0,0
podkarpackie|jasielski|Skołyszyn,podkarpackie,jasielski,Skołyszyn,14,0,14,0.0,49.754924349994916,21.34275963337219,8.55682261555639,8.203297474752791,70.19416135410131,0.19944678773745342,1.8191502565997804,1.8401370695437145,2.9034480767532225,5.45574529315174,7,21,76,153,238,6.790375524080976,9.58953519926483,34.13378340230325,107.25083468913283,1,0
podkarpackie|jasielski|Tarnowiec,podkarpackie,jasielski,Tarnowiec,17,0,17,0.0,49.70936325460397,21.561529889626655,10.266536425890992,6.026809973228543,61.87446412207395,0.2747498542607205,1.474186841133345,1.4916439318329417,3.481873115333135,6.25660276136371,10,23,70,140,224,5.663712832273653,8.99159632540111,32.67686774296751,100.6600824197684,0,0
podkarpackie|kolbuszowski|Cmolas,podkarpackie,kolbuszowski,Cmolas,8,0,8,0.0,50.31381188899228,21.695496382204624,6.172359198331847,15.263963468491127,94.2146653177425,0.08491247061187024,2.882075269675041,3.3436095367228362,4.170810390944897,7.823129697159161,4,13,75,173,298,9.20351320098705,11.789705795386624,34.44056965745776,122.73548872241,1,0
podkarpackie|kolbuszowski|Dzikowiec,podkarpackie,kolbuszowski,Dzikowiec,7,0,7,0.0,50.30267585880615,21.862575059390014,11.090114069674698,6.8258429194185535,75.69937659803311,0.09247103892506665,3.431522062103775,2.81124534133875,4.066426323920704,7.160766621858333,4,11,76,171,286,9.860002890492988,12.044896971048136,33.829834578296335,119.30191480105631,1,0
podkarpackie|kolbuszowski|Kolbuszowa,podkarpackie,kolbuszowski,Kolbuszowa,15,1,14,0.06666666666666667,50.22009259257813,21.78630240515479,9.909344427056588,11.11635861162075,110.1558262572266,0.1361707365797726,2.6069652402285617,2.320906089195373,4.483336722019971,6.584075641662015,4,12,76,175,282,9.281070130621007,12.500139684928707,34.37201924783798,119.18674185562051,1,0
podkarpackie|kolbuszowski|Majdan Królewski,podkarpackie,kolbuszowski,Majdan Królewski,7,0,7,0.0,50.37616116780857,21.784819224047904,5.548461236786733,9.057354985426977,50.25438304445865,0.1392913329332348,2.2645486722406547,2.4419768033005136,3.5720441658631388,5.1978609208386,3,13,73,168,294,9.393664329126347,12.903084041247066,33.9058390421044,122.0532924637759,1,0
podkarpackie|kolbuszowski|Niwiska,podkarpackie,kolbuszowski,Niwiska,9,0,9,0.0,50.23462185333518,21.657825361456688,10.864032699534759,6.64711875529106,72.21451551517286,0.12462868352428434,2.4234366272091763,2.4178810277169234,3.7758633115068725,5.870207085788028,4,14,76,176,288,9.20351320098705,12.158853373911466,34.70834072332465,121.86585756171743,1,0
podkarpackie|kolbuszowski|Raniżów,podkarpackie,kolbuszowski,Raniżów,6,0,6,0.0,50.2718621100346,22.015147762317827,4.469046679773731,8.271083978417646,36.963860391877084,0.16232070829156464,2.5576394653894745,2.6997273758108826,3.3934291868103266,5.212429880878713,5,16,75,167,275,9.497468091737721,11.335572896928076,33.709498922393266,115.6445393501481,1,0
podkarpackie|krośnieński|Chorkówka,podkarpackie,krośnieński,Chorkówka,14,0,14,0.0,49.642285732759255,21.655281130038336,9.512192197303408,8.860728645201238,84.28495388130601,0.1661031934562775,1.8521727896934865,1.7233579355125872,3.6948612748932814,6.3167331572055465,9,20,61,130,211,7.1859634375791925,9.222201617938302,30.13516479672198,93.51943395931636,0,0
podkarpackie|krośnieński|Dukla,podkarpackie,krośnieński,Dukla,25,1,24,0.04,49.522507397272875,21.675950293730804,20.01457990102397,12.347621139874175,247.13244989158434,0.10116032925246103,1.5877527055408869,1.8346696925459083,5.831671642414356,11.230115562812623,6,15,53,108,181,9.182421992318917,13.037248473440377,23.880283566149828,81.34335179088231,0,0
podkarpackie|krośnieński|Iwonicz-Zdrój,podkarpackie,krośnieński,Iwonicz-Zdrój,4,1,3,0.25,49.572709593659624,21.777007455857724,6.854303568428664,3.559975886264328,24.401155420741578,0.16392666375953258,3.400678858963704,3.5786718094007663,2.690824641278877,3.841318934442686,7,20,57,114,181,6.733821657651119,9.289291037744569,26.727686868697248,85.02212103908724,0,0
podkarpackie|krośnieński|Jaśliska,podkarpackie,krośnieński,Jaśliska,8,0,8,0.0,49.425180681937746,21.85445203920184,9.063513497403516,8.760116976115366,79.3974384518553,0.10075891812115587,1.4749800292348803,1.6177987401243383,4.397549285292486,7.3311575018707895,0,8,38,88,148,15.1704985255642,16.966370220155383,18.445362658341356,68.78206055832479,0,1
podkarpackie|krośnieński|Jedlicze,podkarpackie,krośnieński,Jedlicze,11,1,10,0.09090909090909091,49.70616316825477,21.64013722859787,8.307971408373543,6.616485342228311,54.96957104715545,0.20011071198943303,1.5027186591293982,1.8397769448913428,2.948053003065114,5.696010231084135,9,23,67,137,222,5.663712832273653,8.369511071516325,32.49931263523639,99.20571072838973,0,0
podkarpackie|krośnieński|Korczyna,podkarpackie,krośnieński,Korczyna,7,0,7,0.0,49.7349217572675,21.83805188811033,10.928535042680105,7.916409363943305,86.51475714605533,0.08091105183572914,3.5542689063283697,3.741711280982844,4.417040492594475,6.51098133073661,10,24,71,135,213,6.746963086986178,8.687457580474716,32.63433611291184,97.76851942435819,1,0
podkarpackie|krośnieński|Krościenko Wyżne,podkarpackie,krośnieński,Krościenko Wyżne,1,0,1,0.0,49.674457509409,21.8302054860598,0.001,0.001,1e-06,1000000.0,,,0.0,0.0,12,19,65,129,198,4.947375265345306,7.35594886547872,31.068801042013234,93.32906095114365,0,0
podkarpackie|krośnieński|Miejsce Piastowe,podkarpackie,krośnieński,Miejsce Piastowe,8,0,8,0.0,49.63460102656601,21.78142674638353,5.409698914364331,8.252240352360944,44.642135675240525,0.17920289607553364,1.6946044535189873,1.9370526367768233,2.945650425688305,4.711777069408481,10,20,63,124,199,5.65433140227081,7.685843074973977,29.730398857720033,90.82374907286011,0,0
podkarpackie|krośnieński|Rymanów,podkarpackie,krośnieński,Rymanów,20,1,19,0.05,49.56129743407415,21.86870870756801,16.045203889035317,9.244666330022401,148.3325561513093,0.13483216711777446,1.7359770882759231,1.7797404675816157,5.140295901031886,8.668894942142213,7,17,55,112,176,6.216995318894084,9.390185231894103,25.87275236043553,82.28697441393633,0,0
podkarpackie|krośnieński|Wojaszówka,podkarpackie,krośnieński,Wojaszówka,11,0,11,0.0,49.77615584749491,21.693535612048073,7.137340626741899,6.947920729959671,49.58967689732339,0.22182036037007788,1.6253587327454995,1.8171610450452826,2.6847489180173985,5.316054917106486,9,25,75,148,229,8.677345611502739,10.546347443159755,33.90908147874431,103.33538901029839,1,0
podkarpackie|leski|Baligród,podkarpackie,leski,Baligród,12,0,12,0.0,49.35377168467687,22.268845805352957,12.224591702702693,7.090715546978229,86.68110244181504,0.1384384792297149,2.1038736958045554,2.321691864825671,3.7791590672355766,7.5501287475213585,4,7,27,67,116,10.518931936594678,13.149909504190447,14.365328280290932,54.954639633998845,0,1
podkarpackie|leski|Cisna,podkarpackie,leski,Cisna,18,0,18,0.0,49.203423572624615,22.369432689592397,12.382213867156306,16.58837008282852,205.40074607312008,0.08763356679138949,2.2477074810613766,2.3121208689213453,5.349061629783769,10.066393381159358,0,4,14,39,83,16.136070347503075,21.446870200556138,8.618594642722915,41.225451907379366,0,1
podkarpackie|leski|Lesko,podkarpackie,leski,Lesko,15,1,14,0.06666666666666667,49.46790723898891,22.339863170432864,11.58053982635132,6.6799645499062645,77.35759550880447,0.19390468255043905,1.6833780605996422,1.4753930728654148,3.6128590250031962,5.9324107618868505,5,9,38,82,127,6.737590721254855,11.705418762400594,17.866935076062525,62.51598243676039,0,0
podkarpackie|leski|Olszanica,podkarpackie,leski,Olszanica,8,0,8,0.0,49.47734041355502,22.43197258293499,10.435678828902523,6.884559043696223,71.84504705863007,0.11135075175706263,2.5786836532820256,2.973482396239019,3.7023347828179585,6.766582038114217,4,9,37,81,120,6.737590721254855,12.309545028551808,16.896004544567738,60.42897319935744,0,0
podkarpackie|leski|Solina,podkarpackie,leski,Solina,23,0,23,0.0,49.34565846733785,22.413525759104118,16.93370486134997,10.362704015489744,175.47897136382952,0.13106983601079428,1.7362049285091472,1.776917149481567,5.122148930843852,9.82921198703459,3,8,23,62,104,10.518931936594678,14.443948469437464,12.905781955861332,50.876017782555806,0,1
podkarpackie|leżajski|Grodzisko Dolne,podkarpackie,leżajski,Grodzisko Dolne,9,0,9,0.0,50.160320769998044,22.4469196673967,6.012003289789242,8.580362295155838,51.585166346060475,0.17446875986835553,2.4400724837587915,2.0217929643402157,3.4095881748015735,5.475400331337643,6,20,70,136,229,7.712951317000169,9.457289452851668,32.05870483743237,101.23450224197299,0,0
podkarpackie|leżajski|Kuryłówka,podkarpackie,leżajski,Kuryłówka,10,0,10,0.0,50.30993203133229,22.54778788537172,7.745314189328343,13.789116560939613,106.80104015774802,0.09363204689045847,3.019259783009893,3.084835897096925,4.923888554672473,8.88852072775964,5,14,65,140,241,9.393550288514554,12.449141340412277,30.103841831382862,101.19963307077373,0,0
podkarpackie|leżajski|Leżajsk,podkarpackie,leżajski,Leżajsk,14,1,13,0.07142857142857142,50.2397282084814,22.416500742912852,14.176814950729549,16.404195130608848,232.55923878230038,0.060199715450158724,2.8782047100903356,2.6321513138430777,6.309423255389247,10.15039668143824,6,19,68,145,244,9.0912963502758,11.914815432232283,31.861806666877868,104.20321949084155,0,0
podkarpackie|leżajski|Nowa Sarzyna,podkarpackie,leżajski,Nowa Sarzyna,9,1,8,0.1111111111111111,50.3246287796086,22.307734033395334,8.68375917978316,11.920444910724003,103.514272920599,0.08694453186087181,2.2517459128021273,2.205911470339161,4.646347603299186,7.444230613726947,4,17,68,156,260,8.672907842264602,12.041236283988788,32.29470441645024,109.32218849398453,0,0
podkarpackie|lubaczowski|Cieszanów,podkarpackie,lubaczowski,Cieszanów,13,1,12,0.07692307692307693,50.261577213834094,23.1433578288117,10.010877399680886,12.489695573350854,125.03281114415248,0.1039727082918425,1.9159251312409742,2.060011492427513,4.5535654954655325,6.843917128395508,2,10,43,103,168,12.780202268656623,14.65919634849106,20.575130061886597,74.34301667071726,0,1
podkarpackie|lubaczowski|Horyniec-Zdrój,podkarpackie,lubaczowski,Horyniec-Zdrój,12,0,12,0.0,50.21792532996506,23.373353181955864,9.316443763369792,16.001945153253843,149.08122212481723,0.0804930347965157,3.173437998661741,2.7014765079849856,5.273202274236726,10.824890743730025,1,5,33,79,138,13.87315932951596,16.43074395081832,15.484379594817943,61.55973021193634,0,1
podkarpackie|lubaczowski|Lubaczów,podkarpackie,lubaczowski,Lubaczów,24,1,23,0.041666666666666664,50.1487847380431,23.177869004708384,12.635519354107494,14.049766424176683,177.5260955733741,0.13519139213018094,1.524095192044114,1.8716345947943775,4.8524726827557965,8.68194798573663,3,7,38,92,151,12.28431473923152,14.964053228490965,17.78574089859743,67.75203122363965,0,1
podkarpackie|lubaczowski|Narol,podkarpackie,lubaczowski,Narol,16,1,15,0.0625,50.338664369824855,23.32416320661422,12.100457760418113,16.602095974696926,200.89296107622772,0.07964440323983721,2.095120332287411,2.5446335389726595,4.945294785298557,10.10198214619443,4,10,39,93,152,9.448520051284277,13.297385429696723,19.398771113741788,69.37440511705508,0,0
podkarpackie|lubaczowski|Oleszyce,podkarpackie,lubaczowski,Oleszyce,10,1,9,0.1,50.15757803540586,23.00599690587827,11.98710128703706,8.499492003500361,101.88427153432038,0.09815057662390446,2.191273470457747,2.696960621434837,3.7221302910072205,8.405673033976354,2,9,49,104,175,12.183066670694195,14.440582847291893,21.48175683660123,76.47975612401933,0,1
podkarpackie|lubaczowski|Stary Dzików,podkarpackie,lubaczowski,Stary Dzików,5,0,5,0.0,50.25724708440126,22.93489951133862,5.775745421347752,8.924960049297722,51.548297140442926,0.09699641457364808,3.9723890512179723,4.09015309039288,3.761277538559292,4.724256517586068,3,11,53,116,187,8.454584230832994,13.327457377270918,24.121795740182204,83.73636009444344,0,0
podkarpackie|lubaczowski|Wielkie Oczy,podkarpackie,lubaczowski,Wielkie Oczy,10,0,10,0.0,50.03824441328691,23.12923572304549,8.254215099956317,11.088684255386735,91.52838501946106,0.10925572430753332,2.0348037068867684,2.539718470208964,4.89783387194119,7.485137289906991,1,6,34,80,147,12.771762185341254,16.420465670209538,16.7283339153775,64.98714161660071,0,1
podkarpackie|mielecki|Borowa,podkarpackie,mielecki,Borowa,10,0,10,0.0,50.37769236758483,21.329224857603254,7.423509237750078,9.067167398751447,67.31020094485771,0.14856589134523998,1.7540968674249784,1.699662325941159,3.5184399016594754,5.335889559185245,9,18,70,172,307,5.713637067042978,8.41226645834611,36.80890424793455,130.30423827677066,0,0
podkarpackie|mielecki|Czermin,podkarpackie,mielecki,Czermin,9,0,9,0.0,50.333093898461875,21.289225982444005,6.047437535578417,7.968873377849073,48.191263981476055,0.18675584030042156,2.171769106764472,2.2046196382088725,3.18576602061656,5.175663485302059,8,17,70,170,307,5.713637067042978,9.4394365394386,36.91836838411656,130.19669349736472,0,0
podkarpackie|mielecki|Gawłuszowice,podkarpackie,mielecki,Gawłuszowice,7,0,7,0.0,50.4107382056792,21.395093161340657,5.7782943552625445,5.127089555615675,29.625832638139602,0.23628027895453524,1.937237713892489,1.937552954030922,2.1679640306387493,3.5964978119941375,8,19,70,166,306,5.941693921361823,7.927592383698979,36.47529380688823,129.74789917043782,0,0
podkarpackie|mielecki|Mielec,podkarpackie,mielecki,Mielec,14,1,13,0.07142857142857142,50.295926921481,21.438839437473288,12.271373796747076,13.351356658042567,163.83948824452816,0.0854494856521109,1.420346165979677,2.0122134109770005,5.029765980162784,8.52003660748806,6,17,74,177,302,9.055034657147916,11.297263199139934,35.902594877804205,127.05829090596949,1,0
podkarpackie|mielecki|Padew Narodowa,podkarpackie,mielecki,Padew Narodowa,12,0,12,0.0,50.437141713413915,21.494150548270365,8.736290954154159,7.404782671897738,64.69033587397767,0.1854991141702685,1.238151156382794,1.4137337348693855,3.4175642519248366,5.323310393923296,6,17,72,165,301,7.321145615771635,8.90051487911207,35.891514311663215,128.478514565448,1,0
podkarpackie|mielecki|Przecław,podkarpackie,mielecki,Przecław,11,1,10,0.09090909090909091,50.20037968724361,21.476516949020557,6.091421008265664,11.323578817784295,68.97668589940332,0.15947417386858181,1.9983126131275244,2.11676315228444,3.3472883086514993,6.660538784697509,5,16,78,178,296,10.956956565885426,12.635439570283342,35.485444567655385,124.27364479451771,1,1
podkarpackie|mielecki|Radomyśl Wielki,podkarpackie,mielecki,Radomyśl Wielki,13,1,12,0.07692307692307693,50.19430966188834,21.272627244233554,9.396042948799836,11.220342764700064,105.4268225173773,0.12330827857263017,2.4168806747329765,2.67013694492888,4.359016773713604,7.233291652663803,5,17,78,178,304,8.513327855653296,11.930027669220907,36.65348718492262,127.56518587315028,1,0
podkarpackie|mielecki|Tuszów Narodowy,podkarpackie,mielecki,Tuszów Narodowy,13,0,13,0.0,50.37148593855449,21.4864167327417,6.345509084139978,8.871459055292432,56.29392402493399,0.23093078383098634,1.4212811574993207,1.5782219771984825,3.267332406053696,5.269827352415436,7,18,71,169,302,7.321145615771635,9.696626824064534,35.843092669257295,127.63966788288121,1,0
podkarpackie|mielecki|Wadowice Górne,podkarpackie,mielecki,Wadowice Górne,13,0,13,0.0,50.27035409669513,21.25873260258856,6.288757389337984,11.907865342778678,74.88567616564109,0.17359795177979093,1.693385767205496,1.5839924054682,3.8314503458708367,7.422907239484491,6,18,71,178,309,7.304810039541752,10.77105616221273,36.91540283401332,129.49235242642024,1,0
podkarpackie|niżański|Harasiuki,podkarpackie,niżański,Harasiuki,22,0,22,0.0,50.487637905998845,22.446674620769866,13.837448649756077,12.96515979343504,179.40473287753946,0.12262775706712856,1.760945525564526,1.7864368163025939,4.830083395561403,8.165344095532094,6,14,62,156,261,9.569782788287942,12.2503796834195,30.70911202900844,108.02364915399087,0,0
podkarpackie|niżański|Jarocin,podkarpackie,niżański,Jarocin,10,0,10,0.0,50.57770466347337,22.3053002752167,8.20791927566055,9.984770654281494,81.95419151632689,0.12201938442657694,1.8028446388804957,2.026034711736558,4.0035649108298825,6.827104366413552,5,13,64,156,280,9.646795972311,12.032006056638528,31.532804087777308,113.34732398344246,0,0
podkarpackie|niżański|Jeżowe,podkarpackie,niżański,Jeżowe,10,0,10,0.0,50.371438710915584,22.091928333616274,6.41188907056362,15.735467338898715,100.89407105049548,0.09911385174452123,2.129393517216302,2.2520588504539676,5.041170154940376,9.004483579017531,5,15,71,160,279,7.360723616290268,11.84732466860044,32.97512721898475,115.60918198104466,1,0
podkarpackie|niżański|Krzeszów,podkarpackie,niżański,Krzeszów,10,0,10,0.0,50.390600673364716,22.372951946809717,9.08694579959067,7.257032475325307,65.94426076915038,0.1516432193395386,1.7092850932107446,1.8867354154182636,3.1271814940182403,6.467477492897196,5,13,67,157,256,8.672907842264602,10.433906645701502,31.60952211061913,108.62853218809443,0,0
podkarpackie|niżański|Nisko,podkarpackie,niżański,Nisko,7,1,6,0.14285714285714285,50.489926051995035,22.171950606079044,11.07506203685939,4.093651660959215,45.33744610241578,0.15439775730170668,1.4282046151631116,1.9176276960480085,3.8439851626242216,7.551394176268264,7,13,69,161,280,8.526909758014325,10.7817146001218,32.390497305678,115.52515794974329,0,0
podkarpackie|niżański|Rudnik nad Sanem,podkarpackie,niżański,Rudnik nad Sanem,4,1,3,0.25,50.44105297928999,22.264783740870698,9.021652790705504,5.640794048190355,50.88928536665152,0.07860200769534204,2.7517948964617096,3.349685993134538,3.5759372924625255,6.132315998989781,6,15,65,156,273,6.467655894993283,10.333882114812784,32.166371750398206,112.51904205014225,0,0
podkarpackie|niżański|Ulanów,podkarpackie,niżański,Ulanów,14,1,13,0.07142857142857142,50.491038843877604,22.31150824517184,10.540295131266223,9.491258813720107,100.04066906384166,0.13994308645682688,1.3975881872961875,1.6554665078066753,3.957020409500827,6.92746939305164,5,14,66,155,272,6.467655894993283,9.508737389337224,31.760804097369316,112.02116082159222,0,0
podkarpackie|przemyski|Bircza,podkarpackie,przemyski,Bircza,25,1,24,0.04,49.691303923947615,22.437763093436047,17.030634796069997,15.505808373549469,264.0737596277651,0.09467051946107659,2.2360524117840597,2.280674218762135,5.767055064380554,10.058318911263157,3,12,59,105,150,11.842058844583029,15.089308704765282,23.494296173909238,76.36433138585663,0,1
podkarpackie|przemyski|Dubiecko,podkarpackie,przemyski,Dubiecko,16,1,15,0.0625,49.81563625695813,22.381821085128813,12.857843374168468,9.37638628622853,120.5601062840276,0.1327138843284162,2.2987412373004985,2.2254395006759484,4.203559030674096,7.103312557187166,5,18,70,122,177,11.07545760994807,12.207175393932356,28.553356280010508,87.39128847933276,0,1
podkarpackie|przemyski|Fredropol,podkarpackie,przemyski,Fredropol,23,0,23,0.0,49.6694367000005,22.719750010817823,11.19145760389857,12.989740937733359,145.37413499026854,0.15821246332120661,1.6092713834758647,1.4627422706071285,4.427092150817373,7.717645379190727,3,9,39,84,132,11.00214944595733,14.756301049267204,17.787341325428457,63.63265009364942,0,1
podkarpackie|przemyski|Krasiczyn,podkarpackie,przemyski,Krasiczyn,15,0,15,0.0,49.75504949572069,22.643039265052725,9.824497610672804,10.718989466620947,105.30868640364444,0.14243839242762496,1.6299065562665587,1.9483463625745017,3.6084498220881844,6.451467916817139,5,13,49,101,148,8.749219065798448,10.522279554414732,22.51271202499547,73.0557795791506,0,0
podkarpackie|przemyski|Krzywcza,podkarpackie,przemyski,Krzywcza,10,0,10,0.0,49.80243512105811,22.53533223360741,6.494654471161291,7.161044186617875,46.508507644801355,0.21501442437957444,1.916318072501881,1.9328880181672097,2.9855104894402054,4.514881012785827,6,17,60,111,160,9.358052564656242,12.101909207731309,25.892823406821766,80.70538103012285,0,0
podkarpackie|przemyski|Medyka,podkarpackie,przemyski,Medyka,7,0,7,0.0,49.79841312530906,22.900372830061027,11.163177891258803,7.237316981347225,80.79145691820723,0.08664282421700548,1.9631241726389634,2.263386588050909,4.097313278148856,7.1352019918502885,5,11,34,82,136,9.166378803774446,10.714885055007379,18.012838761311897,64.07335470366942,0,0
podkarpackie|przemyski|Orły,podkarpackie,przemyski,Orły,13,0,13,0.0,49.8802578218419,22.790111743621193,6.984600416212007,11.573495039734278,80.83623827155563,0.16081896285585068,1.813861065905245,1.5330415811810156,3.6368399203578514,6.70604524009366,8,18,45,98,158,4.927779216804693,9.561935987503706,23.206663509118663,74.48337825651365,0,0
podkarpackie|przemyski|Przemyśl,podkarpackie,przemyski,Przemyśl,16,0,16,0.0,49.765778200938065,22.76370555368954,15.43089999262049,12.884951307340849,198.82639503336128,0.08047221294393707,1.9266886810757358,1.850597879806887,5.969989038736181,9.613151401239849,6,13,42,93,144,2.014006028439331,8.069768249971682,20.65301996164894,68.62315682203152,0,0
podkarpackie|przemyski|Stubno,podkarpackie,przemyski,Stubno,7,0,7,0.0,49.902418423519975,22.967815772523913,7.302854969899836,9.17929607573205,67.03506796684186,0.10442295670472759,2.6317931451575274,2.6647711498580784,3.5861356417671706,4.920028748463747,4,11,36,83,149,6.6928248129694765,12.234884639491598,18.62311266857637,66.58510044879856,0,0
podkarpackie|przemyski|Żurawica,podkarpackie,przemyski,Żurawica,9,0,9,0.0,49.83612745472245,22.78381764931661,8.939461341644755,13.180397906065236,117.82565754876565,0.07638404221317485,2.190990515365261,2.3949319363889674,4.606692349809786,7.88987174564809,7,16,44,94,152,4.927779216804693,8.20062720276113,22.342161260427176,72.21854395342459,0,0
podkarpackie|przeworski|Adamówka,podkarpackie,przeworski,Adamówka,6,0,6,0.0,50.256037715708686,22.7127667832002,7.203840162853128,9.91884233492256,71.45375478132304,0.08397039481497355,3.0848679216409893,3.2496348981391634,3.3211813914269044,6.047824240218337,3,15,63,131,216,8.81615189100982,13.009709554001068,27.780407450626466,93.34389116609563,0,0
podkarpackie|przeworski|Gać,podkarpackie,przeworski,Gać,6,0,6,0.0,50.025258047324066,22.40425694402707,3.819806464373999,5.025636836714684,19.196960076478845,0.3125494857569415,1.1529070705963307,1.4584309146804812,1.9333230960583203,3.1462088949615477,8,24,73,131,214,6.835406716147355,8.499138601127685,32.756626085936446,98.33080878716873,1,0
podkarpackie|przeworski|Jawornik Polski,podkarpackie,przeworski,Jawornik Polski,8,1,7,0.125,49.90726119993664,22.311555332423563,5.424087448660619,5.063136058705225,27.462892746884005,0.29130216083692406,0.7750400720899345,1.1072056196549693,2.4436820695375596,3.8887292495142356,8,20,77,131,202,8.344616768332845,9.706035019569232,32.04869391888506,95.68146202757663,1,0
podkarpackie|przeworski|Kańczuga,podkarpackie,przeworski,Kańczuga,15,1,14,0.06666666666666667,49.96380470420279,22.40188834530009,11.458419552448564,11.157095193571372,127.84267771454812,0.11733171009991325,1.5998145556028387,1.7855649276518595,4.073622348970422,8.025371250207574,8,25,69,131,200,6.835406716147355,8.377009339173389,32.122552591274555,95.62190739535177,0,0
podkarpackie|przeworski|Przeworsk,podkarpackie,przeworski,Przeworsk,12,1,11,0.08333333333333333,50.06194360521696,22.487185827173096,9.418271723086418,13.352258053599037,125.75519446556471,0.09542349364571127,2.9876448983452333,2.5431075308839217,4.197307115529971,7.205945912847141,7,21,71,128,214,7.190951875542625,9.445535917609755,31.69998775498464,96.61686989479101,1,0
podkarpackie|przeworski|Sieniawa,podkarpackie,przeworski,Sieniawa,10,1,9,0.1,50.18503355545657,22.6327936698292,9.46461261127618,7.39561778334975,69.99665734047043,0.1428639649370547,2.2486681014159275,2.5114393411072964,3.6915213719137654,6.245508783419293,4,16,68,127,219,7.921163202517634,12.132916347067185,29.01317999064151,94.56742310389919,0,0
podkarpackie|przeworski|Tryńcza,podkarpackie,przeworski,Tryńcza,9,0,9,0.0,50.1379308612475,22.549372906956346,10.275151064799028,6.029870758595093,61.95783294577889,0.14526008370686824,1.845380232150898,2.0590231721122456,3.3042392651146404,5.636513238177696,4,18,70,129,218,7.712951317000169,10.994947240553467,30.577039911060883,96.62797915508663,0,0
podkarpackie|przeworski|Zarzecze,podkarpackie,przeworski,Zarzecze,9,0,9,0.0,49.99466723252156,22.523326295360153,7.404601297692473,5.116046086829166,37.88228149358974,0.23757808783303977,1.8060074414694947,1.7229309830900978,2.687293801516358,4.170359475736529,9,21,67,122,199,6.923467498741923,8.31739535443973,30.777397831963885,92.45223036373281,0,0
podkarpackie|ropczycko-sędziszowski|Iwierzyce,podkarpackie,ropczycko-sędziszowski,Iwierzyce,9,0,9,0.0,50.01858532380402,21.757420729093457,7.087581636907385,3.97748578497943,28.19075521068036,0.3192535968880414,1.3087826014411104,1.3775523093602793,2.5121852634927335,4.310890086382696,6,18,79,172,264,7.439108121969855,10.363080473716623,35.386130746376665,114.29709827856652,1,0
podkarpackie|ropczycko-sędziszowski|Ostrów,podkarpackie,ropczycko-sędziszowski,Ostrów,9,0,9,0.0,50.12760299905252,21.606103300021363,10.068075208805007,9.177595483064954,92.40072155948708,0.09740183678333993,3.500654266076403,2.9727132419736697,4.132681610307516,6.157266343020254,5,14,78,181,291,9.541502429838667,11.869484532149636,35.14668688613665,120.21198869667448,1,0
podkarpackie|ropczycko-sędziszowski|Ropczyce,podkarpackie,ropczycko-sędziszowski,Ropczyce,8,1,7,0.125,50.02566568286276,21.55846656523945,11.895248238484047,10.467512601383309,124.51366083291437,0.06424997824724829,3.2002933269526403,3.1183434344126644,4.85061949548891,7.851630170935768,5,18,82,177,275,8.041760199343335,11.035133047482836,35.51767339605999,117.88108172023276,1,0
podkarpackie|ropczycko-sędziszowski|Sędziszów Małopolski,podkarpackie,ropczycko-sędziszowski,Sędziszów Małopolski,11,1,10,0.09090909090909091,50.08049253956206,21.71792174793366,18.25207507149906,10.152705225636147,185.30793795711176,0.05936065190335167,2.35043874230081,2.8641730677759862,5.564181082057021,11.701693164957216,4,18,79,176,275,7.439108121969855,11.349072790534787,35.1748012345217,116.97311962774054,1,0
podkarpackie|ropczycko-sędziszowski|Wielopole Skrzyńskie,podkarpackie,ropczycko-sędziszowski,Wielopole Skrzyńskie,5,0,5,0.0,49.95650001701613,21.59622070560556,6.3897039618580465,7.406873865490477,47.32773128330732,0.1056463063921156,3.029486523620097,3.06435580065661,3.1775687152355583,4.436466776703218,6,19,84,168,264,8.150711695879926,11.703925382117578,35.444523860250904,114.58643253300076,1,0
podkarpackie|rzeszowski|Boguchwała,podkarpackie,rzeszowski,Boguchwała,10,1,9,0.1,49.99352001730343,21.89261752790794,8.6262400362184,8.689212714819254,74.95523460379182,0.13341296378911102,2.4525138973518956,2.279265741911903,3.448369891603227,5.429306165550644,6,20,79,165,249,7.887041481248958,9.114540149817833,35.4207935233224,110.88883670519121,1,0
podkarpackie|rzeszowski|Błażowa,podkarpackie,rzeszowski,Błażowa,9,1,8,0.1111111111111111,49.88174422536329,22.085054291755032,7.157808757610591,10.013131333818576,71.67207915231162,0.12557191177437366,2.160044361698226,2.1369311649399836,3.2759601193688432,5.263111509185618,8,23,79,142,212,8.627867038109766,10.13675423664192,33.640576783588976,101.05968865182601,1,0
podkarpackie|rzeszowski|Chmielnik,podkarpackie,rzeszowski,Chmielnik,5,0,5,0.0,49.96860586213876,22.16088332788696,4.408495735967332,6.210725077589738,27.379955021819736,0.1826153474691752,2.3526291508621684,2.7238329951219735,2.5531117605007387,3.608226358366914,8,25,78,147,222,6.443428832798281,8.997052540875364,34.44637276167908,103.53354999544847,1,0
podkarpackie|rzeszowski|Dynów,podkarpackie,rzeszowski,Dynów,10,1,9,0.1,49.82192556665949,22.227754162712948,9.47445801898781,13.122204973363758,124.32578013668798,0.08043384074490151,3.0782399228599004,3.3153328858749314,4.6744445122849685,8.286799179956766,5,19,76,130,191,7.330074695954435,10.491533999244016,30.822875382697823,93.10965411072488,1,0
podkarpackie|rzeszowski|Głogów Małopolski,podkarpackie,rzeszowski,Głogów Małopolski,8,1,7,0.125,50.16931496348819,21.966701677909334,15.871485689235312,8.04831710304477,127.73874972340288,0.06262782450370523,3.381469956109323,3.482763500251143,5.541059327901455,7.982245078589505,6,19,77,170,264,9.736660433863978,12.515221238587056,34.48036416884952,114.58577083989674,1,0
podkarpackie|rzeszowski|Hyżne,podkarpackie,rzeszowski,Hyżne,6,0,6,0.0,49.91515762442871,22.195668275938715,5.911190828114659,7.327333917919448,43.31326905013889,0.13852567888732842,2.086820687995731,2.3214921311382355,2.6719959716386708,5.1101763752648335,6,21,78,141,211,6.443428832798281,8.9061149557862,33.41079822873404,99.81834409256638,1,0
podkarpackie|rzeszowski|Kamień,podkarpackie,rzeszowski,Kamień,3,0,3,0.0,50.320786211477504,22.15871228327077,2.9514806273183476,2.8386555455860063,8.378236850426893,0.3580705646734184,1.5120888703749933,2.085525647306827,1.7052550866892406,2.383575300324965,4,16,70,159,271,7.360723616290268,10.834634080179814,33.10088157885885,113.24137321425789,0,0
podkarpackie|rzeszowski|Krasne,podkarpackie,rzeszowski,Krasne,4,0,4,0.0,50.05669416121385,22.114530744894225,5.384546747276471,3.4311588986569665,18.475235487152087,0.21650603602761387,1.778115854780877,1.7781158547808773,2.4132531472314502,3.0684822296120347,6,22,75,157,240,6.668271997646052,8.68161423780126,35.06634267275959,108.28462493416806,1,0
podkarpackie|rzeszowski|Lubenia,podkarpackie,rzeszowski,Lubenia,4,0,4,0.0,49.9185284439829,21.9494988971246,5.580814739636284,3.4420828873989127,19.20962691304567,0.20822892699095127,2.467082671625196,2.467082671625196,2.554330828410022,3.602981891649776,8,21,84,159,232,7.585502097255279,8.958088393192838,34.92765594997286,106.38195062319778,1,0
podkarpackie|rzeszowski|Sokołów Małopolski,podkarpackie,rzeszowski,Sokołów Małopolski,11,1,10,0.09090909090909091,50.23801438724574,22.13779883323268,11.19889634365394,8.391024576186277,93.97021444576285,0.11705836859986003,2.5905240565970655,2.2212982882574597,4.074012548928377,6.953395571957148,6,18,71,165,270,8.969727926493016,11.122283068302897,33.764555535216715,112.25748364938664,1,0
podkarpackie|rzeszowski|Trzebownisko,podkarpackie,rzeszowski,Trzebownisko,10,0,10,0.0,50.10554078541874,22.06031648124298,7.914543905535654,8.364814233671067,66.20368951403924,0.15104898342379222,2.157733803044159,2.21109101309968,3.2376798709217853,4.93263459593503,6,22,75,163,249,6.668271997646052,9.367950795651065,34.99525332032129,111.06166051074908,1,0
podkarpackie|rzeszowski|Tyczyn,podkarpackie,rzeszowski,Tyczyn,4,1,3,0.25,49.95671629753821,22.054002345855224,2.370056690235019,5.631170311382879,13.346192870345806,0.2997109392063175,2.39543305859314,2.488101679462927,2.282629395598174,3.3055246264949747,7,23,80,152,231,7.758697184291744,9.259878829628851,34.875046294221335,105.76470858155554,1,0
podkarpackie|rzeszowski|Świlcza,podkarpackie,rzeszowski,Świlcza,8,0,8,0.0,50.07418014486923,21.8726658696535,8.571855649059943,10.350385259868185,88.72200835974786,0.09016928435120396,2.773385818913492,2.9805335500160632,3.8303591203271425,5.978402556777712,6,20,79,171,261,9.081511832415122,10.542424350738129,35.16642925379032,113.99197440443274,1,0
podkarpackie|sanocki|Besko,podkarpackie,sanocki,Besko,2,0,2,0.0,49.581617550931355,21.949028666471747,1.9055650367332444,0.8655944101742373,1.6494464440197616,1.2125280012886788,2.090599463168558,2.090599463168558,1.0452997343591448,1.045315415399932,8,18,56,113,171,5.181900704538523,9.132053862283632,26.392768376985778,82.55700291770287,0,0
podkarpackie|sanocki|Bukowsko,podkarpackie,sanocki,Bukowsko,16,0,16,0.0,49.48771534855952,22.066124178718365,12.652318561932201,8.981749926082498,113.63996130840677,0.14079554248155454,1.9066497862515266,1.8710046007442867,4.250193038488733,7.514273615377454,4,14,45,93,147,10.438829213143176,13.189412773978086,20.988063070335677,71.10017427603239,0,1
podkarpackie|sanocki|Komańcza,podkarpackie,sanocki,Komańcza,13,0,13,0.0,49.34184023396677,22.09960159932226,24.141253471133677,17.72238463781108,427.8405796543228,0.03038514955851886,3.0616732535919704,3.628328736459626,8.032975309187625,16.38055142809673,2,7,30,69,122,12.33158541977623,17.147548877587962,14.371316257449525,57.08899189033886,0,1
podkarpackie|sanocki|Sanok,podkarpackie,sanocki,Sanok,32,1,31,0.03125,49.5846937287768,22.184825583456046,16.538117567388515,16.05532576872743,265.5248651459366,0.12051602015657668,1.7067975519271719,1.7556476231161295,6.056093137029587,10.698618287070476,4,13,55,107,155,11.511710619879748,13.039006944428987,23.75207037929778,76.5499775596084,0,1
podkarpackie|sanocki|Tyrawa Wołoska,podkarpackie,sanocki,Tyrawa Wołoska,8,0,8,0.0,49.59774457001713,22.359191731442003,9.306303152895898,5.487689878102464,51.07010561469987,0.15664741444547362,2.149582340981804,2.3220602340524232,2.888513212967641,5.1319990477506,4,11,54,98,144,11.842058844583029,13.96051461406741,21.670452126865342,72.05203601279844,0,1
podkarpackie|sanocki|Zagórz,podkarpackie,sanocki,Zagórz,14,1,13,0.07142857142857142,49.448179030973996,22.219209858324554,20.152622040909176,8.860748431779678,178.56731414523455,0.078401806439298,2.1809829852602975,2.325213787988211,5.308031241880802,11.201844071562705,4,10,36,87,133,8.992180416905606,12.405332434016172,18.312493633816047,64.07188649963646,0,0
podkarpackie|sanocki|Zarszyn,podkarpackie,sanocki,Zarszyn,10,0,10,0.0,49.5768052976725,22.0205169980889,8.93876103932552,9.863390148606843,88.166487576034,0.11342178048519953,2.1482059731000955,1.9559346876294434,3.6407783569081418,7.381589135639649,6,18,54,110,165,5.181900704538523,9.958659943591652,25.480674480260333,80.39791373146629,0,0
podkarpackie|stalowowolski|Bojanów,podkarpackie,stalowowolski,Bojanów,11,0,11,0.0,50.442572658026165,21.990229679721434,15.99051717243035,5.935947425584446,94.91886924345181,0.1158884433377177,1.6907367765355532,1.7940856060089372,4.720541234675404,8.158870406283043,3,13,68,160,291,10.70081177965401,14.615155695498709,32.914315406069875,118.82842811808257,0,1
podkarpackie|stalowowolski|Pysznica,podkarpackie,stalowowolski,Pysznica,8,0,8,0.0,50.58212794843959,22.145586502736165,7.797025551807947,10.33145291610398,80.55460237416347,0.09931151994073856,2.097767727854787,2.526181735457908,4.63018788476067,6.586416640075812,3,16,68,156,285,5.849430865421376,11.673752648085767,32.37140525111417,117.34614709635076,0,0
podkarpackie|stalowowolski|Radomyśl nad Sanem,podkarpackie,stalowowolski,Radomyśl nad Sanem,16,0,16,0.0,50.69693395802019,21.96007338162869,15.513108964763315,14.69416121768126,227.9521241156886,0.07019017726669569,1.4019285495867986,1.7203106602622031,7.0777106664568645,11.053260180724743,5,17,69,157,286,6.754204209374319,11.412024872212928,33.50350861596342,122.70616544915606,0,0
podkarpackie|stalowowolski|Stalowa Wola,podkarpackie,stalowowolski,Stalowa Wola,1,1,0,1.0,50.568430014707,22.06560964599026,0.001,0.001,1e-06,1000000.0,,,0.0,0.0,4,12,66,158,285,5.849430865421376,11.879834209774895,32.73693547310806,118.9871865078494,0,0
podkarpackie|stalowowolski|Zaklików,podkarpackie,stalowowolski,Zaklików,13,1,12,0.07692307692307693,50.75211349717753,22.094066417226397,16.332041669243136,13.475534023866764,220.08298319309563,0.059068628620842105,2.49497650712,2.735737772284244,5.423354381828703,10.719716388005505,4,17,69,157,280,9.718224959273408,12.75919606466341,32.85147825678759,120.40063088058793,0,0
podkarpackie|stalowowolski|Zaleszany,podkarpackie,stalowowolski,Zaleszany,13,0,13,0.0,50.636815458641586,21.946378254639665,7.824306021207285,10.661212328211636,83.41658781299564,0.15584430316358136,1.5220929689131686,1.6744801789931385,3.7643737676145173,5.994786392323847,5,16,67,156,289,6.754204209374319,10.489966704868392,33.560032257663934,122.42082522688966,0,0
podkarpackie|strzyżowski|Czudec,podkarpackie,strzyżowski,Czudec,7,0,7,0.0,49.93535516227343,21.829510952206572,4.524534939510538,10.601760883050611,47.968037535698585,0.145930506220741,2.097438680912635,2.2696184282921252,3.272509773948162,5.7180120606548925,6,20,81,162,247,7.887041481248958,9.261921658605168,35.29727129095822,109.65092312654605,1,0
podkarpackie|strzyżowski|Frysztak,podkarpackie,strzyżowski,Frysztak,13,0,13,0.0,49.842040651712246,21.5865707416941,7.71260928727663,9.003934664355858,69.44383011434297,0.18720165605201797,2.1514251478365454,1.9357519037982946,3.2748622410856845,6.131680904772235,9,20,78,157,254,6.925668800772674,10.428694355688672,35.00818091312655,109.18745121584072,1,0
podkarpackie|strzyżowski|Niebylec,podkarpackie,strzyżowski,Niebylec,11,0,11,0.0,49.85373568034027,21.916371105461998,10.361637895902966,8.544702774490158,88.53711607738444,0.12424167950518772,2.0827101332287126,2.203797781547708,3.2610633030543013,6.61762879209871,7,23,79,150,227,7.585502097255279,9.985116167814372,34.2497545161864,103.6363736607407,1,0
podkarpackie|strzyżowski|Strzyżów,podkarpackie,strzyżowski,Strzyżów,15,1,14,0.06666666666666667,49.870157519688064,21.781146157301666,15.163484140043375,10.026768992068071,152.0407525871029,0.09865775948068017,1.9901291229793066,2.0174187823189715,4.430905649257847,9.18197688415885,6,24,79,157,240,8.034661931416021,10.305396012239166,34.87687036421585,107.31986673923501,1,0
podkarpackie|strzyżowski|Wiśniowa,podkarpackie,strzyżowski,Wiśniowa,13,0,13,0.0,49.87675282312931,21.666789359519537,8.820677874990489,10.506249891942412,92.67224597097764,0.1402793238017695,1.8871665756710014,2.067182522660927,3.337440662437742,7.6339790228859785,5,20,77,156,247,6.925668800772674,10.012019780661157,35.133073987518294,109.71919557076296,1,0
podkarpackie|tarnobrzeski|Baranów Sandomierski,podkarpackie,tarnobrzeski,Baranów Sandomierski,13,1,12,0.07692307692307693,50.47256244092677,21.582236224309458,9.759882407660863,10.961325954098346,106.98125234404087,0.12151661824067377,2.1293353440897382,2.086567051393903,3.992282245422307,5.910447536696734,8,16,71,163,300,7.375781016630144,10.616472836312516,35.33762594451773,127.39905305616293,1,0
podkarpackie|tarnobrzeski|Gorzyce,podkarpackie,tarnobrzeski,Gorzyce,8,0,8,0.0,50.658331422302126,21.824942374988872,10.157492884123414,5.139038225764215,52.19974420943822,0.15325745597338622,2.142613583880003,2.4101309622602956,3.110656317524878,5.463925229999013,8,16,68,157,290,5.848519234482847,9.117096512266405,34.51703518883757,125.1814914720073,0,0
podkarpackie|tarnobrzeski|Grębów,podkarpackie,tarnobrzeski,Grębów,9,0,9,0.0,50.56554047362378,21.843182783497227,8.865331414558607,12.819764106271306,113.65145745855786,0.07918948160679577,3.4839649046886936,3.240562972295804,4.619063903645397,6.975406320787742,5,18,66,156,292,10.397861501738026,12.111815640775383,33.93549521215552,123.66367754029656,0,1
podkarpackie|tarnobrzeski|Nowa Dęba,podkarpackie,tarnobrzeski,Nowa Dęba,8,1,7,0.125,50.472675120738145,21.72322388729745,10.784003372658146,8.868788545227726,95.64104558312773,0.08364609515949603,2.3915787238213535,2.526880384736612,4.088288862976175,6.547203929443934,4,17,70,163,297,9.977670039760243,12.565275162410561,34.35100984075434,124.74041395610703,0,0
podkarpackie|łańcucki|Białobrzegi,podkarpackie,łańcucki,Białobrzegi,6,0,6,0.0,50.1076072593255,22.34197435464827,2.6112991066299016,10.653096340124877,27.818420955810367,0.2156844203893174,1.7999569868931102,1.7981805804089135,3.4892802698147776,5.634419078872777,8,22,74,144,234,6.425488895603671,9.413443217975034,33.53574421109508,103.38928245956129,1,0
podkarpackie|łańcucki|Czarna,podkarpackie,łańcucki,Czarna,8,0,8,0.0,50.11926521773997,22.173454152128812,10.229742933253515,7.017848546857467,71.79078657885862,0.11143491221136569,2.126704665368133,2.2267596768616182,3.772112319461729,6.020967292535206,7,23,71,157,252,8.128977081972199,9.059088359433394,34.63677403616788,108.69056122478014,1,0
podkarpackie|łańcucki|Markowa,podkarpackie,łańcucki,Markowa,3,0,3,0.0,49.98354282386017,22.29427191946873,7.918845399169357,2.4584296007277486,19.467923932904693,0.15409963642447763,3.087714646142322,3.796348054362161,3.0058170022121153,4.497103008178225,7,23,76,139,217,7.578434554190075,8.592476842816987,33.56762688303424,100.24045010691904,1,0
podkarpackie|łańcucki|Rakszawa,podkarpackie,łańcucki,Rakszawa,3,0,3,0.0,50.18317253015417,22.230235271542934,5.552269279361965,4.353395027653991,24.171221472970384,0.12411453857864686,2.5354513616631413,3.4699183358436847,2.876134974488867,4.081059957723018,6,20,69,156,254,6.231608183032946,9.925028480188486,33.911494525108374,108.74840001673327,0,0
podkarpackie|łańcucki|Łańcut,podkarpackie,łańcucki,Łańcut,10,1,9,0.1,50.04590519872265,22.25148468144987,10.321988240335953,14.595818232420509,150.6578641531256,0.06637555932583913,2.53500397878118,2.679533923680455,4.726596324767799,9.302691020485828,8,24,80,146,231,7.578434554190075,9.49784252828967,34.31594186363107,104.14386941161764,1,0
podkarpackie|łańcucki|Żołynia,podkarpackie,łańcucki,Żołynia,4,0,4,0.0,50.16192221463442,22.31120132662729,7.937763856273175,6.941792224934183,55.1023074208407,0.07259224136387303,4.318545998971872,4.348855317822745,3.3685595252178953,4.733464151427844,7,22,74,149,242,6.231608183032946,8.935128754903413,33.55045031178929,105.88042814061296,1,0
podlaskie|Białystok|Białystok,podlaskie,Białystok,Białystok,1,1,0,1.0,53.13228062715,23.168725232465,0.001,0.001,1e-06,1000000.0,,,0.0,0.0,5,10,41,80,120,6.214623912725115,11.475799207751352,18.142320857340035,60.24281568049035,0,0
podlaskie|Suwałki|Suwałki,podlaskie,Suwałki,Suwałki,1,1,0,1.0,54.10136273173684,22.92827083762917,0.001,0.001,1e-06,1000000.0,,,0.0,0.0,3,11,25,46,71,0.6710438075492127,12.07336642641437,12.780496287049381,38.17255014843299,0,0
podlaskie|augustowski|Augustów,podlaskie,augustowski,Augustów,39,1,38,0.02564102564102564,53.82972638691548,22.906370452659075,21.61967048733877,17.75782067109211,383.9182314822644,0.1015841312079019,1.6983224712907778,1.7811240539130084,7.656162195799477,12.241349145997015,1,6,36,63,98,10.63604820986736,16.32832307661434,13.591330439806047,46.51115168278198,0,1
podlaskie|augustowski|Bargłów Kościelny,podlaskie,augustowski,Bargłów Kościelny,34,0,34,0.0,53.75435886810403,22.80666319061177,15.095885686199397,12.967144008867908,195.75052363435532,0.17369046768686552,1.336150509556718,1.4233989612827245,5.29274121562058,9.874224893842898,2,4,37,74,109,10.63604820986736,16.962593923886008,14.418062655852507,50.489418561328016,0,1
podlaskie|augustowski|Lipsk,podlaskie,augustowski,Lipsk,28,1,27,0.03571428571428571,53.75273805088167,23.464915165252112,11.791756137850221,17.68281626800123,208.51145726268123,0.1342851868553477,1.7155109940252415,1.6954392243994083,5.758913443253404,10.53678890953992,1,4,18,48,78,11.834036236558116,19.428655302124145,9.372512588480369,36.06209456117374,0,1
podlaskie|augustowski|Nowinka,podlaskie,augustowski,Nowinka,27,0,27,0.0,53.960206627861744,22.994814805218518,11.520775750789939,16.453128471970963,189.5528035245146,0.14244052051969852,1.2998270069342484,1.422308551062723,5.205515728047034,9.941260463114931,1,8,31,55,83,14.14719210442641,16.501103061343322,12.6168008561224,41.15715747702713,0,1
podlaskie|augustowski|Płaska,podlaskie,augustowski,Płaska,17,0,17,0.0,53.903763231400525,23.32203229956135,15.963973129737521,21.721833239090756,346.7667621574842,0.049024306407658085,1.410662563605306,2.1889833432850216,8.433306311830629,13.21732906918073,1,5,23,45,75,13.582332963725234,20.945887782652367,9.743840859806113,35.647293256386476,0,1
podlaskie|augustowski|Sztabin,podlaskie,augustowski,Sztabin,39,0,39,0.0,53.70041988068935,23.08188256511784,20.793920138627815,24.21823674486358,503.59208077107496,0.07744363243418195,1.6720757746843582,1.8090697465563834,6.976772455702796,17.432857944009385,1,5,30,67,99,13.707142171457448,18.476926489310312,13.323580462925733,46.874178503209606,0,1
podlaskie|białostocki|Choroszcz,podlaskie,białostocki,Choroszcz,29,1,28,0.034482758620689655,53.129291423089875,22.970241631559052,10.48838767089123,16.601505114783066,174.1230215641284,0.16654891317354886,1.4386698237486217,1.581195866248034,5.054091200100423,9.791470358576493,3,13,44,89,133,10.817374719161528,13.90073340357426,19.985181312725665,66.27721448826998,0,1
podlaskie|białostocki|Czarna Białostocka,podlaskie,białostocki,Czarna Białostocka,18,1,17,0.05555555555555555,53.31743651601551,23.206318829377107,11.708031546164019,12.373373655915035,144.86784909592805,0.1242511717564111,1.3450854258910814,1.4641946391457548,4.318966675872357,7.679042770494948,3,10,35,69,116,10.948941312486877,14.007877895956451,16.595333978517917,54.98521557755301,0,1
podlaskie|białostocki|Dobrzyniewo Duże,podlaskie,białostocki,Dobrzyniewo Duże,26,0,26,0.0,53.22264250781328,23.0159196318989,12.536700020412463,11.989439743967171,150.30800948292722,0.17297814061567504,1.4407294856987023,1.668379263951451,4.479661448353754,7.817921675821345,5,13,43,86,131,10.817374719161528,13.01411233763669,19.127418851190214,62.8176647490411,0,1
podlaskie|białostocki|Grabówka,podlaskie,białostocki,Grabówka,5,0,5,0.0,53.12497805469019,23.261072479078628,5.406457173256001,3.5594316261456944,19.243914647889664,0.2598223953642568,1.9077625630093222,1.7890338861123176,2.0070132797966194,3.3157931871117223,4,9,39,73,113,6.214623912725115,11.787570692719939,16.893728258766533,57.227679826383394,0,0
podlaskie|białostocki|Gródek,podlaskie,białostocki,Gródek,37,0,37,0.0,53.11764993406649,23.692583998372935,19.77707599979437,30.430305851486295,601.8224715218317,0.06147992431462039,1.824807138703474,1.9649126627983027,9.778482536314401,18.648343699032505,2,4,23,51,79,11.657978970955591,19.468735986947106,10.175036184136712,41.5946098663634,0,1
podlaskie|białostocki|Juchnowiec Kościelny,podlaskie,białostocki,Juchnowiec Kościelny,42,0,42,0.0,53.008979811339614,23.142671581585503,19.51999356456327,8.130650534785659,158.71024611472896,0.26463319809635294,0.9703677268198592,1.1908619998984367,5.989990357146563,10.604827499774334,4,11,45,81,128,8.604578238027097,12.178166289572086,18.4553010741814,63.11912937213977,0,0
podlaskie|białostocki|Michałowo,podlaskie,białostocki,Michałowo,57,1,56,0.017543859649122806,52.99055306820882,23.69838898337442,19.127360960936578,32.43915842077888,620.475492383243,0.09186503044796065,1.552625000576404,1.7451440039557948,8.431526934743887,21.16794694702865,2,4,21,46,79,14.137870669096321,19.079541217208586,10.183266457947713,42.71906454221876,0,1
podlaskie|białostocki|Poświętne,podlaskie,białostocki,Poświętne,35,0,35,0.0,52.9125496076373,22.805730900002494,9.78388896330608,11.076438906338497,108.37064836845929,0.322965678686357,0.8424354993624753,0.9913251193077814,3.5071531992523854,6.102976018567927,4,14,48,104,160,9.10523056540342,11.714721110559037,22.13939381634053,75.61991051002026,0,0
podlaskie|białostocki|Supraśl,podlaskie,białostocki,Supraśl,11,1,10,0.09090909090909091,53.21657879639931,23.385112080735496,9.960152651266062,14.148630082169628,140.92251542470459,0.07805707957205277,1.7945069656401267,2.0558188442864225,6.183367786969177,9.216538133218947,2,9,34,63,103,13.118710286333226,16.00500666911471,14.648771863986395,51.202168245599594,0,1
podlaskie|białostocki|Suraż,podlaskie,białostocki,Suraż,11,1,10,0.09090909090909091,52.93698898120286,23.032259932761995,7.107941298535957,9.235004589483319,65.64187051375758,0.16757596811161193,1.2440906448513602,1.4241715736626501,3.391758746026861,5.260332157483533,4,12,46,90,141,9.845909973126139,12.130768477537325,19.701175120504008,67.93690412841116,0,0
podlaskie|białostocki|Turośń Kościelna,podlaskie,białostocki,Turośń Kościelna,33,0,33,0.0,53.02504732846825,23.01684206066628,13.220312746339975,12.434641405227554,164.38984826569663,0.20074232288762406,1.1396157222711933,1.1707345917708702,4.463441912066597,9.391663993286896,4,13,42,88,139,8.604578238027097,11.53988241505574,19.965574764216118,67.0456723123084,0,0
podlaskie|białostocki|Tykocin,podlaskie,białostocki,Tykocin,31,1,30,0.03225806451612903,53.18755655374422,22.74824002372836,13.214624271312251,17.01148147837128,224.80033603506394,0.13790014973627387,1.4100131008694199,1.5445944350832974,5.823016697793055,9.56977885816397,3,12,47,97,148,10.462648296200383,13.636654137050424,20.863721741995295,70.34516226459307,0,1
podlaskie|białostocki|Wasilków,podlaskie,białostocki,Wasilków,14,1,13,0.07142857142857142,53.219604822873386,23.187660229720915,9.407097577221801,10.648963845257327,100.17584198864276,0.1397542533417111,1.7734364359731671,1.8355262512154555,3.9652257308474366,6.566876140237783,5,12,39,76,116,9.791679895584354,11.38683106452178,17.51687222336186,57.84835014890199,0,0
podlaskie|białostocki|Zabłudów,podlaskie,białostocki,Zabłudów,48,1,47,0.020833333333333332,53.01649060670195,23.328170243209183,23.798639622535333,15.86502483382931,377.56600862287723,0.1271300882594642,1.6834891417006173,1.8859345797844014,6.881469671578749,13.510692908116868,2,9,38,68,113,12.437766666490642,16.116777996474646,15.736678263188264,56.301872187163625,0,1
podlaskie|białostocki|Zawady,podlaskie,białostocki,Zawady,28,0,28,0.0,53.157065703847096,22.577501257589123,12.781038441917778,11.873797546895691,151.75946289842284,0.1845024980006765,0.9991409511233528,1.1506702163677913,4.385213899470803,8.557962333893538,3,10,53,98,164,9.686851684041024,13.096525341217742,21.815729087030682,74.90124931621511,0,0
podlaskie|białostocki|Łapy,podlaskie,białostocki,Łapy,25,1,24,0.04,52.99068736025769,22.853283173053686,13.38670519004768,9.43733702372973,126.3348485157919,0.19788680869692887,0.9840389139875849,1.274050100582747,4.014079364761961,7.691999550593338,4,11,47,99,152,8.859737584498545,11.97125284798226,21.579286427947952,72.67349017184786,0,0
podlaskie|bielski|Bielsk Podlaski,podlaskie,bielski,Bielsk Podlaski,60,1,59,0.016666666666666666,52.78898732890382,23.1771434267206,22.38405635497659,24.62186531684489,551.1372208168996,0.10886581006281443,2.0602558162280276,1.9875406067101944,8.625071173225674,14.126724904078083,1,8,41,83,135,13.830616851937139,16.888716887524268,17.366517359604764,64.4797864324774,0,1
podlaskie|bielski|Boćki,podlaskie,bielski,Boćki,30,0,30,0.0,52.64289154940783,23.03309958557007,13.501815545692235,18.31972166710277,247.34950279764303,0.12128587145187449,1.8677974069510426,1.822988498553878,6.416078714043822,11.628748671388422,2,11,41,91,151,11.556490847194478,15.591256220170758,19.101960445085,71.6391953695231,0,1
podlaskie|bielski|Brańsk,podlaskie,bielski,Brańsk,43,1,42,0.023255813953488372,52.746758392061,22.85543987718492,19.47914081733328,19.989542166770445,389.3791067405429,0.11043222210854889,1.5503735003306003,1.6765919293406852,7.323913151270875,11.265112938282272,2,12,53,100,164,11.230860517293241,15.562260831774827,21.34966596245097,76.67374362604755,0,1
podlaskie|bielski|Orla,podlaskie,bielski,Orla,22,0,22,0.0,52.68068559007877,23.27816313020294,14.413340135924349,12.709627302699841,183.18818131464354,0.12009508387559598,1.77756148136439,1.654912065727367,4.9994380161852865,8.698560796357683,3,8,33,78,128,11.179301705420045,14.534907581301189,15.962107805739905,61.71565791706345,0,1
podlaskie|bielski|Rudka,podlaskie,bielski,Rudka,9,0,9,0.0,52.72446204743983,22.692746715168685,5.912128791494037,6.591022244877907,38.96697237932033,0.23096482611967759,0.8755706755683855,1.468920302353602,2.251803564613286,5.339493915251912,3,13,50,107,177,10.554085482215829,12.948387646200194,23.299324570673264,82.52159266814446,0,1
podlaskie|bielski|Wyszki,podlaskie,bielski,Wyszki,56,0,56,0.0,52.844030183595954,22.97226151179779,15.337368181603726,20.877306759762064,320.20294041475506,0.17488908730027233,1.0682342617111364,1.1451366235557394,5.183496336051952,11.66546584011643,3,11,47,96,150,11.092642283233657,14.241441530832708,20.144860415350692,71.26039686797417,0,1
podlaskie|grajewski|Grajewo,podlaskie,grajewski,Grajewo,51,1,50,0.0196078431372549,53.58790437174072,22.472220279948157,20.596019281274813,21.49892343820712,442.7922416599649,0.11517816980895665,1.5037305575587594,1.6839948542248175,6.810367176030419,13.248156281042915,3,8,36,85,142,13.250099436886332,15.122135807906346,16.76455029138582,61.07529236010417,0,1
podlaskie|grajewski|Radziłów,podlaskie,grajewski,Radziłów,34,0,34,0.0,53.41612201717988,22.416044885097417,13.473370849717998,18.587069619539225,250.4304819935788,0.13576622034721708,1.1664507909387805,1.4469538994724571,4.9812144550853805,13.227840301201427,3,10,39,90,156,8.350306547362173,13.580349378654427,19.21931312653549,68.48662773122038,0,0
podlaskie|grajewski|Rajgród,podlaskie,grajewski,Rajgród,29,1,28,0.034482758620689655,53.683941168955826,22.632836676967788,12.160257540389269,21.301535170059356,259.0321536735815,0.11195521323790657,1.4279360824721197,1.6459899055048934,5.421410193165354,13.172524761704768,1,6,35,83,125,13.86106950497481,17.79454644582985,15.36881974951052,55.400655050411046,0,1
podlaskie|grajewski|Szczuczyn,podlaskie,grajewski,Szczuczyn,30,1,29,0.03333333333333333,53.566391291089445,22.27482266978628,11.078485865100449,14.01608379164042,155.2769861697519,0.19320313164246633,1.1427876918233228,1.2489918380143277,4.347829605516938,8.032023563723095,4,9,33,84,152,9.046446098742667,12.504059536780066,17.283723296384125,64.21926007133304,0,0
podlaskie|grajewski|Wąsosz,podlaskie,grajewski,Wąsosz,17,0,17,0.0,53.494854645782,22.340011585316056,10.785245975479327,10.792617689858497,116.40103650443335,0.14604680946593224,1.2685327580055001,1.474934646271281,5.04814367001918,7.083297599548959,5,9,35,90,154,9.046446098742667,11.471844212362749,18.336970828398748,66.42878904141389,0,0
podlaskie|hajnowski|Białowieża,podlaskie,hajnowski,Białowieża,4,0,4,0.0,52.722075066440766,23.79281941745122,3.497945525114221,9.206573999113154,32.204094321830794,0.1242078091073173,2.5830808164279664,3.1109380050501403,3.2129629500012866,5.587726791568476,0,3,13,39,81,15.783677963495721,21.77338607851887,8.170266012608307,40.732427234761126,0,1
podlaskie|hajnowski|Czeremcha,podlaskie,hajnowski,Czeremcha,10,0,10,0.0,52.50540919966651,23.362851395204142,11.886654110748552,9.779826993052245,116.24942072937411,0.08602193402132956,2.131748457925856,2.364382606674911,4.497605349530741,7.388021257012126,1,5,27,67,124,9.146179434593028,15.814751086529606,13.968918131560407,59.440509054041016,0,0
podlaskie|hajnowski|Czyże,podlaskie,hajnowski,Czyże,18,0,18,0.0,52.79719372399216,23.4371574990582,14.796740609287127,11.378665957692526,168.367168655702,0.10690920411454223,2.087004839398425,2.1755712860020058,4.430044341463952,8.985159945950008,2,7,28,63,111,9.029144435573881,14.658444666487487,14.000277540943177,54.481848012922406,0,0
podlaskie|hajnowski|Dubicze Cerkiewne,podlaskie,hajnowski,Dubicze Cerkiewne,17,0,17,0.0,52.63916000966669,23.471077525140018,13.075205513103864,10.882084659432575,142.28549333307578,0.11947809718173265,2.298440339596735,2.309397284746711,4.860229989642079,7.47353729647015,3,6,21,60,114,11.25409764510691,14.646808124990963,12.89740980408778,54.1080936791175,0,1
podlaskie|hajnowski|Hajnówka,podlaskie,hajnowski,Hajnówka,26,1,25,0.038461538461538464,52.75419705377537,23.55102571880599,21.912614904338703,11.500508655888522,252.0062173804991,0.10317205769865244,1.6760598293874724,1.920335604063702,5.402501679867522,13.716402438679536,2,7,23,54,102,9.029144435573881,14.86500863087278,12.213392142937334,50.271942026519184,0,0
podlaskie|hajnowski|Kleszczele,podlaskie,hajnowski,Kleszczele,15,1,14,0.06666666666666667,52.58520764953784,23.330052877039858,10.996502968931457,18.781491992634944,206.53073245797256,0.07262841622397474,1.6929567778182553,1.8662323177675157,6.139838276286981,10.352184735555591,4,9,28,70,123,9.146179434593028,13.374094506633819,14.973785707155674,60.37619842848388,0,0
podlaskie|hajnowski|Narew,podlaskie,hajnowski,Narew,42,0,42,0.0,52.89886000078669,23.506669969830956,14.389702114382322,17.998321588411326,258.99048621609546,0.16216811904417294,1.5392520422359948,1.6345328654533884,6.214469401755508,11.332580688433477,1,5,29,58,103,12.230656353092343,16.00998246932751,13.062378289664867,50.873670048972606,0,1
podlaskie|hajnowski|Narewka,podlaskie,hajnowski,Narewka,26,0,26,0.0,52.86244129980472,23.75789785237606,12.003327802405465,19.544954375008228,234.6044942462826,0.11082481639378049,1.5154194281766884,1.6065279674506021,5.10841342479535,11.770824636246454,1,5,18,40,80,14.793369868698637,17.80847481548643,9.222887540269042,41.47700513220957,0,1
podlaskie|kolneński|Grabowo,podlaskie,kolneński,Grabowo,35,0,35,0.0,53.4826817476799,22.18079651447272,11.940792598452722,11.208340468373196,133.83646890568878,0.26151317564021825,1.0912817540564081,1.1954120396670502,4.359316266552703,8.296837223507657,4,10,34,85,160,10.620101197622198,13.11099097533762,18.334113475939414,68.5279564987149,0,1
podlaskie|kolneński|Kolno,podlaskie,kolneński,Kolno,46,1,45,0.021739130434782608,53.44319865068518,21.96417952966926,22.4871511858815,19.82357299012778,445.7756828733604,0.10319091365301786,1.3637535574457331,1.611132207026964,6.9876784013474795,16.111715254744798,1,8,34,86,163,14.996881836669088,16.538768360044138,18.15107671934987,71.80611363971988,0,1
podlaskie|kolneński|Mały Płock,podlaskie,kolneński,Mały Płock,26,0,26,0.0,53.302787356304535,22.005201728379557,9.85451559122708,13.216829920011913,130.24545651335396,0.19962308625586675,1.230672930324021,1.222240318600493,4.310769874381008,7.59730316199748,3,12,39,96,170,12.18112410720001,14.093764664770893,20.619941121362245,77.73254424445523,0,1
podlaskie|kolneński|Stawiski,podlaskie,kolneński,Stawiski,35,1,34,0.02857142857142857,53.363950602889076,22.1573939174239,14.23912463470855,14.264776399267683,203.11792903542158,0.17231369070278565,1.2063458914223004,1.3323935665389108,4.993527756057134,8.354460910025825,3,12,38,96,166,10.655659560190255,13.34958138613859,19.998330707898774,73.6901091698426,0,1
podlaskie|kolneński|Turośl,podlaskie,kolneński,Turośl,21,0,21,0.0,53.403349755655675,21.74080481421841,16.600898472522335,11.621057372364941,192.91999358198757,0.1088534143615103,1.9925246259334037,2.050822319911243,4.922659908358671,9.815608276777493,1,6,37,85,173,12.61038231287495,17.743464184571998,18.227399034914036,75.14877322545853,0,1
podlaskie|moniecki|Goniądz,podlaskie,moniecki,Goniądz,25,1,24,0.04,53.47739291812725,22.74294176298432,11.821086308617407,20.243817095135793,239.30390909746473,0.10446966827365069,1.6966709062477574,1.6075539960803678,5.6359218734739445,12.177349951456184,2,9,39,84,141,9.290257547670187,16.525690743605946,17.46614129292788,60.922599062715065,0,0
podlaskie|moniecki|Jasionówka,podlaskie,moniecki,Jasionówka,18,0,18,0.0,53.38188618070448,23.046038241515287,13.70372914529078,10.059048027202925,137.84646962426044,0.13058005800993014,1.6867202646513013,1.787121366504876,4.220106556117442,8.11982242322676,4,11,41,76,126,7.371904777768573,11.66844757029838,17.646554725071482,57.787515982973666,0,0
podlaskie|moniecki|Jaświły,podlaskie,moniecki,Jaświły,21,0,21,0.0,53.49216870087768,22.940505394931034,15.365189198202705,10.932506717769563,167.9800341291514,0.12501485732437795,1.758015106122813,1.9787563381212003,4.574305010060762,8.39882511128535,4,8,38,76,126,13.174663876291655,14.420406689208255,16.637263255008616,56.620348789715166,0,1
podlaskie|moniecki|Knyszyn,podlaskie,moniecki,Knyszyn,15,1,14,0.06666666666666667,53.343533883090814,22.95541742696826,10.306547586492107,10.582727987931673,109.07138960251964,0.13752460709140435,1.178166734751069,1.4268624179876133,3.847943325094318,6.4809235872340905,4,13,42,79,132,7.371904777768573,12.175647987154104,18.580873899088648,61.11037493932512,0,0
podlaskie|moniecki|Krypno,podlaskie,moniecki,Krypno,15,0,15,0.0,53.27272120069212,22.81507124931029,10.091566899764437,10.84973003426304,109.49077648514897,0.1369978411107036,1.9026203498013776,2.004367404281479,3.9999440043758407,6.063692362809595,5,10,45,89,138,10.462648296200383,12.757242218920968,19.83514361510065,66.362221442368,0,1
podlaskie|moniecki|Mońki,podlaskie,moniecki,Mońki,43,1,42,0.023255813953488372,53.40065091224449,22.798394995238827,13.271397965458624,16.22428000352275,215.31887662978286,0.19970380987048234,1.1550008557674798,1.2128275289985908,4.826420073218583,8.818247995563592,5,9,43,83,139,9.290257547670187,12.49804492749335,18.466264677701233,62.62481124285849,0,0
podlaskie|moniecki|Trzcianne,podlaskie,moniecki,Trzcianne,21,0,21,0.0,53.32538470702401,22.65104255040313,21.84235390583491,17.934241738655327,391.72605508850563,0.05360889255950899,1.775364672793539,2.1695468657837513,6.915883974529403,15.15319147083494,2,10,46,93,150,12.373813140838141,15.683077574116187,19.65343405144553,67.89015300609861,0,1
podlaskie|sejneński|Giby,podlaskie,sejneński,Giby,29,0,29,0.0,54.02586214028405,23.32795944981317,15.53261095154731,18.49871474202167,287.33333919147543,0.10092807218822161,1.6447975070050225,1.58136041605618,5.4703340913201846,11.382430046144263,3,5,23,41,66,11.429510065445454,16.96722628767474,9.17415000226647,32.36496820912172,0,1
podlaskie|sejneński|Krasnopol,podlaskie,sejneński,Krasnopol,37,0,37,0.0,54.11189538008875,23.180781832962833,18.076795378312358,12.2988903505471,222.3245242471403,0.16642338547802346,1.5658178936123157,1.5951933076337392,5.40712697578064,10.910526836266817,3,9,23,40,64,13.338589917557316,14.522623335854803,10.297248820143798,33.11859514807099,0,1
podlaskie|sejneński|Puńsk,podlaskie,sejneński,Puńsk,32,0,32,0.0,54.227888137111705,23.23302512269011,12.59517719908888,13.750386553496764,173.18855519726077,0.18476971508626644,1.2229460337559415,1.3349333347896943,4.679468922523693,8.452331278771545,2,8,18,31,52,10.669122491669121,16.30173188090692,8.296131439490374,28.216902104854785,0,1
podlaskie|sejneński|Sejny,podlaskie,sejneński,Sejny,49,1,48,0.02040816326530612,54.12210579247183,23.389469461139782,17.831011613145105,13.32746868223548,237.64224884676852,0.20619229214412607,1.3036744866359102,1.387853275038389,5.280984509066058,10.129868470325102,2,5,17,33,52,11.429510065445454,17.934927767981506,7.733757406819779,28.304825615497172,0,1
podlaskie|siemiatycki|Drohiczyn,podlaskie,siemiatycki,Drohiczyn,37,1,36,0.02702702702702703,52.4623002014901,22.63473417198676,15.011652017178598,14.195483648552456,213.09766074761828,0.1736293109468755,1.3389396596478882,1.4866274296703041,5.178287653957571,10.375896315084224,5,13,55,108,198,11.539773368119329,13.100483991350378,24.444566205032853,89.14339186022762,0,1
podlaskie|siemiatycki|Dziadkowice,podlaskie,siemiatycki,Dziadkowice,17,0,17,0.0,52.56593206514287,22.918089318912283,12.807164737016366,11.42557689235578,146.32924547584798,0.11617636614415465,1.642121465135439,1.7392528560881086,3.955763503469718,8.12888111194391,3,10,45,98,163,11.556490847194478,14.630970612943699,20.639601081574817,77.05849270192797,0,1
podlaskie|siemiatycki|Grodzisk,podlaskie,siemiatycki,Grodzisk,44,0,44,0.0,52.58314197646307,22.724311631227394,16.32687661196702,14.426301551114257,235.5364453920709,0.18680760816763695,1.165754904403371,1.257703728954028,5.022617824733138,9.459945174738477,4,10,52,105,182,10.426559902832185,13.607301824809046,23.045802110478242,83.87649417059691,0,1
podlaskie|siemiatycki|Mielnik,podlaskie,siemiatycki,Mielnik,17,0,17,0.0,52.36215724165266,23.056372552538686,14.03306708722068,20.459428439433907,287.1085318567667,0.059211058236614836,3.0851744285575564,2.603868101783631,6.7596464435652726,12.78968136736366,2,9,39,94,157,9.860937370507854,14.892671020565055,19.19067994570473,74.41462184026763,0,0
podlaskie|siemiatycki|Milejczyce,podlaskie,siemiatycki,Milejczyce,18,0,18,0.0,52.5355683307213,23.135357432488156,9.042853164393252,15.457682345900809,139.78155171581483,0.12877235786160962,1.2524836448968668,1.610084416608968,5.551332790650375,9.277376833991957,3,8,36,84,144,10.639425846277822,13.905291185010494,17.73937466395394,68.8841796467073,0,1
podlaskie|siemiatycki|Nurzec-Stacja,podlaskie,siemiatycki,Nurzec-Stacja,24,0,24,0.0,52.43991687661179,23.131353446247292,9.914924879392954,20.415991395773354,202.4230210274257,0.1185635896460033,1.7129965327151015,1.7872593274387842,6.619749794503129,11.535772969768498,2,8,37,83,142,10.031899309080904,15.409129487899275,17.753760753832232,70.12148772934056,0,0
podlaskie|siemiatycki|Perlejewo,podlaskie,siemiatycki,Perlejewo,33,0,33,0.0,52.56649858403385,22.57246773871494,9.41908898893257,12.448866469411845,117.25698108672898,0.28143313680907056,1.0776010816580155,1.1541931580604763,4.334310742201138,7.330334299036855,4,14,56,113,200,10.426559902832185,12.732160004320395,24.811989540172462,89.30403856616067,0,1
podlaskie|siemiatycki|Siemiatycze,podlaskie,siemiatycki,Siemiatycze,46,1,45,0.021739130434782608,52.45602293103156,22.845419646793204,17.269375051628113,15.124098672915926,261.1837323004161,0.17612122927736687,1.397003244523688,1.4646054511853621,6.245940620113652,10.24146900631801,2,11,48,100,175,13.17372232550625,15.946658610337161,21.801524546541486,81.49327786377344,0,1
podlaskie|sokólski|Dąbrowa Białostocka,podlaskie,sokólski,Dąbrowa Białostocka,42,1,41,0.023809523809523808,53.64185913620238,23.307149551972934,17.803061584537133,18.33389844984384,326.39952318721976,0.12867665856211802,1.5482620931654607,1.6050444048470147,6.2504797341497085,10.081925651895103,2,6,25,58,96,12.428695279638918,14.668228609543831,12.296039162702922,43.33859410867286,0,1
podlaskie|sokólski|Janów,podlaskie,sokólski,Janów,33,0,33,0.0,53.46353174136933,23.250196588383034,13.505005100421611,14.504436105830223,195.88248358797654,0.1684683561058625,1.1161333255860728,1.3894202856033377,4.840002922794406,9.929890157366346,2,10,32,66,109,8.753495165953613,14.389252593556687,14.817459804680096,49.919204489810795,0,0
podlaskie|sokólski|Korycin,podlaskie,sokólski,Korycin,31,0,31,0.0,53.429648188241885,23.130888232661466,16.922356034476888,6.462091163071872,109.35380738874906,0.2834834994797763,1.161986121859156,1.288344225040623,4.621436248683847,8.992945597298792,4,11,36,69,120,7.735717648949769,11.879321150712892,16.411440385186804,54.183177527981734,0,0
podlaskie|sokólski|Krynki,podlaskie,sokólski,Krynki,24,1,23,0.041666666666666664,53.21286382850784,23.76579298295057,16.626402213416394,15.00409822815971,249.46417199099162,0.09620619990620001,1.60332591608991,1.9546971003626277,4.807385232108714,11.617389274164653,2,2,18,43,74,11.657978970955591,20.60357883263293,8.870827078640414,37.78465832566005,0,1
podlaskie|sokólski|Kuźnica,podlaskie,sokólski,Kuźnica,30,0,30,0.0,53.49948740215105,23.61185373483556,15.798768345585497,10.934628526026508,172.7536630277238,0.1736576780730001,1.3467413712269167,1.3693368362005196,5.062935743063151,8.729796565216159,1,5,20,43,82,11.531059595903743,18.04625020393451,9.743423925641965,37.95817997342613,0,1
podlaskie|sokólski|Nowy Dwór,podlaskie,sokólski,Nowy Dwór,16,0,16,0.0,53.65013871714841,23.5126887360682,10.86495620651392,11.335261667650999,123.15712160840404,0.12991534546312575,1.6048963728300365,1.9887097688945667,4.220768735804909,7.4533581112445075,3,4,19,46,83,11.834036236558116,16.400779076720283,9.878485272186108,37.45268897527711,0,1
podlaskie|sokólski|Sidra,podlaskie,sokólski,Sidra,26,0,26,0.0,53.53627620330216,23.448784651431875,12.690130069341292,16.491693038141726,209.28172971766875,0.12423444719744656,1.4295237703210173,1.427444650743087,5.5039924606446515,9.575074312885397,2,8,26,53,93,11.531059595903743,14.322933807567825,11.805386827629459,42.22279169591355,0,1
podlaskie|sokólski|Sokółka,podlaskie,sokólski,Sokółka,52,1,51,0.019230769230769232,53.390499237404846,23.47544251376445,17.60930588831463,24.90422285461996,438.54607815775904,0.11857362906639411,1.395179776369439,1.52375906456313,6.924436392119987,15.255194413038852,1,7,28,51,96,14.570308513953762,16.520777301928327,12.451878725734524,44.704407028175936,0,1
podlaskie|sokólski|Suchowola,podlaskie,sokólski,Suchowola,42,1,41,0.023809523809523808,53.58328665042791,23.14667890930939,17.0909322212405,15.190461955106885,259.61915568406425,0.1617754278929658,1.30984494238885,1.3634095058066182,5.781568688155813,9.16512815097976,3,7,28,69,106,12.428695279638918,15.040383335313678,14.272746839519693,49.062119991111146,0,1
podlaskie|sokólski|Szudziałowo,podlaskie,sokólski,Szudziałowo,37,0,37,0.0,53.30875423142631,23.64700195121882,20.317642547699627,17.1202561633334,347.8432450516595,0.10636975283077581,1.4002858914359164,1.5744223706117946,6.130601962445088,13.540493821848028,2,5,23,47,82,13.271005301376059,18.17067220215627,10.300132494935024,40.4509578708215,0,1
podlaskie|suwalski|Bakałarzewo,podlaskie,suwalski,Bakałarzewo,31,0,31,0.0,54.084260820511965,22.706717512535285,11.060808213344233,10.69736278419019,118.32147814449378,0.2619980791834168,1.3949962461824528,1.4633919460594627,3.959158263811317,6.757159150372926,5,11,32,48,79,11.264968370525159,13.067903101563875,13.43156755293562,41.530702318694956,0,1
podlaskie|suwalski|Filipów,podlaskie,suwalski,Filipów,25,0,25,0.0,54.1814366029478,22.657837260547787,9.591030754490207,15.313904124808236,146.87612543235022,0.17021146170903567,1.5116041031199794,1.5593003888495378,4.686547306919967,9.421093813879263,3,11,28,44,71,7.437818071980778,13.620992496388137,12.226135944477104,38.19587807115995,0,0
podlaskie|suwalski|Jeleniewo,podlaskie,suwalski,Jeleniewo,33,0,33,0.0,54.22006381821899,22.89866324221832,11.50070860710213,11.623584040126014,133.6794530156522,0.24685917884580297,1.4002540289417649,1.343864891552423,4.558443686513566,7.2493295840975,6,11,23,38,63,11.236995861686971,12.329814177671945,11.285684853907837,34.124977735859964,0,1
podlaskie|suwalski|Przerośl,podlaskie,suwalski,Przerośl,24,0,24,0.0,54.236601775707605,22.722521429974858,11.181863454166264,12.882554556353126,144.0509659899881,0.16660769912274007,1.6189798372645066,1.5763186569853753,4.263598805045969,8.558285528636572,4,9,23,40,63,7.437818071980778,11.979718851439173,11.341074687791435,35.327509494001525,0,0
podlaskie|suwalski|Raczki,podlaskie,suwalski,Raczki,35,0,35,0.0,53.99038762561997,22.784663622038746,13.094126956822976,12.663704583746327,165.82015556327545,0.2110720489985569,1.381239099554919,1.379792972633502,4.82662823722175,7.864354226881304,4,9,31,56,85,11.613088139178492,13.654735454835214,13.778894063796704,43.714854431584,0,1
podlaskie|suwalski|Rutka-Tartak,podlaskie,suwalski,Rutka-Tartak,28,0,28,0.0,54.320820161807724,22.965868310047117,11.199464395739366,10.134244238694745,113.49810752898858,0.24670014865973436,1.1371711278154344,1.2607335377704771,3.7905464841346346,6.627123049057832,3,7,19,34,51,7.556170106703679,13.947186229074878,8.821287253015814,28.97056236512537,0,0
podlaskie|suwalski|Suwałki,podlaskie,suwalski,Suwałki,48,0,48,0.0,54.095362270337375,22.927174002190885,16.382855341324735,21.90313231261795,358.83584819951534,0.13376589947978568,1.3954228313183128,1.4358835551194042,8.157817987751924,13.891928426543322,4,11,26,46,72,0.6710438075492127,11.936704459336713,12.831914187335993,38.389442610676625,0,0
podlaskie|suwalski|Szypliszki,podlaskie,suwalski,Szypliszki,50,0,50,0.0,54.23580213628698,23.069429625258802,16.845926162898433,11.219237616947057,188.9984484991027,0.26455243626107006,1.1586730036579254,1.1872176977562856,5.3405129974508165,10.305058858369234,3,9,20,36,56,10.669122491669121,13.324305751636441,9.841248628406564,30.921450609520026,0,1
podlaskie|suwalski|Wiżajny,podlaskie,suwalski,Wiżajny,32,0,32,0.0,54.33810354939686,22.85316573994121,13.533338324837976,10.056927160106559,136.10379776597404,0.23511467369208122,1.4205102636808875,1.433589661844349,4.349172146425721,7.501938079610293,3,6,19,33,53,7.556170106703679,13.695906793623099,8.82983889421055,29.500703732074328,0,0
podlaskie|wysokomazowiecki|Ciechanowiec,podlaskie,wysokomazowiecki,Ciechanowiec,35,1,34,0.02857142857142857,52.663479335205736,22.5689150348686,12.019187254524097,17.828287321063943,214.28152373932528,0.1633365275233795,0.8813850199288663,1.3290936229032206,5.2481470269251,11.914870638364043,5,15,54,114,195,10.752931185499945,12.156231391247557,24.685663795568274,87.57734566340883,0,1
podlaskie|wysokomazowiecki|Czyżew,podlaskie,wysokomazowiecki,Czyżew,47,1,46,0.02127659574468085,52.82346613663254,22.350848400126132,15.196341844475585,12.816880317726325,194.76969468790008,0.24131064165456043,0.9512220195907571,1.0414133232648293,4.188587841049324,8.150515262376002,6,15,52,120,201,9.966472186398795,11.929625252701939,25.633145508637515,89.67099412480783,0,0
podlaskie|wysokomazowiecki|Klukowo,podlaskie,wysokomazowiecki,Klukowo,36,0,36,0.0,52.762076901309136,22.548800046200945,12.091015645052165,12.349604285319561,149.3192586240021,0.241094151764113,1.0280772331841026,1.1537613245212348,4.287920769732451,7.24714905184612,5,13,51,114,190,9.978826599517356,11.469526630404285,24.70900184875244,86.18354092101318,0,0
podlaskie|wysokomazowiecki|Kobylin-Borzymy,podlaskie,wysokomazowiecki,Kobylin-Borzymy,40,0,40,0.0,53.08390767290935,22.65631312384324,11.80717898633237,14.643656957016155,172.900278705941,0.23134722684877643,0.7381226214319869,0.9054616236979417,3.9957632509824976,9.253562301432463,5,14,51,103,159,9.686851684041024,11.648894745794939,22.29282752574428,75.47296294234154,0,0
podlaskie|wysokomazowiecki|Kulesze Kościelne,podlaskie,wysokomazowiecki,Kulesze Kościelne,31,0,31,0.0,53.00817865313043,22.532802908618933,8.416193482278342,14.24707058406886,119.90610259119983,0.2585356318826358,0.9389871243785102,1.152157766401589,3.793947741333886,8.041264258405189,5,13,53,104,175,9.05759115562484,11.19213316253863,23.483661881860904,80.42129374150758,0,0
podlaskie|wysokomazowiecki|Nowe Piekuty,podlaskie,wysokomazowiecki,Nowe Piekuty,35,0,35,0.0,52.871444233228374,22.68834623388332,13.974126055639395,9.581809848977626,133.8974186707804,0.261394135506496,0.9459016316498616,0.984287053325864,4.230011588645341,7.659147607610945,3,15,49,106,171,9.10523056540342,12.768395278429038,23.21884519491205,79.86973416410783,0,0
podlaskie|wysokomazowiecki|Sokoły,podlaskie,wysokomazowiecki,Sokoły,48,0,48,0.0,53.000333636360914,22.721875459127478,15.97838090519444,12.19954178310609,194.92892547930407,0.24624359818315544,0.7973013810216149,0.9421310807886772,4.672516500485037,10.405020690003527,5,14,49,104,161,8.859737584498545,11.516961013307103,22.541763690604938,76.0891731302435,0,0
podlaskie|wysokomazowiecki|Szepietowo,podlaskie,wysokomazowiecki,Szepietowo,49,1,48,0.02040816326530612,52.85176272366031,22.554034278320568,14.176865959111641,14.704935763924343,208.46990326250236,0.23504591901834335,0.9029451178076795,0.9844050866536785,5.087767411237914,8.903026890794793,4,16,50,110,182,9.278573314012654,12.0555283714092,24.324758053523578,83.99934307713144,0,0
podlaskie|wysokomazowiecki|Wysokie Mazowieckie,podlaskie,wysokomazowiecki,Wysokie Mazowieckie,54,1,53,0.018518518518518517,52.933273506968895,22.47965544324367,10.149340219980544,19.783467123512203,200.7891385673252,0.26893884990643374,1.1960524950681435,1.248447861026141,5.854108406014264,12.069082198397734,4,13,51,113,184,9.05759115562484,12.61864690969457,24.21842905404334,83.68812577938733,0,0
podlaskie|zambrowski|Kołaki Kościelne,podlaskie,zambrowski,Kołaki Kościelne,24,0,24,0.0,53.02162273987965,22.349432551889464,9.905063227879026,8.732190440225315,86.49289842831253,0.27747942820868465,1.035888581198394,1.0541455253014402,3.39212892138444,5.516469125051368,4,13,53,105,187,9.589014684020253,13.232551413512065,23.740409669526258,83.60191636741911,0,0
podlaskie|zambrowski|Rutki,podlaskie,zambrowski,Rutki,42,0,42,0.0,53.08580654300473,22.455181621310697,7.667394115777358,19.377789672462498,148.57715051141022,0.28268142076647607,1.166438386513637,1.2222911433017134,5.185860180971095,10.572331587708101,4,11,53,104,173,10.044373650748863,12.04407528351237,22.928643943875294,79.58648274762001,0,0
podlaskie|zambrowski|Szumowo,podlaskie,zambrowski,Szumowo,19,0,19,0.0,52.90783404628218,22.09434123117103,12.844608061310826,12.131812665289923,155.82837875889572,0.1219290103081776,2.2309666224845888,2.042991413115053,4.917801621815216,9.746941933697196,3,13,56,117,203,10.945145464062884,13.965899956796175,25.245045871225663,91.81086732096313,0,1
podlaskie|zambrowski|Zambrów,podlaskie,zambrowski,Zambrów,70,1,69,0.014285714285714285,52.96054532973998,22.248295247767125,20.894247129896108,13.896339309341686,290.353547730275,0.24108539588097871,1.0456423230023824,1.1606554769318036,6.409873067417065,12.248866538207817,2,13,51,114,193,9.589014684020253,13.795042117811803,24.470096401404426,87.39379514922845,0,0
podlaskie|Łomża|Łomża,podlaskie,Łomża,Łomża,1,1,0,1.0,53.173290993715874,22.06857568448162,0.001,0.001,1e-06,1000000.0,,,0.0,0.0,4,11,46,103,177,5.316519207106778,11.186797033169688,22.657791995993712,82.53377583316357,0,0
podlaskie|łomżyński|Jedwabne,podlaskie,łomżyński,Jedwabne,44,1,43,0.022727272727272728,53.295065016433085,22.352846414160897,10.935456109291495,16.280833102461273,178.03833581466534,0.2471377852340925,0.9966781429901482,1.165650156355832,5.077651508419348,9.464216184089112,3,12,42,96,164,8.563957170100437,12.44813645595464,20.838946131946006,73.98151065042441,0,0
podlaskie|łomżyński|Miastkowo,podlaskie,łomżyński,Miastkowo,23,0,23,0.0,53.13903072333672,21.809797864578325,11.71301417501859,13.740109859784337,160.93810155396662,0.14291208718084397,1.791833814415292,1.7688027602451455,4.521786773587987,7.006684861378977,5,11,44,105,189,9.847183752635473,12.569056094256158,23.11148010968672,86.90766236879432,0,0
podlaskie|łomżyński|Nowogród,podlaskie,łomżyński,Nowogród,17,1,16,0.058823529411764705,53.21504928500046,21.885593069481285,10.54091803712215,8.212226124185932,86.56440247735722,0.19638557551929867,1.3176158988811488,1.281690626524708,3.9495150894929356,7.169531691829008,4,12,45,97,183,9.171510862617279,12.238957005458726,21.962074790173993,82.78292740254395,0,0
podlaskie|łomżyński|Piątnica,podlaskie,łomżyński,Piątnica,43,0,43,0.0,53.213457210066395,22.171076924814653,18.521091352256512,17.470354140309812,323.5700249889508,0.1328924086879443,1.4164601195007873,1.5271497210096356,5.969855765347364,11.30651566406501,4,11,46,99,173,8.159423615270088,12.378843359742419,22.016522347075284,79.59840412740795,0,0
podlaskie|łomżyński|Przytuły,podlaskie,łomżyński,Przytuły,20,0,20,0.0,53.36917655662688,22.31775425133739,7.999704245449008,10.103628884327506,80.82604288039597,0.24744499776631917,1.401515010939241,1.4306120355179268,3.307000504864354,5.578364025080022,4,11,40,94,162,8.350306547362173,11.433407839872832,20.054759384635204,71.67797792439323,0,0
podlaskie|łomżyński|Wizna,podlaskie,łomżyński,Wizna,24,0,24,0.0,53.210720677567174,22.35918504194503,12.39237254024266,11.611115119371824,143.88926416689975,0.16679493177588264,1.3763136337085677,1.5369390704892532,4.440979069184713,8.256729644608207,2,12,48,101,170,9.388150660113768,14.15371585419347,21.708269122798406,76.93315042218342,0,0
podlaskie|łomżyński|Zbójna,podlaskie,łomżyński,Zbójna,19,0,19,0.0,53.24977190293055,21.7606012017835,15.45774485850707,13.92329002660277,215.22266482222173,0.08828066512276662,1.7493165113517068,1.8779743042608759,6.090149990011656,8.61940706355653,2,11,46,95,183,9.171510862617279,14.494997497725317,21.136022695660962,82.29400513069115,0,0
podlaskie|łomżyński|Łomża,podlaskie,łomżyński,Łomża,40,0,40,0.0,53.126510426515964,22.085050206936234,18.180990637026362,23.341147036583276,424.36517572957615,0.09425844128522395,1.251925915961241,1.3315147631755766,7.60776346068659,13.735843076107892,3,11,49,106,181,5.316519207106778,12.442591786412367,23.126246425042027,84.10746851562901,0,0
podlaskie|łomżyński|Śniadowo,podlaskie,łomżyński,Śniadowo,44,0,44,0.0,53.0564089216454,21.975342349850663,14.861114401723157,11.081577284440721,164.6845877756102,0.2671774001095469,1.2688848941624329,1.2223042574160585,4.766737006909177,8.048026426155136,4,11,52,112,190,10.697234885274925,13.492270457505407,23.930762811060156,88.23351503467616,0,1
pomorskie|Gdańsk|Gdańsk,pomorskie,Gdańsk,Gdańsk,1,1,0,1.0,54.351887749048416,18.646338873384728,0.001,0.001,1e-06,1000000.0,,,0.0,0.0,3,11,43,90,132,8.679795280540022,13.426686392271824,19.187973068811594,62.08709216001128,0,0
pomorskie|Gdynia|Gdynia,pomorskie,Gdynia,Gdynia,1,1,0,1.0,54.517693409819614,18.538787174508503,0.001,0.001,1e-06,1000000.0,,,0.0,0.0,3,12,35,71,111,8.427246117662543,12.871676918716105,16.30710872181378,53.16629045309341,0,0
pomorskie|Sopot|Sopot,pomorskie,Sopot,Sopot,1,1,0,1.0,54.44305020582015,18.561374213678803,0.001,0.001,1e-06,1000000.0,,,0.0,0.0,3,11,40,82,119,8.427246117662543,14.212031514573122,17.718084224164837,57.36193611600749,0,0
pomorskie|Słupsk|Słupsk,pomorskie,Słupsk,Słupsk,1,1,0,1.0,54.467043809232045,17.027394090717667,0.001,0.001,1e-06,1000000.0,,,0.0,0.0,3,8,27,53,89,3.0694328786939127,12.892321519935809,12.344134731374828,44.16914342309816,0,0
pomorskie|bytowski|Borzytuchom,pomorskie,bytowski,Borzytuchom,9,0,9,0.0,54.20244226571091,17.36946535437741,8.549825321545269,7.371123952795773,63.02182221986215,0.14280767649976855,2.1763587088551057,2.281250329247299,3.422688675777271,4.730878233696156,3,9,36,77,126,9.056851110446063,13.377518808175381,16.697510108524014,59.04227697264291,0,0
pomorskie|bytowski|Bytów,pomorskie,bytowski,Bytów,16,1,15,0.0625,54.164100030577025,17.492263757496232,15.575982676572728,10.150029026094318,158.09667627715547,0.10120389863194079,2.148993037433244,2.1907453619694355,4.8039794609022275,9.54805254848039,4,9,37,81,135,9.056851110446063,12.64723425980556,17.618264935697542,62.073164302983514,0,0
pomorskie|bytowski|Czarna Dąbrówka,pomorskie,bytowski,Czarna Dąbrówka,24,0,24,0.0,54.34723884918668,17.59357181187291,16.588397926638216,17.932491737459102,297.4713087571235,0.08068004978455011,2.3019015964804925,2.3469630645159056,6.415455703372641,11.36189070245973,1,9,43,79,119,14.531661658666371,16.392674953331703,17.02294908170161,56.951722601296005,0,1
pomorskie|bytowski|Kołczygłowy,pomorskie,bytowski,Kołczygłowy,14,0,14,0.0,54.21312447007255,17.230650682238586,21.86231727801665,9.034367354961418,197.5122055203226,0.07088169545329441,2.0807803067300923,1.8806143739713643,7.110786815255218,12.068582367993178,3,7,35,71,123,9.10522627969464,13.375400477743046,15.691073332171504,56.568285298944325,0,0
pomorskie|bytowski|Lipnica,pomorskie,bytowski,Lipnica,18,0,18,0.0,53.998472105887586,17.365382486678342,13.62232924464152,19.340589124718043,263.4638728422423,0.06832056253412054,2.744760451424135,2.7833668383358527,6.219336788073028,11.090360501312013,1,9,28,82,148,12.268819471449765,16.947155304947575,16.546275205887714,64.44869840145833,0,1
pomorskie|bytowski|Miastko,pomorskie,bytowski,Miastko,37,1,36,0.02702702702702703,54.04759087327897,17.026207219743572,21.65537862951847,24.640954682402015,533.6092034402217,0.06933913388573137,2.313321947303497,2.253296991100162,8.498282752654019,13.57783246774978,1,7,31,71,127,13.874399530475397,19.273570068873553,14.442661602333578,57.979478119689276,0,1
pomorskie|bytowski|Parchowo,pomorskie,bytowski,Parchowo,17,0,17,0.0,54.22251722882998,17.66043334547333,15.557239770632634,10.115974067405457,157.37663408012855,0.10802111825154695,1.3035683229782085,1.5691383050360301,5.228567556133208,8.39845500835372,4,9,41,87,136,9.46794677153153,13.490311399124455,18.470608570898825,62.57824100947336,0,0
pomorskie|bytowski|Studzienice,pomorskie,bytowski,Studzienice,12,0,12,0.0,54.09941504593186,17.59508628401532,13.280152103815627,11.335893195933094,150.54238587460014,0.07971176974699899,2.551603833727119,3.0393893267847454,4.972723106488336,8.203189546845845,3,9,37,93,146,9.829128120222762,14.085147179617206,18.254449989568133,65.42842979005407,0,0
pomorskie|bytowski|Trzebielino,pomorskie,bytowski,Trzebielino,10,0,10,0.0,54.22223699797983,17.077966910675023,15.927709363280538,12.83424536646828,204.4201300941367,0.04891886134401215,1.9157455955774516,2.6222116396294317,5.690535648311128,10.953297793550957,2,7,33,65,115,9.978554244125462,16.373874480735594,14.553143277816446,53.89951134214309,0,0
pomorskie|bytowski|Tuchomie,pomorskie,bytowski,Tuchomie,13,0,13,0.0,54.10356826637459,17.30815186892405,10.164815424381063,8.466942235375084,86.06490503148413,0.15104879271341043,2.122686024668801,1.9010596139120155,3.87336134741689,6.828449961319697,4,8,34,80,134,11.69682782331475,13.923844216314913,16.399916477061144,60.95411068307602,0,1
pomorskie|chojnicki|Brusy,pomorskie,chojnicki,Brusy,51,1,50,0.0196078431372549,53.90887905000948,17.685497776656025,24.045407928944698,21.44387481452673,515.6267174925185,0.09890876145443332,1.3725115457203136,1.5748494783376878,6.532337188136503,13.822652438663315,2,8,39,92,169,12.309790715665459,18.235859451175394,18.323041230244364,71.53999615839527,0,1
pomorskie|chojnicki|Chojnice,pomorskie,chojnicki,Chojnice,38,1,37,0.02631578947368421,53.699303390952565,17.6033836062723,28.621996391592248,18.95239805906478,542.4554688585721,0.0700518331577689,1.9641027043074608,2.1745238380797396,7.375314757778343,19.122249781876203,0,6,34,93,168,17.14031272163957,18.783759673732213,18.122881852875615,75.50156112932635,0,1
pomorskie|chojnicki|Czersk,pomorskie,chojnicki,Czersk,54,1,53,0.018518518518518517,53.80559563054948,17.978994913898923,22.032265310446547,26.599272316275464,586.0422247369971,0.09214353116660495,1.2621296025781505,1.4569340054089917,7.519906077197766,18.35982695341936,2,8,44,107,185,12.804458054859087,15.363475280624012,20.862364426283214,78.96267926521897,0,1
pomorskie|chojnicki|Konarzyny,pomorskie,chojnicki,Konarzyny,13,0,13,0.0,53.85806578130674,17.378504616849177,10.8324775198622,6.8314596488356205,74.00163307385758,0.1756717988510511,1.7018206271829674,1.5906509041907158,3.9554360880355954,5.666820930294422,1,7,31,84,155,8.598070378569744,17.208628687698535,16.539147142930126,68.00043454723496,0,0
pomorskie|człuchowski|Czarne,pomorskie,człuchowski,Czarne,11,1,10,0.09090909090909091,53.66165672241712,17.034206244432323,9.436980072408588,13.4890270928885,127.29567987176833,0.08641298755056638,2.8113424719623916,2.8752551018962964,4.388410508677469,7.4175823359236475,1,7,27,72,148,12.239694643294413,18.214671918679894,15.297151634038723,67.42529262900958,0,1
pomorskie|człuchowski|Człuchów,pomorskie,człuchowski,Człuchów,23,1,22,0.043478260869565216,53.66408243077485,17.350005099190458,17.884784893827582,20.587720693770166,368.2069560622822,0.06246487096813443,2.9442116751378267,2.810139179985315,6.866181687783308,12.22503857678401,1,8,32,81,156,14.403848723121596,17.152535087597983,16.99686613390844,72.38141220123805,0,1
pomorskie|człuchowski|Debrzno,pomorskie,człuchowski,Debrzno,12,1,11,0.08333333333333333,53.554913652788144,17.232476962007883,9.407888482586271,21.745792853280633,204.58199412908573,0.05865618844456234,2.970934283526036,3.147682335136937,7.216450033066638,12.045490690175395,2,7,32,80,156,7.473403501109895,14.819412458913053,17.20357097726706,73.43265359851806,0,0
pomorskie|człuchowski|Koczała,pomorskie,człuchowski,Koczała,8,0,8,0.0,53.934103426276565,17.11441768129123,13.21986316989299,10.25306375790122,135.54409995164295,0.05902138125417558,2.993985307264283,3.411696157975866,5.2676288079185305,7.271022586282841,1,7,28,77,138,13.874399530475397,17.353637753498525,15.055349740653945,62.130027966297234,0,1
pomorskie|człuchowski|Przechlewo,pomorskie,człuchowski,Przechlewo,10,0,10,0.0,53.811938224725466,17.27334044827255,12.635040856727258,10.895466689744419,137.66466677803163,0.07264028042957343,2.9341204848054394,2.9899199056208756,4.450044115233325,8.156842050982565,1,6,29,77,156,8.598070378569744,16.106801224174248,16.101108264919027,67.50536886086715,0,0
pomorskie|człuchowski|Rzeczenica,pomorskie,człuchowski,Rzeczenica,10,0,10,0.0,53.77169163549738,17.039166959287677,18.496060485156,21.331817863721877,394.5545934657311,0.025345035048663162,3.3802916309094964,3.4198063613211263,7.952475834795395,14.343377853264384,1,7,25,77,146,12.239694643294413,17.605192310048498,14.952748285236217,64.86629676601423,0,1
pomorskie|gdański|Cedry Wielkie,pomorskie,gdański,Cedry Wielkie,13,0,13,0.0,54.261308962641564,18.848917090052428,10.610874653582815,10.371338735952623,110.04897531704133,0.11812922348934331,2.4597281938301925,2.520566709187827,4.100442024266777,6.015506362589972,5,13,49,92,135,7.85337875757075,11.261317114459665,20.38878482671733,66.02670221849736,0,0
pomorskie|gdański|Kolbudy,pomorskie,gdański,Kolbudy,12,0,12,0.0,54.27365631882023,18.484751799221286,10.20166013261029,10.19085746077818,103.96366427473488,0.11542494277893806,2.034915984061574,2.2793841432412565,3.7445839601961857,6.688002826332927,5,15,49,94,142,10.914208666497961,12.382286184195094,21.419268976613036,67.01208856861783,0,1
pomorskie|gdański|Pruszcz Gdański,pomorskie,gdański,Pruszcz Gdański,21,1,20,0.047619047619047616,54.27513646140302,18.67073130848977,13.174003217823573,19.15679431065076,252.37166989169742,0.08321060762886708,2.035131909324191,2.0038322270957147,5.663610678327158,12.452822254332323,5,13,49,94,141,8.679795280540022,10.717508973050313,20.936836387434717,66.39979154615143,0,0
pomorskie|gdański|Przywidz,pomorskie,gdański,Przywidz,27,0,27,0.0,54.20453055675443,18.324627329917636,11.604548989809384,10.847885674842265,125.8848207495585,0.21448177658937242,1.3055391241877325,1.4365203548078695,4.099794925293828,6.57806043260236,5,14,55,102,149,9.861771210420333,12.241952916035073,22.21420989537128,69.95972505133149,0,0
pomorskie|gdański|Pszczółki,pomorskie,gdański,Pszczółki,7,0,7,0.0,54.17864733415484,18.67028445856892,5.506742165112452,4.724455768877149,26.016359789684568,0.26906146965170297,1.5164939190021,1.9740146249007675,2.4352193161633187,3.7171481792606778,5,14,54,98,152,7.503843853068619,10.761743857718297,22.774589795318683,71.5021995128113,0,0
pomorskie|gdański|Suchy Dąb,pomorskie,gdański,Suchy Dąb,8,0,8,0.0,54.204685610606354,18.776694446673122,10.46990300224873,6.719866863774424,70.3563542517436,0.1137068582515664,2.688062393279342,2.5620480693433985,3.58750524576836,5.816987189104078,6,14,53,97,149,7.503843853068619,9.85526305473448,22.12729979471706,69.77423981342123,0,0
pomorskie|gdański|Trąbki Wielkie,pomorskie,gdański,Trąbki Wielkie,21,0,21,0.0,54.16332937827189,18.508342226075428,9.742077937697339,14.691077520990795,143.12162219824575,0.1467283536718982,1.9570801928045503,2.011772232166074,5.016719836946869,8.115780756849952,5,15,54,100,156,10.677558138903276,12.455159228598736,22.8793423517284,72.25175458546566,0,1
pomorskie|kartuski|Chmielno,pomorskie,kartuski,Chmielno,15,0,15,0.0,54.31595689821851,18.057146730046615,8.710570012155998,7.409482553443844,64.540816535621,0.23241106644074272,1.5947163275105758,1.597448329667664,3.3515516621867705,4.634176819087654,4,13,48,91,133,6.679503247415443,11.198609281797323,20.4876758151174,63.64691568046349,0,0
pomorskie|kartuski|Kartuzy,pomorskie,kartuski,Kartuzy,25,1,24,0.04,54.3522235314003,18.139277294351015,17.94991000679835,19.82807782725867,355.91221260708693,0.07024204035279626,1.8176571210468992,1.8840178794346023,6.985730949346393,10.489555453370246,4,13,47,88,130,6.679503247415443,11.743430202585952,20.389082698098026,62.57185556651421,0,0
pomorskie|kartuski|Przodkowo,pomorskie,kartuski,Przodkowo,16,0,16,0.0,54.39691415240967,18.271152827534987,7.5210544439711295,10.18346013377595,76.59035809413845,0.20890358000851936,1.6642004244276527,1.5486054525265782,3.58884604783724,6.326633267542984,3,15,47,83,124,7.684814931920373,12.161709393418523,19.910310725010635,60.83828104314334,0,0
pomorskie|kartuski|Sierakowice,pomorskie,kartuski,Sierakowice,49,0,49,0.0,54.338123651267786,17.887752068792622,13.479675190812461,18.843826048452478,254.00865448531047,0.19290681295598813,1.1788634559318834,1.303982886196667,4.647464539723323,11.181579370849054,4,10,47,86,125,10.899070014705739,12.82705781022712,19.248943366881928,61.04465076122824,0,1
pomorskie|kartuski|Somonino,pomorskie,kartuski,Somonino,16,0,16,0.0,54.244518343284085,18.189216616089695,9.871911854112096,11.739953626666189,115.89578737381224,0.13805506103852877,2.380889228636477,2.251715265499326,3.838364601237455,7.339846110035627,5,14,51,96,146,9.861771210420333,11.748438676714668,21.53703844336137,67.5766728593801,0,0
pomorskie|kartuski|Stężyca,pomorskie,kartuski,Stężyca,32,0,32,0.0,54.23682727307386,17.989456031263526,11.273475687477909,18.111626177006844,204.18097736717513,0.15672370860707044,1.7005530883507247,1.6726058810313558,5.086350696652827,9.722433698289327,5,12,50,96,141,9.835303873258722,12.66544779677193,20.586757996935646,66.15927513631169,0,0
pomorskie|kartuski|Sulęczyno,pomorskie,kartuski,Sulęczyno,19,0,19,0.0,54.256905315824056,17.79372355162474,12.730621507368642,10.869742129317864,138.37857293104503,0.13730449445715723,1.435505243981937,1.9111726265851656,4.0642127937508725,8.51758883486328,3,11,42,88,135,9.46794677153153,13.602402162905753,19.212013022018997,63.134784423781895,0,0
pomorskie|kartuski|Żukowo,pomorskie,kartuski,Żukowo,27,1,26,0.037037037037037035,54.353968138138576,18.388019397903793,17.77510153232552,10.474361065487662,186.1828314252805,0.14501874202528564,1.8907086497415053,1.8782971330480676,5.052162522001633,10.160202006655773,3,13,49,91,132,8.949704046321434,13.224272104102358,20.34098651894059,63.02296206029114,0,0
pomorskie|kościerski|Dziemiany,pomorskie,kościerski,Dziemiany,6,0,6,0.0,54.00546644326685,17.777436505316004,8.05504785047133,7.367467008874695,59.345299293254556,0.10110320567010748,3.4082472992706947,3.430828965947617,3.305378270332722,4.819261118340162,3,5,39,95,169,9.551248254803895,13.724295446085602,19.30713839254266,70.61217742529841,0,0
pomorskie|kościerski|Karsin,pomorskie,kościerski,Karsin,13,0,13,0.0,53.91714395474563,17.911808133307986,14.02564339937646,8.22672389981776,115.38509576397152,0.11266619760486599,2.1077879542921236,2.092794553865955,3.976728897814084,7.7211328598775495,3,9,44,104,181,13.162882365509901,15.7296861569144,20.18646992630015,74.92602989440098,0,1
pomorskie|kościerski|Kościerzyna,pomorskie,kościerski,Kościerzyna,43,1,42,0.023255813953488372,54.10628048935411,17.98813944183735,19.254076317309323,16.135459321665365,310.67336519418507,0.13840903282173234,1.628432763135285,1.7629095322367652,6.637841353225665,11.446154020856005,3,12,43,104,157,13.968548648087804,15.396812841119086,20.80891959110091,70.57525738506355,0,1
pomorskie|kościerski|Liniewo,pomorskie,kościerski,Liniewo,14,0,14,0.0,54.08246434803849,18.24803968324225,9.110745387876431,12.067788613458474,109.9465494519345,0.12733460094734853,1.781613201058438,1.8915975216635081,4.267597150146297,7.012631429390376,4,11,49,106,166,7.127304153389652,11.979576253895186,22.71139651445428,74.22045832442743,0,0
pomorskie|kościerski|Lipusz,pomorskie,kościerski,Lipusz,8,0,8,0.0,54.09135466212585,17.775427103254728,10.398752032861491,11.141892728331037,115.86177965865704,0.06904779145952165,2.4882137986044324,2.950446252229386,4.037743964623739,8.435109072151393,3,9,42,97,155,9.551248254803895,14.030991759748499,19.421538078669094,68.2492101295654,0,0
pomorskie|kościerski|Nowa Karczma,pomorskie,kościerski,Nowa Karczma,22,0,22,0.0,54.138670617033654,18.19548113318212,11.452962812374384,13.533624405069657,155.00009702790518,0.1419353950213287,1.53303757283913,1.615614056095356,4.464504372618557,7.781496436939906,4,12,52,104,159,7.127304153389652,11.991284792688836,22.193938311161876,71.74758764957149,0,0
pomorskie|kościerski|Stara Kiszewa,pomorskie,kościerski,Stara Kiszewa,24,0,24,0.0,53.995939318659424,18.176314862862053,8.341624044499968,16.453859507328477,137.25191009115562,0.17486095446001765,1.6637573312700797,1.798590824459298,4.635052893396746,9.669191959740179,3,12,47,109,172,10.700523440183662,13.34265161589452,22.4433187972175,76.35645732885135,0,1
pomorskie|kwidzyński|Gardeja,pomorskie,kwidzyński,Gardeja,17,0,17,0.0,53.650925074073584,19.047807954448153,10.428743564563854,11.79081143889124,122.96334891432289,0.13825257810638422,2.3878271668151854,2.23884292932728,4.718266806369725,8.023951392245069,4,13,55,124,203,13.387250810475885,14.041705824763415,24.99523967305582,90.37020380999502,0,1
pomorskie|kwidzyński|Kwidzyn,pomorskie,kwidzyński,Kwidzyn,26,1,25,0.038461538461538464,53.75576668691334,18.94782528785526,12.680851500047574,18.84196979312882,238.93222091504865,0.10881747091466659,2.040215284869565,1.9880738478389715,5.761675085962664,12.254522877123543,4,12,52,118,191,10.488794559071417,13.07599247873012,25.031060968237764,87.36053425694156,0,1
pomorskie|kwidzyński|Prabuty,pomorskie,kwidzyński,Prabuty,19,1,18,0.05263157894736842,53.761603782538444,19.190140381087694,15.913237618112044,10.910299715061056,173.6181918505867,0.1094355366651389,1.9538571123593116,2.055569254459501,5.115350611813155,9.292387108910189,2,10,54,121,187,11.009002553206399,14.702092132448977,23.377950286205184,85.16154352732383,0,1
pomorskie|kwidzyński|Ryjewo,pomorskie,kwidzyński,Ryjewo,11,0,11,0.0,53.84972279775773,18.961991898477297,10.293494514960878,11.768078261589652,121.13464903730343,0.09080803954459428,1.8199762048788086,2.155133443972032,4.097135977914092,8.676990347670602,4,15,56,112,184,9.546076127694889,12.745475852993035,24.706249454792186,84.04569904519494,0,0
pomorskie|kwidzyński|Sadlinki,pomorskie,kwidzyński,Sadlinki,13,0,13,0.0,53.65686786165368,18.813872574052198,9.129085655465762,9.947000278734025,90.80701755950473,0.1431607418609609,2.191344303660888,2.14430400664042,3.7365817995261286,6.3548803729031595,4,16,56,121,204,8.36569351594647,13.188592155145049,26.113594600688323,91.23839394360047,0,0
pomorskie|lęborski|Cewice,pomorskie,lęborski,Cewice,10,0,10,0.0,54.44151692562009,17.772534901426965,14.372446555099925,11.464381477881027,164.77121007812255,0.06069021399587177,3.1468020401691237,3.161745933575326,5.353793928332835,8.148044701000066,4,9,44,76,110,11.15989427876374,13.960443045102256,17.301027752396458,55.16874955741242,0,1
pomorskie|lęborski|Lębork,pomorskie,lęborski,Lębork,1,1,0,1.0,54.54100239755184,17.749732291660234,0.001,0.001,1e-06,1000000.0,,,0.0,0.0,3,12,37,66,99,4.017024148077025,12.735307259741315,15.774010563244001,50.14196138135256,0,0
pomorskie|lęborski|Nowa Wieś Lęborska,pomorskie,lęborski,Nowa Wieś Lęborska,23,0,23,0.0,54.57026351939053,17.713198277334985,17.682130707296334,15.96152415359866,282.233756371599,0.08149273246293538,1.7643387054900763,2.0091904858404668,6.406735492941781,12.400398806828951,4,10,36,65,94,4.017024148077025,13.197865650561562,14.973759344132121,48.22743719012525,0,0
pomorskie|lęborski|Wicko,pomorskie,lęborski,Wicko,12,0,12,0.0,54.69746053048413,17.636332273179022,12.43385128998764,15.017360063360975,186.72362179602973,0.06426610561950419,1.8225273399085336,2.5947916851259287,4.936889136040734,8.333239227491166,3,7,25,53,78,8.546755693062002,15.135354818929674,11.49956935988722,40.4188073504611,0,0
pomorskie|lęborski|Łeba,pomorskie,lęborski,Łeba,1,1,0,1.0,54.75871859652044,17.555935856411974,0.001,0.001,1e-06,1000000.0,,,0.0,0.0,1,4,20,48,71,8.546755693062002,19.479343704423602,9.398815421421183,36.14935614951968,0,0
pomorskie|malborski|Lichnowy,pomorskie,malborski,Lichnowy,10,0,10,0.0,54.112293209794345,18.902531947086274,8.715568477449853,8.250265070184728,71.90575017630762,0.1390709362669986,2.0489144005856383,2.1283361809975703,3.3308672586962955,4.963962030018464,7,16,50,103,158,9.374155437385044,10.718353800439386,23.276405333439662,73.79013965757895,0,0
pomorskie|malborski|Malbork,pomorskie,malborski,Malbork,13,1,12,0.07692307692307693,54.051926318595136,19.03140803547742,10.182329642632032,9.337699412470547,95.07953352158657,0.13672763757353226,1.8404121153735682,2.0635155543837076,3.7132340496435594,7.5321413187675645,6,17,51,101,164,9.342232618945305,10.889380570979274,23.46915082249617,75.69203078079295,0,0
pomorskie|malborski|Miłoradz,pomorskie,malborski,Miłoradz,9,0,9,0.0,54.028416448724414,18.888091473163716,10.77426870438475,5.141203544658678,55.392708454087945,0.16247625817863048,2.0225247201500682,2.2880669269155813,3.6637893640329744,6.699306404864661,5,14,52,103,170,7.716507725457039,10.830753350604928,24.22566851166165,77.67066718793315,0,0
pomorskie|malborski|Nowy Staw,pomorskie,malborski,Nowy Staw,16,1,15,0.0625,54.13539434392847,19.04775231903293,8.081032662043437,17.303734863162763,139.83204660455803,0.11442298377601273,1.9640154939439947,2.006830543777814,4.725834649021728,9.785160874850508,5,17,46,92,153,9.342232618945305,10.942363075313699,22.212432891402237,71.4797319824804,0,0
pomorskie|malborski|Stare Pole,pomorskie,malborski,Stare Pole,12,0,12,0.0,54.048818537064015,19.202218593151017,7.261045629363797,8.7074146366668,63.224934990627816,0.18979853441966887,1.6998533680428949,1.840321729159096,2.89489696424909,4.991278096177077,6,15,48,95,155,8.78171138954136,11.537280547325732,22.52730275962112,74.1958204171458,0,0
pomorskie|nowodworski|Krynica Morska,pomorskie,nowodworski,Krynica Morska,1,1,0,1.0,54.37786659685696,19.43642218623973,0.001,0.001,1e-06,1000000.0,,,0.0,0.0,1,6,28,62,110,11.589593782140454,18.145194015981296,13.127963245759867,52.15396154944142,0,1
pomorskie|nowodworski|Nowy Dwór Gdański,pomorskie,nowodworski,Nowy Dwór Gdański,22,1,21,0.045454545454545456,54.198898382932725,19.17762827568435,14.445722756899883,17.432405963470885,251.8237035340286,0.08736270530239093,2.1575102772586225,2.2978004861832506,5.231054916206104,9.117134130805358,4,14,42,88,138,11.015427115722025,13.365436917611813,19.996025167172462,66.58117246136065,0,1
pomorskie|nowodworski|Ostaszewo,pomorskie,nowodworski,Ostaszewo,7,0,7,0.0,54.20481481844346,18.935814655933854,8.765877486820756,8.479533387942627,74.33055082411121,0.09417392878688788,2.185676411457361,2.2183148852114045,3.5038526313372342,6.663009085190768,5,15,49,90,144,8.447375309022235,10.459935753155241,21.373028324244792,68.64839810229336,0,0
pomorskie|nowodworski|Stegna,pomorskie,nowodworski,Stegna,19,0,19,0.0,54.294119541251746,19.049482780146597,9.624142789636146,13.46937632694271,129.63120105784148,0.14656965178870937,1.5319069281072326,1.703404053999444,4.737707966545495,8.256134857884206,4,8,42,85,132,10.67827628542369,13.539044558446548,18.04023160466504,62.02428382903669,0,1
pomorskie|nowodworski|Sztutowo,pomorskie,nowodworski,Sztutowo,6,0,6,0.0,54.31156169068398,19.21132425711107,6.2512494604430575,3.4419743787142,21.51664047779597,0.2788539412642825,1.9698115536166658,1.9236138361652217,2.400397130273572,3.3054486257843942,2,10,37,79,126,10.67827628542369,16.306858190701774,16.461123496455862,59.108984284020146,0,1
pomorskie|pucki|Hel,pomorskie,pucki,Hel,1,1,0,1.0,54.60529244217193,18.802641934360786,0.001,0.001,1e-06,1000000.0,,,0.0,0.0,1,4,24,58,102,13.361856204765227,20.821827014228663,11.224336172211256,44.90136084018999,0,1
pomorskie|pucki|Jastarnia,pomorskie,pucki,Jastarnia,1,1,0,1.0,54.69909630151773,18.672824243804293,0.001,0.001,1e-06,1000000.0,,,0.0,0.0,1,7,19,48,91,13.361856204765227,19.26254440284413,10.201154339994165,40.63249684426738,0,1
pomorskie|pucki|Kosakowo,pomorskie,pucki,Kosakowo,10,0,10,0.0,54.59474504459705,18.476182401984204,7.127398502336399,5.863674959619133,41.79274812537685,0.2392759617051344,1.4893855181570632,1.6964626004557517,2.550554693977113,4.55134214402844,3,10,34,60,105,5.365977821907674,11.042273143210242,15.102233303077492,49.05427571950548,0,0
pomorskie|pucki|Krokowa,pomorskie,pucki,Krokowa,24,0,24,0.0,54.77276792938388,18.126082599627676,12.131219813629512,18.338012441943686,222.46245987829175,0.10788337058364947,1.7922161315910947,1.7601412097961466,5.116576661598226,11.71488645162951,2,7,24,45,78,11.569512166088371,16.235400339899538,10.880483740673656,38.7413479516553,0,1
pomorskie|pucki|Puck,pomorskie,pucki,Puck,30,1,29,0.03333333333333333,54.70725745458879,18.336380563065443,20.472660675144347,17.091552151765356,349.90954761462535,0.08573644304510562,1.8659347404218118,1.9064791943744999,6.41590796111954,10.802326590981718,3,10,26,51,91,11.368412413890136,13.672581078983887,12.588308168289275,42.67710757587539,0,1
pomorskie|pucki|Władysławowo,pomorskie,pucki,Władysławowo,8,1,7,0.125,54.811051670824924,18.33825685057488,8.07192819237725,19.279510077974642,155.62282093362484,0.051406342283257446,2.247359295265169,2.6311881131773838,5.157239141698984,12.49552592757128,2,5,20,41,72,11.542034032509878,19.68810541050501,9.302320114822814,36.08807899610943,0,1
pomorskie|starogardzki|Bobowo,pomorskie,starogardzki,Bobowo,6,0,6,0.0,53.88438464396566,18.5642548807939,6.8201444040718675,6.352088795852909,43.32216285520383,0.1384972403167836,2.1770868560695558,2.716130422087586,2.764503506957901,4.49570744428672,5,13,56,113,186,9.149603488743765,10.396650639486692,25.155156896209476,83.33791014805723,0,0
pomorskie|starogardzki|Czarna Woda,pomorskie,starogardzki,Czarna Woda,4,1,3,0.25,53.84752425469797,18.160700691462004,1.3107229188719338,6.674863277071312,8.74889627759399,0.45720052828195473,1.4000353839306807,2.007634595520007,2.1455164842817394,3.999554499670417,3,9,46,112,182,7.29593534167269,12.120331680352248,22.71204642410776,80.66904265622931,0,0
pomorskie|starogardzki|Kaliska,pomorskie,starogardzki,Kaliska,16,0,16,0.0,53.90260992605495,18.22116652170822,9.619871293541273,8.159356409877713,78.49195850115458,0.20384253757363752,1.474986392184225,1.5357351474234315,3.352229988983187,5.35394739700736,5,13,48,108,183,7.29593534167269,11.271239775977872,23.11465334152088,79.83258239572791,0,0
pomorskie|starogardzki|Lubichowo,pomorskie,starogardzki,Lubichowo,15,0,15,0.0,53.84063516539821,18.400251218754555,14.420304815074674,10.616947199623004,153.0996148241172,0.09797542611215707,2.0959027133440906,2.268345721192934,4.884278532179699,8.307887747555426,5,13,54,119,188,9.637928474597162,12.54579850897251,24.499098369037323,83.62464141982015,0,0
pomorskie|starogardzki|Osieczna,pomorskie,starogardzki,Osieczna,9,0,9,0.0,53.77809968756449,18.204271772861446,9.201481663498754,15.359098047989784,141.3264590564575,0.06368234271265973,2.0583716457277696,2.6893632931075775,4.6874629732906925,9.45858193898245,4,12,47,117,189,8.232619343191566,12.284109946524557,23.17150974679049,83.22246658148616,0,0
pomorskie|starogardzki|Osiek,pomorskie,starogardzki,Osiek,18,0,18,0.0,53.713530583288936,18.486560545499195,10.359059501034924,18.36973958962929,190.29322542748668,0.09459086081264148,1.4213808266201566,1.8616805087527988,4.908836525540863,10.713295116924904,2,13,53,118,198,10.378115092473164,13.567898911521842,25.30076150751559,88.23995369254786,0,1
pomorskie|starogardzki|Skarszewy,pomorskie,starogardzki,Skarszewy,21,1,20,0.047619047619047616,54.070581498617535,18.4267048152252,13.06660753325508,16.370590667805214,213.9080833437789,0.09817300810577687,2.1710283124201486,2.2099731610592475,5.353279331386036,10.520589463683232,4,14,51,111,166,11.604751094404099,13.204551664715941,23.470029595664773,75.82364679435206,0,1
pomorskie|starogardzki|Skórcz,pomorskie,starogardzki,Skórcz,15,1,14,0.06666666666666667,53.80284337583057,18.53239283749431,9.204003640035141,9.359990496324418,86.14938659886427,0.17411615557803345,2.007796847730352,1.9269997241607462,3.285628065000886,5.545217527993469,5,15,54,117,190,9.304812735565381,9.990219193254141,25.378016822548602,85.8693046570421,0,0
pomorskie|starogardzki|Smętowo Graniczne,pomorskie,starogardzki,Smętowo Graniczne,14,0,14,0.0,53.731346727070495,18.65207723865476,7.98452695238052,7.406352102896048,59.13621798439364,0.23674155157664417,1.5391444079824304,1.625769158400777,3.1930091835438605,4.919548692341507,6,12,57,116,200,9.884944765139341,10.971452967164828,25.919231515416243,88.68895237282278,0,0
pomorskie|starogardzki|Starogard Gdański,pomorskie,starogardzki,Starogard Gdański,28,1,27,0.03571428571428571,53.97550061296177,18.538028455072773,18.380188575939187,13.879934803701342,255.11581911377212,0.1097540720809361,2.1426928495079776,2.204235092856285,5.87484876703371,11.099207210820834,4,15,56,114,179,10.276108534848756,12.920935209201101,24.452474676975914,79.92116305927901,0,1
pomorskie|starogardzki|Zblewo,pomorskie,starogardzki,Zblewo,21,0,21,0.0,53.955439019217295,18.359087746308937,15.129839919658234,11.415967366460436,172.72175878258878,0.12158282863731992,1.594220081285289,1.8593987813450412,4.906344559293117,9.835038176487007,5,13,55,113,179,10.772363471504118,12.410522712719835,23.835353418640175,79.54205294658324,0,1
pomorskie|sztumski|Dzierzgoń,pomorskie,sztumski,Dzierzgoń,15,1,14,0.06666666666666667,53.93709286380907,19.303632962107095,15.323164377748073,7.082030267974806,108.5191139243652,0.13822449757979577,1.9816377583167697,2.099755817774064,4.461250662223612,9.242890006396669,6,11,51,102,166,9.000773726508873,12.163870955943523,22.374340678787576,77.64966265847755,0,0
pomorskie|sztumski|Mikołajki Pomorskie,pomorskie,sztumski,Mikołajki Pomorskie,10,0,10,0.0,53.859714909120534,19.167644379837064,5.205670050231639,12.871904989112867,67.00689029125206,0.14923838364284647,2.3814822869698666,2.444898877208203,3.994045763706899,8.796273661892243,5,11,51,114,181,10.539689521387047,12.15948690913019,23.466043680598467,81.9997158093438,0,1
pomorskie|sztumski|Stary Dzierzgoń,pomorskie,sztumski,Stary Dzierzgoń,20,0,20,0.0,53.874185780042794,19.44781061834764,15.715853236778775,13.623352002546445,214.10260066499617,0.0934131577004698,1.8705754854356575,2.0023848654152756,5.698958423761338,9.76154978763184,3,9,45,101,169,11.752888658040645,15.039687204425103,21.17108648247276,78.09354523296238,0,1
pomorskie|sztumski|Stary Targ,pomorskie,sztumski,Stary Targ,14,0,14,0.0,53.954495375009415,19.169314818348237,11.640561270622745,9.556054233936914,111.23783481553654,0.12585645902957315,2.1745540158550214,2.2176909617646525,4.313035824855057,7.51916897588364,5,14,50,102,168,9.000773726508873,11.077025944173636,23.337680903671654,78.51208570158525,0,0
pomorskie|sztumski|Sztum,pomorskie,sztumski,Sztum,17,1,16,0.058823529411764705,53.93173967936265,19.00503378417539,12.4539372542519,14.73194768511012,183.47075210328296,0.09265782041613928,2.1160623251529187,2.0991154079618966,4.966331738947977,8.610817870394488,5,15,51,110,176,9.546076127694889,12.117578540825537,24.284822570525627,80.79368481303652,0,0
pomorskie|słupski|Damnica,pomorskie,słupski,Damnica,12,0,12,0.0,54.4996339759788,17.289632908692976,8.972373090311036,12.883654431452042,115.59695432562684,0.1038089633935944,2.6686875597903064,2.572305706287042,4.742865731747238,7.913970476056976,2,7,29,57,94,11.727935191623262,14.785165158673385,13.300456922316615,46.31837126432278,0,1
pomorskie|słupski|Dębnica Kaszubska,pomorskie,słupski,Dębnica Kaszubska,24,0,24,0.0,54.36029533233678,17.28456031075322,13.869650732577805,20.456298783183527,283.7217194040119,0.08458992864703693,1.8120457335559947,2.074258255233248,7.013834947344468,12.966427802882347,0,9,35,64,107,15.497245335765564,17.577659702460444,14.86672387310499,52.08317492243214,0,1
pomorskie|słupski|Główczyce,pomorskie,słupski,Główczyce,32,0,32,0.0,54.59963978036728,17.390441491919827,15.634090955341623,22.713332440682795,355.10230527654636,0.09011487541619607,1.8800945148312835,1.8949865623050655,6.6273663844712285,13.310623131805409,3,7,27,56,85,12.881241272992755,16.142914223497975,12.092473638352713,42.7880408890238,0,1
pomorskie|słupski|Kobylnica,pomorskie,słupski,Kobylnica,29,1,28,0.034482758620689655,54.38540132639899,16.950389319091535,14.090367870966894,16.17512531410437,227.9134660347195,0.12724127496521967,1.8978594009656058,2.0141855265378945,5.584421587523786,10.336216920526594,2,8,23,56,93,10.355072017814905,15.871605671390009,12.649838688686962,46.28513896446639,0,1
pomorskie|słupski|Kępice,pomorskie,słupski,Kępice,17,1,16,0.058823529411764705,54.21256255798039,16.876291723056188,19.798347505386445,15.706190909165109,310.9566256055923,0.054670004110355476,2.884016889534795,2.800715555207136,6.5485693911969465,10.528816107681802,1,7,28,64,105,13.156369968583808,18.181258056801283,13.341615092964224,51.20324717191142,0,1
pomorskie|słupski|Potęgowo,pomorskie,słupski,Potęgowo,22,0,22,0.0,54.47339692044449,17.46549319050176,13.13242076812423,15.61400258409493,205.04965180891367,0.10729108684613549,2.081385332847688,2.197085785034881,5.212136016181058,10.4239172140617,2,7,33,65,102,11.727935191623262,15.865756163102219,14.752713657602175,49.85639880012051,0,1
pomorskie|słupski|Redzikowo,pomorskie,słupski,Redzikowo,34,0,34,0.0,54.49447079748456,17.02202143188252,17.69841346759939,23.47748453096387,415.51422840816736,0.08182631947467553,1.6401661758720933,1.6377303623996795,7.633692850926839,13.380732274831116,3,7,26,51,87,3.0694328786939127,12.694691868371937,11.888518580180099,42.88700591394519,0,0
pomorskie|słupski|Smołdzino,pomorskie,słupski,Smołdzino,16,0,16,0.0,54.63836391386531,17.19755476249551,10.127073059424104,13.761529566586644,139.36401533024787,0.11480725467105084,1.452587105452487,1.7530869945392715,4.106531594676455,10.218647212696721,1,5,21,47,79,13.143969555989866,18.085239654021763,9.930898269071994,38.27464200464108,0,1
pomorskie|słupski|Ustka,pomorskie,słupski,Ustka,22,1,21,0.045454545454545456,54.57026286118002,16.924088522073344,18.319311411670174,21.39004502533974,391.85089592884515,0.05614380425965621,2.0747964753471555,2.0642716461789328,7.308349391336512,13.32647780901925,2,6,18,43,77,10.533349976707468,16.698324897187344,9.554602176740605,37.83699094725736,0,1
pomorskie|tczewski|Gniew,pomorskie,tczewski,Gniew,23,1,22,0.043478260869565216,53.79861009771294,18.789090714483276,24.352888151681768,10.60134296500105,258.1733194842889,0.08908743957719326,2.0013761748308267,1.956153998206637,7.206634535612989,13.881578185902326,5,13,57,117,192,8.629624599151729,11.78561942852175,25.543607274880916,86.5321825640639,0,0
pomorskie|tczewski|Morzeszczyn,pomorskie,tczewski,Morzeszczyn,12,0,12,0.0,53.82989758481461,18.66879737928964,8.549202260337667,6.631645991030294,56.695282896275415,0.2116578203155652,2.2125593708991955,2.2019190427678117,3.3671306091020257,5.495821566237843,5,15,57,115,189,8.629624599151729,9.851332185005896,25.60882645928775,85.52171974926486,0,0
pomorskie|tczewski|Pelplin,pomorskie,tczewski,Pelplin,17,1,16,0.058823529411764705,53.92301210742126,18.72626033713721,9.004511550953179,13.464011307959728,121.2368453446876,0.1402213984673341,1.9430389698412356,2.0697672860261505,4.493864828203052,8.178502181882362,5,16,56,110,179,9.73907881618117,12.053983993216137,25.061416682355215,82.2199315562136,0,0
pomorskie|tczewski|Subkowy,pomorskie,tczewski,Subkowy,11,0,11,0.0,54.00542900402499,18.776647915793358,6.862324032453185,8.904895213266677,61.10827642847725,0.18000834981616104,1.9311620369564735,2.102339745404585,3.3836216758261286,5.744477036476415,4,17,54,109,173,7.716507725457039,11.702876555967089,24.549948031243616,78.99740161780596,0,0
pomorskie|tczewski|Tczew,pomorskie,tczewski,Tczew,29,1,28,0.034482758620689655,54.08936075497143,18.697688308719414,10.58547944140633,14.710050846435914,155.71294081698915,0.18624014065782732,1.7769457971228781,1.8259950340181654,4.678552303376317,8.892503750097132,6,16,57,105,165,10.087470243031376,12.463662454367569,23.805017623756832,75.568885708056,0,0
pomorskie|wejherowski|Choczewo,pomorskie,wejherowski,Choczewo,12,0,12,0.0,54.74423648140666,17.84007380308712,13.834104749219144,11.809336041779284,163.3715918207036,0.07345218263631606,2.0131175813680025,2.1449521870710972,5.070841006862342,8.21774164060241,2,7,26,51,77,11.897134138068594,16.29002265060895,11.14452750636496,39.35637834812295,0,1
pomorskie|wejherowski|Gniewino,pomorskie,wejherowski,Gniewino,21,0,21,0.0,54.69564632849341,18.005115236509305,12.036225149056678,10.316430031081708,124.17087458858923,0.16912178535891387,1.7840959129920109,1.8550245463717923,4.5600606626824955,7.225350521700012,3,11,28,56,87,11.569512166088371,14.373713073818456,13.076319317211226,43.207248663485515,0,1
pomorskie|wejherowski|Linia,pomorskie,wejherowski,Linia,13,0,13,0.0,54.46008505375976,17.994430182134685,5.719971060059409,16.07038560159836,91.92214056513804,0.14142403473282822,2.1819175495260783,2.329879169297567,4.724712975001731,8.658146008015672,3,12,45,76,114,13.256482692084319,14.565802711602823,18.24671908328552,56.34933119947253,0,1
pomorskie|wejherowski|Luzino,pomorskie,wejherowski,Luzino,12,0,12,0.0,54.561041798980995,18.10365238392354,13.092816681691199,9.001832014508468,117.85933636533835,0.10181628685573628,2.1225315840407104,2.120341158886325,4.659242189319416,7.37587669519792,4,13,38,66,105,8.01853970889709,12.890574862416974,16.76259582418688,51.5814319735162,0,0
pomorskie|wejherowski|Reda,pomorskie,wejherowski,Reda,1,1,0,1.0,54.605215566272726,18.34733453908032,0.001,0.001,1e-06,1000000.0,,,0.0,0.0,4,13,31,64,103,4.406600854918148,9.671725903034789,15.69073230548574,49.14033287943331,0,0
pomorskie|wejherowski|Rumia,pomorskie,wejherowski,Rumia,1,1,0,1.0,54.57845945947614,18.39778977357815,0.001,0.001,1e-06,1000000.0,,,0.0,0.0,5,11,34,63,107,4.406600854918148,9.505601309143664,16.140404395563092,50.56685055844524,0,0
pomorskie|wejherowski|Szemud,pomorskie,wejherowski,Szemud,23,0,23,0.0,54.46513700814989,18.25216520203367,10.57317953213617,17.771244198116214,187.898555416116,0.12240647592561159,1.8954480355405363,1.984594544342358,5.579057884707311,9.367910739977916,4,13,42,75,118,7.684814931920373,13.110439378187971,18.756995921053907,57.22246677781087,0,0
pomorskie|wejherowski|Wejherowo,pomorskie,wejherowski,Wejherowo,17,1,16,0.058823529411764705,54.58803884366317,18.219013294606746,18.692145436339263,17.25645211404245,322.5601126309056,0.0527033546130129,2.148659272677821,2.205650195089045,6.990206957562523,12.124698375119078,4,12,35,63,103,8.01853970889709,11.432170762305088,16.297069424221235,50.297352575588185,0,0
pomorskie|wejherowski|Łęczyce,pomorskie,wejherowski,Łęczyce,20,0,20,0.0,54.58274724160333,17.912073742352323,17.036033730596927,15.821499590821263,269.5356006978565,0.07420170080767757,2.0763333857946416,2.4100661181023773,6.2757270514055294,9.306602631704028,5,9,35,64,96,11.449835312728496,13.09433725079225,15.667772492117892,49.29164392000343,0,1
warmińsko-mazurskie|Elbląg|Elbląg,warmińsko-mazurskie,Elbląg,Elbląg,1,1,0,1.0,54.1614346367306,19.4097665358274,0.001,0.001,1e-06,1000000.0,,,0.0,0.0,4,14,42,79,135,1.3656152515244198,10.06395125934524,19.65972481993972,66.13778199872435,0,0
warmińsko-mazurskie|Olsztyn|Olsztyn,warmińsko-mazurskie,Olsztyn,Olsztyn,1,1,0,1.0,53.776453573779,20.487728020003,0.001,0.001,1e-06,1000000.0,,,0.0,0.0,3,9,30,76,139,10.256426840198854,14.048603835849155,16.80161720094378,69.73037502333709,0,0
warmińsko-mazurskie|bartoszycki|Bartoszyce,warmińsko-mazurskie,bartoszycki,Bartoszyce,58,1,57,0.017241379310344827,54.23619559638042,20.81132914709338,26.10680084426725,26.033983836360367,679.6640311987328,0.08533627989361832,1.6786457432131066,1.7827731596046772,7.950501468822971,14.917048218512365,1,6,21,46,78,13.352544125406418,18.513560537177995,10.167309949882158,45.18797113911719,0,1
warmińsko-mazurskie|bartoszycki|Bisztynek,warmińsko-mazurskie,bartoszycki,Bisztynek,18,1,17,0.05555555555555555,54.082641602505554,20.923989933069446,10.449114950378226,16.667687704076258,174.16258477689854,0.10335170451826904,2.4500923168261077,2.4979354819858477,5.573275110528001,9.207983776756206,2,7,27,53,91,9.805692773226955,14.835713505358143,12.807149597031383,52.23103017025488,0,0
warmińsko-mazurskie|bartoszycki|Górowo Iławeckie,warmińsko-mazurskie,bartoszycki,Górowo Iławeckie,45,1,44,0.022222222222222223,54.298705715932314,20.47960226884009,19.99184980146761,21.811388940560686,436.05001166108093,0.10319917164679764,2.019385107141296,1.9845844430751036,7.663415516884279,11.972001790465047,0,4,20,47,81,18.463248285947795,21.671888233494094,9.644149614516841,44.63762777297567,0,1
warmińsko-mazurskie|bartoszycki|Sępopol,warmińsko-mazurskie,bartoszycki,Sępopol,27,1,26,0.037037037037037035,54.289087705449326,20.99590635719451,17.408609919771663,15.751291710515284,274.2080931208935,0.09846536509079684,1.9601444312191618,2.0364024441027815,5.7049609086345905,10.375280876700558,1,4,16,43,69,13.352544125406418,20.481328471231254,8.770033443716166,41.0547686152656,0,1
warmińsko-mazurskie|braniewski|Braniewo,warmińsko-mazurskie,braniewski,Braniewo,28,1,27,0.03571428571428571,54.38046825341962,19.898713718802128,12.28306618670363,21.62337165783884,265.6013052529259,0.10542116866984617,2.006008301751974,2.0759237850453154,6.886410605800682,12.534402428499524,1,5,21,48,89,13.630740902474063,18.78257069858565,10.740239090982865,46.555371737304945,0,1
warmińsko-mazurskie|braniewski|Frombork,warmińsko-mazurskie,braniewski,Frombork,8,1,7,0.125,54.31280855481974,19.692861463536424,9.119624353489646,6.264954642665294,57.13403293275844,0.14002162265379153,2.202883135961076,2.2690764921172297,3.436655343803964,5.253288462759622,3,9,27,59,109,11.052553462691755,14.3330445186977,13.898014127701188,53.36816477450418,0,1
warmińsko-mazurskie|braniewski|Lelkowo,warmińsko-mazurskie,braniewski,Lelkowo,20,0,20,0.0,54.33847826589359,20.203215638386563,13.99741324035699,12.676056899262354,177.43200667725344,0.11271923467776446,1.8152975911256366,1.8795533380200609,5.0989544554727395,8.285032441976808,1,5,20,49,81,11.230306385723758,18.276695820925948,10.181666324022219,45.4643953440531,0,1
warmińsko-mazurskie|braniewski|Pieniężno,warmińsko-mazurskie,braniewski,Pieniężno,30,1,29,0.03333333333333333,54.23986241310107,20.165869165159776,15.033175232507338,22.084377011501733,331.99830951466225,0.09036190588999096,1.9917431460839876,2.050597948255309,7.076990723973677,13.086125244661353,2,8,28,54,94,10.881403996692006,15.700371562716256,12.712426328153306,51.60242437041643,0,1
warmińsko-mazurskie|braniewski|Płoskinia,warmińsko-mazurskie,braniewski,Płoskinia,17,0,17,0.0,54.25994834893508,19.937120345881734,10.580630954129035,16.930038082099514,179.13048498604547,0.09490288602369566,1.6864417663918068,1.894444430328166,4.519610267313162,10.713709903705263,2,8,27,59,101,8.960978156387656,14.258524947021442,13.773408244426088,53.43085638259236,0,0
warmińsko-mazurskie|braniewski|Wilczęta,warmińsko-mazurskie,braniewski,Wilczęta,10,0,10,0.0,54.18913213824991,19.871326165954667,9.617948008802925,8.684174400760044,83.5239378858874,0.11972615579574639,2.689917424380758,2.7588234010658104,3.865410977919295,6.08590756331654,3,10,34,62,111,8.960978156387656,13.383156220586667,15.657965001605051,58.291135778554576,0,0
warmińsko-mazurskie|działdowski|Działdowo,warmińsko-mazurskie,działdowski,Działdowo,30,1,29,0.03333333333333333,53.27892973267724,20.145620450581898,28.557682092997027,11.777513889141538,336.33849749196105,0.08919585543643288,2.089629179900946,2.1439941900709147,8.125893350604956,15.316367952785114,3,11,45,109,198,9.706298160555932,14.728233590010868,23.024111300305286,94.6855150040535,0,0
warmińsko-mazurskie|działdowski|Iłowo-Osada,warmińsko-mazurskie,działdowski,Iłowo-Osada,14,0,14,0.0,53.18943789109615,20.296692776496766,7.850716286614824,12.017361277347037,94.3448939022027,0.14839170855936631,2.063935058555127,2.1270204572298885,3.64535323819447,7.095820853407511,5,13,47,106,199,9.955470161100866,12.35147495943298,24.440139231749104,97.81772753020024,0,0
warmińsko-mazurskie|działdowski|Lidzbark,warmińsko-mazurskie,działdowski,Lidzbark,26,1,25,0.038461538461538464,53.24376508070425,19.854215249967442,19.829963311330907,17.38081219846697,344.6608682167327,0.07543647218938256,2.023105882542944,2.2425605052513293,7.089042142890897,11.933659357636023,1,11,51,111,212,10.644969922268603,14.958738186986096,24.789454740746407,99.01548639727582,0,1
warmińsko-mazurskie|działdowski|Płośnica,warmińsko-mazurskie,działdowski,Płośnica,15,0,15,0.0,53.24108151691369,20.0141248364461,17.1536324561516,10.250901511436327,175.84019687138766,0.08530472705834856,2.6717744432678896,2.7728129098337457,5.260511264068943,9.069533835871137,2,11,47,110,205,9.706298160555932,14.271439523407551,24.135143511304953,97.64906376540551,0,0
warmińsko-mazurskie|działdowski|Rybno,warmińsko-mazurskie,działdowski,Rybno,18,0,18,0.0,53.377653534372136,19.925706087520545,10.72663142680655,10.630191297466006,114.02614404436436,0.15785853455674786,1.7703487193742005,1.7559359949382098,4.398116963800717,6.53087567807268,2,8,43,107,207,10.52831407934438,14.359153139647523,22.374746201668813,92.3256975294627,0,1
warmińsko-mazurskie|elbląski|Elbląg,warmińsko-mazurskie,elbląski,Elbląg,29,0,29,0.0,54.154755432673966,19.427367379732257,21.8008953403884,20.362747274004782,443.9261221633575,0.06532618503879904,1.6751262031848562,1.5818118449392973,8.722119294881068,13.917923050124974,4,14,41,80,135,1.3656152515244198,9.996917676051215,19.66970087789153,66.27997466579514,0,0
warmińsko-mazurskie|elbląski|Godkowo,warmińsko-mazurskie,elbląski,Godkowo,23,0,23,0.0,54.08481333431347,19.908330330153184,9.605406482466194,16.46515117960585,158.15446987537194,0.14542744203261748,1.7172315445121324,1.9076797169872746,5.04901979595787,9.033505873932484,3,10,35,72,119,11.847566000198373,15.28207680706492,16.777366463960636,63.04529844925113,0,1
warmińsko-mazurskie|elbląski|Gronowo Elbląskie,warmińsko-mazurskie,elbląski,Gronowo Elbląskie,14,0,14,0.0,54.09868098787009,19.306599161451,10.108632875496744,7.847185788412605,79.32432024087849,0.17649063940903875,1.730551591482925,1.9342536061241553,3.4159374106288882,5.509080881546082,5,12,44,89,151,8.698779812378985,10.23277895222036,21.28765242324125,70.64335454318855,0,0
warmińsko-mazurskie|elbląski|Markusy,warmińsko-mazurskie,elbląski,Markusy,21,0,21,0.0,54.04456695388834,19.402878502803524,10.539513596560095,15.403654787392668,162.34702906844302,0.12935253648002837,1.693909754725457,1.596439858453844,4.1725783166065975,8.374503028152937,6,13,46,89,154,8.698779812378985,11.525530741293874,21.10611768831552,71.95569468639161,0,0
warmińsko-mazurskie|elbląski|Milejewo,warmińsko-mazurskie,elbląski,Milejewo,13,0,13,0.0,54.20628208054642,19.553376446891406,12.021002423840207,8.500088840119986,102.17958854993944,0.12722697541149675,2.0774883533690147,2.0820122538964223,4.229450862035211,7.524857986271521,5,11,37,71,125,8.877617315049031,10.730808035896816,17.62137871472945,61.6831166547647,0,0
warmińsko-mazurskie|elbląski|Młynary,warmińsko-mazurskie,elbląski,Młynary,22,1,21,0.045454545454545456,54.191672537247726,19.687554042807566,13.710789713073884,11.277856291434157,154.628316026121,0.14227665776482742,1.793243654079108,1.7581336052701515,4.331581258662119,8.58244764230528,5,10,35,67,121,8.877617315049031,12.8228424827381,16.891399574436985,60.65552640238124,0,0
warmińsko-mazurskie|elbląski|Pasłęk,warmińsko-mazurskie,elbląski,Pasłęk,38,1,37,0.02631578947368421,54.05801852995772,19.683779420507882,21.043516715339667,15.97233092493195,336.11401280174215,0.11305687520506445,1.8515335947350926,1.8285449666899676,6.362482411405981,12.215834286487851,3,10,41,80,138,13.98173463234792,16.123644019125102,18.518770788215406,67.34027799183048,0,1
warmińsko-mazurskie|elbląski|Rychliki,warmińsko-mazurskie,elbląski,Rychliki,11,0,11,0.0,53.978869820020684,19.517480713183883,10.030735312949686,13.931110737243577,139.73928442068168,0.07871802153276218,3.057183007725905,2.4964282599009198,5.233107866570162,9.953127548652139,4,11,45,93,154,10.461279472856713,13.598096698881935,20.416855736840787,73.13969978054973,0,1
warmińsko-mazurskie|elbląski|Tolkmicko,warmińsko-mazurskie,elbląski,Tolkmicko,10,1,9,0.1,54.28828280946802,19.52779021600205,7.5325852159279005,13.813708691533655,104.05293786698115,0.09610492702074175,2.64491111889006,2.7767000750737028,4.840992086255998,8.726102527284066,4,9,33,65,117,9.268370919259267,12.581253796446664,15.611854433815756,57.00668096667104,0,0
warmińsko-mazurskie|ełcki|Ełk,warmińsko-mazurskie,ełcki,Ełk,58,1,57,0.017241379310344827,53.81574203856075,22.324353598294177,24.696638339761627,22.93251465591853,566.356020678503,0.10240908171244499,1.526076849692032,1.633107187753329,7.894272620608946,13.334893802413044,2,5,31,74,121,13.001877230169708,19.30531834281934,14.615448583391911,54.20452609882231,0,1
warmińsko-mazurskie|ełcki|Kalinowo,warmińsko-mazurskie,ełcki,Kalinowo,45,0,45,0.0,53.85217951123774,22.644125829357503,19.447932505620617,18.109699558960834,352.1962147197378,0.12776968666687408,1.7825783672557816,1.8136751986712962,6.690768421439035,11.128717072272545,1,8,33,71,106,14.554969163269169,16.76291394957489,14.40765607288617,49.76916315252314,0,1
warmińsko-mazurskie|ełcki|Prostki,warmińsko-mazurskie,ełcki,Prostki,31,0,31,0.0,53.70233350320951,22.3725186294317,13.378324674520886,26.202504654750772,350.54561455690066,0.08843356959174872,1.7797311568393888,1.7400802373955675,7.052951013367531,15.598403390485544,2,7,33,80,133,13.001877230169708,16.291624485607397,15.548083466421831,57.8938446378586,0,1
warmińsko-mazurskie|ełcki|Stare Juchy,warmińsko-mazurskie,ełcki,Stare Juchy,23,0,23,0.0,53.914438300470614,22.182322669389656,16.98423343436956,11.569296542945292,196.4956331568276,0.1170509472932825,1.595695917819261,1.8934336963249667,4.898553882377849,9.486679304312865,3,7,32,67,110,10.054847817446007,15.928144655582361,14.052563077872085,51.75578166084288,0,0
warmińsko-mazurskie|giżycki|Giżycko,warmińsko-mazurskie,giżycki,Giżycko,24,1,23,0.041666666666666664,54.02878739475466,21.764670026324797,15.412954374878513,18.377045256544072,283.2445600841914,0.08473243049351507,2.1566859154271043,2.2166894060506963,6.297533644648387,9.886071150402415,1,8,26,56,98,13.252748804106742,16.451505631318252,12.684772836203221,49.4310103450802,0,1
warmińsko-mazurskie|giżycki|Kruklanki,warmińsko-mazurskie,giżycki,Kruklanki,12,0,12,0.0,54.081858431812954,22.000520253133548,10.149373183007695,11.87729026899984,120.54705134298523,0.09954619268004429,2.300514710976617,2.1390694982433898,4.09208150595698,6.925996865916462,2,9,26,54,91,11.215442403323161,15.884525622350491,12.479535402307867,46.153776728028205,0,1
warmińsko-mazurskie|giżycki|Miłki,warmińsko-mazurskie,giżycki,Miłki,17,0,17,0.0,53.930195055950925,21.878544555103336,10.300527458174011,13.617287101097977,140.2652396906985,0.12119895162541351,2.1195419739007733,2.2877877759736607,4.642351716388823,8.610954040468398,3,7,29,63,111,12.144098015484223,15.401931662037631,13.605932668601847,52.8649777004221,0,1
warmińsko-mazurskie|giżycki|Ryn,warmińsko-mazurskie,giżycki,Ryn,19,1,18,0.05263157894736842,53.941084144414106,21.572284915588696,19.247937762060307,16.33075837246705,314.33342076049104,0.06044537025058245,3.1695522404560923,2.9716919743036367,6.04540236113066,11.933354845816257,1,5,27,59,108,11.685429939093197,16.45486323539577,13.275761992311624,54.00627047679599,0,1
warmińsko-mazurskie|giżycki|Wydminy,warmińsko-mazurskie,giżycki,Wydminy,23,0,23,0.0,53.97204538821996,22.06390248302586,19.870115621392088,17.255137954705475,342.8615862230688,0.06708246395685749,2.224231356810667,2.3340382046098496,6.979737906727482,11.514696877192883,3,8,30,63,104,10.054847817446007,14.354959680928896,13.629472521501901,50.32462997410205,0,0
warmińsko-mazurskie|gołdapski|Banie Mazurskie,warmińsko-mazurskie,gołdapski,Banie Mazurskie,23,0,23,0.0,54.25874618570086,22.079951143611254,16.40536846843397,10.78336580522788,176.90508936467455,0.13001321828897464,1.9119646955064011,1.9119486420429066,5.2101243989945525,8.939167799031704,2,5,22,45,69,12.261842579494383,17.636249763197906,9.592809506683972,37.62942428852165,0,1
warmińsko-mazurskie|gołdapski|Dubeninki,warmińsko-mazurskie,gołdapski,Dubeninki,27,0,27,0.0,54.3036064099732,22.62502511651879,10.528247532426134,20.022403750537272,210.8008228798338,0.12808299147575553,1.2272188495164529,1.4331502912376306,6.130814920026239,10.807785856916539,2,7,20,39,60,9.777042854071924,16.211752153653183,9.606746527118059,32.90398712422418,0,0
warmińsko-mazurskie|gołdapski|Gołdap,warmińsko-mazurskie,gołdapski,Gołdap,41,1,40,0.024390243902439025,54.25681667561523,22.268701278693474,19.25658000974252,23.186766367362058,446.4978217203144,0.09182575592873181,1.9761664434872084,2.0389981706340907,6.71673051717758,16.025994466603972,1,3,25,44,69,12.261842579494383,20.601394942035537,9.81387996603024,36.88062001641079,0,1
warmińsko-mazurskie|iławski|Iława,warmińsko-mazurskie,iławski,Iława,45,1,44,0.022222222222222223,53.619946400159925,19.589981639241216,20.72151060241068,24.526871333821944,508.23382438775405,0.0885419227148241,1.6085833454664638,1.8241631343942857,7.317422212410601,13.999219004832314,0,8,42,112,196,17.03943165634993,18.771311832492277,20.975828677473782,85.67330903633807,0,1
warmińsko-mazurskie|iławski|Kisielice,warmińsko-mazurskie,iławski,Kisielice,15,1,14,0.06666666666666667,53.601226359716264,19.248772977291633,12.188942956840389,13.526726217107907,164.87649425312566,0.0909771891254028,2.614115451365417,2.6354210432625655,4.823774038221298,7.789340609534951,4,9,49,120,206,11.574633113610693,14.283443042100112,23.93144357503329,90.42258653348912,0,1
warmińsko-mazurskie|iławski|Lubawa,warmińsko-mazurskie,iławski,Lubawa,33,1,32,0.030303030303030304,53.51100107997406,19.775584023663935,18.326704556785742,18.709564375958948,342.88465870436306,0.09624227611901637,2.184774601066098,2.1869632686722227,6.366279954420912,12.488679852861141,2,8,41,106,203,12.600760145581877,16.03428065022959,21.207211295439336,88.08126636693709,0,1
warmińsko-mazurskie|iławski|Susz,warmińsko-mazurskie,iławski,Susz,22,1,21,0.045454545454545456,53.70398961082207,19.365448901911034,17.186392249076924,17.330585386003783,297.8502383499812,0.07386262345088161,2.146169218263843,1.9567410149532194,5.550116506848564,10.934256803569035,2,8,47,117,193,13.191464809327524,17.010468536282605,22.114472789451014,85.20993414844092,0,1
warmińsko-mazurskie|iławski|Zalewo,warmińsko-mazurskie,iławski,Zalewo,29,1,28,0.034482758620689655,53.80416491542726,19.634545914278906,16.547184898136077,13.93144728691198,230.52623415516877,0.12579913130615714,1.8586379575599423,1.951491141701749,5.855778669023994,10.235061085941163,3,7,43,103,174,11.434940975622725,15.993767606848895,19.868215241345755,78.20962100904883,0,1
warmińsko-mazurskie|kętrzyński|Barciany,warmińsko-mazurskie,kętrzyński,Barciany,27,0,27,0.0,54.23519344174055,21.323116350918607,21.88512051658096,14.930875253748827,326.76400434632944,0.08262844022251403,1.8386694643038999,2.1549565601108025,7.030234831711781,12.152565971159733,2,5,22,40,79,11.993191769181593,18.243204985023123,9.589119971570598,41.94583228862756,0,1
warmińsko-mazurskie|kętrzyński|Korsze,warmińsko-mazurskie,kętrzyński,Korsze,25,1,24,0.04,54.170197083064096,21.13686775543334,15.033311365367922,13.715468350042395,206.18890622803636,0.12124803636307688,2.067344396880085,2.0028295750684575,5.200982829508172,8.595077698339065,1,8,22,48,82,14.10580066605403,16.85874116267757,10.991201721537,46.34636276613845,0,1
warmińsko-mazurskie|kętrzyński|Kętrzyn,warmińsko-mazurskie,kętrzyński,Kętrzyn,27,1,26,0.037037037037037035,54.05715817873562,21.39363194772136,15.389041656326203,16.719064429943487,257.290378967202,0.1049397964602548,2.2385099452123347,2.2406071344379965,5.767587677592863,10.133992068634436,1,7,27,48,95,14.683460620368288,18.459829757351205,12.244295578565422,50.067803923910354,0,1
warmińsko-mazurskie|kętrzyński|Reszel,warmińsko-mazurskie,kętrzyński,Reszel,21,1,20,0.047619047619047616,54.02600415798882,21.175096080571127,14.78101437640744,12.49178263763208,184.6412187537966,0.11373408463037561,2.140073879618178,2.1578849332385763,5.5760167991882525,8.487932518627458,2,7,26,54,98,12.666585070382611,15.957578447496491,12.992841022762542,52.95698253923591,0,1
warmińsko-mazurskie|kętrzyński|Srokowo,warmińsko-mazurskie,kętrzyński,Srokowo,16,0,16,0.0,54.226395620986935,21.50702370289022,18.434958809229105,9.530697622005443,175.6980180848881,0.09106534139884057,2.218403809908739,2.3567492188638615,5.3965897782746755,9.651759143128466,2,5,21,38,80,10.787900680362265,18.144964814284965,9.760534776005699,41.50847772583212,0,1
warmińsko-mazurskie|lidzbarski|Kiwity,warmińsko-mazurskie,lidzbarski,Kiwity,18,0,18,0.0,54.1035525823862,20.717271837547067,17.647108028249058,10.095831576549593,178.16223046637865,0.1010315146643655,2.1085252173069113,2.218446563891855,4.873462019455435,9.441604811139882,3,6,27,53,91,12.891980718884149,15.372790725107368,12.835870027517856,52.86960475031415,0,1
warmińsko-mazurskie|lidzbarski|Lidzbark Warmiński,warmińsko-mazurskie,lidzbarski,Lidzbark Warmiński,41,1,40,0.024390243902439025,54.127800748173684,20.523846799593045,20.190653715394767,22.248117092101648,449.20402802617997,0.09127255643756269,2.2470644461541274,2.233796687797447,7.639146959571761,14.082336545511355,1,6,29,56,95,12.891980718884149,18.240116613081142,12.882979048368568,53.40764148984625,0,1
warmińsko-mazurskie|lidzbarski|Lubomino,warmińsko-mazurskie,lidzbarski,Lubomino,15,0,15,0.0,54.05172042177169,20.2581039724213,13.906049105283673,12.457290561569222,173.2316942679684,0.08658923566721469,2.5204678764088713,2.306598081979976,5.1028342410070024,9.710492841022944,4,8,34,67,110,13.047564983014347,14.776860954694106,15.307388358357814,60.24297774718133,0,1
warmińsko-mazurskie|lidzbarski|Orneta,warmińsko-mazurskie,lidzbarski,Orneta,19,1,18,0.05263157894736842,54.147765296305174,20.109322448181562,11.303384131497065,21.107537499627735,238.5866044282714,0.07963565282942008,2.597137061665846,2.3811771090952183,5.622428504992391,12.276864962713692,3,7,33,62,103,10.881403996692006,14.617378035371399,14.755007974537898,57.29465806143469,0,1
warmińsko-mazurskie|mrągowski|Mikołajki,warmińsko-mazurskie,mrągowski,Mikołajki,15,1,14,0.06666666666666667,53.836292166664585,21.558877848588843,9.55326017710504,17.381795447374035,166.05281425398405,0.09033270569601388,1.7764363552107771,2.130363245002748,5.488237806613286,11.389400542044404,1,6,28,67,116,11.685429939093197,17.74549383315734,13.877798831640877,58.21853986930508,0,1
warmińsko-mazurskie|mrągowski|Mrągowo,warmińsko-mazurskie,mrągowski,Mrągowo,43,1,42,0.023255813953488372,53.8844827951827,21.328156729411862,20.811066616937822,15.655968799582388,325.81740964080916,0.13197575920637417,1.5754318900435746,1.867539613222221,6.9189269640174365,11.667677247265566,1,7,30,63,114,11.817987631133496,16.47998534386609,13.900060928990499,57.874983616437156,0,1
warmińsko-mazurskie|mrągowski|Piecki,warmińsko-mazurskie,mrągowski,Piecki,31,0,31,0.0,53.71637420012684,21.332036874922,17.161883113521846,19.689951357747333,337.9166437125905,0.09173860055962957,1.9316291462071415,2.120644437545887,6.675824219495829,11.551289939307889,0,6,28,73,134,15.804752982040641,18.404525174744773,14.740655651676924,64.48539803524147,0,1
warmińsko-mazurskie|mrągowski|Sorkwity,warmińsko-mazurskie,mrągowski,Sorkwity,27,0,27,0.0,53.85379526356677,21.155583050864205,22.33742937439954,9.827034703636787,219.51069365226007,0.12300084132927165,1.7116731531258946,1.734573738021385,5.616066392099723,11.87430234309259,2,6,30,60,120,11.817987631133496,16.221423090755916,14.403167455478572,60.405138460129464,0,1
warmińsko-mazurskie|nidzicki|Janowiec Kościelny,warmińsko-mazurskie,nidzicki,Janowiec Kościelny,30,0,30,0.0,53.2772285479911,20.527660332445926,11.534721973880371,11.65620117637654,134.4510398411207,0.2231295498751863,1.329415994172801,1.5112387793561708,4.124835011678474,8.33671185504602,4,9,43,99,189,10.057833756168197,13.212585469275002,21.908133685466055,91.31191906310265,0,0
warmińsko-mazurskie|nidzicki|Janowo,warmińsko-mazurskie,nidzicki,Janowo,18,0,18,0.0,53.328974143293536,20.66245547709595,12.688113452777705,12.209272952155812,154.91264039288313,0.11619452069469045,2.073957541110475,1.8455387423845653,4.932404714872759,8.074416102154776,1,9,42,98,179,10.64578033982149,16.52504381125606,20.237873402711266,87.2979306978762,0,1
warmińsko-mazurskie|nidzicki|Kozłowo,warmińsko-mazurskie,nidzicki,Kozłowo,31,0,31,0.0,53.33385311014271,20.300426966101327,23.77816656618603,13.918093690091366,330.94675004677526,0.09367065848393595,1.8753431979448967,1.822881404939726,8.02007156985672,14.926189154191247,2,8,41,100,191,11.962269160332838,15.471696939910894,21.449378420020572,90.54700131798447,0,1
warmińsko-mazurskie|nidzicki|Nidzica,warmińsko-mazurskie,nidzicki,Nidzica,36,1,35,0.027777777777777776,53.39983650961011,20.45483385464374,23.200568999424817,21.464753839432255,497.9945025074168,0.07228995464556125,1.9956510486701824,2.141612048571522,7.771108959370711,14.44025709501733,2,7,38,94,181,12.601046800245328,17.646295897027656,19.666443058123825,85.78400508100381,0,1
warmińsko-mazurskie|nowomiejski|Biskupiec,warmińsko-mazurskie,nowomiejski,Biskupiec,27,0,27,0.0,53.48873990965845,19.324213521912046,15.94735454106258,16.483651618297895,262.87063648835647,0.10271211863252719,1.983843140498549,1.9816264899210438,5.366747617065613,11.128164228576509,4,11,53,121,213,13.464516248409428,14.831290965836875,24.688187293266203,94.10295341146909,0,1
warmińsko-mazurskie|nowomiejski|Grodziczno,warmińsko-mazurskie,nowomiejski,Grodziczno,18,0,18,0.0,53.3982999897924,19.75570205747268,14.117902361068717,11.048006763639764,155.974680773493,0.11540334566313148,2.003078094905752,2.054439093887594,4.965946139840672,8.697209193204147,4,11,42,110,206,11.505362262403985,13.611750879105253,23.076458993847886,93.2925543366835,0,1
warmińsko-mazurskie|nowomiejski|Kurzętnik,warmińsko-mazurskie,nowomiejski,Kurzętnik,18,0,18,0.0,53.39395461939411,19.524972372853703,11.420985206170291,13.073430439970473,149.31145564879913,0.12055337563876178,2.3440763442175516,2.1574939272052513,4.648892494825303,8.833453452776169,3,11,48,118,214,8.786684888871914,12.573178038725995,24.775117303483192,96.0533167052607,0,0
warmińsko-mazurskie|nowomiejski|Nowe Miasto Lubawskie,warmińsko-mazurskie,nowomiejski,Nowe Miasto Lubawskie,17,1,16,0.058823529411764705,53.46693876151577,19.5758134733653,14.876283266690567,12.278928450302525,182.6648178381262,0.09306663538823907,1.9884855778361599,2.1204599086559397,4.916729244763827,9.32492624536106,3,7,44,115,207,8.786684888871914,14.179703280280645,23.191332212451798,92.31491934875224,0,0
warmińsko-mazurskie|olecki|Kowale Oleckie,warmińsko-mazurskie,olecki,Kowale Oleckie,24,0,24,0.0,54.134647319375915,22.37065431772677,8.505030356142097,18.481415761400964,157.1850020751982,0.15268632301520893,1.8146681425999245,1.9662630992490042,4.862802940536682,10.081361067695902,2,8,30,51,81,13.124222585114646,16.802946519806785,12.241019499201657,41.96966985326954,0,1
warmińsko-mazurskie|olecki|Olecko,warmińsko-mazurskie,olecki,Olecko,29,1,28,0.034482758620689655,54.03059625457196,22.484624436589456,24.773080378291407,17.95125785524688,444.70795373946595,0.06521133646507653,2.3183971667455068,2.2778425635659483,7.660970411715679,14.24201816060309,3,8,33,58,91,9.400365254574039,14.27669031597099,13.707309668525324,45.43048198772764,0,0
warmińsko-mazurskie|olecki|Wieliczki,warmińsko-mazurskie,olecki,Wieliczki,22,0,22,0.0,53.980532942301735,22.600535636590227,16.164766151067255,10.813421650321807,174.79643227033975,0.1258606924309236,1.6444768194116435,1.6489696228438009,5.5062198999940595,10.356523601766215,4,8,34,63,93,9.400365254574039,14.026293016789543,14.098047156058628,46.1829636799406,0,0
warmińsko-mazurskie|olecki|Świętajno,warmińsko-mazurskie,olecki,Świętajno,21,0,21,0.0,54.025456051461724,22.294269477696638,16.616872482956463,13.964041812741039,232.03870214899007,0.09050214384717632,2.230269778863631,2.3092162550813304,6.033181449693934,11.138460134561914,3,7,31,60,95,12.446126552590574,15.256593832047987,13.431440210641018,46.895649518852196,0,1
warmińsko-mazurskie|olsztyński|Barczewo,warmińsko-mazurskie,olsztyński,Barczewo,34,1,33,0.029411764705882353,53.83763263404607,20.71318567852959,17.60918836109617,20.017804663813887,352.4972929007281,0.09645464145330397,2.0922582090420208,2.18634167772322,6.765993330239778,12.7671307345985,1,7,29,65,122,14.351730051509973,16.310440436413884,15.53528671861681,64.87158653377533,0,1
warmińsko-mazurskie|olsztyński|Biskupiec,warmińsko-mazurskie,olsztyński,Biskupiec,32,1,31,0.03125,53.85369500478682,20.971330942788647,18.714296274587067,15.51492133518028,290.3508345434757,0.11021149655145379,2.0379170752250477,2.008170560177275,6.72340543932688,12.358736708320464,1,7,32,65,120,12.084774394271749,16.57561896866863,14.752103355451288,61.8791196174258,0,1
warmińsko-mazurskie|olsztyński|Dobre Miasto,warmińsko-mazurskie,olsztyński,Dobre Miasto,20,1,19,0.05,53.97713374593256,20.412267309816187,19.075876830095247,15.288335294411127,291.6384010133846,0.06857807452826525,2.382966602792191,2.4701146703935093,6.096758208360933,12.332677655060309,3,9,33,66,120,13.047564983014347,15.343168339280577,15.512755874476266,61.980346946205536,0,1
warmińsko-mazurskie|olsztyński|Dywity,warmińsko-mazurskie,olsztyński,Dywity,20,0,20,0.0,53.86837473203019,20.500671336273953,13.152433657787357,15.892910236660981,209.03044751685312,0.09567984108337851,2.2353632582394223,2.1903233770600123,5.347719845926476,9.606187603767781,3,9,33,70,128,10.256426840198854,14.7002823135798,16.183830997552253,65.81437645907363,0,0
warmińsko-mazurskie|olsztyński|Gietrzwałd,warmińsko-mazurskie,olsztyński,Gietrzwałd,22,0,22,0.0,53.7310723026194,20.238177703901343,12.260123899727901,17.693944780000223,216.92995527774647,0.1014152239686413,1.9729603960739934,1.9941994471208178,5.163146613047673,10.682003492019035,3,9,31,88,155,11.385447168042255,14.790314640994826,17.72200966895058,74.10385488747147,0,1
warmińsko-mazurskie|olsztyński|Jeziorany,warmińsko-mazurskie,olsztyński,Jeziorany,24,1,23,0.041666666666666664,53.98309983699725,20.74312050796884,15.093978028677643,16.86772084668659,254.60100785375528,0.09426514137676069,2.1313949450297365,2.3224111220243464,5.505504698401142,9.837172648290721,1,8,32,58,103,13.499661760800647,16.466546723627133,14.292390370918268,58.3397113500464,0,1
warmińsko-mazurskie|olsztyński|Jonkowo,warmińsko-mazurskie,olsztyński,Jonkowo,22,0,22,0.0,53.83257126771064,20.261010601500274,9.816416272256646,16.77973200024471,164.71683425130772,0.13356254750765,1.995761902522446,2.053197463896888,4.916691499659962,9.036866233004995,3,10,32,81,139,11.162100667597498,13.237868415437564,17.331635009709856,69.91692105286144,0,1
warmińsko-mazurskie|olsztyński|Kolno,warmińsko-mazurskie,olsztyński,Kolno,13,0,13,0.0,54.002195692073016,20.985511304750545,9.693462656301428,14.658865489880672,142.09516520990402,0.0914879825840401,3.031659321954713,3.0422007041002668,4.974155413168928,8.574036104963847,2,7,26,56,98,9.805692773226955,14.980907735416142,13.663688343182045,55.484809229772694,0,0
warmińsko-mazurskie|olsztyński|Olsztynek,warmińsko-mazurskie,olsztyński,Olsztynek,37,1,36,0.02702702702702703,53.577083149479506,20.313505707412695,23.24986468005408,24.80728616782595,576.7660464813307,0.06415079428777999,1.8550364839488234,2.0489762330075374,8.170002773952428,15.847790469690406,2,8,34,90,169,11.643573931376626,17.869816756880304,18.154829904525936,79.36152748654618,0,1
warmińsko-mazurskie|olsztyński|Purda,warmińsko-mazurskie,olsztyński,Purda,35,0,35,0.0,53.68613616118167,20.636362295721238,22.898027514922262,18.650930113004893,427.06951090647823,0.08195387192522968,1.5967359728289774,1.7297808898722251,7.763945736199352,14.533821916989192,3,8,33,77,148,11.886850931517419,15.323943105586276,16.625364139239164,71.75662308508018,0,1
warmińsko-mazurskie|olsztyński|Stawiguda,warmińsko-mazurskie,olsztyński,Stawiguda,16,0,16,0.0,53.66238095571117,20.41590625459695,15.23214178659064,10.126949202100983,154.25512611200313,0.1037242677328114,2.154031417886934,1.9469047519851594,5.637333541193268,9.085658783424204,4,6,31,83,153,11.643573931376626,15.080649838987508,17.446221465851433,74.93148696547613,0,1
warmińsko-mazurskie|olsztyński|Świątki,warmińsko-mazurskie,olsztyński,Świątki,15,0,15,0.0,53.932057456168465,20.227131815391296,12.043972717209881,12.525871067988218,150.8612494021387,0.09942911158063995,2.199941936622554,2.2836669944233625,4.479942818455707,6.968356780557113,4,9,34,72,128,10.94827110593937,12.8470924071105,16.81447161874071,66.14446416613703,0,1
warmińsko-mazurskie|ostródzki|Dąbrówno,warmińsko-mazurskie,ostródzki,Dąbrówno,18,0,18,0.0,53.443992621417415,20.039044122716366,12.40617170854695,17.52106051604072,217.3692852778434,0.08280838747292303,2.2820379572374487,2.44531170704245,5.333429546099341,9.817473403743096,2,9,41,102,193,10.382503873402573,15.79827415101889,20.79563638459971,88.09348970175208,0,1
warmińsko-mazurskie|ostródzki|Grunwald,warmińsko-mazurskie,ostródzki,Grunwald,21,0,21,0.0,53.527916217241696,20.107829535523926,14.85784775904282,14.507579485950597,215.55140735446665,0.09742455527310126,2.1375899967152785,2.0810050104970754,5.702854381794913,9.275729790969443,3,6,38,93,182,10.382503873402573,16.53073171069287,19.39918456728023,83.6345551228714,0,1
warmińsko-mazurskie|ostródzki|Małdyty,warmińsko-mazurskie,ostródzki,Małdyty,20,0,20,0.0,53.89371998197045,19.72023587593081,15.387165841553854,15.210233703440771,234.042388483635,0.08545460559337295,1.952189134215172,1.9380215058117571,5.324692856651355,9.427726687531438,2,7,42,90,157,11.434940975622725,15.100091151866394,19.127386559134838,73.73214574993503,0,1
warmińsko-mazurskie|ostródzki|Miłakowo,warmińsko-mazurskie,ostródzki,Miłakowo,18,1,17,0.05555555555555555,53.983360090588505,20.0843025160921,15.424333706908083,8.996533078528302,138.7655284084576,0.12971521246268622,2.0586271781679275,2.1277358435619895,4.48755684729337,8.49979002362929,3,8,38,74,129,10.94827110593937,14.337099310380939,16.896810325229044,65.52236159951849,0,1
warmińsko-mazurskie|ostródzki|Miłomłyn,warmińsko-mazurskie,ostródzki,Miłomłyn,15,1,14,0.06666666666666667,53.76167848569404,19.809678499736513,12.625169045911404,9.095587250613923,114.8333266108373,0.13062410053515236,2.223580810644599,2.3092716667934314,4.143356016936199,7.045721892392602,1,6,39,98,173,12.438181050451794,16.862345403149604,18.94028887863177,77.59501563659927,0,1
warmińsko-mazurskie|ostródzki|Morąg,warmińsko-mazurskie,ostródzki,Morąg,32,1,31,0.03125,53.915137062519136,19.930264991898483,22.47133455449273,18.954007156514635,425.92183596228983,0.07513115623128842,2.576164523078462,2.402428975749831,6.967223620081036,11.699415408769005,2,9,38,83,147,12.615637465686394,15.89461328817747,17.91982297322354,70.22761967285467,0,1
warmińsko-mazurskie|ostródzki|Ostróda,warmińsko-mazurskie,ostródzki,Ostróda,35,1,34,0.02857142857142857,53.63239725740976,19.964717834576007,23.766458511556998,18.809776571385097,447.04177449548075,0.07829245944520521,2.2881067176721452,2.1464304656967172,7.604349321309518,13.580282732968405,1,8,35,98,180,14.974363749498194,18.72010408508864,18.92852972529394,80.81761686814278,0,1
warmińsko-mazurskie|ostródzki|Łukta,warmińsko-mazurskie,ostródzki,Łukta,18,0,18,0.0,53.81808071802752,20.09272280496219,13.19382898924482,10.898729075796998,143.79596762617584,0.1251773627393664,1.7090005388625695,1.5917547181098288,5.102961320745141,7.155485493191573,2,7,32,84,152,11.162100667597498,14.749599556942442,17.79812898869799,72.26135759739671,0,1
warmińsko-mazurskie|piski|Biała Piska,warmińsko-mazurskie,piski,Biała Piska,48,1,47,0.020833333333333332,53.6133238318825,22.101060954939953,23.481827331215094,21.647685875167245,508.32722184106115,0.0944273647713641,1.7090982151661118,1.6707619724690155,7.2538370810662025,15.022374524106423,1,7,32,84,150,12.600002544835604,17.75105074306419,16.100574710864862,63.59055370039573,0,1
warmińsko-mazurskie|piski|Orzysz,warmińsko-mazurskie,piski,Orzysz,29,1,28,0.034482758620689655,53.82211450805595,21.905169292487475,14.920205323276654,25.636402296388624,382.5003860122394,0.07581691695095975,2.0556560942003603,2.261091985748041,7.45668105135162,14.453678300622874,1,5,30,70,124,12.144098015484223,20.039821612327994,13.997199186045345,56.690111017298634,0,1
warmińsko-mazurskie|piski|Pisz,warmińsko-mazurskie,piski,Pisz,47,1,46,0.02127659574468085,53.604329264937824,21.802825165647242,28.169142456135397,29.99891652138141,845.0437530205066,0.055618421924313606,1.7752352631599526,2.0953962044460614,9.88272138668977,22.305649337649093,0,4,31,77,149,17.69051703612296,21.219887802241722,15.374241420977805,65.76109594319416,0,1
warmińsko-mazurskie|piski|Ruciane-Nida,warmińsko-mazurskie,piski,Ruciane-Nida,22,1,21,0.045454545454545456,53.672519981811135,21.560381606739707,21.82517317759771,14.471492876640024,315.84283817104017,0.06965489585705348,1.6752187882371494,2.348146416122998,6.1460228320746975,13.105208852376833,0,4,29,78,142,15.804752982040641,20.580414991594466,14.703980580950333,64.56455955957745,0,1
warmińsko-mazurskie|szczycieński|Dźwierzuty,warmińsko-mazurskie,szczycieński,Dźwierzuty,22,0,22,0.0,53.70739351110051,21.011458510134347,13.600745362958158,19.77134668532224,268.90505174983457,0.08181326403814403,2.2566157093966,2.4240815054829983,6.050198394011017,10.213943758181282,0,8,30,70,140,15.685865530141308,17.880595219770274,15.423288004497412,67.41552170357686,0,1
warmińsko-mazurskie|szczycieński|Jedwabno,warmińsko-mazurskie,szczycieński,Jedwabno,17,0,17,0.0,53.53634790857426,20.753860019561365,13.431682640101313,16.495030969462384,221.55602112046142,0.07673002933536612,2.671919573870492,2.7127761068615284,5.46501883957006,9.842500393752657,1,6,34,82,161,12.130779314255074,18.71008025216569,17.11471553872698,76.72790974818855,0,1
warmińsko-mazurskie|szczycieński|Pasym,warmińsko-mazurskie,szczycieński,Pasym,18,1,17,0.05555555555555555,53.64185941762986,20.80057703221399,13.181852143100846,13.007524504220006,171.46326476238926,0.10497875463262688,2.203055498383843,2.2386487497513086,4.796854105504298,8.033296722973798,2,5,32,75,148,11.886850931517419,15.980328459244982,16.379624750703478,71.9702617428857,0,1
warmińsko-mazurskie|szczycieński|Rozogi,warmińsko-mazurskie,szczycieński,Rozogi,23,0,23,0.0,53.47641404955739,21.32262836734467,12.94896492983089,20.96556957343011,271.48242514027606,0.084720032938102,1.9663088729115223,2.0939417844069963,6.429927994191398,11.653575555456174,2,6,32,90,164,10.624872748599099,16.163857678663852,17.098339382987376,74.83987428869492,0,1
warmińsko-mazurskie|szczycieński|Szczytno,warmińsko-mazurskie,szczycieński,Szczytno,37,1,36,0.02702702702702703,53.552084883990446,21.021763412808255,21.74098413539962,19.185870985983833,417.1197167300984,0.08870355084159504,2.083491394294042,2.152089335518316,7.08399522139277,15.077423457427944,1,6,29,83,155,14.72131183669159,16.760553922038575,16.542886522532466,73.7915033156232,0,1
warmińsko-mazurskie|szczycieński|Wielbark,warmińsko-mazurskie,szczycieński,Wielbark,33,1,32,0.030303030303030304,53.40627358977412,20.99258534945921,15.738017574677837,21.167875932012247,333.1404034366087,0.09905733336328679,1.8979790831107315,2.077915733656711,7.280743074105561,14.075025026319992,1,8,36,89,170,13.77110063428026,18.319245661859775,18.199111230813806,80.59047007924346,0,1
warmińsko-mazurskie|szczycieński|Świętajno,warmińsko-mazurskie,szczycieński,Świętajno,19,0,19,0.0,53.5598310995219,21.24424939947825,16.249049350773998,15.649305852341373,254.2863431000513,0.07471891635377474,1.5172693938106645,2.276082901134726,6.2890075251509145,10.95918066665359,2,8,28,81,152,10.624872748599099,17.737901121746017,16.175816296642545,71.69996868213148,0,1
warmińsko-mazurskie|węgorzewski|Budry,warmińsko-mazurskie,węgorzewski,Budry,17,0,17,0.0,54.27063621462564,21.850529099739003,13.061983544151897,14.190186873190102,185.35198742604936,0.09171738720515506,2.1504854796355284,2.3089077868196144,5.236127581159298,9.155499839044488,3,5,17,45,71,12.290240524585235,17.246273080517437,9.185149686305483,37.972493082206356,0,1
warmińsko-mazurskie|węgorzewski|Pozezdrze,warmińsko-mazurskie,węgorzewski,Pozezdrze,14,0,14,0.0,54.15543307795797,21.882806117429357,11.433625743187617,12.396700619117349,141.73923532933,0.09877293303770907,2.6888207808206124,2.731255636733517,4.708573478288402,8.010910888026107,2,6,22,48,82,11.215442403323161,14.726842130970478,11.347152018498363,43.398577444482214,0,1
warmińsko-mazurskie|węgorzewski|Węgorzewo,warmińsko-mazurskie,węgorzewski,Węgorzewo,33,1,32,0.030303030303030304,54.23306643517895,21.67260474349913,23.94209469270531,19.819767759273606,474.5267564799564,0.06954297002089889,1.9351962083938,2.108975907068392,7.165179197242689,16.184237987689162,2,5,21,41,77,10.787900680362265,17.091491082604314,9.763095875183097,40.5057785082967,0,1
wielkopolskie|Kalisz|Kalisz,wielkopolskie,Kalisz,Kalisz,1,1,0,1.0,51.760848676925065,18.086844532116928,0.001,0.001,1e-06,1000000.0,,,0.0,0.0,6,16,63,143,252,8.340335513455667,10.726512669162389,31.369142816410232,121.44055143891012,0,0
wielkopolskie|Konin|Konin,wielkopolskie,Konin,Konin,1,1,0,1.0,52.229519573650016,18.24498871058054,0.001,0.001,1e-06,1000000.0,,,0.0,0.0,6,17,68,142,248,9.331092019657364,10.734924937404639,31.688802555097695,120.1557453748007,0,0
wielkopolskie|Leszno|Leszno,wielkopolskie,Leszno,Leszno,1,1,0,1.0,51.840159089508,16.57971055110179,0.001,0.001,1e-06,1000000.0,,,0.0,0.0,4,12,56,125,214,7.879069331107969,11.414181321235848,26.755843553573936,98.7465758317174,0,0
wielkopolskie|Poznań|Poznań,wielkopolskie,Poznań,Poznań,1,1,0,1.0,52.41087037798085,16.938415327787556,0.001,0.001,1e-06,1000000.0,,,0.0,0.0,6,16,57,121,208,8.324432419368181,11.618474186943109,26.939527102305437,99.20427156486653,0,0
wielkopolskie|chodzieski|Budzyń,wielkopolskie,chodzieski,Budzyń,16,1,15,0.0625,52.885777752324124,16.933046904327753,10.80525324664174,18.516663511236317,200.07723852175886,0.07996911651826884,2.6015219845022655,2.7946356611547682,5.892288694180909,10.353219882888231,3,9,43,97,172,12.21656483072731,15.080349885113964,21.04914445809718,86.4220145795531,0,1
wielkopolskie|chodzieski|Chodzież,wielkopolskie,chodzieski,Chodzież,19,1,18,0.05263157894736842,52.99559850091227,16.927811809645135,13.801152774572877,12.447693762056682,171.79252330124206,0.11059852684440215,1.9454337135057376,1.91141180278308,5.020807902620139,9.172024669798619,5,10,37,90,166,12.21656483072731,13.368320182598941,20.415673360467736,83.60334614390146,0,1
wielkopolskie|chodzieski|Margonin,wielkopolskie,chodzieski,Margonin,19,1,18,0.05263157894736842,52.95735694160469,17.112493007266206,10.14471218369353,11.18446126856959,113.46314049930632,0.16745526270812292,1.8837731031203333,1.6592179897289243,4.092574051450335,6.353013562070569,4,11,42,97,172,9.932167432721068,13.334759136067055,21.627150369626104,87.68828450229844,0,0
wielkopolskie|chodzieski|Szamocin,wielkopolskie,chodzieski,Szamocin,18,1,17,0.05555555555555555,53.043122324622885,17.153958409991404,4.403697241683361,16.708080269848054,73.57732699815405,0.24464058065675034,1.2397258243595326,1.175646425221154,4.819724262071656,8.827837994740433,4,12,41,93,173,9.260357729131496,12.137459596972224,21.48203482700741,86.30313484852061,0,0
wielkopolskie|czarnkowsko-trzcianecki|Czarnków,wielkopolskie,czarnkowsko-trzcianecki,Czarnków,36,1,35,0.027777777777777776,52.91522059032397,16.54194831524049,18.04510899760583,26.655925547540285,481.0090819374303,0.07484266171232684,2.0195748273936407,2.1182401746064943,7.957926386927982,13.907201448023324,2,6,37,88,162,9.274113963753674,15.641377573280806,18.583240629585738,78.9108056962751,0,0
wielkopolskie|czarnkowsko-trzcianecki|Drawsko,wielkopolskie,czarnkowsko-trzcianecki,Drawsko,12,0,12,0.0,52.81552522365656,16.00146374789321,11.412960476189003,13.348305710347402,152.34368549628286,0.07876926412084731,2.6843143223426793,2.686528834366159,5.261899907800595,7.679517586283196,2,7,32,88,167,12.019429713061273,17.304465021569662,17.668561089047696,72.75365129991948,0,1
wielkopolskie|czarnkowsko-trzcianecki|Krzyż Wielkopolski,wielkopolskie,czarnkowsko-trzcianecki,Krzyż Wielkopolski,12,1,11,0.08333333333333333,52.921180296253084,16.039281344076546,16.880630434396124,7.921905606208088,133.72676087456952,0.08973521770452161,1.8169798082877844,2.3221833695490575,5.2979865245876505,11.14476012355459,2,6,35,83,159,12.019429713061273,16.392557696228998,16.77512694775577,70.96570443664997,0,1
wielkopolskie|czarnkowsko-trzcianecki|Lubasz,wielkopolskie,czarnkowsko-trzcianecki,Lubasz,18,0,18,0.0,52.83407858558251,16.509983789683737,12.234748908308353,13.77927370080826,168.58595386824584,0.10677046092503918,1.9594675217368451,2.125731861805196,4.061444530119705,7.44337468242454,2,8,40,93,168,9.274113963753674,15.665543731247928,19.40185157294962,80.62442750420294,0,0
wielkopolskie|czarnkowsko-trzcianecki|Połajewo,wielkopolskie,czarnkowsko-trzcianecki,Połajewo,9,0,9,0.0,52.80073770041141,16.684453841274227,8.167567527674995,12.12050160348607,98.99501531576554,0.09091366844373523,2.985590394340527,2.7029162190380194,3.901844745795661,6.6514620820569,2,7,42,97,172,9.634138352019045,14.621792996947107,20.697627304855683,84.54769778975783,0,0
wielkopolskie|czarnkowsko-trzcianecki|Trzcianka,wielkopolskie,czarnkowsko-trzcianecki,Trzcianka,23,1,22,0.043478260869565216,53.032319889625214,16.44598926103403,17.631514500190633,22.217381056115137,391.7260762471547,0.05871449820330173,2.5131686533374062,2.676519982389256,7.325608657306523,13.964537798489745,1,7,36,80,158,14.519926271983119,18.903753774758627,16.76366838695891,74.1500199576012,0,1
wielkopolskie|czarnkowsko-trzcianecki|Wieleń,wielkopolskie,czarnkowsko-trzcianecki,Wieleń,20,1,19,0.05,52.90698338314841,16.236375674958147,24.32628057797885,17.120142244060897,416.4693837639338,0.048022737756244153,2.87779528355701,2.9099192471044866,7.626359391901223,13.142478479130881,1,7,35,86,163,13.309508364669481,18.397642270667202,17.214301608075626,74.10918863044941,0,1
wielkopolskie|gnieźnieński|Czerniejewo,wielkopolskie,gnieźnieński,Czerniejewo,16,1,15,0.0625,52.436374399441036,17.526552825313086,8.571917642141837,10.972463139940672,94.05505036700846,0.17011314052320464,1.9282523086794883,1.963109748089866,3.532308295604383,6.806242723685843,4,13,56,126,233,8.927991862811199,11.76800565797987,27.524642002438483,106.69621683670367,0,0
wielkopolskie|gnieźnieński|Gniezno,wielkopolskie,gnieźnieński,Gniezno,32,1,31,0.03125,52.559523352495944,17.623751709992117,13.178830768979543,14.59769293139547,192.3805247603898,0.16633700339395605,1.7069339204480674,1.681117071135466,5.37391553960701,8.565187852110606,5,11,52,124,228,12.282393933848134,13.623092361204467,26.67584616832797,105.35197178453734,0,1
wielkopolskie|gnieźnieński|Kiszkowo,wielkopolskie,gnieźnieński,Kiszkowo,23,0,23,0.0,52.57913140987064,17.287162084345567,8.972678327134432,14.390171091667328,129.11837627795987,0.17813111241800858,1.6549407969265584,1.8157924384089617,3.9849036074165363,7.957184266379802,4,12,53,119,208,10.195938073407778,12.45805644951317,25.648028803437114,100.13428185646897,0,0
wielkopolskie|gnieźnieński|Kłecko,wielkopolskie,gnieźnieński,Kłecko,23,1,22,0.043478260869565216,52.613992202001405,17.42678275195786,13.586511509492922,12.21002871445827,165.89169566022636,0.13864467361348698,1.7274904317260111,1.6049806669455164,4.4589186701661,7.233255849938355,5,11,52,120,215,8.807550176253216,11.845596625997846,25.771805456343028,101.34361311448264,0,0
wielkopolskie|gnieźnieński|Mieleszyn,wielkopolskie,gnieźnieński,Mieleszyn,15,0,15,0.0,52.660415047346625,17.5325373397224,9.339834886975089,9.758053088218217,91.1386046622955,0.1645844815770542,1.4693361086202983,1.748944425947164,3.838629897729544,6.416890694351069,5,14,53,120,217,8.807550176253216,11.805637674663103,25.651303672400118,101.7436258999236,0,0
wielkopolskie|gnieźnieński|Niechanowo,wielkopolskie,gnieźnieński,Niechanowo,23,0,23,0.0,52.450836858700775,17.656122231298706,10.021397133897603,9.228499196741405,92.48245540040064,0.24869581911965935,1.4629693945753284,1.5316334098639357,3.6820505145036777,6.163419809910711,4,11,56,127,237,8.250875900866447,11.998060887163115,27.753714560080915,108.19115586023915,0,0
wielkopolskie|gnieźnieński|Trzemeszno,wielkopolskie,gnieźnieński,Trzemeszno,26,1,25,0.038461538461538464,52.57767669743664,17.830854210206383,13.409501659990793,15.45560236856514,207.25192561743188,0.12545118662971375,1.9273563603731054,1.9002221131088617,5.263067700710384,9.700696490508324,2,11,54,131,236,10.987881937494617,14.78165830012009,27.128488507151708,107.85346931051784,0,1
wielkopolskie|gnieźnieński|Witkowo,wielkopolskie,gnieźnieński,Witkowo,29,1,28,0.034482758620689655,52.438923863392354,17.776280291894672,15.150266213905887,12.49521579142587,189.30584564030266,0.1531912546171579,1.5203728177583504,1.6711231619439053,4.441871794761753,10.714611691299003,3,12,58,129,244,8.250875900866447,12.94083028315158,28.223995033415683,110.1092335821615,0,0
wielkopolskie|gnieźnieński|Łubowo,wielkopolskie,gnieźnieński,Łubowo,20,0,20,0.0,52.50931253428581,17.429550591871045,10.565396308032348,11.341337629244265,119.8257267161657,0.1669090649237164,1.725613630056805,1.7443436423181904,4.386493739002929,6.701552431258798,5,14,52,125,220,10.437731727537688,12.311512450642633,26.69230113401325,103.80668803399746,0,1
wielkopolskie|gostyński|Borek Wielkopolski,wielkopolskie,gostyński,Borek Wielkopolski,26,1,25,0.038461538461538464,51.90523650530443,17.22534305884411,8.584215625255295,11.943135267836501,102.52244838069967,0.2536029953503785,1.4944254367780474,1.4236875606643247,4.240522224245922,7.544841175581849,4,14,57,130,233,9.326647449356702,11.969758892072461,28.39067439659376,108.58465419966687,0,0
wielkopolskie|gostyński|Gostyń,wielkopolskie,gostyński,Gostyń,21,1,20,0.047619047619047616,51.897359083186636,16.979047200062993,13.301239690098896,11.89001245805819,158.15190562289393,0.13278373040963257,1.7349120173709784,1.8439750092734235,4.817376710996527,9.192741554835473,5,14,60,127,228,8.261200820386751,11.944069913005285,27.868720776998284,105.04678822369475,0,0
wielkopolskie|gostyński|Krobia,wielkopolskie,gostyński,Krobia,22,1,21,0.045454545454545456,51.76555113188443,16.9875169061116,12.089920390224083,10.283222993176953,124.32334734243118,0.17695791233326508,1.5619046764987847,1.7256877116943634,4.089561693786169,6.959379836632581,5,14,51,123,238,8.54709053294441,11.235783222822196,27.765050353324675,105.30515677806905,0,0
wielkopolskie|gostyński|Piaski,wielkopolskie,gostyński,Piaski,16,0,16,0.0,51.86874062784432,17.09011961727965,10.138469070944632,9.317396617661808,94.46413742988837,0.1693764473515175,1.342002823120105,1.5916645343900626,3.4191537326603525,5.3101536858492615,6,15,54,129,233,8.261200820386751,11.60780960143717,28.16774571798697,106.78920552261374,0,0
wielkopolskie|gostyński|Pogorzela,wielkopolskie,gostyński,Pogorzela,13,1,12,0.07692307692307693,51.80692191378326,17.254804612439038,9.434968186614173,8.895452936844089,83.9283154646476,0.15489408941462526,1.5988584418597716,1.7445645377240397,3.57148265580466,5.888776176555915,5,15,55,130,232,8.546233534764696,11.225547933357035,28.42025341822212,109.21329339401639,0,0
wielkopolskie|gostyński|Poniec,wielkopolskie,gostyński,Poniec,20,1,19,0.05,51.781129430775515,16.855660740228174,16.37148460967006,12.824644357828781,209.95846772868583,0.09525693446117427,1.465629099905264,1.7150801735119845,5.147350759181792,9.856230999450153,4,15,52,125,228,9.079240413021326,11.325645162644587,27.41400689611062,103.2728476388611,0,0
wielkopolskie|gostyński|Pępowo,wielkopolskie,gostyński,Pępowo,14,0,14,0.0,51.75301097746537,17.11003708328347,9.779013583281044,7.2949516467137565,71.33743124259225,0.19625040818180253,1.9146972221411005,1.8995983733242627,3.303631690976247,5.195484573770042,6,16,56,125,235,8.54709053294441,10.80703999547956,28.04203704536531,107.11742204050651,0,0
wielkopolskie|grodziski|Granowo,wielkopolskie,grodziski,Granowo,13,0,13,0.0,52.23578556376545,16.549491423940744,9.030044993784825,7.723781696810181,69.74609624436764,0.18639036017804106,1.9813397142552296,1.853641847613725,3.356611835742662,5.281562160863758,5,17,53,117,204,8.553297280895041,11.583134742475382,26.40067163862523,95.5351983086382,0,0
wielkopolskie|grodziski|Grodzisk Wielkopolski,wielkopolskie,grodziski,Grodzisk Wielkopolski,18,1,17,0.05555555555555555,52.23840343360409,16.343694880171512,8.6241158230291,18.451179479872284,159.12510890591642,0.11311854002024657,2.2736297613135887,2.3789245585787624,5.133275586590288,10.381981947333388,6,11,57,119,196,8.749520068094377,12.08719191138098,25.092160578951102,91.33574604101767,0,0
wielkopolskie|grodziski|Kamieniec,wielkopolskie,grodziski,Kamieniec,24,0,24,0.0,52.15866392266753,16.48385946662652,11.17006562100872,12.925279530461218,144.37622052513257,0.1662323609297014,1.5023169286796425,1.6744345705874861,4.254403055169923,7.707401645717385,3,11,57,123,200,9.672120098510144,13.060583291778451,26.038576043683385,95.046222817359,0,0
wielkopolskie|grodziski|Rakoniewice,wielkopolskie,grodziski,Rakoniewice,26,1,25,0.038461538461538464,52.15863878872561,16.238989919195603,17.815476025285758,17.371933894650034,309.4892718129867,0.08400937404935596,1.878943932555353,1.8885214291263839,5.334273269609406,10.960541144535641,3,11,54,117,193,9.08051588245347,13.186544431832582,24.61853833932786,89.99634972960786,0,0
wielkopolskie|grodziski|Wielichowo,wielkopolskie,grodziski,Wielichowo,15,1,14,0.06666666666666667,52.119451774629944,16.35572599232383,12.108318257579512,10.918070038500097,132.19946678470257,0.11346490545554698,1.649087350757382,1.7380988713838386,4.210671765396653,8.329394417730068,4,10,53,120,193,9.08051588245347,12.465379398564803,25.405483349926868,92.85817496139317,0,0
wielkopolskie|jarociński|Jaraczewo,wielkopolskie,jarociński,Jaraczewo,21,1,20,0.047619047619047616,51.952350274856286,17.337878969903823,13.011715407655306,13.670516866180684,177.87687493829492,0.11805919126522126,1.8834841322704519,1.791425657075033,4.393721990263778,8.642068219711081,5,13,61,136,229,9.326647449356702,12.292809695933846,28.53828133505936,109.9227352440731,0,0
wielkopolskie|jarociński|Jarocin,wielkopolskie,jarociński,Jarocin,24,1,23,0.041666666666666664,51.975367113012624,17.511231683755085,14.3427744253529,12.055323921231032,172.90679162677748,0.1388031075829829,1.958099291163815,1.898930898572593,5.584714839114343,9.657882501663346,4,15,61,133,233,9.685009522879069,12.632665276524529,28.94491216096297,112.21491229504572,0,0
wielkopolskie|jarociński|Kotlin,wielkopolskie,jarociński,Kotlin,12,0,12,0.0,51.938384106402935,17.639194631834634,8.396764874716224,8.357593409239032,70.17674677585812,0.17099681235335043,1.9856532186210192,2.105237821175636,3.512402807959701,5.502507289533226,5,14,60,134,236,9.102480287543676,11.131015702071632,29.468537602954,114.28050259309498,0,0
wielkopolskie|jarociński|Żerków,wielkopolskie,jarociński,Żerków,25,1,24,0.04,52.06432216307836,17.615038122804915,14.685181015845558,13.284949274098626,195.09188487646435,0.12814474582492472,1.5817865835746507,1.541265755246573,5.343250595289789,9.6235102742037,5,14,60,138,234,11.587241546449103,13.172180033259334,29.184852385005428,113.05983341832268,0,1
wielkopolskie|kaliski|Blizanów,wielkopolskie,kaliski,Blizanów,41,0,41,0.0,51.87739230257322,18.024963200742594,19.970053155219627,8.885251291007812,177.4389405789098,0.231065401237372,1.2738439600478486,1.2023314622884218,5.32345201341111,10.851558128864319,5,15,65,143,252,7.831017107540078,10.786476247259284,31.223321182010423,120.18184032470654,0,0
wielkopolskie|kaliski|Brzeziny,wielkopolskie,kaliski,Brzeziny,26,0,26,0.0,51.5866460012342,18.268456993934315,9.835947603785256,13.426354648317949,132.06092083069396,0.19687883316619287,1.6249111421117064,1.5604866468266974,4.572521207743818,7.179613010411382,5,17,66,144,256,8.795983969887503,11.66542278927183,32.06370082503438,124.48404649951141,0,0
wielkopolskie|kaliski|Ceków-Kolonia,wielkopolskie,kaliski,Ceków-Kolonia,18,0,18,0.0,51.87529572522032,18.286858294934724,10.607933893846068,13.747899240311172,145.8368063204775,0.12342563207565627,1.1638046008109424,1.2500720733382538,3.7141101857520593,8.737458580681395,6,15,63,150,256,8.556391808208772,10.048143263326939,32.12846535153437,123.52369527093276,0,0
wielkopolskie|kaliski|Godziesze Wielkie,wielkopolskie,kaliski,Godziesze Wielkie,25,0,25,0.0,51.6520548811135,18.156446972846684,11.893493969713202,9.756200849513291,116.03531597099715,0.21545164755055016,1.541583155252345,1.5122166445103131,3.8968150424431327,6.31092611041725,6,14,66,143,248,8.969635685430411,11.185866062047857,31.567833637757964,122.71008201641594,0,0
wielkopolskie|kaliski|Koźminek,wielkopolskie,kaliski,Koźminek,24,1,23,0.041666666666666664,51.78737158243673,18.336387692839462,10.198583577248813,12.066071991029377,123.0568436496141,0.1950318185336884,1.3095191079679216,1.3168608814940599,3.8368457677954666,6.309986862497041,6,16,64,146,256,8.096514914082013,10.132234550261794,32.03899844300215,124.3919992106462,0,0
wielkopolskie|kaliski|Lisków,wielkopolskie,kaliski,Lisków,21,0,21,0.0,51.847424010647934,18.4029985127078,9.054094058803999,8.843247806901877,80.06759742900178,0.2622783831951658,1.3887153922685787,1.3017489033970941,3.465406626528895,5.217441397763804,5,17,66,147,262,8.096514914082013,9.51453820178849,32.13031933936337,124.79642817998602,0,0
wielkopolskie|kaliski|Mycielin,wielkopolskie,kaliski,Mycielin,22,0,22,0.0,51.95044659993684,18.22918091562828,15.030121827012543,6.9666238907775,104.70920580136195,0.21010569062795667,1.1162092266717052,1.2329255534185124,4.2527869628693,8.199008658450694,6,19,64,146,255,8.406402932564232,11.429139189821454,31.933952815991784,122.41763248031049,0,0
wielkopolskie|kaliski|Opatówek,wielkopolskie,kaliski,Opatówek,32,1,31,0.03125,51.741070207531536,18.222506048736975,10.807193163851469,11.785905544583091,127.3725578312175,0.25123150971344616,1.4127720359078022,1.3922087043117517,3.926661496227414,6.26099425950187,5,16,62,146,253,9.376995822361458,10.240373784818336,31.848740273403205,123.30075490471295,0,0
wielkopolskie|kaliski|Stawiszyn,wielkopolskie,kaliski,Stawiszyn,19,1,18,0.05263157894736842,51.91736152835153,18.118931374346907,8.646672951882632,6.955451111018292,60.14151098978387,0.3159215604547664,0.9967409461599037,1.2527344913629628,2.5985238530255024,5.239961798234789,4,16,61,140,255,7.831017107540078,10.594214105928248,31.640594299818776,121.26824657526737,0,0
wielkopolskie|kaliski|Szczytniki,wielkopolskie,kaliski,Szczytniki,31,0,31,0.0,51.68668157688817,18.32790518127818,13.13292838329033,11.765733698793623,154.5185380431223,0.2006231769507725,1.2561313714911533,1.220881182049699,4.461727490575114,7.579159444331547,5,17,63,143,257,9.450110693401847,10.910085595208878,31.90503253932915,124.6665131750922,0,0
wielkopolskie|kaliski|Żelazków,wielkopolskie,kaliski,Żelazków,34,0,34,0.0,51.83513630330391,18.140441431798223,12.31614993516689,10.0979253244087,124.36756232953633,0.2733831825851045,1.326398809834074,1.3321056401634246,4.148427496273437,6.8511570285776004,7,16,63,148,247,9.045379263583545,10.082688242156724,31.737930767949308,121.95651300128877,0,0
wielkopolskie|kolski|Babiak,wielkopolskie,kolski,Babiak,43,0,43,0.0,52.34526519886677,18.68734611076932,15.32584210303301,14.655086337860133,224.60153922036068,0.19145015723962566,1.2941508234021744,1.2717806435559433,4.796788960143977,9.164820537962347,5,19,70,145,260,9.881583782729749,11.802927771349932,32.76081943601245,123.53617129623332,0,0
wielkopolskie|kolski|Chodów,wielkopolskie,kolski,Chodów,25,0,25,0.0,52.26214080961088,19.028861395866542,9.782381443705955,9.721697247370297,95.10135075400245,0.26287744392471574,1.1219979491440506,0.9842044415692865,3.7545444257740637,5.98644887526965,8,20,65,154,268,6.078089135960569,9.926722684050961,34.01119395060098,127.58290439425322,0,0
wielkopolskie|kolski|Dąbie,wielkopolskie,kolski,Dąbie,27,1,26,0.037037037037037035,52.109134984471275,18.802644697650564,7.751744720364068,16.045051672722416,124.37714459199465,0.21708168400690087,1.4192344051089623,1.4685258135280406,4.732459732322371,9.354286365029518,6,17,66,149,272,8.888089610928409,11.699569221525971,32.92213025657062,126.91861381612682,0,0
wielkopolskie|kolski|Grzegorzew,wielkopolskie,kolski,Grzegorzew,13,0,13,0.0,52.2222733915371,18.76947657924995,11.300456142288157,7.016966183248752,79.29491860572165,0.1639449315111847,1.6412514869638068,1.6238029917910783,3.3874001512899414,7.076213165648026,7,18,70,151,266,7.19286660249457,10.222842727510585,33.31325047405487,125.863381854515,0,0
wielkopolskie|kolski|Koło,wielkopolskie,kolski,Koło,32,1,31,0.03125,52.23160112595445,18.66497509934605,15.286973684053995,14.26495224774326,218.0679496155381,0.14674325161683405,1.468927201000314,1.4347426446202154,4.769258440566327,9.630878074723809,5,14,69,150,262,7.19286660249457,10.31845772706344,33.039809881304244,124.79545920988471,0,0
wielkopolskie|kolski|Kościelec,wielkopolskie,kolski,Kościelec,21,0,21,0.0,52.16492063383883,18.57277914116906,8.373424311500727,13.485958060452381,112.92364908727116,0.18596636018882545,1.4203593421987055,1.4023030485431363,4.034772578835053,7.500156258456185,7,18,69,143,263,9.192008852508119,10.826521145409297,32.73923623093508,124.49966000462109,0,0
wielkopolskie|kolski|Kłodawa,wielkopolskie,kolski,Kłodawa,36,1,35,0.027777777777777776,52.273110539872356,18.87777273806814,14.076615206493132,12.564711977139037,176.86861568260176,0.20354091573037203,1.34656036854086,1.369730424910867,5.1144982062791335,9.069930350086455,6,17,65,151,263,9.290389809744187,10.769177386965026,33.5914801477319,126.26034033221646,0,0
wielkopolskie|kolski|Olszówka,wielkopolskie,kolski,Olszówka,20,0,20,0.0,52.180237538737494,18.862153452602115,8.257487802002965,9.846051994896671,81.30365424574622,0.24599140328365246,1.6048110781679346,1.5778942681655517,3.5272068811991395,5.920678954441678,6,19,66,152,268,7.8574346898761265,10.485476319788043,33.40552122312309,127.00261468431847,0,0
wielkopolskie|kolski|Osiek Mały,wielkopolskie,kolski,Osiek Mały,32,0,32,0.0,52.27399554578772,18.582124856863878,10.246595795311208,9.011306382135405,92.33521408544969,0.3465633379090481,1.1176464891313365,1.1839630860215162,3.4050595249614806,5.570182266197153,6,16,70,144,256,7.350422146429706,10.16975782209756,32.6861670304239,123.4509807031127,0,0
wielkopolskie|kolski|Przedecz,wielkopolskie,kolski,Przedecz,21,1,20,0.047619047619047616,52.34480060949861,18.95104556452404,8.823414908759666,12.383576607828427,109.2654344652808,0.19219252733281145,1.5249259102599975,1.3971487230780724,3.6106032431301713,6.986313014509157,6,19,68,152,265,7.403904223698852,9.797243359411274,33.68897902571403,125.92451108060078,0,0
wielkopolskie|koniński|Golina,wielkopolskie,koniński,Golina,22,1,21,0.045454545454545456,52.24296666013527,18.096601130141014,8.36537144692882,10.775914170615025,90.14452471741859,0.24405253751089942,0.9915061430311429,1.1977100372750553,3.955252086920487,5.8828569058296365,6,18,64,141,245,7.553113624851748,10.696603906086711,31.095263541155358,118.07953280010221,0,0
wielkopolskie|koniński|Grodziec,wielkopolskie,koniński,Grodziec,30,0,30,0.0,52.04161070408151,18.032292053827234,10.933804489078634,10.090393611839136,110.32639096969712,0.2719204329654903,1.2179785887734296,1.3416896741315472,3.569233366424698,6.910273049245018,5,17,64,136,252,8.423103049667777,12.243240898127954,31.125349871113897,119.24560357695572,0,0
wielkopolskie|koniński|Kazimierz Biskupi,wielkopolskie,koniński,Kazimierz Biskupi,30,0,30,0.0,52.30607297959433,18.13767496167093,10.610607780425553,12.570104200286934,133.37644542832447,0.22492727185567246,0.9072901902521294,0.984229843046465,4.841515053601748,8.155879042306555,6,17,60,143,241,7.553113624851748,11.000768821437651,30.95657414646824,117.7083562152079,0,0
wielkopolskie|koniński|Kleczew,wielkopolskie,koniński,Kleczew,34,1,33,0.029411764705882353,52.40422455104198,18.13097466446225,11.458548779917093,12.725797863242263,145.81917557932618,0.23316549325506145,1.0742713950932608,1.19414091329448,4.228750981079713,7.830791509438577,6,14,61,144,246,6.727881314622532,10.57460866268964,30.34835720368207,115.97507105678773,0,0
wielkopolskie|koniński|Kramsk,wielkopolskie,koniński,Kramsk,40,0,40,0.0,52.25981079843132,18.421077873976067,12.109657298749257,13.368720869420239,161.89062825131631,0.24708039268279733,1.0732576095514148,1.1810294875826859,4.2281473955744024,7.269266563284299,6,17,65,148,249,8.90062035238893,11.802820896335582,32.11521467693336,121.82462523357295,0,0
wielkopolskie|koniński|Krzymów,wielkopolskie,koniński,Krzymów,33,0,33,0.0,52.18396754550435,18.379300026988833,11.063307182531236,10.863276173515542,120.18376131627494,0.2745795242100751,1.0200304866135212,1.1170039921339847,3.9577479247379905,7.449060560533304,6,16,69,141,251,8.442537821955485,10.507115401456483,32.252620436282825,122.28268665325268,0,0
wielkopolskie|koniński|Rychwał,wielkopolskie,koniński,Rychwał,23,1,22,0.043478260869565216,52.06866804133395,18.147356689083978,15.984938509180052,8.419546164650837,134.58592771714638,0.17089453845678532,1.4839657795321433,1.5405443386179538,4.718758028446041,8.134657165069111,5,17,66,137,255,8.423103049667777,10.895083407328634,31.60793882625122,120.57106496900569,0,0
wielkopolskie|koniński|Rzgów,wielkopolskie,koniński,Rzgów,25,0,25,0.0,52.149437724553124,18.078279801642807,11.934832501386003,10.760502542285753,128.42479547291873,0.19466645757883894,1.299268175295015,1.3528820205248848,3.982700004555757,7.601136355484784,7,15,67,141,250,9.957872261987072,10.934813930249945,31.26077444263799,118.93335083815634,0,0
wielkopolskie|koniński|Skulsk,wielkopolskie,koniński,Skulsk,26,0,26,0.0,52.468440442474474,18.327517700686148,10.352763867308331,8.77113506795237,90.8054902067783,0.2863262996630923,1.1675673300569156,1.1499257777696374,3.325692347229921,6.429374272646872,5,16,63,143,250,9.06596669729005,10.810160369901528,30.718280009533387,117.37550790429778,0,0
wielkopolskie|koniński|Sompolno,wielkopolskie,koniński,Sompolno,39,1,38,0.02564102564102564,52.353436155000914,18.526633048140706,10.866037046890414,12.982760630336697,141.07115798014888,0.2764562264774772,1.1193739467985282,1.1717901453792314,4.418912802507623,8.498866920989636,5,15,68,143,250,9.6051328554283,11.509858788873558,32.11819861628274,121.70007784442112,0,0
wielkopolskie|koniński|Stare Miasto,wielkopolskie,koniński,Stare Miasto,21,0,21,0.0,52.14658163428806,18.224147080438073,11.632005792017475,8.515697461940599,99.05464220036156,0.2120041982234665,1.454139631460161,1.517520541614649,3.55963300515761,7.362512117413599,6,16,63,143,253,9.331092019657364,10.26720974560806,31.852561832629082,120.85505512085213,0,0
wielkopolskie|koniński|Wierzbinek,wielkopolskie,koniński,Wierzbinek,68,0,68,0.0,52.44367063115003,18.489965678710785,11.97943810167111,19.537575397987254,234.04917513692064,0.2905372341526923,0.9826097691177824,1.0223682630523503,4.979918639825293,10.284072937316562,5,16,68,149,253,8.560343234135582,11.820093896254914,31.590745090164273,119.84609387472368,0,0
wielkopolskie|koniński|Wilczyn,wielkopolskie,koniński,Wilczyn,29,0,29,0.0,52.456645973931046,18.18052791913854,8.695341400160261,11.131777745797747,96.79460789041782,0.299603465854536,0.8772379250426405,0.9613997210016646,3.6698943761577243,6.067492197986332,6,14,60,140,242,6.727881314622532,10.666841140245257,30.140142011114865,115.63978220558954,0,0
wielkopolskie|koniński|Ślesin,wielkopolskie,koniński,Ślesin,41,1,40,0.024390243902439025,52.369629952226596,18.32204968847848,12.170227908146982,13.17539032877704,160.34750308001216,0.25569465824198906,1.2855007371261995,1.304971353213835,4.53964107609463,7.7981062840217925,7,15,64,143,248,10.99349613125852,13.220145126082333,31.21034665050819,118.99972078629231,0,1
wielkopolskie|kościański|Czempiń,wielkopolskie,kościański,Czempiń,24,1,23,0.041666666666666664,52.14056132351931,16.7541486154304,12.797448022739374,13.525958653597895,173.0977528271409,0.13864998018759325,1.60007988978938,1.6889120068431864,4.840391050680425,9.933165334423473,3,12,57,125,210,9.001774146172071,13.109480971882395,27.146806842119823,100.0411649401606,0,0
wielkopolskie|kościański|Kościan,wielkopolskie,kościański,Kościan,37,1,36,0.02702702702702703,52.07503650782814,16.676742155214832,17.25968220588056,19.04639659158509,328.7347523379253,0.11255274879476564,1.5977432990132123,1.677018360791837,5.761043409593585,10.54162366270762,2,13,60,129,206,9.001774146172071,13.718726717632029,26.80349252763983,99.21354257786419,0,0
wielkopolskie|kościański|Krzywiń,wielkopolskie,kościański,Krzywiń,24,1,23,0.041666666666666664,51.985686793947075,16.86361822851401,12.596621976155603,16.95857659059721,213.6207785654348,0.11234862152067521,2.046298729231502,2.1365627063531094,5.1087022003566025,9.475514566452512,3,12,58,126,219,12.612303627703266,13.964320770580931,27.367544887590288,102.81081019361018,0,1
wielkopolskie|kościański|Śmigiel,wielkopolskie,kościański,Śmigiel,40,1,39,0.025,52.01182214567906,16.55591961705706,12.232253936484756,18.464829934616578,225.8664886542352,0.17709577121568257,1.4886470654705346,1.4920438756030323,5.6403367199764505,10.74333478338293,3,12,56,127,202,9.819752465937274,13.430683009328586,26.436315277433557,97.5348987805616,0,0
wielkopolskie|krotoszyński|Kobylin,wielkopolskie,krotoszyński,Kobylin,21,1,20,0.047619047619047616,51.73099997988142,17.23547973553092,8.24302558799216,14.180547335724201,116.89061454010863,0.17965514239634936,1.6399428105791491,1.7467236939061845,4.213563205330456,8.052040533058062,4,15,54,129,238,8.546233534764696,11.095353872656204,28.18661319372102,108.86340438145979,0,0
wielkopolskie|krotoszyński|Koźmin Wielkopolski,wielkopolskie,krotoszyński,Koźmin Wielkopolski,28,1,27,0.03571428571428571,51.834719078441125,17.41747872260944,11.601790867896426,15.718734168303966,182.36546652872048,0.15353784097928608,1.7307463136061003,1.8158720172401337,5.052140043980716,8.2294735639875,4,14,56,134,234,9.080439548528801,12.772709669674953,28.67009678063625,111.40970449214521,0,0
wielkopolskie|krotoszyński|Krotoszyn,wielkopolskie,krotoszyński,Krotoszyn,29,1,28,0.034482758620689655,51.716912734223165,17.485423775311165,14.195581238869755,20.38480617668188,289.3741721197016,0.10021626943265674,1.8537231632338265,1.9615834528232863,6.28067013694522,10.7098626108306,4,13,56,133,239,7.732405574130238,12.240171633718838,28.5066200657646,112.33317487522734,0,0
wielkopolskie|krotoszyński|Rozdrażew,wielkopolskie,krotoszyński,Rozdrażew,13,0,13,0.0,51.78310819362053,17.519834875839763,8.532828371879278,9.753017936882204,83.22082816327597,0.1562108943988699,1.321826321921092,1.5940796864492839,3.7537377198104185,6.250937112509868,3,16,58,135,237,7.732405574130238,12.136888801959383,28.81232386710141,112.89549277176533,0,0
wielkopolskie|krotoszyński|Sulmierzyce,wielkopolskie,krotoszyński,Sulmierzyce,1,1,0,1.0,51.6061462997985,17.5306544037427,0.001,0.001,1e-06,1000000.0,,,0.0,0.0,4,13,56,131,240,10.259000969174998,13.422594668610518,28.06983434910313,112.63269706031606,0,0
wielkopolskie|krotoszyński|Zduny,wielkopolskie,krotoszyński,Zduny,7,1,6,0.14285714285714285,51.662054054050756,17.348653646613162,4.317493701488088,11.142688201082793,48.10848612582059,0.14550447465115698,2.514311258303534,2.184136484988267,4.34392270345625,6.082045337891184,6,14,53,125,241,5.890978670567829,11.047742148823536,28.042431935062893,110.22979730705212,0,0
wielkopolskie|kępiński|Baranów,wielkopolskie,kępiński,Baranów,15,0,15,0.0,51.24201488481891,17.982278184769736,5.925316136286626,10.402704540440451,61.639313074493955,0.24335118695874836,1.3528187976293933,1.3600675082918943,3.448779128097215,6.991500041914461,6,19,60,137,254,7.708434436185708,9.480552685439473,31.497229308191443,120.41623303065374,0,0
wielkopolskie|kępiński|Bralin,wielkopolskie,kępiński,Bralin,12,0,12,0.0,51.28364300784161,17.89369104023685,10.715467717950059,6.963379396767544,74.61586713390118,0.16082370226248952,1.5932099982690469,1.7716469033486033,3.7284806568609383,6.139469388995982,4,14,60,137,251,6.940613937767382,10.034331373130122,30.74452376732797,118.73022758186177,0,0
wielkopolskie|kępiński|Kępno,wielkopolskie,kępiński,Kępno,18,1,17,0.05555555555555555,51.322494393977756,18.0095867425048,9.923334992241246,12.534818558590764,124.38720362385871,0.14470941926173683,1.8037725164976153,1.929453377378641,4.35192706658084,7.346215123341566,6,17,63,143,255,9.142104289306461,11.227516348475968,31.595931423986563,121.10374722210138,0,0
wielkopolskie|kępiński|Perzów,wielkopolskie,kępiński,Perzów,9,0,9,0.0,51.260519595118346,17.801019823156548,10.614696692630138,5.251152128998695,55.739387136180156,0.16146571504296547,2.3196540457540995,2.075623307396468,3.486151782259965,7.087309869865741,5,15,57,136,249,6.940613937767382,10.750653659425392,29.882609093579806,116.67912622304974,0,0
wielkopolskie|kępiński|Rychtal,wielkopolskie,kępiński,Rychtal,14,1,13,0.07142857142857142,51.13813703592002,17.9042826661187,9.663331168728371,10.118253194343724,97.77603146598712,0.14318437545575893,2.013267798437813,1.7626021799796823,3.643269502786666,7.349454225828323,4,15,63,135,259,7.915183222894745,12.14151230674867,30.35943468210783,117.9925783919564,0,0
wielkopolskie|kępiński|Trzcinica,wielkopolskie,kępiński,Trzcinica,8,0,8,0.0,51.16734193059222,18.0077761203403,6.180244862506573,7.443262651899691,46.00118576469012,0.1739085605515128,2.0403348186096766,2.142930425997719,2.657121557633162,4.907635140129482,5,16,63,139,255,7.915183222894745,10.819417766832972,31.387623367700684,120.47297354668183,0,0
wielkopolskie|kępiński|Łęka Opatowska,wielkopolskie,kępiński,Łęka Opatowska,12,0,12,0.0,51.21146363379179,18.106436055664194,8.866292018430249,5.163640550358153,45.78234499768327,0.26210977180411443,1.7862122768278774,1.6833825001277143,2.718836892082938,4.820089812121607,7,18,62,142,257,6.94356416395556,10.227145634857989,32.40344331420215,122.8020059575149,0,0
wielkopolskie|leszczyński|Krzemieniewo,wielkopolskie,leszczyński,Krzemieniewo,18,0,18,0.0,51.860733723941195,16.826266615815122,11.703984935233096,9.159262319272854,107.19986820261762,0.16791065419948412,1.7684355811836896,1.776487651302573,3.6330648762385604,6.716413980398089,5,14,56,128,225,9.079240413021326,11.436339076297475,27.486613649840663,102.79311822770387,0,0
wielkopolskie|leszczyński|Lipno,wielkopolskie,leszczyński,Lipno,15,0,15,0.0,51.92501734189547,16.58228052653032,7.744280866092459,7.730881954459664,59.87012119794145,0.25054233564029854,1.536528176573663,1.7745284512327302,3.282469657967258,5.328131385029909,5,12,56,128,210,9.151308083296646,10.890225176361806,26.76107127102589,98.54595088781849,0,0
wielkopolskie|leszczyński|Osieczna,wielkopolskie,leszczyński,Osieczna,19,1,18,0.05263157894736842,51.915526600444146,16.714829439166206,10.473155720808354,11.272125126522482,118.05472175450652,0.16094231317160096,1.7835077580790046,1.7792789177138548,4.544581304768536,6.352763822452799,4,12,57,127,218,9.151308083296646,11.889327987432306,27.14917059688412,100.82504966302662,0,0
wielkopolskie|leszczyński|Rydzyna,wielkopolskie,leszczyński,Rydzyna,16,1,15,0.0625,51.779840441513684,16.690809788186293,12.726964454028716,9.961060499291648,126.77406289891434,0.12620878146626804,1.6466558256595458,1.8814531343532996,3.9090134662024525,6.6895665867610585,5,14,52,127,224,10.164822730356732,11.945223653121126,26.8721892957564,100.58181944846572,0,0
wielkopolskie|leszczyński|Wijewo,wielkopolskie,leszczyński,Wijewo,7,0,7,0.0,51.910243755262684,16.204850210589573,5.212922142374369,9.451485509078854,49.26985808860764,0.14207469376938525,1.9962111801028317,2.1610478381304365,3.149539718810016,5.049440988223971,4,9,56,116,202,9.762907193921711,13.059013924771296,25.282404553309128,91.31479405232068,0,0
wielkopolskie|leszczyński|Włoszakowice,wielkopolskie,leszczyński,Włoszakowice,14,0,14,0.0,51.939501543177336,16.385760503804793,11.44865039276374,11.657295185393503,133.46029710281817,0.10490011114851903,2.5465698468913467,2.3241624021729237,4.233983525602489,7.166259622458832,5,13,59,118,206,8.785372035228871,12.347595366072095,25.945927309979396,94.80880948446313,0,0
wielkopolskie|leszczyński|Święciechowa,wielkopolskie,leszczyński,Święciechowa,13,0,13,0.0,51.83931708707643,16.465036172493015,11.79605945998829,10.146066880616825,119.68360820877399,0.10861971989784121,1.613235691140102,2.0482114155110542,3.8925205366426643,7.95061797586955,4,13,56,122,213,7.879069331107969,12.329672451050941,26.36969239327358,96.69749273352494,0,0
wielkopolskie|międzychodzki|Chrzypsko Wielkie,wielkopolskie,międzychodzki,Chrzypsko Wielkie,14,0,14,0.0,52.61585107302698,16.23361194406605,10.929061286300872,9.257482910930989,101.17559809044778,0.13837328628870021,2.080281742590227,2.0997535716927054,3.629565828630777,7.324995155442936,5,10,44,96,176,9.742500465496352,10.909317050355344,21.238352223286935,81.7695967911033,0,0
wielkopolskie|międzychodzki|Kwilcz,wielkopolskie,międzychodzki,Kwilcz,18,0,18,0.0,52.54738897685334,16.115217748432162,9.82038017203117,14.266798217618737,140.10538233467267,0.1284747216705995,1.5068738594582176,1.9042989751595603,4.367852154438159,8.26400452897872,5,10,46,96,181,10.194606649021877,12.248866294989678,21.17419789689466,80.9249847372677,0,0
wielkopolskie|międzychodzki|Międzychód,wielkopolskie,międzychodzki,Międzychód,31,1,30,0.03225806451612903,52.587547724930744,15.911651399417403,25.67146482670925,14.450990315715892,370.9780896010165,0.08356288651262454,1.8969997599023045,2.079512353280728,6.442911647523207,13.737549447829458,3,8,43,94,166,13.538844193914228,15.817573377230769,19.453881205175264,75.87579733896649,0,1
wielkopolskie|międzychodzki|Sieraków,wielkopolskie,międzychodzki,Sieraków,17,1,16,0.058823529411764705,52.638162995992126,16.09402777944177,8.464318515815378,13.821345124935313,116.98826745446458,0.14531371709233085,2.009820583267094,1.8933327790261463,4.574352951880931,7.700374159883698,3,8,42,93,173,9.742500465496352,13.592439427723196,20.00932272417264,78.45277383897708,0,0
wielkopolskie|nowotomyski|Kuślin,wielkopolskie,nowotomyski,Kuślin,11,0,11,0.0,52.37269317807815,16.326202065052914,8.437803190683171,12.736040009510129,107.46419902891309,0.10235967047072547,2.440407484052662,2.651942982595812,3.763454713275397,7.557268718649937,6,12,49,107,194,8.727072448946563,12.542701586606263,24.227087436177992,88.8837045782016,0,0
wielkopolskie|nowotomyski|Lwówek,wielkopolskie,nowotomyski,Lwówek,20,1,19,0.05,52.44483712288987,16.158253899057677,10.527021906343965,21.57101773289506,227.07857621632044,0.08807523956354,2.3003219552219436,2.457584682906357,5.7370790517012145,12.399301559836173,4,10,44,105,186,11.769555351246565,13.919997905766987,22.31576309701234,83.86406415170659,0,1
wielkopolskie|nowotomyski|Miedzichowo,wielkopolskie,nowotomyski,Miedzichowo,21,0,21,0.0,52.40031067116534,15.969152783583919,12.456415075318562,20.29067881271858,252.74911745119465,0.08308634353215916,2.1784653659424875,2.392110270139627,5.321993316126611,11.115384958244674,2,9,48,101,184,13.745671748116635,15.29872917685241,21.354059263762878,80.4706121654539,0,1
wielkopolskie|nowotomyski|Nowy Tomyśl,wielkopolskie,nowotomyski,Nowy Tomyśl,20,1,19,0.05,52.31244491466904,16.151311254529936,15.82137073517061,12.895080770699119,204.0178535332003,0.09803063630774525,2.071655346909755,2.1805516288969007,5.163021677983077,9.11297761748568,2,10,51,109,185,13.639541890629712,15.051727870068877,23.198233338834243,85.98115339753642,0,1
wielkopolskie|nowotomyski|Opalenica,wielkopolskie,nowotomyski,Opalenica,18,1,17,0.05555555555555555,52.308861604497835,16.40094518750996,10.962075982675492,13.345489360986159,146.29426840111768,0.12303968020569753,2.1698012445791535,2.0046778651065074,4.893624714882141,7.664292595513111,5,14,56,114,197,8.727072448946563,11.163448255143793,25.26215255715415,91.58152431053882,0,0
wielkopolskie|nowotomyski|Zbąszyń,wielkopolskie,nowotomyski,Zbąszyń,15,1,14,0.06666666666666667,52.25228867928143,15.943106786446773,13.099701486856546,11.53406077701231,151.09275311012192,0.0992767666961992,2.0548938913235504,2.293700655932404,4.586738521322484,7.786482989696422,3,10,48,109,183,9.208128440512803,13.49091810786739,22.45288021924255,82.20428074645511,0,0
wielkopolskie|obornicki|Oborniki,wielkopolskie,obornicki,Oborniki,50,1,49,0.02,52.63921270994626,16.75819236175409,21.011602240099972,23.502867387401345,493.8329010458947,0.10124882302111583,1.720485140171341,1.8770288112932156,6.557976866646556,13.46616487166508,3,12,49,104,186,13.950030193371909,15.50328205734375,23.172360757041563,90.37355579951301,0,1
wielkopolskie|obornicki|Rogoźno,wielkopolskie,obornicki,Rogoźno,29,1,28,0.034482758620689655,52.73794418768784,16.977458587193734,14.853781168789364,16.354788201873866,242.93044501253252,0.11937573324127373,2.2134524885688416,2.159773574667139,5.479767270308482,9.223412874137512,1,8,49,106,186,11.665916579093311,15.779073023529367,22.552819096296197,91.05292704589908,0,1
wielkopolskie|obornicki|Ryczywół,wielkopolskie,obornicki,Ryczywół,25,0,25,0.0,52.78960704278371,16.82655512007844,15.19816629705587,11.049134653035617,167.92658589539803,0.14887458032150178,1.3836127294492322,1.4424222942603995,4.754049151463522,9.83474401613045,3,8,47,101,176,9.634138352019045,14.670999687082432,21.453357243448316,87.22517127953803,0,0
wielkopolskie|ostrowski|Nowe Skalmierzyce,wielkopolskie,ostrowski,Nowe Skalmierzyce,27,1,26,0.037037037037037035,51.718482117014084,17.986890187535998,12.337061131190435,14.158535873874225,174.6747226041391,0.15457302348886173,1.29746885182881,1.432914707295328,4.894760363983495,9.431213876522216,5,15,59,143,248,8.340335513455667,12.551080438795783,30.64830583877213,119.98090287715945,0,0
wielkopolskie|ostrowski|Odolanów,wielkopolskie,ostrowski,Odolanów,14,1,13,0.07142857142857142,51.58285951821326,17.67436150051623,11.22465388051754,12.285959444627531,137.90564235601954,0.10151868887175307,2.283124583135983,2.2702057438219563,4.345089682449851,6.370567421043753,4,13,58,135,237,10.259000969174998,13.122294011943712,28.585610628246453,114.86781196250676,0,0
wielkopolskie|ostrowski|Ostrów Wielkopolski,wielkopolskie,ostrowski,Ostrów Wielkopolski,34,1,33,0.029411764705882353,51.68407434540408,17.79568210801843,17.545433170412892,20.895197597786193,366.61529303452966,0.09274026655728655,1.6992872648520487,1.788663681973482,7.317272555496708,14.61064137163045,4,13,60,138,237,7.337541170154334,13.511983867643199,29.436418795800027,116.94598851607418,0,0
wielkopolskie|ostrowski|Przygodzice,wielkopolskie,ostrowski,Przygodzice,14,0,14,0.0,51.563676976512625,17.826145006785072,13.505396884942746,12.61776958863959,170.40798609733844,0.08215577403750952,1.9279558756363273,2.104052500391304,5.9627001494814476,9.638650990325665,4,13,62,136,244,10.704308722769303,13.277005819234649,29.445596052636247,117.43255685676979,0,1
wielkopolskie|ostrowski|Raszków,wielkopolskie,ostrowski,Raszków,24,1,23,0.041666666666666664,51.7311941676438,17.721132078684008,14.288052484031194,10.312309323760557,147.34281684945506,0.16288544303127842,1.845802554880239,1.7632535275627326,4.70637077184709,8.638388971903337,2,12,59,138,240,7.337541170154334,14.00360342808969,29.211658088208956,115.791917246617,0,0
wielkopolskie|ostrowski|Sieroszewice,wielkopolskie,ostrowski,Sieroszewice,16,0,16,0.0,51.60720888838297,18.048429931405714,14.224631910689405,16.427670284844307,233.67756295208045,0.06847041623453198,2.0593417459618615,2.350416021916688,6.43301915390808,10.758935249585598,4,14,65,138,247,8.852085754592133,12.17388374008821,31.00793412427744,121.19791426583782,0,0
wielkopolskie|ostrowski|Sośnie,wielkopolskie,ostrowski,Sośnie,17,0,17,0.0,51.46376284544089,17.617558904669842,12.342896081442612,11.566181741811516,142.76017929825844,0.11908082550445065,2.1182094377845764,2.0454561581954818,5.529933388287546,7.960294902817747,3,10,58,131,242,8.600915849012736,13.753580477819742,28.142305313592683,113.61805312939514,0,0
wielkopolskie|ostrzeszowski|Czajków,wielkopolskie,ostrzeszowski,Czajków,7,0,7,0.0,51.47566843829206,18.32569965869053,9.18700854476533,5.425778693905202,49.846675222912765,0.14043062990051433,2.0077311278032206,2.049629931244522,3.3333329056048298,5.42730842351969,6,19,69,147,264,8.073578795861705,10.015323195379862,32.92976164033022,125.97954406551352,0,0
wielkopolskie|ostrzeszowski|Doruchów,wielkopolskie,ostrzeszowski,Doruchów,16,0,16,0.0,51.41579250118623,18.1130215391711,5.629644735069123,14.387235492762432,80.99502454402965,0.1975429983517352,1.4172464752661513,1.4753301569924828,4.473668873198868,8.712513272792185,5,19,65,141,254,7.571393653722485,11.251391726109931,32.08080440053905,122.91375952447211,0,0
wielkopolskie|ostrzeszowski|Grabów nad Prosną,wielkopolskie,ostrzeszowski,Grabów nad Prosną,16,1,15,0.0625,51.48373819588103,18.12015775747902,8.779471522217309,9.537132526294384,83.73098341821395,0.1910881652981939,1.793857268200615,1.7728947430827193,3.3250625632153206,5.588421006183182,5,16,62,141,250,7.571393653722485,10.9455077827449,31.885892392199736,122.82447254884428,0,0
wielkopolskie|ostrzeszowski|Kobyla Góra,wielkopolskie,ostrzeszowski,Kobyla Góra,14,0,14,0.0,51.37178533271718,17.815588316632923,10.026438584133512,11.747073538789886,117.78131137997671,0.11886435832620602,1.9820047475767018,2.0290498786516165,3.9543172796304846,6.168463562444655,6,14,60,132,246,9.80170162863896,11.850819079589446,29.790725304325044,117.25108561534593,0,0
wielkopolskie|ostrzeszowski|Kraszewice,wielkopolskie,ostrzeszowski,Kraszewice,8,0,8,0.0,51.512463831138504,18.22428556426731,5.879297858238904,9.069742476158963,53.3237175148598,0.1500270493663655,2.0499769658265916,2.346937753520013,3.2667565924572353,5.920615202599858,4,16,66,143,255,7.884102850417191,10.648112437611072,32.34427583766444,124.3389863229755,0,0
wielkopolskie|ostrzeszowski|Mikstat,wielkopolskie,ostrzeszowski,Mikstat,8,1,7,0.125,51.535054425412184,17.994315720741813,6.777831645723549,7.453679569342946,50.519785262175695,0.15835380056513468,1.7130464225528472,1.9760096086089574,3.1398329107136878,4.275464583184527,4,14,66,138,247,8.852085754592133,11.819814177344494,30.75465363015223,120.46218039218456,0,0
wielkopolskie|ostrzeszowski|Ostrzeszów,wielkopolskie,ostrzeszowski,Ostrzeszów,19,1,18,0.05263157894736842,51.44527003691742,17.89363817062205,15.76851688064641,15.18583206506497,239.45804926463853,0.07934583973413244,1.582114773128875,1.789081602250616,5.752822707282549,11.353000734807786,3,16,65,135,243,9.80170162863896,13.47067177652003,30.15156694572197,118.73449850502824,0,0
wielkopolskie|pilski|Białośliwie,wielkopolskie,pilski,Białośliwie,10,0,10,0.0,53.1261107546264,17.142360576392548,6.964732897011376,6.672923536823009,46.475130076152716,0.21516884371521516,1.5658039642307546,1.548296246530898,3.0900750660037875,4.727703002177488,4,12,40,92,166,7.788400595227405,10.122974429953597,21.026032454551537,84.04732986361756,0,0
wielkopolskie|pilski|Kaczory,wielkopolskie,pilski,Kaczory,13,1,12,0.07692307692307693,53.10832655052654,16.901649100456577,13.366836900517727,10.184823376074473,136.1388729285678,0.0954907273752818,1.5386271906317266,2.0886261192312676,4.5801990159033155,9.70045941799907,4,11,35,82,158,8.457643020132831,12.528678178772116,19.575588593180765,80.29493826141275,0,0
wielkopolskie|pilski|Miasteczko Krajeńskie,wielkopolskie,pilski,Miasteczko Krajeńskie,8,1,7,0.125,53.11140624374768,17.02825439262955,5.592299620283403,5.037147812659786,28.169239800048693,0.2839977243541436,1.6692962328642222,1.8152235445122795,2.3434986739471078,3.860843178442982,5,11,36,85,162,7.788400595227405,10.314864541265777,20.536129746160196,82.5184433703994,0,0
wielkopolskie|pilski|Piła,wielkopolskie,pilski,Piła,1,1,0,1.0,53.15131017667653,16.73823514167397,0.001,0.001,1e-06,1000000.0,,,0.0,0.0,3,9,33,79,155,8.417819253784552,14.770458086917253,17.83681915374613,76.14134286535301,0,0
wielkopolskie|pilski|Szydłowo,wielkopolskie,pilski,Szydłowo,19,0,19,0.0,53.18779398338149,16.627580595526794,16.124078722638178,20.46455817966554,329.9721471129362,0.057580617534658346,1.9983475157409383,2.5036842544740403,6.755217947259165,13.093467026916437,1,7,31,75,149,8.417819253784552,17.146757950657065,16.592998736242226,73.19617086409869,0,0
wielkopolskie|pilski|Ujście,wielkopolskie,pilski,Ujście,9,1,8,0.1111111111111111,53.03460030146473,16.723004447895295,12.712926815094633,8.657940801273625,110.06776777601338,0.08176780706877688,3.0680875553284235,2.801695437349451,4.178248907547386,7.99921076429892,3,8,35,85,161,13.017353940657703,15.6061338097825,18.620294835199484,78.89470562873223,0,1
wielkopolskie|pilski|Wyrzysk,wielkopolskie,pilski,Wyrzysk,21,1,20,0.047619047619047616,53.15848965092224,17.27017904009567,12.422309235124349,11.367685899465195,141.21290953091935,0.14871161616708942,1.739713599102097,1.804802461404547,4.220527280321494,6.6683409122670065,5,13,38,92,165,9.254325731207445,11.99513169541437,21.092899302666236,85.1312288110041,0,0
wielkopolskie|pilski|Wysoka,wielkopolskie,pilski,Wysoka,14,1,13,0.07142857142857142,53.19005297691331,17.083346720934003,7.502138177432321,10.813308758018586,81.12293645789451,0.17257757930479334,2.1484817458184544,2.2071069686111326,3.792572573557648,6.554345913044661,4,12,38,80,157,8.126164394435678,11.473503813314172,20.0900863258917,81.28313140124905,0,0
wielkopolskie|pilski|Łobżenica,wielkopolskie,pilski,Łobżenica,23,1,22,0.043478260869565216,53.26692890451133,17.28806384801161,11.771070358999618,16.65898756569716,196.09411474552104,0.11729061848616923,1.933996109074327,1.874754163014391,4.962189989721721,9.04556082883869,2,11,40,84,158,12.116580920113543,15.238454704000961,20.060898033154604,82.35923468309176,0,1
wielkopolskie|pleszewski|Chocz,wielkopolskie,pleszewski,Chocz,12,1,11,0.08333333333333333,51.97793972615892,17.885357468492476,10.262481880204279,8.774367781423763,90.04679036710958,0.13326405029071542,1.6604248968127973,1.6271165804382433,3.669064645883554,6.43752756089786,5,16,62,139,251,8.869306432649106,11.610789283112913,30.541696934935164,117.64965407397419,0,0
wielkopolskie|pleszewski|Czermin,wielkopolskie,pleszewski,Czermin,16,0,16,0.0,51.977523104082586,17.755866260252503,11.555553709630324,6.874136694830118,79.43445578445011,0.20142392670778667,1.6460299400874772,1.706281338315388,3.7550292237429552,6.998597620639519,5,12,62,138,243,8.869306432649106,10.586641358908947,30.001052494111836,115.79816121973789,0,0
wielkopolskie|pleszewski|Dobrzyca,wielkopolskie,pleszewski,Dobrzyca,19,1,18,0.05263157894736842,51.8509138525639,17.63570307491168,9.931915527366801,11.988014069505565,119.063943079214,0.1595781183507351,1.6673389144615287,1.6568047781491528,4.092683315336531,7.194558612373978,4,13,60,137,238,9.729212364726948,12.374175992135203,29.280530051316052,114.47796052305853,0,0
wielkopolskie|pleszewski|Gizałki,wielkopolskie,pleszewski,Gizałki,18,0,18,0.0,52.05227888375436,17.824104433058828,5.208205276537255,16.42300367463877,85.53437439484438,0.21044170986635471,1.4203485516958916,1.3724595381524622,4.433021567540052,9.712320788002177,6,15,62,139,243,9.268280876574348,11.328805234598295,30.206455421642527,116.24107027334142,0,0
wielkopolskie|pleszewski|Gołuchów,wielkopolskie,pleszewski,Gołuchów,23,0,23,0.0,51.835553265924716,17.920940339190974,12.60085388870213,11.613425882401172,146.33908269140878,0.1571692235388754,1.797155552071301,1.74687846549645,4.540759674196106,8.229425297725243,4,16,63,141,248,8.525341802817326,12.19122369827407,30.552363120620967,118.76270197113155,0,0
wielkopolskie|pleszewski|Pleszew,wielkopolskie,pleszewski,Pleszew,37,1,36,0.02702702702702703,51.874894326893155,17.798966409389703,16.963782716565277,15.64492718305978,265.3971453499118,0.13941370752581947,1.3049118349135083,1.5353384874201141,5.000786902483854,10.060766762526415,5,17,62,137,243,9.450549693879484,11.739771186213696,30.01984699847241,116.83399191559471,0,0
wielkopolskie|poznański|Buk,wielkopolskie,poznański,Buk,16,1,15,0.0625,52.34989858348176,16.540098198227327,12.588654327411236,10.923874019992224,137.5168739538703,0.11634935800945535,1.541788934316351,1.588356223440191,4.465111238757366,7.280806149148464,7,14,51,110,200,10.499384467475249,11.384028344291002,25.995116384238855,93.72825112440569,0,1
wielkopolskie|poznański|Czerwonak,wielkopolskie,poznański,Czerwonak,16,0,16,0.0,52.50837126238957,17.006589792551658,13.013606146883276,8.126877795442375,105.75998683373811,0.1512859492423452,1.4132431627379625,1.4410257809928924,3.924918856654125,6.985399654899873,4,14,54,114,201,9.851119983233176,11.932939262268494,25.834654870077664,97.84919429068252,0,0
wielkopolskie|poznański|Dopiewo,wielkopolskie,poznański,Dopiewo,14,0,14,0.0,52.369321901281914,16.70004538925466,9.271122606040102,11.783515178127798,109.24641394655728,0.12815065954337612,1.8762324815408786,2.017938853638672,4.260522166061906,6.82192846640213,6,14,54,115,200,8.104903323861809,10.10773533421256,26.819659699194897,96.3719205991975,0,0
wielkopolskie|poznański|Kleszczewo,wielkopolskie,poznański,Kleszczewo,13,0,13,0.0,52.32608248451964,17.144923286188238,7.641640266255634,10.110212070446927,77.25860365791098,0.16826604914530902,2.065837169912605,1.7968842874265034,3.55841848470814,5.907944376846707,3,14,57,125,214,9.38220512365721,12.528395137041647,27.58963325071065,103.56785535617244,0,0
wielkopolskie|poznański|Komorniki,wielkopolskie,poznański,Komorniki,10,0,10,0.0,52.327611903640765,16.798437951938205,7.8063887716501705,8.341453538680787,65.11662924359928,0.15357060271947295,1.937119544336736,2.0314810533762753,2.9808673678722,5.421228119542298,7,17,56,117,209,5.748300695923485,8.543705249281762,27.515806459936737,98.79062288816215,0,0
wielkopolskie|poznański|Kostrzyn,wielkopolskie,poznański,Kostrzyn,29,1,28,0.034482758620689655,52.38365111145156,17.250506768390366,11.559604475728355,13.255660613144869,153.2301937524455,0.18925773889480035,1.4578623680481586,1.6119674469833858,4.2917221512108865,6.951469033563462,5,13,56,127,221,9.612255737726741,11.868309574456362,27.370178796565494,103.97015403576466,0,0
wielkopolskie|poznański|Kórnik,wielkopolskie,poznański,Kórnik,22,1,21,0.045454545454545456,52.25307919394677,17.0757577431641,15.277188531643278,12.035627230921603,183.87054630336905,0.11964939704754059,1.8541522241563109,1.9836034323999996,5.023472745824484,9.148520736394044,3,15,58,127,211,9.38220512365721,13.461904851079671,27.717978574836916,103.66901997221053,0,0
wielkopolskie|poznański|Luboń,wielkopolskie,poznański,Luboń,1,1,0,1.0,52.345861763646205,16.87759606509294,0.001,0.001,1e-06,1000000.0,,,0.0,0.0,5,16,56,117,207,5.748300695923485,9.093196681122956,27.529634969028027,99.66757440586284,0,0
wielkopolskie|poznański|Mosina,wielkopolskie,poznański,Mosina,26,1,25,0.038461538461538464,52.235640373115224,16.8783386158327,14.938449937416523,16.87004691628613,252.01235130080838,0.10316954651546319,1.5162945707181983,1.5561266401935205,5.532964687193499,9.80872453045989,6,14,57,125,214,5.827683173523805,10.652688440973373,27.69449305917976,101.17683467060839,0,0
wielkopolskie|poznański|Murowana Goślina,wielkopolskie,poznański,Murowana Goślina,24,1,23,0.041666666666666664,52.59509936420005,17.036328657711113,14.651410032252844,11.197993659060725,164.06639663746603,0.14628223994601577,1.9762856388955699,1.979313189671407,5.01670822230823,8.913645624326948,3,10,52,111,194,9.851119983233176,14.170107699872677,24.635306368626836,95.94372322005557,0,0
wielkopolskie|poznański|Pobiedziska,wielkopolskie,poznański,Pobiedziska,38,1,37,0.02631578947368421,52.484337077590084,17.244414563683186,12.066082873401628,14.649380824402725,176.76064307126393,0.21497998275939562,1.5140674236773735,1.4810378513011706,5.391367762397085,8.398588554921389,4,13,53,124,213,10.930078032268838,12.581200190277164,26.49637661699426,101.77477174351984,0,1
wielkopolskie|poznański|Puszczykowo,wielkopolskie,poznański,Puszczykowo,1,1,0,1.0,52.28618524949072,16.855701334173823,0.001,0.001,1e-06,1000000.0,,,0.0,0.0,6,15,60,123,205,5.827683173523805,9.247069739894146,27.74520194461114,100.27969125811751,0,0
wielkopolskie|poznański|Rokietnica,wielkopolskie,poznański,Rokietnica,16,0,16,0.0,52.506697278949204,16.73998812358555,8.23427829899525,9.444319519255275,77.76715526618096,0.20574238501119518,1.5074169718955237,1.598566354212895,3.3295743766300436,5.642071754781463,5,14,53,111,192,7.792550183641918,11.552723219562878,25.353332638171832,93.87967428023613,0,0
wielkopolskie|poznański|Stęszew,wielkopolskie,poznański,Stęszew,25,1,24,0.04,52.27488349801673,16.657707972305605,17.656742966624623,12.86618157788602,227.17486108265427,0.11004738764164629,1.5093960677912592,1.7120890122030443,5.145262726170394,10.686283887537003,5,16,58,118,203,8.553297280895041,11.149186507715182,26.95113196340999,97.07991628962567,0,0
wielkopolskie|poznański|Suchy Las,wielkopolskie,poznański,Suchy Las,8,0,8,0.0,52.520314888441334,16.853177318502407,9.38878765868586,9.926687036171405,93.19955673684301,0.085837318117174,2.464864248826961,2.7509687037829327,4.12797351150062,6.831088371620367,6,12,53,111,196,7.807803090548345,12.045008491465248,25.40406023881764,95.2778249554625,0,0
wielkopolskie|poznański|Swarzędz,wielkopolskie,poznański,Swarzędz,21,1,20,0.047619047619047616,52.425820419082186,17.102419672404295,13.375071201026707,11.865476186576947,158.70158882955351,0.13232381701328857,1.59769437298711,1.6669363321849453,4.1240662272031825,7.705214565462353,5,15,55,122,210,11.086350995543809,11.329947831648022,26.887934606500167,101.1313843227266,0,1
wielkopolskie|poznański|Tarnowo Podgórne,wielkopolskie,poznański,Tarnowo Podgórne,17,0,17,0.0,52.442150491910304,16.695180228868857,10.467054388421895,13.095645546059956,137.0728341821045,0.12402165681797386,1.9425069982813485,1.9970414676341917,4.611719449840519,6.973497577865939,6,16,52,113,201,7.792550183641918,11.334727358021054,26.06569505120535,94.73877789572013,0,0
wielkopolskie|rawicki|Bojanowo,wielkopolskie,rawicki,Bojanowo,18,1,17,0.05555555555555555,51.69429641192675,16.760324159152624,9.011423099140805,13.699502161443073,123.4520102243575,0.1458056451838039,1.6675601972081688,1.7053484258105431,4.269145768895522,7.605081975631077,5,13,51,125,226,10.648594042074043,13.047573459485676,26.587928612385966,101.41138995556531,0,1
wielkopolskie|rawicki|Jutrosin,wielkopolskie,rawicki,Jutrosin,19,1,18,0.05263157894736842,51.6359604903345,17.16251230355536,12.902946819242315,9.21552292863803,118.90740225972469,0.15978820190267934,1.6970655215045356,1.7505791979121088,4.146552622084212,7.585260796141658,7,13,52,126,239,9.353085328132213,11.833772980682266,27.355052935119897,107.30380599410425,0,0
wielkopolskie|rawicki|Miejska Górka,wielkopolskie,rawicki,Miejska Górka,16,1,15,0.0625,51.6733660414897,16.993678762804777,8.391037716496468,12.338949111049642,103.53658737274812,0.15453474376548132,1.968732096028954,1.949389977092384,3.8933602069798376,6.854825482422926,5,17,53,122,235,8.64316148386935,10.726317580599929,27.242957656078442,105.0197307275422,0,0
wielkopolskie|rawicki|Pakosław,wielkopolskie,rawicki,Pakosław,16,0,16,0.0,51.600979372840776,17.03931074489273,9.260088611781143,8.109210986534688,75.09201230694039,0.21307193013551987,1.4969641740622586,1.6424046794696685,3.3771505330086034,5.431864351565239,3,13,53,123,238,8.64316148386935,12.31519456563237,26.710752402765607,105.18053506018555,0,0
wielkopolskie|rawicki|Rawicz,wielkopolskie,rawicki,Rawicz,21,1,20,0.047619047619047616,51.60274171010945,16.894523528267303,11.19758429606637,11.92797066040466,133.56445695088763,0.1572274576590523,1.5745367544321998,1.6081380277396227,4.538608777401149,7.805862226114839,5,11,52,120,233,10.001755631335268,12.33129089908083,26.327425267533705,102.97499234465072,0,0
wielkopolskie|szamotulski|Duszniki,wielkopolskie,szamotulski,Duszniki,20,0,20,0.0,52.43737412382554,16.461669864373654,13.259615149035147,16.19594346922102,214.7519773773999,0.09313069078219702,2.123441522011002,2.3737321942515037,5.158553995315071,9.566866379886326,4,14,52,108,191,9.653516907339304,12.504394178476579,24.705724564565415,90.44257219572185,0,0
wielkopolskie|szamotulski|Kaźmierz,wielkopolskie,szamotulski,Kaźmierz,22,0,22,0.0,52.507456269674215,16.54578772621149,9.457398704574459,10.982664980459365,103.86744155897168,0.21180843265027666,1.465418321944044,1.5879655965369126,4.256504696570955,6.121793833175359,4,14,51,111,187,8.724286102058038,11.968310445099364,24.475699484904204,90.46501800870313,0,0
wielkopolskie|szamotulski|Obrzycko,wielkopolskie,szamotulski,Obrzycko,12,1,11,0.08333333333333333,52.68758794933088,16.523161674928073,8.73281752522893,11.346487056837223,99.08680101973131,0.12110593819261983,2.1011146284815014,2.231631064418267,3.5405065049141005,6.891848999086381,3,11,44,101,176,8.679277812698796,13.57641654122332,21.654382178784868,85.10224782685579,0,0
wielkopolskie|szamotulski|Ostroróg,wielkopolskie,szamotulski,Ostroróg,10,1,9,0.1,52.63243951280752,16.432092685537015,7.041979237434946,9.460820180938752,66.62289928327623,0.15009854130605532,2.0494703537668344,1.9598724475811253,3.236854691914717,4.878904270936229,5,11,43,101,174,8.679277812698796,11.278477742130272,22.15280774352611,85.09175160141831,0,0
wielkopolskie|szamotulski|Pniewy,wielkopolskie,szamotulski,Pniewy,27,1,26,0.037037037037037035,52.543254226152534,16.318773426690694,19.736138184753003,13.18107557344391,260.14352894116143,0.10378885882687779,1.7187150103314497,1.7883470575660285,5.038302579041057,10.43962801560907,3,11,48,102,184,9.913386585579447,13.37501404006997,22.604059292552638,85.18332926299928,0,0
wielkopolskie|szamotulski|Szamotuły,wielkopolskie,szamotulski,Szamotuły,29,1,28,0.034482758620689655,52.5842162459219,16.572494088329954,13.22797807174812,21.24586419052225,281.039825627567,0.10318822229284579,1.5308553756697136,1.7880983361791047,5.518000815046555,11.754607159117397,5,11,45,106,184,8.724286102058038,11.953222487208834,23.518368828216545,88.92305343569305,0,0
wielkopolskie|szamotulski|Wronki,wielkopolskie,szamotulski,Wronki,28,1,27,0.03571428571428571,52.695829364000915,16.311356150001426,13.48836470797036,15.341921245011521,206.9374290736741,0.13530660028656008,1.8179982590386934,1.8778587499550334,5.2920964000853346,8.95435998705082,3,10,38,95,173,10.324129645058719,13.67347216556207,20.432651414739794,81.06753872326475,0,1
wielkopolskie|słupecki|Lądek,wielkopolskie,słupecki,Lądek,18,0,18,0.0,52.21705020842301,17.90606709725589,4.3662754080003445,17.36058760308228,75.8011067197738,0.23746355137720493,1.59345068425849,1.6819689276589738,4.642746362663402,10.141250450226332,6,15,61,141,247,8.493075218913502,11.73438952925485,30.191962645767255,115.69384238490643,0,0
wielkopolskie|słupecki|Orchowo,wielkopolskie,słupecki,Orchowo,19,0,19,0.0,52.51170930012452,18.024726544518813,8.447193801009922,12.206885871371098,103.11393066228153,0.1842622027689813,1.8282287994628819,1.7320497733496565,3.9870863157462573,6.377987351942163,5,12,60,131,241,10.655423709038837,13.273462947508602,28.710027920762645,112.1927366194727,0,1
wielkopolskie|słupecki|Ostrowite,wielkopolskie,słupecki,Ostrowite,33,0,33,0.0,52.37955792804818,18.014150184075522,13.700149998781253,8.940787920890848,122.4901356234962,0.2694094494387179,1.1776719108095524,1.2586455103800809,3.9629107386161215,7.436270532457437,6,14,60,138,239,7.633791055330551,10.604111699652375,29.95813489651205,114.77802594271631,0,0
wielkopolskie|słupecki|Powidz,wielkopolskie,słupecki,Powidz,9,0,9,0.0,52.43106596158268,17.939752685290568,7.594283814198793,11.253539457904258,85.46257255760976,0.10530925679698161,2.3577401680174486,2.5332029241322243,4.116478390064441,7.145188810656755,4,14,59,133,241,7.633791055330551,11.573400306711223,29.09983354868364,112.67688152103821,0,0
wielkopolskie|słupecki|Strzałkowo,wielkopolskie,słupecki,Strzałkowo,37,0,37,0.0,52.32672998345878,17.79612271223328,12.960154880623882,11.88678051974653,154.05451656789788,0.24017471752405678,1.570419349970923,1.5266452187464783,4.5203517852306625,7.8086430967300435,4,16,59,137,242,10.526116080597758,13.441094406399174,29.040553899438358,112.42819804861466,0,1
wielkopolskie|słupecki|Słupca,wielkopolskie,słupecki,Słupca,49,1,48,0.02040816326530612,52.29067417811317,17.939281172684215,13.509815948897575,17.04601427696753,230.2885155441117,0.2127765680551884,1.0433907499538115,1.199766653562355,4.418457269054213,10.164792123286315,5,15,62,140,239,8.493075218913502,11.136402472997469,30.06230192204656,115.15045961755756,0,0
wielkopolskie|słupecki|Zagórów,wielkopolskie,słupecki,Zagórów,40,1,39,0.025,52.13938229052856,17.907571341612872,8.91373877204543,17.02877682371816,151.7900682140852,0.2635218527182152,1.0493788205373804,1.138358754863228,4.706809799437947,9.188419884534682,5,15,66,136,245,8.63689940742305,11.589034226730792,30.420993185967248,116.61985527333023,0,0
wielkopolskie|turecki|Brudzew,wielkopolskie,turecki,Brudzew,23,0,23,0.0,52.08583035559157,18.611950208993743,8.770401275459358,13.858970679302368,121.54873412230734,0.18922451283496258,1.1851572332099989,1.2679970409535246,4.402957054030283,7.775723641772024,5,17,66,147,267,9.192008852508119,11.030392979423358,32.604281206869814,125.41779387628523,0,0
wielkopolskie|turecki|Dobra,wielkopolskie,turecki,Dobra,35,1,34,0.02857142857142857,51.90024682472278,18.6568443358002,12.63184850495743,12.183647071381172,153.90198404355522,0.22741747104504373,1.240009450380448,1.3361166101949524,4.452814849553456,7.434662855635835,3,12,65,150,274,10.060197153341973,12.695883644647404,31.832529103895958,126.56485504030128,0,0
wielkopolskie|turecki|Kawęczyn,wielkopolskie,turecki,Kawęczyn,26,0,26,0.0,51.902687916013406,18.510267067315727,11.18132585347705,9.91364504425128,110.84769563548149,0.23455607129173014,1.5109644757346001,1.482488712846563,3.7819429505826543,6.278272590931678,6,15,65,147,266,9.591106160330261,10.994011840008204,32.07231963593354,125.4464631346953,0,0
wielkopolskie|turecki|Malanów,wielkopolskie,turecki,Malanów,19,0,19,0.0,51.95212299791988,18.389815006571204,12.64207115503234,10.533632127841804,133.1669268811108,0.14267806913471,1.7988560741881516,1.8585893577368193,3.964652847006318,8.386320914059045,6,16,62,145,259,9.92133692270853,10.90059366682559,32.17626544696769,124.12564908405221,0,0
wielkopolskie|turecki|Przykona,wielkopolskie,turecki,Przykona,28,0,28,0.0,51.994175487388304,18.6428372791844,9.680575351187692,10.635592639845934,102.95865595456577,0.2719538220502413,1.2230786760473118,1.3514309797127755,4.052693521635846,6.132687976400718,5,15,65,151,271,9.535923644799567,10.966082438449533,32.264501112879735,126.12705742181657,0,0
wielkopolskie|turecki|Tuliszków,wielkopolskie,turecki,Tuliszków,19,1,18,0.05263157894736842,52.07005007088365,18.315462799273863,11.743421338775063,12.066523148130809,141.7022654225826,0.1340839537274754,1.9780587922713702,1.9896114988844913,4.588349167559735,6.90838954202639,7,18,67,142,256,10.550314835556888,12.057083842783827,32.073911850041945,122.55176478182833,0,1
wielkopolskie|turecki|Turek,wielkopolskie,turecki,Turek,23,1,22,0.043478260869565216,52.01638050273659,18.50827680152214,11.29727554662397,12.533535761416983,141.59480707019313,0.162435335559998,1.6821360619578596,1.4488425694028342,4.44358809914602,7.607896944500215,6,15,64,145,270,9.535923644799567,11.164616040814005,32.324522909919565,124.8748053254804,0,0
wielkopolskie|turecki|Władysławów,wielkopolskie,turecki,Władysławów,23,0,23,0.0,52.12138539344222,18.449366795379206,10.385186120350692,9.189058156834193,95.43007922944977,0.24101415597381362,1.4321761488704858,1.3513109807260302,3.480105171306465,6.47182994122039,5,17,69,146,259,8.442537821955485,10.615325979889287,32.44417499194666,123.61670018364866,0,0
wielkopolskie|wolsztyński|Przemęt,wielkopolskie,wolsztyński,Przemęt,25,0,25,0.0,52.00014039897048,16.303548708487504,12.70899722368146,19.335882473480943,245.7396766729003,0.10173367336719115,2.012078081698137,1.9970317000720146,6.488671571250617,10.640387050563985,3,12,61,122,201,8.785372035228871,13.605155055138388,25.383207975832573,92.75296487928688,0,0
wielkopolskie|wolsztyński|Siedlec,wielkopolskie,wolsztyński,Siedlec,26,0,26,0.0,52.154128911951794,15.981225932409593,16.302932969834195,13.990846063645314,228.09182556687816,0.11398917929383057,1.9268554042216828,1.855616709620001,5.6181362022363235,9.956628342135122,4,11,50,114,183,11.219750616226026,13.085740858495319,23.251793000865646,84.30300466206222,0,1
wielkopolskie|wolsztyński|Wolsztyn,wielkopolskie,wolsztyński,Wolsztyn,28,1,27,0.03571428571428571,52.090246023631224,16.119090784760992,18.227789968246572,17.524338701324222,319.4299651801528,0.08765614704997542,1.9684211223014592,1.9441918560144562,5.523718427537358,13.054927260676676,2,14,50,115,193,11.172907177558502,14.73831365908706,24.154646145837283,88.04418702052675,0,1
wielkopolskie|wrzesiński|Kołaczkowo,wielkopolskie,wrzesiński,Kołaczkowo,17,0,17,0.0,52.21850742955606,17.650747525041623,12.937466622501647,11.131479480812843,144.0131442420781,0.11804478049186914,2.300221323583115,2.069862851323404,4.457088111823148,7.547563518748944,3,13,61,135,232,9.134710916197452,13.093235611965543,28.935626999896858,111.9344902240066,0,0
wielkopolskie|wrzesiński|Miłosław,wielkopolskie,wrzesiński,Miłosław,21,1,20,0.047619047619047616,52.19604937331152,17.521798276190545,13.65845096373731,9.32275584836102,127.33440360173422,0.16492007977421422,1.734597190814104,1.8052074091711714,4.233858612818143,8.359033431510547,5,12,63,138,231,9.134710916197452,13.376365991812772,28.600655546640223,110.41616833816671,0,0
wielkopolskie|wrzesiński|Nekla,wielkopolskie,wrzesiński,Nekla,17,1,16,0.058823529411764705,52.338779117024536,17.437439798196305,12.858719826029647,7.974338202025031,102.53978073784488,0.1657893149143991,1.7263940571094667,1.781672874901615,3.358084928320494,7.829067995859326,5,14,57,130,226,6.479424196573995,11.396774342745449,27.994617462105218,107.30546801001432,0,0
wielkopolskie|wrzesiński|Pyzdry,wielkopolskie,wrzesiński,Pyzdry,27,1,26,0.037037037037037035,52.14430618723383,17.723784383544526,14.310953226720397,10.55949129380763,151.11638600364225,0.17867023367902166,1.42864838952488,1.4343832318625838,4.369286214494754,7.589884366355655,6,15,64,139,240,9.6370840521972,12.184496684119186,29.48148036964774,113.8724463977511,0,0
wielkopolskie|wrzesiński|Września,wielkopolskie,wrzesiński,Września,48,1,47,0.020833333333333332,52.33496910198979,17.580654513763758,16.615980537849488,15.915102569469987,264.44503455219166,0.1815121999975635,1.5073751939157713,1.5626002019658518,5.674454721431285,9.93138795378608,6,13,59,130,233,9.739534402831211,12.698760528646892,28.25581320326664,109.26837333015239,0,0
wielkopolskie|wągrowiecki|Damasławek,wielkopolskie,wągrowiecki,Damasławek,19,0,19,0.0,52.84079283824745,17.439756277826884,9.622164026986189,9.247774314762724,88.98360134119673,0.21352248856670597,1.6040015165079917,1.6233073154397824,3.6739747155465,5.835402439471428,4,9,47,109,206,8.232959080915037,12.504587960266454,23.76112528073267,95.82332716279754,0,0
wielkopolskie|wągrowiecki|Gołańcz,wielkopolskie,wągrowiecki,Gołańcz,22,1,21,0.045454545454545456,52.94304765146848,17.308261850354857,10.677365687658051,14.222744570809143,151.86144486468237,0.1448688969053555,1.7233550000413234,1.8179531275009062,4.6564870708932915,8.287384419416746,5,10,42,100,187,11.85049759060276,13.532427336895495,22.46278353351086,91.15322969990638,0,1
wielkopolskie|wągrowiecki|Mieścisko,wielkopolskie,wągrowiecki,Mieścisko,27,1,26,0.037037037037037035,52.7284516302784,17.34161711834992,12.317315971121932,11.130306208848184,137.09549842972334,0.19694300913782736,1.6379476052238453,1.6892687449909147,4.687409229351032,7.867318525613162,6,11,48,115,204,12.289330491802367,13.440626592207641,24.287957687624417,97.14280636968903,0,1
wielkopolskie|wągrowiecki|Skoki,wielkopolskie,wągrowiecki,Skoki,29,1,28,0.034482758620689655,52.66499093383531,17.184670423796014,14.193069658305648,16.625624418285515,235.96864548155364,0.12289768388854448,1.878408631425854,1.9975900566251783,5.418459375302158,8.656984883216513,3,11,50,117,193,11.790418583131268,14.123883775660662,24.249350184792196,96.326731873011,0,1
wielkopolskie|wągrowiecki|Wapno,wielkopolskie,wągrowiecki,Wapno,8,0,8,0.0,52.911331055141325,17.477041124580644,5.044867370154298,3.641228773342011,18.36951622590007,0.4355041200660697,1.5423197856523543,1.5994051078963927,2.0049107886044286,3.1167509541911675,3,9,45,107,198,8.232959080915037,12.898874157437296,23.302262473934224,94.57839907554798,0,0
wielkopolskie|wągrowiecki|Wągrowiec,wielkopolskie,wągrowiecki,Wągrowiec,53,1,52,0.018867924528301886,52.824192485629645,17.20397952808657,20.574007030245532,22.15644272402253,455.84680836927197,0.11626712971754714,1.9064524054995253,1.7887083760292455,7.532091803397972,12.395391415994618,2,10,47,107,183,14.108491571471491,15.757571455564863,22.74473396983081,92.43794987303409,0,1
wielkopolskie|złotowski|Jastrowie,wielkopolskie,złotowski,Jastrowie,8,1,7,0.125,53.43639965699491,16.647213874091868,8.304178822758868,21.303182482875705,176.9054368316641,0.04522190014777482,2.897962525202021,3.480907361138809,6.075585542423038,11.495623543236556,0,4,28,69,141,17.803331407223332,21.65074787253307,14.531301505133893,67.098902305032,0,1
wielkopolskie|złotowski|Krajenka,wielkopolskie,złotowski,Krajenka,17,1,16,0.058823529411764705,53.27211859526145,16.973993759358255,10.492310594811881,12.238780907696958,128.41309058541017,0.13238525700534365,1.6747019923546156,1.9438946352426971,4.3114948738405525,8.680449217710427,3,11,34,77,151,10.554794015147802,14.268727960232681,18.38659487160769,76.99585336404807,0,1
wielkopolskie|złotowski|Lipka,wielkopolskie,złotowski,Lipka,19,0,19,0.0,53.487708688231216,17.23111538737603,11.205316832381815,19.820456276436225,222.0944923398386,0.08554917233574207,2.1803639271026283,2.4065847527613364,5.548988824605774,11.478734170065515,2,9,34,80,153,7.473403501109895,15.067447828769906,17.779945934735693,75.26355788179009,0,0
wielkopolskie|złotowski|Okonek,wielkopolskie,złotowski,Okonek,21,1,20,0.047619047619047616,53.56080355965334,16.832255542366696,19.19669102914824,17.563515138845034,337.1613735061758,0.062284714828447996,2.614214300205474,2.6388783105789417,6.757164670632965,12.909030463945365,0,4,28,68,143,17.413888910945776,21.340121825809497,14.670515925353634,66.77679306283135,0,1
wielkopolskie|złotowski|Tarnówka,wielkopolskie,złotowski,Tarnówka,9,0,9,0.0,53.33455802894776,16.85435418738639,11.437627960753238,7.464954871746887,85.38137656685329,0.10540940380544268,3.038258974417679,2.801410207767281,4.303832916287657,7.212267768000266,2,7,34,70,145,10.554794015147802,17.162947800451775,16.754873096588906,73.10045220356288,0,1
wielkopolskie|złotowski|Zakrzewo,wielkopolskie,złotowski,Zakrzewo,17,0,17,0.0,53.414470035460084,17.15762216471823,10.762673540922822,12.866532436112294,138.47828821357106,0.12276292709353391,1.580859603171191,1.7269552464542832,4.420879315267728,7.7028845248157465,2,7,36,76,146,8.594691437757772,14.59899158508268,18.004194549902117,76.06394453873158,0,0
wielkopolskie|złotowski|Złotów,wielkopolskie,złotowski,Złotów,29,1,28,0.034482758620689655,53.37001525038668,17.051589917825346,27.537894220180824,21.64989225520234,596.1924428020741,0.048642012071977096,1.9760993921861345,2.244595800195804,7.940680260493327,15.212568586123812,3,7,34,77,149,8.594691437757772,14.288017619140575,17.804796253824243,75.52629882911917,0,0
wielkopolskie|średzki|Dominowo,wielkopolskie,średzki,Dominowo,21,0,21,0.0,52.29034498885866,17.384443790889794,10.141880159071677,10.74353517170615,108.95964619621532,0.19273190335239387,1.5293624045472662,1.317986298235157,3.971508624363574,7.014008155665071,5,14,60,132,223,6.479424196573995,11.358335897119794,28.13449523696401,107.36804217520056,0,0
wielkopolskie|średzki|Krzykosy,wielkopolskie,średzki,Krzykosy,19,0,19,0.0,52.13404901718885,17.345369908390804,8.344504768850117,14.213113638998236,118.60139454082942,0.16020047718291464,1.7139808807513077,1.8268801583480805,4.207604059287914,7.381027966714371,5,14,59,132,227,8.800224685600375,11.568966702111606,28.37410671853665,108.70205482265918,0,0
wielkopolskie|średzki|Nowe Miasto nad Wartą,wielkopolskie,średzki,Nowe Miasto nad Wartą,20,0,20,0.0,52.05754796372827,17.378372777314944,8.81996992991381,13.439613734643844,118.53698900921535,0.16872370529375563,1.6367382200640037,1.727982545747532,4.2169915152802036,8.39663829574083,4,12,62,134,232,8.800224685600375,12.229017377747155,28.531734440527828,109.81377788198472,0,0
wielkopolskie|średzki|Zaniemyśl,wielkopolskie,średzki,Zaniemyśl,24,1,23,0.041666666666666664,52.161348771999286,17.18773722463308,11.385122208144987,9.096595856607472,103.5658555055814,0.2317366074256644,1.4945939905953807,1.4563551724426622,3.813619547526575,6.0217624562766465,5,12,64,133,221,11.175822993294247,12.468209194053404,27.98969099054339,106.24343586054893,0,1
wielkopolskie|średzki|Środa Wielkopolska,wielkopolskie,średzki,Środa Wielkopolska,46,1,45,0.021739130434782608,52.231576100671674,17.3109202422055,14.039235057967916,21.05165942821338,295.5491950729741,0.15564244723671852,1.416792022686757,1.453183856097246,5.73323663378759,11.91052792335715,5,12,60,135,218,8.230610602737631,12.07911360135599,28.14300808255619,107.1613488500069,0,0
wielkopolskie|śremski|Brodnica,wielkopolskie,śremski,Brodnica,15,0,15,0.0,52.145430271848475,16.88827894587472,6.190725224152809,11.705752126650816,72.4670949581376,0.20699049697887187,1.4637853899979894,1.6412187563650527,3.4536415923881854,5.8985433627541335,3,13,57,129,213,9.169000837077649,12.460454509572497,27.503009806827134,102.12017633975896,0,0
wielkopolskie|śremski|Dolsk,wielkopolskie,śremski,Dolsk,24,1,23,0.041666666666666664,51.99448826999018,17.08272792126957,11.433468736132816,11.633595353900615,133.01234876764266,0.18043437487090203,1.7796035141841466,1.720940664639447,4.056764059577705,6.4736830260328935,5,13,60,128,228,10.949186290906129,12.603152820106903,27.946237846528806,106.08071642262705,0,1
wielkopolskie|śremski|Książ Wielkopolski,wielkopolskie,śremski,Książ Wielkopolski,27,1,26,0.037037037037037035,52.0503853992852,17.214465148975368,13.896248887012941,12.021813847920187,167.05811730403767,0.16162040154481874,1.604663860206736,1.7108196955090056,4.237765446454224,8.403095564109142,6,13,62,127,227,10.949186290906129,12.27074174977623,28.189706661959026,107.59508443712944,0,1
wielkopolskie|śremski|Śrem,wielkopolskie,śremski,Śrem,36,1,35,0.027777777777777776,52.086188389262226,17.014385272702718,17.00566981645658,17.750890317120394,301.86577968108566,0.11925830095094973,1.785655901213588,1.7758497084020544,5.858483735263926,10.02414419509996,4,14,63,125,221,10.841495998575656,13.199444399953459,27.672131317678254,104.42890417906719,0,1
zachodniopomorskie|Koszalin|Koszalin,zachodniopomorskie,Koszalin,Koszalin,1,1,0,1.0,54.1902337226458,16.1818996076445,0.001,0.001,1e-06,1000000.0,,,0.0,0.0,5,6,25,53,84,9.415763921406183,11.764121016442594,12.498145917361926,44.27016993676094,0,0
zachodniopomorskie|Szczecin|Szczecin,zachodniopomorskie,Szczecin,Szczecin,1,1,0,1.0,53.425109843105,14.550810973941,0.001,0.001,1e-06,1000000.0,,,0.0,0.0,2,7,24,55,86,9.315770157985162,15.977941657032863,11.479303079603815,38.65512956168047,0,0
zachodniopomorskie|białogardzki|Białogard,zachodniopomorskie,białogardzki,Białogard,37,1,36,0.02702702702702703,53.993192216635066,15.98002037635459,20.94574612039155,23.754277180879548,497.55105910411334,0.07436422719433443,1.9944118133957256,2.064949333179886,7.222516695272249,12.84609428115651,1,9,33,58,96,12.001853603225651,16.199514671756646,14.118963112775154,48.824045770217054,0,1
zachodniopomorskie|białogardzki|Karlino,zachodniopomorskie,białogardzki,Karlino,22,1,21,0.045454545454545456,54.049950551307894,15.82374833142831,18.00767619138585,11.664947508888579,210.05859752957855,0.10473268058881598,1.7693203838836102,1.9325634982813633,5.5142826201001025,10.317468324844114,3,13,30,56,87,9.592380657404064,13.138476366512544,13.994029565111408,45.77924698160441,0,0
zachodniopomorskie|białogardzki|Tychowo,zachodniopomorskie,białogardzki,Tychowo,26,1,25,0.038461538461538464,53.93467141848522,16.242508578650977,18.60339029560885,22.138447086067195,411.85017168079247,0.06312975394399373,2.273856462247208,2.421723492114538,7.003385549770292,12.41187909032498,0,8,30,61,107,16.793906125393576,19.071988058721747,13.64256709617509,52.308063129887124,0,1
zachodniopomorskie|choszczeński|Bierzwnik,zachodniopomorskie,choszczeński,Bierzwnik,15,0,15,0.0,53.049565596657054,15.68492635047422,13.248412227443103,13.714494336043012,181.6952744548314,0.08255580694108217,2.560614368887896,2.2000272525092894,5.354912870453591,8.524939899586178,2,8,30,81,146,11.354453260463144,16.028809015769504,16.4031996135055,64.26637590398752,0,1
zachodniopomorskie|choszczeński|Choszczno,zachodniopomorskie,choszczeński,Choszczno,25,1,24,0.04,53.17247860206411,15.450351011316465,13.658183447503765,21.765392081387414,297.27571785443513,0.08409701330615092,2.317965226068893,2.289826342045716,6.352643627443033,12.17210275894731,2,9,40,76,134,10.20610339662631,14.531407078172148,16.807143338921342,59.95684595124004,0,0
zachodniopomorskie|choszczeński|Drawno,zachodniopomorskie,choszczeński,Drawno,10,1,9,0.1,53.18842995292211,15.751938791270778,18.171279402232855,13.745666371848017,249.77634421272668,0.04003581696865302,3.666678633211876,3.604775010838261,7.039741674706461,11.579532883495629,0,6,32,76,142,15.253810174828999,17.795834866334662,15.526414775057836,62.55336186988387,0,1
zachodniopomorskie|choszczeński|Krzęcin,zachodniopomorskie,choszczeński,Krzęcin,8,0,8,0.0,53.086129249050344,15.502214738027238,8.251371783173525,8.069924603759475,66.58794816779871,0.12014186080400541,2.5043089978637383,2.9491429114907284,3.451585054313792,5.63233939245761,3,7,37,80,136,10.20610339662631,14.69413956629092,16.79535260838425,61.684929679945796,0,0
zachodniopomorskie|choszczeński|Pełczyce,zachodniopomorskie,choszczeński,Pełczyce,13,1,12,0.07692307692307693,53.031701267832844,15.331885810694597,11.380477829636881,12.05060753862481,137.1416719269747,0.0947924858822069,2.556898309511656,2.5456597401624594,4.134853558124177,6.949659278794549,2,10,40,78,127,12.182098125284904,15.715843053385663,16.98900766158941,59.994683782139035,0,1
zachodniopomorskie|choszczeński|Recz,zachodniopomorskie,choszczeński,Recz,12,1,11,0.08333333333333333,53.24817146680127,15.545700515474339,9.656856869410502,7.846937635757748,75.77675361170301,0.1583599115566586,1.8529193853071284,1.9634083245914082,4.1345993682988675,5.901658482332311,3,9,37,73,137,10.543112107715599,14.659781306162682,16.326542809133926,59.85486959055676,0,1
zachodniopomorskie|drawski|Czaplinek,zachodniopomorskie,drawski,Czaplinek,30,1,29,0.03333333333333333,53.57657949960597,16.236892553405088,21.276502764838842,20.93309631954719,445.3830817194836,0.067357744897223,2.2400943589853703,2.168858682304476,7.14267170568207,12.903447754353675,1,5,24,75,131,14.064317577339843,18.19663119308608,13.788717667611065,59.70539488822741,0,1
zachodniopomorskie|drawski|Drawsko Pomorskie,zachodniopomorskie,drawski,Drawsko Pomorskie,37,1,36,0.02702702702702703,53.55561158716788,15.823825178343853,27.01977798804992,18.320691145922424,495.0210073504558,0.0747443026671501,2.2172371869817322,2.2296637954926966,7.500429407809339,15.598381374276427,1,5,31,74,127,13.922213203032571,17.521840007208265,14.790149829149627,56.98771471561751,0,1
zachodniopomorskie|drawski|Kalisz Pomorski,zachodniopomorskie,drawski,Kalisz Pomorski,21,1,20,0.047619047619047616,53.32277960189923,15.883171319689785,15.954100783339044,26.731986322906007,426.48480393448335,0.04923973798425423,3.4480796062187316,2.830502020563282,6.968603147353396,16.395518532284274,0,5,29,71,145,17.302729338910552,20.341550534274745,14.650357086114486,61.32019355297115,0,1
zachodniopomorskie|drawski|Wierzchowo,zachodniopomorskie,drawski,Wierzchowo,13,0,13,0.0,53.43641994290267,16.14684044695664,8.999442067057586,19.43114468974517,174.8694609319753,0.07434116815318047,2.5213760061227566,2.3013185771206026,5.670592931279982,11.30680365650719,1,6,27,75,144,12.113877389713984,18.518511292233523,14.048374463908017,61.56237831806581,0,1
zachodniopomorskie|drawski|Złocieniec,zachodniopomorskie,drawski,Złocieniec,19,1,18,0.05263157894736842,53.59222998464791,16.025465158621483,25.585249211156906,12.875483246144421,329.42244756668055,0.05767670096663369,2.6653109848632397,2.651714023019809,7.901185747723844,15.886817567387412,2,5,28,73,130,13.922213203032571,16.997976719665285,14.264794835960176,57.81529617376319,0,1
zachodniopomorskie|goleniowski|Goleniów,zachodniopomorskie,goleniowski,Goleniów,34,1,33,0.029411764705882353,53.54648010765232,14.817640646711506,24.316895826752734,22.819780303951692,554.9062204405772,0.06127161445947592,1.998577286457234,2.2339462061309523,8.070424026094022,13.334896299353277,1,8,34,64,93,14.373747926310934,18.793391672111348,13.424366596785413,43.375940660680286,0,1
zachodniopomorskie|goleniowski|Maszewo,zachodniopomorskie,goleniowski,Maszewo,21,1,20,0.047619047619047616,53.51632527923857,15.063523268200598,14.457857272553861,18.45904450026246,266.878230772515,0.07868757200320413,2.325055090088817,2.281058551429457,6.231766661896909,10.73492369341725,3,9,36,73,106,9.986306851083993,14.171692938595248,15.554538565111422,49.18306758346569,0,0
zachodniopomorskie|goleniowski|Nowogard,zachodniopomorskie,goleniowski,Nowogard,35,1,34,0.02857142857142857,53.70220338063079,15.115135140052612,20.029023229149796,19.535275896066693,391.2724947101699,0.08945172603028435,2.4603228343872297,2.312889015646599,7.011681938860005,11.479699141364136,1,9,38,67,95,12.022642149280212,17.38584120290799,14.542842710635206,46.159146399886765,0,1
zachodniopomorskie|goleniowski|Osina,zachodniopomorskie,goleniowski,Osina,9,0,9,0.0,53.61983794882262,14.996927699995645,9.425832100067362,10.15444194117394,95.71406480738767,0.09403006776602112,2.9433584072745163,3.043495072453654,3.8011481648492245,6.871669461453274,3,7,37,67,96,12.022642149280212,14.925845886948247,14.454728312008186,45.81770814150681,0,1
zachodniopomorskie|goleniowski|Przybiernów,zachodniopomorskie,goleniowski,Przybiernów,15,0,15,0.0,53.73575588834309,14.820526443724274,13.414719215632179,14.733550972338818,197.64644934312972,0.07589309117290959,1.730687549992463,1.7691898208621484,6.394490516215449,8.94126701085443,2,7,32,58,82,13.067611054573183,16.8970836463885,12.400388234637564,39.666423058514425,0,1
zachodniopomorskie|goleniowski|Stepnica,zachodniopomorskie,goleniowski,Stepnica,12,1,11,0.08333333333333333,53.703244242200554,14.629676924225102,12.515217522572344,7.709071011004116,96.4807005996732,0.12437720627456396,1.6014547871862308,1.6143146191722773,4.573963945714822,6.9548918471536165,1,6,26,51,75,13.067611054573183,18.289969904751175,10.785317553936887,35.96695665958687,0,1
zachodniopomorskie|gryficki|Brojce,zachodniopomorskie,gryficki,Brojce,8,0,8,0.0,53.9582862024964,15.350101697413844,9.292975776608964,9.774998100000653,90.83882055970471,0.08806807431787295,2.684734349026407,2.828657547308695,4.074294176397625,6.941300797084345,4,10,32,59,85,9.849526394579158,12.940261280632848,13.800758189317207,43.06429444238088,0,0
zachodniopomorskie|gryficki|Gryfice,zachodniopomorskie,gryficki,Gryfice,34,1,33,0.029411764705882353,53.91240286115439,15.163533094772955,18.304963980547235,14.674191427431776,268.6105455227937,0.12657730892071337,1.5748732066633448,1.7167058513880824,6.347039076586495,10.872053166213094,4,11,32,57,85,11.953681888399597,14.167152681792412,13.423889306882439,41.62805158209956,0,1
zachodniopomorskie|gryficki|Karnice,zachodniopomorskie,gryficki,Karnice,19,0,19,0.0,54.035220574976464,15.085730055127883,13.102954277326978,13.847312996605854,181.44070905836213,0.10471740382081768,1.9984825231307717,2.1386530221433215,5.1279698658863175,8.305744227413413,4,8,25,48,75,6.546760473202318,12.982786410088739,11.304830474415127,36.234438254668646,0,0
zachodniopomorskie|gryficki|Płoty,zachodniopomorskie,gryficki,Płoty,20,1,19,0.05,53.83624669404077,15.292229863303325,15.484361404296227,20.557408077876406,318.3183362134369,0.06283018514707779,2.0708303744818313,2.308362053798323,6.738472215637342,11.722530461825144,3,8,37,66,92,10.486095953121469,15.240490759436579,14.50116068727197,45.70855352102225,0,1
zachodniopomorskie|gryficki|Rewal,zachodniopomorskie,gryficki,Rewal,7,0,7,0.0,54.079556795930856,15.019731992220505,4.708898857919126,12.089936175535207,56.93028664929287,0.1229573995142873,1.5911664578532834,2.078955107541634,3.3896886441081295,6.879487616962835,2,6,22,42,70,6.546760473202318,15.305163713848126,9.882104107023348,33.35735991338924,0,0
zachodniopomorskie|gryficki|Trzebiatów,zachodniopomorskie,gryficki,Trzebiatów,19,1,18,0.05263157894736842,54.060524029211344,15.27259710354049,12.929650632057973,15.986908348515481,206.70513963303608,0.0919183723913722,1.8685995985043318,2.038910013972877,5.35326346408027,8.409451444367097,2,9,26,50,77,12.445400230079727,14.94821058864186,11.783653973591138,38.220151188659116,0,1
zachodniopomorskie|gryfiński|Banie,zachodniopomorskie,gryfiński,Banie,12,0,12,0.0,53.09479747453313,14.65139645667429,13.450049752115277,11.932002140852532,160.48602243681256,0.0747728669312912,2.892849227346071,2.860234176525888,5.156465497288965,8.443347821996003,3,10,28,62,90,9.11454601379185,14.198457397446901,13.756539017128475,44.88936505673277,0,0
zachodniopomorskie|gryfiński|Cedynia,zachodniopomorskie,gryfiński,Cedynia,14,1,13,0.07142857142857142,52.88352731239991,14.223419936949501,18.680981009857774,10.197895175155313,190.50668610759664,0.07348823438193089,2.370760308964912,2.977684572412641,5.5885615002031965,10.52501172511826,1,3,12,37,66,11.30473954084121,20.976678896486245,7.452361058519889,31.930095203018567,0,1
zachodniopomorskie|gryfiński|Chojna,zachodniopomorskie,gryfiński,Chojna,21,1,20,0.047619047619047616,52.97002494150919,14.430901516943507,18.807030287137493,18.725694377050143,352.1747012968623,0.05962949616388899,2.9757557492184836,2.8638923313368387,7.600043746511328,13.645416640302612,2,6,23,50,77,11.517842701060548,15.591795702843104,10.64149982039182,38.54637285492517,0,1
zachodniopomorskie|gryfiński|Gryfino,zachodniopomorskie,gryfiński,Gryfino,24,1,23,0.041666666666666664,53.228202969061805,14.54127133175452,19.640534907423476,12.916250533252935,253.68206947138134,0.09460660759355527,1.8555330773340943,2.036868250512345,5.8085340570813955,10.71547151959528,2,7,27,56,88,14.44778831860148,15.459188682626394,12.013365979524135,40.58192226280463,0,1
zachodniopomorskie|gryfiński|Mieszkowice,zachodniopomorskie,gryfiński,Mieszkowice,13,1,12,0.07692307692307693,52.779619170302425,14.454819340485852,12.160152493404853,19.62266200771889,238.61456234040355,0.05448116775645242,1.8902070855834063,2.2255932470312323,6.38612554739177,11.658147924059842,2,6,22,44,75,10.88423759768356,16.404260437789876,10.322254714554628,39.14173629701732,0,1
zachodniopomorskie|gryfiński|Moryń,zachodniopomorskie,gryfiński,Moryń,10,1,9,0.1,52.86938675345444,14.39023302950169,7.850710237819909,10.923539328643095,85.75754204060676,0.11660781969782825,1.6420968493948913,2.174029572157038,3.6394409737754456,6.207606844914614,3,5,20,43,74,10.88423759768356,15.03557103093036,9.922795588263643,37.32134410730438,0,1
zachodniopomorskie|gryfiński|Stare Czarnowo,zachodniopomorskie,gryfiński,Stare Czarnowo,11,0,11,0.0,53.289795337569714,14.754464846153267,7.708968114828059,14.43728507900145,111.29657033870507,0.098835031183118,2.310048713866622,2.2900480368899236,4.987737127404395,7.492613022821782,2,10,34,62,98,8.975493186446569,13.912478347497778,14.523434056194215,45.980370260429005,0,0
zachodniopomorskie|gryfiński|Trzcińsko-Zdrój,zachodniopomorskie,gryfiński,Trzcińsko-Zdrój,13,1,12,0.07692307692307693,52.93341148217324,14.632482792754255,12.985214182575893,13.60946052818739,176.72175986782568,0.07356196548587453,2.336675827280865,2.475795290851695,4.776740986241421,8.019839710980904,2,9,32,59,85,14.104997573148033,17.030557184276848,13.081919671272866,44.78052213730802,0,1
zachodniopomorskie|gryfiński|Widuchowa,zachodniopomorskie,gryfiński,Widuchowa,12,0,12,0.0,53.10543560540547,14.459849099125334,13.52970123602379,11.757645559925777,159.07743166485741,0.07543496192018909,3.5687616475137247,3.3529889521051537,5.375733913980169,7.765090998607104,2,6,26,53,81,12.842978271740815,17.40198311823413,10.989218813665026,38.92295038739041,0,1
zachodniopomorskie|kamieński|Dziwnów,zachodniopomorskie,kamieński,Dziwnów,3,1,2,0.3333333333333333,54.02151787159803,14.74997147122582,3.2258151257717342,7.524011708373495,24.271070775354847,0.12360394099489991,3.5928351849686213,3.9347479229917526,2.868099033089616,4.262548351940041,2,7,18,38,63,9.18988516648347,16.4043547883457,8.78506138559483,30.386848297019764,0,0
zachodniopomorskie|kamieński|Golczewo,zachodniopomorskie,kamieński,Golczewo,18,1,17,0.05555555555555555,53.83721547046174,14.948977044461852,11.810235784608725,15.313942164811621,180.86126775828663,0.09952379646070066,1.7538850626791143,1.7178483455107765,5.025667660648531,9.618765484162072,2,10,29,55,82,13.676275206274736,15.606967421592122,12.736844768113567,39.882300088627694,0,1
zachodniopomorskie|kamieński|Kamień Pomorski,zachodniopomorskie,kamieński,Kamień Pomorski,30,1,29,0.03333333333333333,53.94485195803712,14.802464688250621,17.98653530256924,15.418340807995788,277.3225312500602,0.10817729040901175,1.9881528537785857,1.8717274754083593,5.65188473287128,9.705339924981223,3,9,22,46,70,9.18988516648347,13.60855289479154,10.57370196049621,33.97950452651649,0,0
zachodniopomorskie|kamieński|Międzyzdroje,zachodniopomorskie,kamieński,Międzyzdroje,4,1,3,0.25,53.89167659199818,14.439187293656968,6.741074450697129,1.2268890766406213,8.270550608381484,0.48364373660277804,1.2655681576991493,1.9813755298593532,2.06996170116488,4.137889375113335,2,6,17,33,58,12.685589159498317,19.884248733016587,7.399410031087679,27.383262422381424,0,1
zachodniopomorskie|kamieński|Wolin,zachodniopomorskie,kamieński,Wolin,43,1,42,0.023255813953488372,53.88240781103761,14.638041204609612,22.432966722560693,16.749129285523406,375.7326598940133,0.11444307240187596,1.6524464923676572,1.6308904221273928,6.7538669985436375,11.875592113886134,2,7,21,41,67,12.81323945973006,16.633181603419878,9.59374702164441,32.13453295856007,0,1
zachodniopomorskie|kamieński|Świerzno,zachodniopomorskie,kamieński,Świerzno,15,0,15,0.0,53.96017376748029,14.953972946223862,14.759215922373128,7.2448906280328575,106.92890511311441,0.14028012335983706,1.667261195833008,1.7608236756612163,4.896477965221947,7.555380645633623,6,8,26,51,75,10.059022564506623,12.877952710345005,11.626196065677293,36.49163721625878,0,0
zachodniopomorskie|koszaliński|Biesiekierz,zachodniopomorskie,koszaliński,Biesiekierz,13,0,13,0.0,54.14398035021932,16.038607704079304,10.80844695314731,11.225232065717227,121.32732531907286,0.10714816275568532,1.8261322344834794,1.8812383756629207,4.383030455465194,8.653779514264523,4,10,27,53,86,9.022379202653312,11.716690980280891,13.145868196033161,44.6532690949157,0,0
zachodniopomorskie|koszaliński|Bobolice,zachodniopomorskie,koszaliński,Bobolice,28,1,27,0.03571428571428571,53.98384064430329,16.53684291918974,14.11996364324053,21.62495246651605,305.34354261401126,0.09169999064101764,2.092576761735522,2.328705173414351,6.599615966365578,12.396696325346488,0,5,28,60,108,16.991723590710503,19.355927668325965,13.151637741378932,53.56227942729509,0,1
zachodniopomorskie|koszaliński|Będzino,zachodniopomorskie,koszaliński,Będzino,25,0,25,0.0,54.203533192871326,15.944454553033074,9.675634200651444,18.754779684274883,181.46438773885296,0.13776807841755553,1.7209869836915246,1.7962002299828688,5.047389595058676,11.51623215523851,3,8,24,48,80,5.706295365114386,11.667799978479895,12.012041191160794,41.310498543734965,0,0
zachodniopomorskie|koszaliński|Manowo,zachodniopomorskie,koszaliński,Manowo,10,0,10,0.0,54.11144615983195,16.33570080428793,13.140283706064086,12.816283840867774,168.40960572644724,0.059379035755497814,3.0429335880872355,3.280052548550151,5.412162710566008,10.359117941652729,3,8,28,57,94,10.803435876996824,15.519075841572175,13.064741806030812,48.31547093856683,0,1
zachodniopomorskie|koszaliński|Mielno,zachodniopomorskie,koszaliński,Mielno,5,1,4,0.2,54.248748548212305,15.985973235668018,2.005890457443994,8.57698903560864,17.20450046012914,0.29062163191470364,2.0133840647227896,2.1245730790335706,2.547729445471636,4.433947455033179,3,8,22,47,78,5.706295365114386,13.668069327078234,11.051834149947165,39.76094873015724,0,0
zachodniopomorskie|koszaliński|Polanów,zachodniopomorskie,koszaliński,Polanów,32,1,31,0.03125,54.128991202551646,16.635921932339244,22.853383194999314,21.593274504344745,493.4793766825993,0.06484566835420573,2.1197966515498146,2.095779860377297,7.805123035145054,15.425535182404444,0,5,31,62,101,16.83452961214277,19.13228873303499,12.820305168853835,50.65031516881436,0,1
zachodniopomorskie|koszaliński|Sianów,zachodniopomorskie,koszaliński,Sianów,26,1,25,0.038461538461538464,54.24169710243239,16.3289536416764,15.638160867230706,20.854535472925253,326.1265805369743,0.07972364582239955,2.07088929236292,2.349115769783518,6.922106711600806,13.847086917676222,2,8,22,51,85,11.142980458803969,15.792859547175777,11.666146832797523,43.66747065559746,0,1
zachodniopomorskie|koszaliński|Świeszyno,zachodniopomorskie,koszaliński,Świeszyno,11,0,11,0.0,54.105831144627956,16.17025074813751,12.193612897746291,10.813138725182503,131.85122782450526,0.08342736113645496,2.6511948958495264,2.7444644332432486,4.552409074444873,8.79975779993807,3,9,27,56,92,9.415763921406183,13.141569410240425,13.428288314044462,47.13534739177629,0,0
zachodniopomorskie|kołobrzeski|Dygowo,zachodniopomorskie,kołobrzeski,Dygowo,16,0,16,0.0,54.122853413567455,15.745121322474226,7.412145362620159,13.06800253922377,96.86193441981594,0.16518356871393158,2.3974755181744056,2.3704221491289914,4.348093719736088,6.896894093065149,3,10,27,52,81,7.526348335507786,11.827878301101304,12.945089168979987,42.31545529594528,0,0
zachodniopomorskie|kołobrzeski|Gościno,zachodniopomorskie,kołobrzeski,Gościno,17,1,16,0.058823529411764705,54.03317578856322,15.666810248406463,12.06502822682678,7.942384072984161,95.82508802885334,0.1774065680469944,1.8717858666353249,2.054919353339856,3.8689670295752743,6.8797614828475515,5,9,30,55,87,10.054843892526687,11.788548002654625,14.002204773111675,44.68419127831461,0,0
zachodniopomorskie|kołobrzeski|Kołobrzeg,zachodniopomorskie,kołobrzeski,Kołobrzeg,20,1,19,0.05,54.12960524878123,15.514588979889021,10.37528573865679,16.877377285260394,175.10761185369222,0.11421548034536964,1.887426612706142,2.005823432648846,5.535457374081982,9.920798786147264,2,8,24,50,75,8.589389954531828,14.431982422785273,11.662347597709466,38.96233468964962,0,0
zachodniopomorskie|kołobrzeski|Rymań,zachodniopomorskie,kołobrzeski,Rymań,11,0,11,0.0,53.97901119917178,15.496507812975352,10.489167427649816,10.155222959078161,106.51983388288423,0.10326715315848325,1.7887478355676871,2.0798625747853854,4.451552001534514,6.38038726841647,3,11,33,55,89,8.258728220617163,12.588179008051645,14.121609659280734,44.3971522018825,0,0
zachodniopomorskie|kołobrzeski|Siemyśl,zachodniopomorskie,kołobrzeski,Siemyśl,10,0,10,0.0,54.05236578068595,15.516319085868881,8.279426780151582,8.210527026080008,67.97845733888515,0.1471054270935887,1.9094815639703144,2.225851760219229,3.631044533448056,5.569596080044925,3,9,31,55,81,8.258728220617163,11.58345537498201,13.302015535683752,42.147488791692034,0,0
zachodniopomorskie|kołobrzeski|Ustronie Morskie,zachodniopomorskie,kołobrzeski,Ustronie Morskie,7,0,7,0.0,54.19021263578433,15.75646552478573,5.86803508438232,7.033461130719346,41.27259667970046,0.16960406088146338,2.1799294571962635,2.46414876695421,2.7927892520555404,4.504513755144138,2,8,24,46,76,7.526348335507786,13.890759781836532,11.529115091060262,39.59120063382647,0,0
zachodniopomorskie|myśliborski|Barlinek,zachodniopomorskie,myśliborski,Barlinek,18,1,17,0.05555555555555555,52.98761407856799,15.165196171492454,19.520439973035987,15.521904001694582,302.99439533230617,0.05940703946110513,2.746147355378774,3.1538856371503012,5.9840019592904286,11.661109239582798,4,9,42,74,117,11.070161731152325,14.709525228611898,16.89713854507674,57.6196452244362,0,1
zachodniopomorskie|myśliborski|Boleszkowice,zachodniopomorskie,myśliborski,Boleszkowice,9,0,9,0.0,52.68443946496055,14.566306609701709,11.715392421846786,10.282995251791862,120.46932464672886,0.0747078148432567,1.935992506888509,2.4103302904049917,4.489780579839956,7.0176020570813264,3,7,27,48,85,12.178705926726478,16.71959455606482,11.297413403315675,42.4037608352646,0,1
zachodniopomorskie|myśliborski|Dębno,zachodniopomorskie,myśliborski,Dębno,19,1,18,0.05263157894736842,52.752347782025936,14.717663191867599,23.92885211635618,13.567827423883061,324.6625359663396,0.058522305148167406,3.3824990708533913,3.069471946967425,7.9332170591737565,12.810656348222807,1,8,31,58,93,12.68650597198421,16.474220776915267,13.441304682194314,47.3395188938773,0,1
zachodniopomorskie|myśliborski|Myślibórz,zachodniopomorskie,myśliborski,Myślibórz,29,1,28,0.034482758620689655,52.94388391953014,14.855238881505015,18.805755380922157,19.9240767048367,374.6873127018886,0.0773978702157796,2.4389848622893893,2.279198391688063,6.264548851512694,11.304023333220163,3,10,37,67,100,12.28433724106183,15.033973024183931,15.300561843441484,50.9731337721972,0,1
zachodniopomorskie|myśliborski|Nowogródek Pomorski,zachodniopomorskie,myśliborski,Nowogródek Pomorski,9,0,9,0.0,52.91400539208473,15.053940842821325,8.285288808117324,8.180268453931859,67.77588666875684,0.13279059031696588,2.646826819369188,2.6207408592803025,3.7191040111596103,6.246203654960318,4,8,42,72,114,11.070161731152325,14.37842990466672,16.460941389142647,55.839098355201365,0,1
zachodniopomorskie|policki|Dobra (Szczecińska),zachodniopomorskie,policki,Dobra (Szczecińska),10,0,10,0.0,53.48657443359811,14.40051856607245,11.554440734174658,8.705783737495423,100.59046223943243,0.09941300375176032,2.1829360145972387,2.4010657830436406,4.345341214368288,7.6458785140104615,3,4,22,45,74,11.740151879322356,17.723324233988926,9.296360875294617,33.620795261782426,0,1
zachodniopomorskie|policki|Kołbaskowo,zachodniopomorskie,policki,Kołbaskowo,13,0,13,0.0,53.361958947927775,14.458489174085846,11.529672431786565,7.3692868872938435,84.96546386635806,0.15300334286937647,1.7537348508593136,1.953858816079945,3.4456549445592333,6.018350023424478,2,5,23,51,82,9.315770157985162,16.836319519131504,10.471464979999833,36.77310464014509,0,0
zachodniopomorskie|policki|Nowe Warpno,zachodniopomorskie,policki,Nowe Warpno,5,1,4,0.2,53.67970544606386,14.32447465055436,8.639038484083633,6.462256282806077,55.827680721172946,0.08956130606557193,3.0262718829977344,3.045135847480737,3.873705891325115,5.350956534441031,0,4,14,38,65,17.20748573776516,22.026332825540003,7.419675456546371,28.694767527591456,0,1
zachodniopomorskie|policki|Police,zachodniopomorskie,policki,Police,14,1,13,0.07142857142857142,53.57022647013802,14.508890711455015,17.70546007025837,7.593333466000089,134.44346248242115,0.10413299197668714,2.440262904087364,2.297472722560652,5.1783191857097135,9.679900385267013,1,6,23,49,76,11.740151879322356,16.53639035029325,10.254747009418558,35.35082070430566,0,1
zachodniopomorskie|pyrzycki|Bielice,zachodniopomorskie,pyrzycki,Bielice,12,0,12,0.0,53.20908152627038,14.75590924499535,12.117325626111308,5.965406938592474,72.28477836718879,0.1660100545517753,2.06332627603792,1.9246959502673757,3.7084912600000908,6.884468681509267,5,9,33,63,99,8.975493186446569,12.46788773315578,14.916724659873884,46.96930552913418,0,0
zachodniopomorskie|pyrzycki|Kozielice,zachodniopomorskie,pyrzycki,Kozielice,8,0,8,0.0,53.090747512263725,14.7877261693394,12.13192018106507,5.289703261714908,64.17425775264482,0.1246605770001336,2.5240439882911305,2.582192602638891,4.059973775808244,7.404512567104735,4,11,33,66,100,9.11454601379185,12.665821589850683,15.272871021305393,48.71348881995688,0,0
zachodniopomorskie|pyrzycki|Lipiany,zachodniopomorskie,pyrzycki,Lipiany,11,1,10,0.09090909090909091,53.03472299061334,14.959686645693308,8.343854266181154,9.295533060829742,77.5605731860322,0.14182463522563263,2.283749445554899,1.9821823012362478,3.864606624446475,6.233262654595605,6,12,41,70,106,12.28433724106183,13.455664902729065,16.342763885756803,53.16827522938077,0,1
zachodniopomorskie|pyrzycki|Przelewice,zachodniopomorskie,pyrzycki,Przelewice,14,0,14,0.0,53.11291934350739,15.097687391598841,13.181614780689575,10.432275246319831,137.51423358311146,0.10180764299965078,2.2375314957856056,2.3749704774922513,4.334870228751073,7.292724040166302,5,11,40,76,115,11.589999890491038,13.502393951205809,16.933397120242283,55.412588492634,0,1
zachodniopomorskie|pyrzycki|Pyrzyce,zachodniopomorskie,pyrzycki,Pyrzyce,22,1,21,0.045454545454545456,53.160715959278484,14.901545056256861,17.847463766940677,13.775773870883821,245.86262502216712,0.08948086354327531,1.7125580340958535,1.9578268378403516,5.983423129053625,9.60334531050566,5,11,36,68,106,8.936135538882578,11.912582473432288,16.242825484279543,51.02914459856506,0,0
zachodniopomorskie|pyrzycki|Warnice,zachodniopomorskie,pyrzycki,Warnice,11,0,11,0.0,53.22398827904772,14.984245946717628,7.660283504241617,8.51453043919643,65.22371706973954,0.1686503084183075,2.1108838544996624,2.171895433553352,3.0530491581825676,4.87536921336654,3,11,38,69,111,8.936135538882578,13.321299015733251,16.551865512904484,52.15825889565543,0,0
zachodniopomorskie|stargardzki|Chociwel,zachodniopomorskie,stargardzki,Chociwel,13,1,12,0.07692307692307693,53.47127682573497,15.338276621650644,11.688595173491516,10.346212258684629,120.9326866707799,0.1074978184797171,2.993636942532126,2.605629412540641,4.446044056712485,7.619965429899146,5,10,35,79,118,11.863954577812583,13.387239074841776,16.494214157752804,54.27107967877861,0,1
zachodniopomorskie|stargardzki|Dobrzany,zachodniopomorskie,stargardzki,Dobrzany,14,1,13,0.07142857142857142,53.3577768366086,15.434100684348168,12.025025886283911,12.189295907021663,146.57659881751002,0.09551320001243993,2.6047739969549575,2.462740569410297,4.767184218174811,7.368999822872546,5,9,38,76,127,10.296396307479048,12.823964142665256,16.61652342956112,57.18987710184941,0,1
zachodniopomorskie|stargardzki|Dolice,zachodniopomorskie,stargardzki,Dolice,13,0,13,0.0,53.20810772376721,15.168513466207726,15.678178520138939,13.280199587792739,208.2093399204901,0.06243716062384316,3.4300442687257715,2.895326077428577,6.125759712244807,9.33142182483521,3,12,39,77,120,11.589999890491038,15.094059947014026,16.995701533755337,55.66546793389385,0,1
zachodniopomorskie|stargardzki|Ińsko,zachodniopomorskie,stargardzki,Ińsko,10,1,9,0.1,53.44310405855956,15.55739648887517,14.026885974424887,11.575471181314006,162.36781436053292,0.06158856075869382,3.181372345914756,2.908367374539378,4.685738208590401,7.789082995104714,3,9,35,81,126,11.378965500044544,16.409015403235664,15.88530002034443,56.88529171284274,0,1
zachodniopomorskie|stargardzki|Kobylanka,zachodniopomorskie,stargardzki,Kobylanka,11,0,11,0.0,53.34833066591145,14.878850991641421,6.851286702589172,7.722038568722993,52.90590016277256,0.20791631871222166,1.6570244702067776,1.8690709479510657,3.0418062853569428,4.728088826720417,2,11,38,66,103,10.517979796179349,14.783000778955284,15.275841689080554,48.17757534846214,0,1
zachodniopomorskie|stargardzki|Marianowo,zachodniopomorskie,stargardzki,Marianowo,8,0,8,0.0,53.37905285516223,15.242884584156354,8.742055672846456,9.831356876308877,85.94626915231404,0.09308141096645386,2.188342192109365,2.1950654239964544,3.764891258624428,6.690221762533832,5,12,36,77,116,9.668940504641686,11.965209104016205,16.877858700556107,54.58053677908494,0,0
zachodniopomorskie|stargardzki|Stara Dąbrowa,zachodniopomorskie,stargardzki,Stara Dąbrowa,9,0,9,0.0,53.43691025191821,15.13399137645865,7.024038465519905,8.565248775429323,60.16263686536283,0.14959450697184337,2.2309571121996967,2.2043604463985336,3.6227427578855274,5.023444012533763,4,10,40,76,110,9.668940504641686,12.254707179855453,16.41052102241109,51.928749233699264,0,0
zachodniopomorskie|stargardzki|Stargard,zachodniopomorskie,stargardzki,Stargard,24,1,23,0.041666666666666664,53.35988074302613,15.040601630800197,20.627189664613724,24.057218783200224,496.2328146441788,0.04836439528330886,2.4447884360417698,2.47283939910654,7.361160162140781,14.033965624310971,3,10,38,71,108,10.568904670986255,13.599847068566849,16.303170818563526,51.444280181133244,0,1
zachodniopomorskie|stargardzki|Suchań,zachodniopomorskie,stargardzki,Suchań,11,1,10,0.09090909090909091,53.2887288610342,15.330805115965337,4.863377427143863,16.734717021229542,81.38724501068795,0.1351563134807605,1.8332633989772615,2.4473781963350194,4.441446143502612,8.818699672929798,4,11,36,78,127,10.296396307479048,13.22248759476577,16.960693612294122,57.025152873625814,0,1
zachodniopomorskie|szczecinecki|Barwice,zachodniopomorskie,szczecinecki,Barwice,18,1,17,0.05555555555555555,53.74422691787979,16.349450354284723,19.054722607449996,17.63961919192268,336.11805060313793,0.05355261333838033,2.8744216769535624,2.8848895495503983,6.19602624806211,12.330010264245722,1,6,27,70,124,12.436494885483775,17.98436496230646,13.632055222640366,57.382176117518625,0,1
zachodniopomorskie|szczecinecki|Biały Bór,zachodniopomorskie,szczecinecki,Biały Bór,13,1,12,0.07692307692307693,53.87709506475772,16.838659526559475,19.88103319452892,12.428350874361033,247.08845628642425,0.05261273713625227,3.2171288854822557,3.248159216235407,6.592617979492953,11.574096039026855,0,5,23,68,133,17.622587912543025,20.083258987578937,13.770329722705068,59.51843824657202,0,1
zachodniopomorskie|szczecinecki|Borne Sulinowo,zachodniopomorskie,szczecinecki,Borne Sulinowo,26,1,25,0.038461538461538464,53.618112847702754,16.493310036260844,19.93822018912939,17.94097126921165,357.71103557238604,0.07268436647026134,2.41031047148762,2.301238002083158,6.704562870905628,10.466093221359081,0,5,26,70,131,16.92380958144671,19.823525733828824,13.583108033462862,61.23919732815233,0,1
zachodniopomorskie|szczecinecki|Grzmiąca,zachodniopomorskie,szczecinecki,Grzmiąca,18,0,18,0.0,53.841197904170016,16.44379267209641,15.33786223300283,15.547925548647674,238.47194007414296,0.07548057853013501,2.7505508357122377,2.6079308029551505,5.928450133758317,10.983811559130906,1,4,28,68,122,12.436494885483775,18.120075216323677,13.471767529061307,56.12077979757893,0,1
zachodniopomorskie|szczecinecki|Szczecinek,zachodniopomorskie,szczecinecki,Szczecinek,26,1,25,0.038461538461538464,53.74230567041213,16.68636042892831,30.198768364869235,19.672591064519246,594.088020694213,0.04376455860802928,3.141208572783569,3.057846488754807,9.797531745761894,17.253908120620263,0,7,26,71,128,18.01743970965947,20.132032014651028,13.634707982955042,60.72420962261465,0,1
zachodniopomorskie|sławieński|Darłowo,zachodniopomorskie,sławieński,Darłowo,33,1,32,0.030303030303030304,54.40421433682151,16.443880984779764,22.987244279539226,15.964310359451485,366.97550198708996,0.08992425876199477,1.9851421835375815,1.9526683215130236,6.7604409306714235,12.795561822193736,0,4,18,42,79,16.217961164521707,19.87012224662543,9.253275496240203,38.2845587969153,0,1
zachodniopomorskie|sławieński|Malechowo,zachodniopomorskie,sławieński,Malechowo,27,0,27,0.0,54.27388127528882,16.560861041604532,14.40240784961824,17.796069770943877,256.306254961396,0.10534272760556175,2.0227203382953878,1.9513730399818512,5.271916152580582,10.77360902521737,1,7,25,53,90,12.759550906554976,16.606589469756454,11.744895951888125,45.07157888099027,0,1
zachodniopomorskie|sławieński|Postomino,zachodniopomorskie,sławieński,Postomino,30,0,30,0.0,54.482001679518085,16.65604658744952,12.0319278961215,20.060917743289075,241.37151581727858,0.12428972780164498,1.701968319191576,1.7941348885510626,5.875679176441579,11.776228642026759,1,7,18,45,75,14.904768122326887,19.30938272960713,9.198086319003437,37.879925743044915,0,1
zachodniopomorskie|sławieński|Sławno,zachodniopomorskie,sławieński,Sławno,23,1,22,0.043478260869565216,54.35118038522463,16.70623711465151,18.482985760334053,17.59683452343779,325.2420419236553,0.07071656500483672,2.0986858967691777,2.1631419865350856,6.590964253645569,11.367221992600456,2,6,24,52,86,12.759550906554976,16.175233090120763,11.526367998458365,44.07224095390661,0,1
zachodniopomorskie|wałecki|Człopa,zachodniopomorskie,wałecki,Człopa,14,1,13,0.07142857142857142,53.07939026485399,16.148183958131863,12.110107327550768,15.596008371762833,188.8693352634282,0.07412532045222323,2.9249755215223225,2.998945662923797,5.141735249799261,9.592656467547743,0,4,27,76,155,16.661505060081826,20.464230164589846,15.417941761474614,68.73920031357112,0,1
zachodniopomorskie|wałecki|Mirosławiec,zachodniopomorskie,wałecki,Mirosławiec,11,1,10,0.09090909090909091,53.32748950429375,16.14411526666045,9.089090934952429,19.175376524833574,174.28674094616446,0.06311438231206468,3.262887647727283,3.195271775716997,5.7033879562455745,10.178203980081069,2,4,28,71,144,11.078294276990508,17.460440784671427,14.368680361729709,63.64456898691018,0,1
zachodniopomorskie|wałecki|Tuczno,zachodniopomorskie,wałecki,Tuczno,14,1,13,0.07142857142857142,53.228804840757796,16.167006614672342,15.38814794836272,15.524835180214996,238.89846062709478,0.058602303100868884,3.1499999751322276,3.0054297593871566,5.837190826769013,10.013701535211716,1,5,27,75,145,11.078294276990508,18.221910981927614,14.66925066590475,65.81782663261578,0,1
zachodniopomorskie|wałecki|Wałcz,zachodniopomorskie,wałecki,Wałcz,30,1,29,0.03333333333333333,53.292414974242696,16.42682393084953,23.873773891616136,25.343143509472217,605.0364778479187,0.049583787256445,2.8892859234005925,3.0967949820766245,9.931791208185198,14.603092232178966,0,5,26,73,141,17.714755260313368,20.356116394929366,14.664292594204454,67.51034096742059,0,1
zachodniopomorskie|łobeski|Dobra,zachodniopomorskie,łobeski,Dobra,12,1,11,0.08333333333333333,53.56854598478909,15.264528187255168,9.118093465008657,11.691612000047796,106.6052109730526,0.11256485391725672,1.901708456168484,2.2403206501498563,3.810488863845407,6.181124785288245,3,10,36,76,109,11.863954577812583,14.914867680184477,15.910454203742091,51.41815233241362,0,1
zachodniopomorskie|łobeski|Radowo Małe,zachodniopomorskie,łobeski,Radowo Małe,19,0,19,0.0,53.65677679327406,15.40271333947586,10.615763349727326,14.475362124657604,153.66701871697126,0.12364396835858966,2.267116450792379,2.162470906579384,5.025477093655233,8.188144856186295,2,7,36,75,107,12.106946583452462,15.307602422878858,15.552136596516984,51.349503890656315,0,1
zachodniopomorskie|łobeski|Resko,zachodniopomorskie,łobeski,Resko,17,1,16,0.058823529411764705,53.76562193859572,15.398043140719418,13.973725537685352,18.612429353325396,260.08497937292753,0.06536325181480106,2.4194770439321607,2.581335168834056,6.247483284399364,10.605962791855251,2,10,37,70,99,10.486095953121469,16.90891548151381,15.058495968886517,48.854566656943476,0,1
zachodniopomorskie|łobeski|Węgorzyno,zachodniopomorskie,łobeski,Węgorzyno,25,1,24,0.04,53.54473776138789,15.537316138724965,13.027876546462137,21.268427516497898,277.0824480223129,0.09022585219106624,2.008866211153798,2.151498591532719,6.0645097871806355,11.716557926545534,2,7,35,79,118,11.378965500044544,14.962595155642845,15.788421444942346,54.967566511641664,0,1
zachodniopomorskie|łobeski|Łobez,zachodniopomorskie,łobeski,Łobez,20,1,19,0.05,53.656813420512094,15.647596996613277,15.800404643415279,14.8915496322303,235.2925099567407,0.08500058078209573,1.949420242551001,2.1474789188892602,5.805207484358875,9.476564690012601,2,7,35,75,115,11.521972629970321,14.7544681066118,15.351678384621856,53.84304058539585,0,1
zachodniopomorskie|Świnoujście|Świnoujście,zachodniopomorskie,Świnoujście,Świnoujście,1,1,0,1.0,53.90777778,14.2475,0.001,0.001,1e-06,1000000.0,,,0.0,0.0,1,1,11,24,50,12.685589159498317,26.67506797383166,5.247636038319026,22.731310813145353,0,1
zachodniopomorskie|świdwiński|Brzeżno,zachodniopomorskie,świdwiński,Brzeżno,11,0,11,0.0,53.70722318601766,15.800452185432455,8.517336465989173,11.166701628677398,95.11055498675469,0.11565488185335354,2.0823308986517794,2.501479081910041,3.850016978372527,6.427295869780847,2,7,32,71,116,8.914693552463168,14.896629510712216,15.03639046307673,54.13077490673018,0,0
zachodniopomorskie|świdwiński|Połczyn-Zdrój,zachodniopomorskie,świdwiński,Połczyn-Zdrój,38,1,37,0.02631578947368421,53.75483148851408,16.071065225722442,20.269361598771972,19.534983178483532,395.96163787061056,0.09596889285627554,1.7394109358730994,1.8540488793757346,6.519410457553978,12.20421470086171,1,7,31,67,115,14.101989887289683,18.113743630305,14.170808267061622,55.05157295110494,0,1
zachodniopomorskie|świdwiński|Rąbino,zachodniopomorskie,świdwiński,Rąbino,19,0,19,0.0,53.85348654141427,15.936116891353157,10.313307875844153,15.618783193597157,161.08131972162784,0.11795284538787483,1.7320232097056611,2.1250289515493894,4.870401641073259,8.722393998060307,2,7,34,69,107,14.101989887289683,16.033633373853824,14.494921450156792,51.984457871889845,0,1
zachodniopomorskie|świdwiński|Sławoborze,zachodniopomorskie,świdwiński,Sławoborze,19,0,19,0.0,53.89460637676936,15.682868852653774,12.606334520182363,13.599255421848609,171.4367630732273,0.11082803746057876,2.20333388839694,2.1904839265563525,4.87656542710177,8.480201809443942,1,10,36,63,98,13.308081803643384,16.18818613604324,14.735515487863154,48.8282603682225,0,1
zachodniopomorskie|świdwiński|Świdwin,zachodniopomorskie,świdwiński,Świdwin,27,1,26,0.037037037037037035,53.78196161181111,15.751395502233729,17.82702289705552,23.11104082380201,412.00105394070334,0.06553381293992014,2.4161562459064303,2.5306809519898272,7.13442152928189,16.22036415490165,3,6,34,69,109,8.914693552463168,14.690110185847676,15.0358301464927,52.17029708870224,0,0
łódzkie|Piotrków Trybunalski|Piotrków Trybunalski,łódzkie,Piotrków Trybunalski,Piotrków Trybunalski,1,1,0,1.0,51.41111111,19.68611111,0.001,0.001,1e-06,1000000.0,,,0.0,0.0,6,16,68,149,287,10.115593156155132,11.438466532757648,33.52606499055348,135.56345069534697,0,0
łódzkie|Skierniewice|Skierniewice,łódzkie,Skierniewice,Skierniewice,1,1,0,1.0,51.95643281811261,20.146581512463367,0.001,0.001,1e-06,1000000.0,,,0.0,0.0,5,20,79,171,284,3.0516635292123047,8.999596663831646,37.37735938342114,137.11480458894397,1,0
łódzkie|bełchatowski|Bełchatów,łódzkie,bełchatowski,Bełchatów,59,1,58,0.01694915254237288,51.354148436619866,19.386713159300346,20.10656855434391,14.22071585384034,285.9297982070861,0.20634435574731164,1.1424696977434268,1.2705788462033891,6.118870310477188,11.963143420936056,4,17,68,154,276,10.125623041629932,12.790160707314042,33.716687510607876,135.14126635902005,0,0
łódzkie|bełchatowski|Drużbice,łódzkie,bełchatowski,Drużbice,41,0,41,0.0,51.46293277260927,19.39396346521627,11.455635236300504,10.74797619373465,123.12489480386562,0.33299520836392843,1.119243364230715,1.1293414164710918,4.172671306585411,7.8044028545607205,4,16,67,151,283,10.672952272075856,12.40771310154701,33.670258808000796,134.67449431984164,0,1
łódzkie|bełchatowski|Kleszczów,łódzkie,bełchatowski,Kleszczów,18,0,18,0.0,51.23541737355305,19.28379693531311,9.520899761527922,13.582811226387484,129.32058416619137,0.13918897842951278,1.8539932197799938,1.8690023615206404,4.262084156585676,7.715513355995816,8,18,68,155,282,7.772334819829519,11.33698642004226,34.65919913750583,135.92722232289043,0,0
łódzkie|bełchatowski|Kluki,łódzkie,bełchatowski,Kluki,26,0,26,0.0,51.33963124286774,19.24278641846829,13.911094217006822,8.791918264953921,122.30520333199713,0.21258294243968567,1.3524977369325826,1.3996359739312927,4.068611287079302,7.735095267050198,4,17,71,153,277,8.435866883938129,12.079863637476072,33.92340873634334,134.7702965781425,1,0
łódzkie|bełchatowski|Rusiec,łódzkie,bełchatowski,Rusiec,27,0,27,0.0,51.31980119563844,18.95993342538,7.470219017410021,12.85036555135448,95.99504512239885,0.28126451699224214,1.2407413915948147,1.2760296056226121,4.346364245963853,7.920823459685981,7,18,70,157,271,8.159350597311873,10.319013483910632,34.290150534010216,133.47592917134517,0,0
łódzkie|bełchatowski|Szczerców,łódzkie,bełchatowski,Szczerców,42,0,42,0.0,51.32355560175361,19.12412239791027,17.038919808799026,9.80103505844463,166.9990504040659,0.2514984360592354,1.0436474725050275,1.1301466666842332,4.314407093762845,9.046678947331449,6,18,72,154,276,8.435866883938129,11.698823773170442,34.137888769044686,134.39262240161824,1,0
łódzkie|bełchatowski|Zelów,łódzkie,bełchatowski,Zelów,48,1,47,0.020833333333333332,51.46128496073968,19.214841165836845,16.761711298648798,15.62623287270014,261.9224040976552,0.18326038265174013,1.1522963170181555,1.1336730539360333,5.803932625921334,10.909195314864366,4,14,69,154,283,6.956856576117154,12.876631869937594,33.42244343358358,133.72434949444158,0,0
łódzkie|brzeziński|Brzeziny,łódzkie,brzeziński,Brzeziny,42,1,41,0.023809523809523808,51.804645508126455,19.747729048281837,14.413384923870488,10.818352271952792,155.9290755376844,0.26935322905733244,0.9788747831218876,1.112570713846975,4.860347188189964,8.715170409218704,8,24,69,156,280,8.618006461823777,10.225405551685963,35.99427861514353,136.16625172303964,0,0
łódzkie|brzeziński|Dmosin,łódzkie,brzeziński,Dmosin,30,0,30,0.0,51.91024035348638,19.79401914602062,9.365762586571359,11.298765770500472,105.82155772778643,0.28349611028379956,1.1652971207012364,1.1639545447668342,3.529230244807187,6.453185149732949,8,20,76,160,281,9.530899915305799,10.978063673473791,36.1612494050557,135.87956315810544,1,0
łódzkie|brzeziński|Jeżów,łódzkie,brzeziński,Jeżów,23,1,22,0.043478260869565216,51.780104112327315,19.950803250838124,10.74837342869181,7.842871012365319,84.29810639396463,0.27284124144509486,0.946815566353619,0.9980594665830409,3.4362509724075747,6.173191852580042,9,23,72,163,289,7.773583523514864,9.061587874482399,36.68632073905408,137.21377186722566,1,0
łódzkie|brzeziński|Rogów,łódzkie,brzeziński,Rogów,18,0,18,0.0,51.82741476714562,19.867568577226056,11.636436692758307,6.174831115946853,71.8530313691897,0.2505113515324606,1.3033178829152468,1.3352675904685136,3.191175937397775,6.291125108428078,7,21,75,159,283,6.191856730038839,8.409606608095752,36.73843048458292,136.86733211293108,1,0
łódzkie|kutnowski|Bedlno,łódzkie,kutnowski,Bedlno,57,0,57,0.0,52.18051708213943,19.59695570324185,11.34033084554732,12.863842722650812,145.88023241994642,0.39073148605846547,0.9427940893285215,0.9771140192464555,4.376526629408828,7.779511948503849,5,18,71,158,284,7.784290048213155,10.671634300784063,34.58948976307424,131.6592515244254,1,0
łódzkie|kutnowski|Dąbrowice,łódzkie,kutnowski,Dąbrowice,10,1,9,0.1,52.30561669785251,19.08302073089408,6.266325470054252,5.834450436766315,36.56056537567791,0.273518746147524,1.7889220496543103,1.649601043889632,2.754405559679077,4.067298675176623,8,20,67,150,270,6.078089135960569,9.154455442532356,34.07177404067687,127.40153013302654,0,0
łódzkie|kutnowski|Krośniewice,łódzkie,kutnowski,Krośniewice,36,1,35,0.027777777777777776,52.23245633339871,19.163438372677604,8.889769758347303,11.758208919121635,104.52777006153704,0.34440608441954007,1.1752191658830733,1.1669040999681755,3.681478826145786,6.440595062882971,8,18,63,159,269,8.57395285838543,9.641473456540075,34.1692336619126,128.77401420756343,0,0
łódzkie|kutnowski|Krzyżanów,łódzkie,kutnowski,Krzyżanów,36,0,36,0.0,52.175042611605335,19.44422590670221,10.752243280182789,8.48865741130644,91.2721096084935,0.39442497992453496,1.023566015026239,1.063694302228623,3.595521910052204,6.009831836753005,7,18,69,157,280,9.546005310052275,11.269345614345776,34.23730964974034,130.86901791536775,0,0
łódzkie|kutnowski|Kutno,łódzkie,kutnowski,Kutno,49,1,48,0.02040816326530612,52.22595808928966,19.331449158591244,14.711145987594062,15.581395798305014,229.22018827934977,0.2137682564865704,0.971852695973545,1.037982521489997,5.091950226371472,8.534541125583234,8,19,66,162,273,9.546005310052275,10.74953064672143,34.16810477850041,129.7005058943274,0,0
łódzkie|kutnowski|Nowe Ostrowy,łódzkie,kutnowski,Nowe Ostrowy,20,0,20,0.0,52.304830921155386,19.206902073017282,7.76682593187357,10.685879668016668,82.99536731043239,0.24097730569939935,1.1767956512983195,1.2540889988083213,3.084310989785736,6.19251385890299,7,18,67,156,270,6.119845849128684,9.40773169325307,34.08567729122453,128.0558633214049,0,0
łódzkie|kutnowski|Oporów,łódzkie,kutnowski,Oporów,29,0,29,0.0,52.26375051869656,19.520546720991526,7.126562954551168,10.67221764813084,76.05623093407642,0.381296833196171,1.0834659944746632,1.0364857782453898,3.121300467756466,6.630074930379494,7,19,70,160,278,8.938221946022836,10.447532618905896,34.20386768487097,130.0274387772538,0,0
łódzkie|kutnowski|Strzelce,łódzkie,kutnowski,Strzelce,29,0,29,0.0,52.308027229160956,19.410873016545132,8.186147952131927,12.153173896024374,99.48767960084312,0.2914933800481787,1.0180620696313236,1.1825431941415994,3.633964645210115,6.415859016188619,7,17,67,160,278,8.938221946022836,11.316106405912949,33.8455823389295,128.76604234138696,0,0
łódzkie|kutnowski|Łanięta,łódzkie,kutnowski,Łanięta,22,0,22,0.0,52.34275974425264,19.272152249185122,10.193705740397997,6.636757475490304,67.65315277553483,0.3251880968946621,1.1519448414160682,1.1412264545112236,3.371078731739449,5.601196804492774,7,18,67,157,273,6.119845849128684,10.66040502831552,33.77242455045064,127.65186754874475,0,0
łódzkie|kutnowski|Żychlin,łódzkie,kutnowski,Żychlin,35,1,34,0.02857142857142857,52.23569155858898,19.667269583620715,8.760385079266689,14.633041923331756,128.19108212943945,0.2730299129908207,0.9832603505561368,1.0181824649976026,3.8433340059632264,8.605882805797783,6,19,71,162,279,7.784290048213155,10.27127170516375,34.695206087429085,131.23971299446106,1,0
łódzkie|opoczyński|Białaczów,łódzkie,opoczyński,Białaczów,14,1,13,0.07142857142857142,51.29830240483973,20.305691385681477,7.599937544501804,13.290367265510197,101.00596116136872,0.13860568068485957,2.0781586204051514,2.32573912697809,4.318823548904677,7.391883975397227,5,12,67,155,274,9.085261497001234,12.276683056428517,32.62670969956358,135.2316624636693,0,0
łódzkie|opoczyński|Drzewica,łódzkie,opoczyński,Drzewica,19,1,18,0.05263157894736842,51.45129145023254,20.431017659919778,8.154253588299088,10.919967397296528,89.04418333351427,0.21337721666597417,1.42749531925124,1.3351375195295765,3.5421685747553466,5.992429131471754,5,15,68,157,282,8.664923134453865,10.545990046624825,33.82136424856803,135.7647838719749,0,0
łódzkie|opoczyński|Mniszków,łódzkie,opoczyński,Mniszków,31,0,31,0.0,51.38727417620511,20.00850418494493,9.898464761967794,12.958962354364704,128.27383221634622,0.24167049088948636,1.3177475342247231,1.3521920234718954,4.281013185884666,7.787157973283769,5,14,68,157,280,9.468629588445797,12.461393016666566,32.8170600053107,135.44906421892125,0,0
łódzkie|opoczyński|Opoczno,łódzkie,opoczyński,Opoczno,41,1,40,0.024390243902439025,51.39364090117575,20.320240593675432,14.482704979073642,16.62134996837968,240.72210794597788,0.17032087476236746,1.2924348098710898,1.4217557556933678,5.725918941992056,11.40086064986058,5,15,64,155,278,10.004651732144254,11.922063582040453,33.133531236586435,135.49342575696255,0,0
łódzkie|opoczyński|Paradyż,łódzkie,opoczyński,Paradyż,30,0,30,0.0,51.31122148875773,20.102839375630666,7.580302792501562,13.643905079554777,103.42493177517532,0.2900654560277001,1.0799206395890308,1.1581959765070162,3.4107472094497937,7.955320764918587,5,13,63,158,277,9.155187195560249,10.878830822299093,32.53459094682321,135.31544461941365,0,0
łódzkie|opoczyński|Poświętne,łódzkie,opoczyński,Poświętne,18,0,18,0.0,51.53678404455673,20.353219714357344,14.208536442583666,12.367043600314322,175.71758968208715,0.10243709825843884,1.1136695214934238,1.3467311487182085,4.539086903889245,9.784944233566625,4,15,70,163,286,9.13572602896883,11.303824594970276,34.13953630842903,136.0784521173309,0,0
łódzkie|opoczyński|Sławno,łódzkie,opoczyński,Sławno,34,0,34,0.0,51.40083130761492,20.143235736053207,12.878941553505223,9.483806326424276,122.14138738278132,0.27836592271092125,1.3310708458507534,1.3377433299772052,4.379058240359902,7.400715177967478,3,15,60,157,277,9.468629588445797,12.645681713254314,32.878936531016414,135.46178435539323,0,0
łódzkie|opoczyński|Żarnów,łódzkie,opoczyński,Żarnów,41,1,40,0.024390243902439025,51.23135609847447,20.134826282739866,11.596772098147698,15.679829990242377,181.83541493454229,0.22547862865305593,1.2496383905176907,1.2561944993191505,4.792491969480784,9.384068749966344,5,14,60,154,278,9.155187195560249,11.481607322842748,32.283602538800494,135.24096320365004,0,0
łódzkie|pabianicki|Dobroń,łódzkie,pabianicki,Dobroń,24,0,24,0.0,51.62314601657789,19.251452227249228,12.64153059639202,7.555679829656012,95.51535774313852,0.25126849301597337,1.0853893780239527,1.2117853523887139,3.6347485605919787,6.47585534708447,7,18,62,156,274,6.925881459562151,11.072162870454395,33.66008364128235,133.27986621014364,0,0
łódzkie|pabianicki|Dłutów,łódzkie,pabianicki,Dłutów,21,0,21,0.0,51.558915424347184,19.394790904660425,7.3077910215197095,12.099383372537106,88.41976517575154,0.23750345817203203,1.5319802257045119,1.5240110715153896,3.711589307585796,7.3562927801468945,7,16,68,153,281,9.748887278194674,11.899778864246215,34.00805752343321,134.49091793140462,0,0
łódzkie|pabianicki|Konstantynów Łódzki,łódzkie,pabianicki,Konstantynów Łódzki,1,1,0,1.0,51.7479334312877,19.325465113251,0.001,0.001,1e-06,1000000.0,,,0.0,0.0,7,17,67,158,279,8.244047775354518,9.842103820938537,33.93235825807912,133.2637831985552,0,0
łódzkie|pabianicki|Ksawerów,łódzkie,pabianicki,Ksawerów,3,0,3,0.0,51.67475363086683,19.41966655237727,2.264478942912001,2.0035151590380176,4.536917889446579,0.6612418547354281,1.9492811981162277,1.9807046080552897,1.275376814001427,1.43702221680536,8,18,68,156,288,5.866925646710176,9.465881466829593,34.54544451224899,134.44768320328956,0,0
łódzkie|pabianicki|Lutomiersk,łódzkie,pabianicki,Lutomiersk,39,1,38,0.02564102564102564,51.77213338814469,19.174304020285874,11.290310831100605,17.48954526244289,197.4624023075832,0.19750595325610637,1.1932972023263635,1.2451952073703887,5.362616741082722,10.568189038210184,5,15,63,161,282,6.7877558889281335,10.815321715202835,33.07990191057513,131.73691605514855,0,0
łódzkie|pabianicki|Pabianice,łódzkie,pabianicki,Pabianice,24,1,23,0.041666666666666664,51.67458102344801,19.308066371091634,12.73214230567032,13.181274264033593,167.82585969974554,0.14300537499368693,1.2769817604163634,1.4273474599910128,4.657658091217008,8.447700129774928,8,17,64,156,275,6.925881459562151,9.837654636101009,34.01948761290116,133.55998996825315,0,0
łódzkie|pajęczański|Działoszyn,łódzkie,pajęczański,Działoszyn,21,1,20,0.047619047619047616,51.10551045180223,18.835588251772133,9.589581874277297,11.06693995378863,106.12732678456666,0.19787552024775848,1.400793787573524,1.4539531686548304,4.094847055637877,7.006338269736507,6,18,74,154,282,8.793519927157826,10.77394762075184,35.51541062262633,134.31095333503367,1,0
łódzkie|pajęczański|Kiełczygłów,łódzkie,pajęczański,Kiełczygłów,31,0,31,0.0,51.246741386798625,18.970858973468058,8.704047676628106,9.771367355367019,85.05044732696201,0.36448955854195286,0.9749065256793845,1.0644479189962754,3.1435270314301618,6.655265276794828,6,16,73,153,279,7.436038465957204,10.135194280795634,34.870180444593245,134.29989907664984,1,0
łódzkie|pajęczański|Nowa Brzeźnica,łódzkie,pajęczański,Nowa Brzeźnica,15,0,15,0.0,51.057592707288464,19.132141835703678,10.049694339737156,10.253185453383729,103.04137981514582,0.1455725847898165,1.7599655418247349,1.8151848601908303,3.661229247040467,6.244199824113177,5,19,74,164,288,9.369250711438726,12.166448722946441,35.75564063936,136.97788472173053,1,0
łódzkie|pajęczański|Pajęczno,łódzkie,pajęczański,Pajęczno,20,1,19,0.05,51.13382939563089,19.007302191631638,11.54311101287782,9.449651254555288,109.07837346431185,0.18335440257131794,1.6049574504470523,1.579069802214765,4.331291899087131,6.184259957859275,8,18,72,156,286,10.38772549323261,11.706100533431105,35.452841337579294,135.54752948358924,1,1
łódzkie|pajęczański|Rząśnia,łódzkie,pajęczański,Rząśnia,17,0,17,0.0,51.23706993597076,19.076557389659392,12.049438934229034,7.140652035033973,86.04085064672014,0.1975805663498288,1.2058463330326794,1.339718352045824,4.303555301856779,6.82431190606871,7,17,72,157,279,7.436038465957204,10.318510535515543,34.91015340132164,135.064216378298,1,0
łódzkie|pajęczański|Siemkowice,łódzkie,pajęczański,Siemkowice,19,0,19,0.0,51.214235064917894,18.858595287773017,8.290175488736688,10.194394786066526,84.5133217779538,0.22481662772550434,1.627025232647693,1.7168809907866365,3.6143668665553284,6.363863557566625,6,18,72,158,276,8.61206325358762,11.231426837946923,34.97334027578924,133.6726263487735,1,0
łódzkie|pajęczański|Strzelce Wielkie,łódzkie,pajęczański,Strzelce Wielkie,14,0,14,0.0,51.139006187598135,19.166719934245783,6.142279190554772,10.903783328782044,66.97408143869599,0.20903608827863882,1.3779840862556516,1.6483517047532616,3.621610060494491,6.566830744421511,7,21,73,160,284,6.540893387444161,10.133466981068231,35.452722588644804,136.4595654855931,1,0
łódzkie|pajęczański|Sulmierzyce,łódzkie,pajęczański,Sulmierzyce,18,0,18,0.0,51.195648348239544,19.192030159596627,6.812482950823509,13.396701470359531,91.26480036409654,0.19722828437897047,1.3738862657331956,1.4574761660076416,3.6064118130672207,7.4842504321384435,6,18,69,153,281,6.540893387444161,9.85408224560668,35.14067953225302,136.0507625147565,0,0
łódzkie|piotrkowski|Aleksandrów,łódzkie,piotrkowski,Aleksandrów,32,0,32,0.0,51.26875830683383,19.975824665499765,15.123690527255741,8.981755149779934,135.83728527685724,0.23557596822388704,1.2229706677929981,1.2942885567874467,4.384259116561373,8.093120266064217,5,13,62,155,278,10.015346458475696,11.987782727223895,32.447406083429286,135.37452345907982,0,0
łódzkie|piotrkowski|Czarnocin,łódzkie,piotrkowski,Czarnocin,13,0,13,0.0,51.59061074916732,19.664820646300036,8.444608925115661,7.557060524273333,63.81642075091783,0.20370932507701053,1.8769596481572295,1.8768069297148042,3.322952194685676,4.962312055340645,7,19,69,153,280,7.461657684905943,9.830446562435656,34.95899275117516,135.94191040570223,0,0
łódzkie|piotrkowski|Gorzkowice,łódzkie,piotrkowski,Gorzkowice,38,0,38,0.0,51.2080354131071,19.615848151766514,10.533107539082557,10.584142046184935,111.48390638139122,0.3408563732060157,1.024561204037937,0.9871161292913034,3.747732805825477,6.714811834334184,6,17,64,155,276,8.536625693569498,10.246747236414716,33.78339122318181,136.2806277859648,0,0
łódzkie|piotrkowski|Grabica,łódzkie,piotrkowski,Grabica,41,0,41,0.0,51.47213604721351,19.55722819534021,13.29703071439493,13.592834932628252,180.7443435948582,0.226839740511616,1.28261337134063,1.294284375996421,5.069696907840619,9.755919885698475,6,16,70,150,283,9.439265845125849,11.185662692520854,33.94395476328518,135.35056930553856,0,0
łódzkie|piotrkowski|Moszczenica,łódzkie,piotrkowski,Moszczenica,25,0,25,0.0,51.50207898793782,19.68479236866175,12.302334688924052,9.643676724222896,118.63973869317681,0.21072197457088462,1.3266958826754627,1.4793099053388798,4.132720341132307,7.042709850588413,6,17,70,149,290,9.439265845125849,10.399004085279003,34.207506587958285,135.75458346878014,0,0
łódzkie|piotrkowski|Rozprza,łódzkie,piotrkowski,Rozprza,39,1,38,0.02564102564102564,51.29685783734644,19.645601088903796,11.832464031212954,17.90944677666768,211.91288480384307,0.18403788913590746,1.0101070418032498,1.2582731543161454,4.395861466436407,10.475931179077294,6,15,67,153,276,9.160702798927508,11.895971721673673,33.39534551065734,135.75196819453362,0,0
łódzkie|piotrkowski|Ręczno,łódzkie,piotrkowski,Ręczno,17,0,17,0.0,51.19014437719555,19.8762973347961,16.274240415685274,4.853358502767661,78.98472309755124,0.21523149456387788,1.381255120698295,1.5476153644711608,4.265311912937636,8.552213501373771,5,14,63,153,276,7.781560449265516,11.930068363681235,32.59585911218766,135.6845847083482,0,0
łódzkie|piotrkowski|Sulejów,łódzkie,piotrkowski,Sulejów,34,1,33,0.029411764705882353,51.34364980800422,19.821628707563708,17.795068226676005,11.235750656534572,199.9409495109524,0.17005020773964835,1.184592004870148,1.404764513851404,5.778039883499863,9.3459309670718,4,14,66,153,278,12.030788503638817,13.803147289913412,32.86248088803805,135.47507768851736,0,1
łódzkie|piotrkowski|Wola Krzysztoporska,łódzkie,piotrkowski,Wola Krzysztoporska,48,0,48,0.0,51.35739352649239,19.556175043345593,16.434998235314016,12.623014102406747,207.45921449739882,0.23137077866744665,1.1493486910638868,1.2993025791796258,5.544742860148027,9.025097728684855,4,15,66,150,280,9.160702798927508,11.917816869878717,33.57623947584185,135.50389210085103,0,0
łódzkie|piotrkowski|Wolbórz,łódzkie,piotrkowski,Wolbórz,39,1,38,0.02564102564102564,51.48880389193851,19.85085009831062,12.67347887477206,12.443296703222401,157.69985790080992,0.24730523235176424,1.0586956995604582,1.132154799339842,4.679769047244672,8.629611065330455,5,14,72,150,284,9.435198200655176,12.053013226205314,33.82775096014501,135.85313681587036,1,0
łódzkie|piotrkowski|Łęki Szlacheckie,łódzkie,piotrkowski,Łęki Szlacheckie,30,0,30,0.0,51.193895140978974,19.764793903413707,10.82417159308641,10.854537896535778,117.49138075576248,0.25533787931527585,1.195404248497171,1.1621691015952709,3.97209925777558,7.016329871824985,4,16,64,155,282,7.781560449265516,11.341567211386565,33.07633526501087,135.98062442005929,0,0
łódzkie|poddębicki|Dalików,łódzkie,poddębicki,Dalików,58,0,58,0.0,51.89231894530586,19.110219890946922,14.32562221145556,11.15485498282426,159.80023830751293,0.3629531508481684,0.8858188292227166,0.939004133027987,4.250462003258722,7.652814657227777,5,15,67,159,281,8.83820554970341,12.020805908640426,32.62409707455708,130.38414539618122,0,0
łódzkie|poddębicki|Poddębice,łódzkie,poddębicki,Poddębice,82,1,81,0.012195121951219513,51.8901509074684,18.914067641829213,14.375120152946215,19.93363319410893,286.5483722500729,0.28616459886374085,1.040494694035798,1.0530881115701116,5.866126456067006,10.743102238248825,4,13,66,154,271,11.10318380712549,13.189039580350613,31.920884510610836,128.64279846419294,0,1
łódzkie|poddębicki|Pęczniew,łódzkie,poddębicki,Pęczniew,28,0,28,0.0,51.81422503695271,18.744118357030295,14.44004150580693,11.305908641348507,163.25779004193367,0.17150789553630516,1.3361647919317854,1.460620191661784,4.527277790216926,8.265769297414035,4,11,67,150,274,10.634285010940378,13.038696060795274,31.486204139289185,127.53813358298632,0,1
łódzkie|poddębicki|Uniejów,łódzkie,poddębicki,Uniejów,31,1,30,0.03225806451612903,52.00773901691294,18.798435008951873,14.763570814559936,9.446038267673561,139.4572548818417,0.2222903356750099,1.352003888877992,1.4641579879616768,4.450549003397363,8.708743212902753,4,17,67,147,273,10.758005496500084,12.709217116930358,32.32952429803799,127.29614435612696,0,1
łódzkie|poddębicki|Wartkowice,łódzkie,poddębicki,Wartkowice,57,0,57,0.0,51.97644613917369,19.011288071062673,9.266511438844196,18.341096054847423,169.9579763931838,0.3353770220712395,1.0808087206793733,1.0795386700451757,4.717569731418401,9.569337272859695,6,14,67,155,276,8.822836726086999,11.97844774984767,32.5796355878346,129.1653467533856,0,0
łódzkie|poddębicki|Zadzim,łódzkie,poddębicki,Zadzim,55,0,55,0.0,51.79105740247506,18.894169966475644,13.612647912285407,17.59910610618614,239.57043499446414,0.22957757705482695,1.0106079143007198,1.0884112627410798,5.09514942450504,10.284658461736816,3,12,63,156,277,10.463957716264382,13.869180955154045,31.69417792356776,128.9217840842781,0,1
łódzkie|radomszczański|Dobryszyce,łódzkie,radomszczański,Dobryszyce,15,0,15,0.0,51.15347711106259,19.41264026517876,6.724831283435717,6.958092463393786,46.79199787086882,0.32056763298278645,1.2010919595661327,1.3218715962315388,2.7086831244682013,4.353015789100253,7,19,65,156,284,6.265533460996108,9.104157509661036,34.939436711430076,136.92709178331904,0,0
łódzkie|radomszczański|Gidle,łódzkie,radomszczański,Gidle,28,0,28,0.0,50.95526643192567,19.499317991228907,12.813675116759844,9.418819317489456,120.68969071777158,0.23199993167168664,1.1292106922161063,1.2148272370055988,4.394329015345134,7.1074027958753785,5,17,70,162,294,10.78305155443609,11.866824854802749,34.97356071799431,138.31877675961437,0,1
łódzkie|radomszczański|Gomunice,łódzkie,radomszczański,Gomunice,14,0,14,0.0,51.16147899742079,19.518459799149742,7.8436121335015745,8.047865349660505,63.124334305384025,0.22178451708132954,1.6720429193376842,1.6411335486615426,2.9693692661473086,4.757316693649376,6,19,65,156,285,7.433252078458394,9.300523988646678,34.45977178242233,136.78814847062904,0,0
łódzkie|radomszczański|Kamieńsk,łódzkie,radomszczański,Kamieńsk,21,1,20,0.047619047619047616,51.231695139541294,19.474737646855,8.687303512692143,10.636219071729714,92.40006330360072,0.22727257156740124,1.4183699650886112,1.4976012995386623,3.469548232084396,5.733983610759211,7,18,67,157,275,8.38102901126954,11.098450970005457,34.21691618144146,136.23072997951633,0,0
łódzkie|radomszczański|Kobiele Wielkie,łódzkie,radomszczański,Kobiele Wielkie,26,0,26,0.0,51.02807763965614,19.614115004039306,9.619841261917697,11.883243052654247,114.31491184332015,0.2274418934568708,1.4990643739462346,1.3150169005285801,3.7435824245051745,6.990316768732186,6,18,66,156,294,8.098114612084872,11.140237735221863,34.073859178746716,137.36356117619616,0,0
łódzkie|radomszczański|Kodrąb,łódzkie,radomszczański,Kodrąb,22,0,22,0.0,51.10080486543233,19.608020933519665,10.533748299752013,11.762578917675736,123.90404567476565,0.17755675272902352,1.3156912885712189,1.4442205883859585,4.108824188011124,6.8332164237893505,7,17,62,153,293,8.098114612084872,10.461555367672757,34.07331983158817,136.95523917450345,0,0
łódzkie|radomszczański|Lgota Wielka,łódzkie,radomszczański,Lgota Wielka,10,0,10,0.0,51.140989094193586,19.325052031217112,7.294585328080275,7.633530837253746,55.683442046879506,0.17958659939845437,1.408355924776501,1.7046537504723482,2.79138954157775,5.759701003950456,8,19,67,157,283,6.265533460996108,9.23499456200682,35.25292509954892,136.95453729909403,0,0
łódzkie|radomszczański|Masłowice,łódzkie,radomszczański,Masłowice,24,0,24,0.0,51.11085680926637,19.76477036622677,12.334892394766248,12.636884609640795,155.8746118649969,0.15396991025572795,1.1236800977574708,1.3510111154711748,4.490668642755995,8.033482040429119,7,15,64,152,292,9.233454103179675,11.331114336040496,33.111791608170684,136.32931094669766,0,0
łódzkie|radomszczański|Przedbórz,łódzkie,radomszczański,Przedbórz,35,1,34,0.02857142857142857,51.066781763728486,19.95027832410712,22.49870339919958,11.291885067847002,254.05277295934033,0.1377666521498726,1.2838141204109097,1.3976841285153994,5.54409001791171,12.931989747495033,6,15,59,153,285,10.530810304785232,12.94365443055903,32.2278399090726,135.82500804919022,0,1
łódzkie|radomszczański|Radomsko,łódzkie,radomszczański,Radomsko,13,1,12,0.07692307692307693,51.05239254218519,19.453282887995147,9.809673715657055,12.151949784046332,119.20666239054374,0.1090543073625325,1.4311255664903568,1.6014351162512703,5.069559394846683,7.848947323271174,8,20,68,157,287,9.811425155975835,11.23282337355807,34.972987989798334,137.63407778035153,0,0
łódzkie|radomszczański|Wielgomłyny,łódzkie,radomszczański,Wielgomłyny,27,0,27,0.0,51.013628835754844,19.764604380264633,12.370836107589742,12.035258082106632,148.88620524628598,0.18134655225671772,1.2316347869056348,1.4095701886777943,4.340010031109157,8.192976350319695,6,15,65,150,302,10.648016403412209,11.911265580691271,33.0923370251841,136.78760784233523,0,1
łódzkie|radomszczański|Ładzice,łódzkie,radomszczański,Ładzice,16,0,16,0.0,51.07916210555092,19.319492803941188,7.711561634229146,13.659925115872268,105.3393544500037,0.151890051762126,1.6622686528876969,1.7605265317538257,4.447300498453576,7.593586239489053,6,18,71,161,286,6.885802557801792,10.041104864908519,35.438775673854686,137.43698710208366,1,0
łódzkie|radomszczański|Żytno,łódzkie,radomszczański,Żytno,34,0,34,0.0,50.91655805689548,19.70863200619105,14.018999569493856,19.383420199363396,271.73615943019394,0.12512136798906304,1.5300721887013962,1.6622298980232166,5.564378776425183,11.004158219859042,4,15,64,154,300,11.483480983348487,13.082003490998286,33.67675097328395,137.74762772781423,0,1
łódzkie|rawski|Biała Rawska,łódzkie,rawski,Biała Rawska,60,1,59,0.016666666666666666,51.81088630275155,20.47994787844753,13.885746150852835,16.547616292689636,229.7759992420048,0.26112387802873516,1.2128072681926396,1.2168667030209008,5.513912980291789,9.633438215267098,5,15,80,169,291,9.030015746006107,11.642618398153473,36.088114098746715,136.85537971575366,1,0
łódzkie|rawski|Cielądz,łódzkie,rawski,Cielądz,19,0,19,0.0,51.687908338150486,20.348724736671077,10.43325290995459,8.108296943842513,84.5959126841208,0.22459713947345852,1.3742169749661632,1.5021111898922612,3.1834867623484375,5.981848365109302,6,16,74,164,290,7.3759102440683115,10.693396696179638,35.31792878931904,136.76128562441255,1,0
łódzkie|rawski|Rawa Mazowiecka,łódzkie,rawski,Rawa Mazowiecka,54,1,53,0.018518518518518517,51.781471025366265,20.236420851726606,15.040337014024768,12.782240558857074,192.2492057995467,0.2808854256402204,1.060482999589071,1.1566239592911762,5.461510441529061,9.895921586778325,6,20,76,162,285,10.824399348280423,12.194183728302308,36.11561259849658,137.18058816284244,1,1
łódzkie|rawski|Regnów,łódzkie,rawski,Regnów,12,0,12,0.0,51.745042088020455,20.40312164576185,6.344802599496395,8.022795422794186,50.903053253772335,0.2357422439902601,1.358781273457394,1.3902592511758645,2.802546564393753,4.726299857375242,5,16,73,164,291,7.3759102440683115,10.73037761920003,35.68624029637282,136.85923054729642,1,0
łódzkie|rawski|Sadkowice,łódzkie,rawski,Sadkowice,34,0,34,0.0,51.71160876244179,20.5426132264794,8.83434342071889,13.241557317848246,116.98046477100472,0.29064681924932295,1.081610272316669,1.1495150626574486,4.5808909828179045,7.279675991020805,6,15,76,166,294,8.818455244998034,11.100007738642313,35.31516363275904,136.39964628321158,1,0
łódzkie|sieradzki|Brzeźnio,łódzkie,sieradzki,Brzeźnio,29,0,29,0.0,51.49750612576419,18.625872335616567,10.412968462352385,12.6094247348248,131.30154209213674,0.22086564664754782,1.304244352737013,1.3536629012220933,4.101796355906429,8.241439262664002,5,14,67,154,270,9.285157890759217,11.46502862120278,32.768825536301534,128.92152952895592,0,0
łódzkie|sieradzki|Brąszewice,łódzkie,sieradzki,Brąszewice,51,0,51,0.0,51.50298782147903,18.452049917753484,11.167944576399574,11.962833892804541,133.60026589151548,0.381735767213311,0.863322688621496,0.9059916127322515,4.264182912494768,7.115793336046182,5,16,67,146,260,8.076704667898968,11.514117249442393,32.82598128260492,127.22300827899133,0,0
łódzkie|sieradzki|Burzenin,łódzkie,sieradzki,Burzenin,34,0,34,0.0,51.44876648772531,18.776412560105406,14.970901699140427,10.693298385239727,160.088318965001,0.21238276608696968,1.0890247935870776,1.2507901740185838,4.2453917073715735,8.816689502469924,5,16,67,155,273,10.84874546220908,12.422013005293142,33.1196490743146,130.68923873951402,0,1
łódzkie|sieradzki|Błaszki,łódzkie,sieradzki,Błaszki,63,1,62,0.015873015873015872,51.64499501118244,18.449757482349142,18.678726100460807,11.822587163874688,220.83086743283906,0.28528620447121184,1.0819606062765659,1.132683175924816,5.309744699401997,10.57935013354759,3,15,61,151,258,9.597544393429292,13.204016722137169,31.85326091311426,126.04166650106968,0,0
łódzkie|sieradzki|Goszczanów,łódzkie,sieradzki,Goszczanów,30,0,30,0.0,51.78802269165882,18.505380363818343,11.739655347775763,10.165227333161102,119.33626542310108,0.2513904712338401,1.3905652465809026,1.4682447575001876,4.5068641533810725,7.307537772797474,4,13,63,152,268,9.651578896212065,12.335916723040492,31.74721805456066,125.82286109996461,0,0
łódzkie|sieradzki|Klonowa,łódzkie,sieradzki,Klonowa,21,0,21,0.0,51.43312803153853,18.42012500768972,8.27386847705037,12.272395594966891,101.54018705108837,0.2068146672748808,1.1994674141738586,1.2466684164795052,3.963501852577468,8.023900582961742,6,19,65,146,264,8.073578795861705,9.990961092003117,33.45471238178429,127.49300735137393,0,0
łódzkie|sieradzki|Sieradz,łódzkie,sieradzki,Sieradz,34,1,33,0.029411764705882353,51.58580650719347,18.74441636152751,17.956703961510605,13.492574140249081,242.28215951518624,0.14033224760764476,1.723371840302787,1.7243997215574987,6.548570687858601,9.920036489741209,4,13,67,155,270,11.119840551025996,13.224859768843075,31.972307643520885,129.03208263409837,0,1
łódzkie|sieradzki|Warta,łódzkie,sieradzki,Warta,56,1,55,0.017857142857142856,51.72647295076369,18.637870558668084,20.428046628456556,21.559025795854332,440.40878422181,0.12715459365541593,1.2510535413457928,1.3918107089815808,6.920695124694561,13.034545106223055,3,13,66,152,271,11.40176506134509,14.306543608273023,31.40272130560815,127.09042608960328,0,1
łódzkie|sieradzki|Wróblew,łódzkie,sieradzki,Wróblew,30,0,30,0.0,51.597215516664036,18.584500303553238,11.714165927286226,9.389678830735825,109.99225582716637,0.27274647450762135,1.2397598939349348,1.350486001768314,4.04197873582723,6.483451239403681,5,14,67,154,267,10.712451453485732,12.407060567603093,31.950062242332216,127.58591783056661,0,1
łódzkie|sieradzki|Złoczew,łódzkie,sieradzki,Złoczew,27,1,26,0.037037037037037035,51.41529100590216,18.602424009452168,11.12683789356111,13.475766798686552,149.9426726604182,0.18006881910894101,1.3460645619668394,1.4461600310203608,4.516589889093454,8.179434557594696,6,17,70,149,265,8.750735086446092,11.0004324814693,33.584137920200405,129.55498913408508,0,0
łódzkie|skierniewicki|Bolimów,łódzkie,skierniewicki,Bolimów,20,1,19,0.05,52.09771834635065,20.176478479832703,10.829235319595366,9.782876738382882,105.94107430254383,0.1887841909445293,1.372319734421158,1.4788417281777069,3.598802259445783,5.673573762831306,3,19,83,170,285,7.237150117904168,11.732540968365743,37.19562447229593,135.80242697879706,1,0
łódzkie|skierniewicki|Godzianów,łódzkie,skierniewicki,Godzianów,6,0,6,0.0,51.8926717035977,20.045467744656353,6.412173557917876,5.246271237360739,33.64000170586963,0.178359087269401,2.2943322536150754,2.352152264881157,2.511602069076567,4.265670614956448,10,20,73,166,283,7.355278842807121,8.200676806204118,37.31507631602987,137.29860680831777,1,0
łódzkie|skierniewicki|Głuchów,łódzkie,skierniewicki,Głuchów,18,0,18,0.0,51.804911658681775,20.083661888484514,8.50049629501288,11.926894874629573,101.3845256927968,0.17754188695956852,1.3093266669769306,1.4435710369046824,4.034121244833361,7.287835154965309,7,21,74,166,289,9.544702476720005,10.405318483943871,36.708755304629975,137.37127974286238,1,0
łódzkie|skierniewicki|Kowiesy,łódzkie,skierniewicki,Kowiesy,27,0,27,0.0,51.89126305849348,20.42690538891234,8.544597455772292,11.750342337074528,100.40194523782047,0.2689190925140498,1.5123154317235397,1.4052416795869735,3.3962768608392198,6.394328907632022,4,17,82,171,293,9.616956048181466,11.62382153854086,36.85984033952454,137.14955381076663,1,0
łódzkie|skierniewicki|Lipce Reymontowskie,łódzkie,skierniewicki,Lipce Reymontowskie,9,0,9,0.0,51.90395825598,19.932578876262124,6.134029646103029,6.589616210050397,40.42090118889022,0.22265708421349278,1.4155828539644357,1.7744306534267815,2.962188899740932,4.160766425797178,8,21,77,168,286,4.56834887365147,8.066426717962289,37.1033309983257,136.86876654475589,1,0
łódzkie|skierniewicki|Maków,łódzkie,skierniewicki,Maków,12,0,12,0.0,51.95774698400112,20.026233098843864,7.554269937260526,9.75436036099856,73.68707123229714,0.16285082035857038,1.4670345552601076,1.6613726587674311,3.727886998438322,6.262868257087589,7,18,79,166,285,7.355278842807121,8.214716207348896,37.23197592747948,136.82615134303592,1,0
łódzkie|skierniewicki|Nowy Kawęczyn,łódzkie,skierniewicki,Nowy Kawęczyn,38,0,38,0.0,51.890469775325215,20.237504620250807,8.9217782817076,11.332746172889674,101.10824867739201,0.37583481562663906,1.0600311568673493,1.0726733255714975,3.63500344474582,6.34991753813111,7,23,77,172,290,7.868511144143588,10.891608435172591,36.96060908251084,137.3144667458144,1,0
łódzkie|skierniewicki|Skierniewice,łódzkie,skierniewicki,Skierniewice,28,0,28,0.0,51.92916996037978,20.141471607903746,18.754985297548174,11.253312723734433,211.0557146823511,0.13266639115714698,1.4748389467108942,1.5571676629924116,5.777098209808753,10.589525122592255,6,19,79,169,287,3.0516635292123047,8.309125499306557,37.38691048433297,137.28006636084308,1,0
łódzkie|skierniewicki|Słupia,łódzkie,skierniewicki,Słupia,11,0,11,0.0,51.86296276436956,19.936947699450826,4.457186924931757,8.596026033323092,38.31409484210068,0.2871006099800345,1.0890938580877139,1.2459990418478422,2.5827603738678357,5.627306745486831,9,21,73,167,289,4.56834887365147,7.860216839124419,37.124398408549204,137.10540229450007,1,0
łódzkie|tomaszowski|Budziszewice,łódzkie,tomaszowski,Budziszewice,16,0,16,0.0,51.677282774036506,19.977154368268778,6.677264064125589,8.185368561962477,54.6558673504154,0.29274075731740073,1.0309582842766658,1.113991667503782,2.458864573699357,5.6852001634278855,7,21,70,161,279,7.026585222381639,10.128217909421696,35.75838843148183,136.949345491219,0,0
łódzkie|tomaszowski|Będków,łódzkie,tomaszowski,Będków,20,0,20,0.0,51.583729281842736,19.77225335000342,10.096832732979061,6.297101205799527,63.58077757759858,0.3145604813591742,1.2539333816284122,1.2870628398875954,2.811916559671691,6.049052556473087,6,17,71,153,285,7.461657684905943,9.707944450203431,34.9663243175164,136.24162256249568,1,0
łódzkie|tomaszowski|Czerniewice,łódzkie,tomaszowski,Czerniewice,34,0,34,0.0,51.6704107061722,20.182464657059768,10.557127762241576,11.298298427478503,119.27757999482365,0.2850493781100817,1.2801934572028224,1.1618736931682365,3.8947434394740545,5.993927340095942,6,15,74,168,288,10.713128587104283,11.495865706353348,35.279074424715844,136.83617393178713,1,1
łódzkie|tomaszowski|Inowłódz,łódzkie,tomaszowski,Inowłódz,9,1,8,0.1111111111111111,51.52961535623195,20.210666916421246,8.482483100287174,9.17736595195845,77.84685159263847,0.1156116119775238,2.318869264035042,2.152291114587101,3.4580186197480973,7.321398800935864,3,15,69,160,281,9.892561392598024,13.144544079157424,33.84920260664682,136.01905908438903,0,0
łódzkie|tomaszowski|Lubochnia,łódzkie,tomaszowski,Lubochnia,23,0,23,0.0,51.601845615128596,20.0664528778315,9.778234280028647,7.449237892283533,72.8403933184152,0.3157588660931247,1.1063964010584777,1.1884200631421713,3.0187225982928094,6.437991283897846,6,18,70,159,281,10.408508945077772,11.331633913522367,34.7267649663316,136.51033265357603,0,1
łódzkie|tomaszowski|Rokiciny,łódzkie,tomaszowski,Rokiciny,23,0,23,0.0,51.66303210766172,19.808411794502966,8.533752389105304,8.972835857731042,76.57195943796202,0.30037105186833324,1.173603991251919,1.3252116009425243,3.1891670463305832,5.310865725654258,7,20,70,158,284,8.884817279623302,10.293008185452106,35.63377293196787,136.57237774607486,0,0
łódzkie|tomaszowski|Rzeczyca,łódzkie,tomaszowski,Rzeczyca,20,0,20,0.0,51.616138897225554,20.31897286879366,8.39935838729277,11.780228405407014,98.94636026117993,0.20212971904381094,1.4873155308083739,1.6263186920631072,4.077348825374335,7.186101164844231,5,16,72,164,288,8.240142014176426,10.950808773146324,34.73811734165743,136.47383936791988,1,0
łódzkie|tomaszowski|Tomaszów Mazowiecki,łódzkie,tomaszowski,Tomaszów Mazowiecki,27,1,26,0.037037037037037035,51.52003843180088,19.97759794908731,14.405465208845406,16.68652735721786,240.37718930084895,0.11232346995374674,1.5247530494525767,1.6761881170543462,5.317580010035369,10.120889630567554,4,16,71,156,282,9.435198200655176,12.344504339622262,33.93274187363032,136.02050946225586,1,0
łódzkie|tomaszowski|Ujazd,łódzkie,tomaszowski,Ujazd,39,1,38,0.02564102564102564,51.601924847845375,19.901153226447907,9.573171734289332,9.360076478831383,89.60561957793502,0.4352405595061984,0.7867540569576587,0.8426391309456529,3.2547994853926,5.591975934259131,6,17,70,158,282,9.131307023081504,10.059197056347028,35.040530861542614,136.5093623582411,0,0
łódzkie|tomaszowski|Żelechlinek,łódzkie,tomaszowski,Żelechlinek,36,0,36,0.0,51.721232720902684,20.050412366836724,10.051552995486869,8.998956961450254,90.45349280212271,0.3979945813563451,1.149930016115312,1.110958682346034,3.674534745790585,5.636255299042367,6,22,70,163,287,7.026585222381639,10.024594545555711,36.081363096556615,137.16321834023108,0,0
łódzkie|wieluński|Biała,łódzkie,wieluński,Biała,31,0,31,0.0,51.26288691834672,18.436697434398777,12.313689307569085,9.050387465906878,111.44365936829479,0.2781674630546039,1.0408425217524349,1.1390283060526936,3.4546470563744864,7.942690140411355,8,21,69,146,265,8.488385111077084,9.535130229503416,34.50077057692683,128.73083987353817,0,0
łódzkie|wieluński|Czarnożyły,łódzkie,wieluński,Czarnożyły,13,0,13,0.0,51.2819018562331,18.561416612575794,5.593666343947887,9.14500182075839,51.15408890011835,0.2541341323737255,1.362447685338209,1.5394710936209823,2.96947679115213,4.798543683580418,5,20,73,151,268,6.660581217173231,9.866792991527726,34.61438654316973,130.2349627435271,1,0
łódzkie|wieluński|Konopnica,łódzkie,wieluński,Konopnica,12,0,12,0.0,51.357003542789954,18.829540660621237,8.154744311026835,9.449028212861128,77.05440906356135,0.15573411237378162,1.446064668790856,1.7674915446956039,3.5775487616921633,5.661054542970495,5,16,67,152,267,8.845047512626588,10.76450045497429,33.97403967454056,132.10476931329524,0,0
łódzkie|wieluński|Mokrsko,łódzkie,wieluński,Mokrsko,18,0,18,0.0,51.158694716357495,18.47074708874315,8.613608493334983,6.522500556249892,56.182266189096225,0.3203857946814793,1.2406848993280502,1.2320291642709682,2.9375043294802476,4.944322828983564,7,17,68,154,273,5.104670562327626,10.158776889733224,34.49560978289265,129.31370236797733,0,0
łódzkie|wieluński|Osjaków,łódzkie,wieluński,Osjaków,24,1,23,0.041666666666666664,51.28524103630013,18.774630804375516,10.789423298711117,11.518171861598276,124.27443184208724,0.19312097946660717,1.430990789440889,1.5123550574860996,3.341016061966189,6.968063148646567,8,18,70,154,274,8.845047512626588,11.605955620837834,34.511468497786765,132.31846769383557,0,0
łódzkie|wieluński|Ostrówek,łódzkie,wieluński,Ostrówek,25,0,25,0.0,51.33818063940279,18.627614151720994,8.115036101708435,13.653948699277047,110.80228662550816,0.22562711259286114,1.2886032714031983,1.3108115922238193,4.143577920202983,7.870537364499229,6,19,68,155,267,7.76747093140757,10.609688263759264,34.225584920511494,130.5084960173643,0,0
łódzkie|wieluński|Pątnów,łódzkie,wieluński,Pątnów,20,0,20,0.0,51.106245905261,18.66185781129047,10.85773940657876,14.365530729415521,155.97718909719302,0.12822387757954487,1.4979601843976684,1.5326262260867098,5.196030399535542,8.433795393261356,7,19,71,154,279,7.306583774939575,10.758457260429717,35.127344333519076,132.21406990523695,1,0
łódzkie|wieluński|Skomlin,łódzkie,wieluński,Skomlin,15,0,15,0.0,51.16876116699872,18.399322619252054,7.938403823075438,6.039355103774016,47.94283964470981,0.3128725814148799,1.1119445341056442,1.2566876237180387,2.912296051840077,4.780536768221398,8,18,69,149,265,5.104670562327626,9.432421652550062,34.245635071941805,128.17786751919436,0,0
łódzkie|wieluński|Wieluń,łódzkie,wieluński,Wieluń,22,1,21,0.045454545454545456,51.22446289262876,18.58856760784947,11.440213737887333,18.799067534611346,215.0653506689325,0.10229448831051535,1.8361372431438074,1.7624018247718767,4.894069041060633,10.733696525367064,8,18,69,153,270,6.660581217173231,10.517165377848059,34.777736608144416,130.81671718936286,0,0
łódzkie|wieluński|Wierzchlas,łódzkie,wieluński,Wierzchlas,15,0,15,0.0,51.16530864122694,18.707753271135058,8.246697457261822,10.875555169516804,89.6874131627649,0.16724754869201067,1.372801137185604,1.535229641387518,4.02943988902612,6.952994697394578,5,19,71,157,279,7.306583774939575,10.99769636401321,35.06053223739974,132.5014248242181,1,0
łódzkie|wieruszowski|Bolesławiec,łódzkie,wieruszowski,Bolesławiec,11,1,10,0.09090909090909091,51.20346409633725,18.20528705891638,9.504490799010027,5.700969092121691,54.18480828151116,0.20300893089536684,1.1541471566104382,1.4540994087354853,2.6190498303485295,5.272246718709982,7,20,64,140,260,6.9403043740748585,9.500010538947143,33.15269905458917,124.73722101557733,0,0
łódzkie|wieruszowski|Czastary,łódzkie,wieruszowski,Czastary,16,0,16,0.0,51.250357267734344,18.31637387845943,7.961661347284403,8.243522702302387,65.6321360643824,0.24378301483749767,1.1938165473645528,1.1970481058784523,3.0107499706204814,5.181964497788936,8,20,72,139,263,7.686276629464514,8.859365416005481,34.020510402145305,126.87679820885865,1,0
łódzkie|wieruszowski|Galewice,łódzkie,wieruszowski,Galewice,31,0,31,0.0,51.378022239824574,18.26453118123993,12.135142676221035,10.135031939360887,122.99005861220155,0.25205289232153083,1.452303361644605,1.3892752349871345,4.188310742531822,7.738693258592171,7,19,67,141,263,9.023424307087847,10.745305073733064,33.2607790815307,125.64273610528326,0,0
łódzkie|wieruszowski|Lututów,łódzkie,wieruszowski,Lututów,19,1,18,0.05263157894736842,51.360193141289926,18.46134018125475,8.533717832439132,9.559716680729656,81.5799247114085,0.23290043558158563,1.2538581715442678,1.5621978243507428,3.6223234913670748,5.756381907181886,7,21,68,144,262,8.599319056656839,10.28828661513111,34.06038503511391,128.54118961691597,0,0
łódzkie|wieruszowski|Sokolniki,łódzkie,wieruszowski,Sokolniki,18,0,18,0.0,51.31639099229455,18.349050063936467,4.840785812303417,12.11647684308534,58.65326919711041,0.30688826465084373,0.9773760350203626,1.131522816269707,3.3829223795076877,6.523641992788388,6,21,65,143,260,7.686276629464514,9.371984450089059,34.02068800129759,127.25468931726112,0,0
łódzkie|wieruszowski|Wieruszów,łódzkie,wieruszowski,Wieruszów,16,1,15,0.0625,51.318496854130345,18.170127290919375,13.075655812416063,6.989404749806529,91.39105084213618,0.17507184623183195,1.417784568768134,1.5922201041532196,3.792405167956319,7.258346877078739,7,20,68,143,261,9.31648599156341,11.424783920604689,32.86210087930943,124.17366547284139,0,0
łódzkie|wieruszowski|Łubnice,łódzkie,wieruszowski,Łubnice,10,0,10,0.0,51.17911089672499,18.296983932798042,5.761782288739418,8.13644036477896,46.8803979871679,0.2133087693226751,1.221955621362213,1.5745439353277713,2.8617179131328414,4.407944568522207,7,19,67,148,266,6.9403043740748585,8.946947510760424,33.69670678716343,126.38978282076376,0,0
łódzkie|zduńskowolski|Szadek,łódzkie,zduńskowolski,Szadek,51,1,50,0.0196078431372549,51.70724762932051,18.96329707653299,10.734978053608584,15.949637510378954,171.21900863693034,0.2978641238844305,1.0045174969570607,1.027049367646474,5.080398559765434,8.70584748605924,4,15,65,162,279,9.566587432424205,12.413026231930605,32.06189023401855,130.08305081637425,0,0
łódzkie|zduńskowolski|Zapolice,łódzkie,zduńskowolski,Zapolice,23,0,23,0.0,51.54008402005943,18.917895741297016,9.07165329674526,9.932915055952153,90.10796161361898,0.2552493651851044,1.374575839828188,1.3051492578406265,3.5817354132767427,6.195920156765437,5,15,67,155,277,7.516798619573007,11.766228525963546,32.62351733650622,130.98418297541093,0,0
łódzkie|zduńskowolski|Zduńska Wola,łódzkie,zduńskowolski,Zduńska Wola,40,1,39,0.025,51.623037723986684,18.934883831904067,11.733838449015712,13.901634476164933,163.11953312058648,0.2452189460990543,1.1187582418579027,1.0641699244685179,4.393826306190118,9.409601921595414,5,15,62,158,273,9.298431827214404,11.543340856492819,32.25048930996434,130.4393020103597,0,0
łódzkie|zgierski|Aleksandrów Łódzki,łódzkie,zgierski,Aleksandrów Łódzki,30,1,29,0.03333333333333333,51.827765149414724,19.253460371475807,10.654248021901573,12.880885200956344,137.23614567263039,0.21860130108552758,1.274005506730665,1.3524148648968977,4.122203866744332,7.8589581451828385,5,16,64,156,279,8.23976750276323,11.641598465770212,33.27995577935648,132.04778917320573,0,0
łódzkie|zgierski|Głowno,łódzkie,zgierski,Głowno,33,1,32,0.030303030303030304,51.990371250558844,19.686501857195132,9.04859671578799,20.48978903184325,185.40383774072563,0.1779898431560419,1.4604931552410383,1.4556997024860552,5.101281602108522,10.63282005797675,4,16,75,160,279,8.371971891042543,11.600558630773337,35.165814406512254,134.3200757342372,1,0
łódzkie|zgierski|Ozorków,łódzkie,zgierski,Ozorków,34,1,33,0.029411764705882353,51.987502163096785,19.298255516973292,8.945826400802321,15.339042293395648,137.22040951128218,0.24777655249020766,1.2951875730448905,1.3002798082889977,4.158802231479112,8.215742454384932,5,13,72,154,282,7.859903025647376,11.360354147774007,33.48591570205951,131.41414456133703,1,0
łódzkie|zgierski|Parzęczew,łódzkie,zgierski,Parzęczew,44,1,43,0.022727272727272728,51.93992796456974,19.21340797856716,12.764085208184753,10.73166833181883,136.97992901331347,0.321214942341834,0.946332737312563,0.9758514922063576,4.021094183615175,7.886323701010675,5,14,70,156,280,7.859903025647376,11.697822319213563,33.117034203469,131.0247488161932,0,0
łódzkie|zgierski|Stryków,łódzkie,zgierski,Stryków,43,1,42,0.023255813953488372,51.90199515248618,19.59675826983053,14.126303747024682,11.774222802670419,166.32624769566658,0.2585280471106324,1.2512040409156824,1.3077661005782404,4.811832455174701,7.995505407517745,5,17,76,154,283,8.865773165023137,12.027142037511474,34.75371116332443,134.32071200192522,1,0
łódzkie|zgierski|Zgierz,łódzkie,zgierski,Zgierz,63,1,62,0.015873015873015872,51.92161690445081,19.437745502419006,16.163320704170268,15.915727093724323,257.251001255918,0.24489700600747688,1.0560543250636818,1.1597522820497708,5.427314662580923,10.908856676701859,2,15,77,153,282,11.123295246318085,14.09153587188697,33.80504067761787,132.85109241665134,1,1
łódzkie|Łódź|Łódź,łódzkie,Łódź,Łódź,1,1,0,1.0,51.76444444,19.46305556,0.001,0.001,1e-06,1000000.0,,,0.0,0.0,6,17,69,156,282,9.646771312247246,11.449680704338478,34.45950618985353,134.23502884433435,0,0
łódzkie|łaski|Buczek,łódzkie,łaski,Buczek,24,0,24,0.0,51.5181564020858,19.17296276683107,8.085125411419773,10.617419968489775,85.8431719909524,0.2795796036349813,1.1533662335254804,1.148938451488935,3.942605547436235,5.858114931057934,4,15,66,158,280,6.956856576117154,11.701459188737639,33.306114845629416,133.14324431165426,0,0
łódzkie|łaski|Sędziejowice,łódzkie,łaski,Sędziejowice,30,0,30,0.0,51.51249804549532,19.017091823377562,12.71064740275946,7.859257660021997,99.89625296397598,0.3003115643468472,1.1878678800604767,1.2321828681033151,3.943951725277254,6.957977306699633,6,15,67,157,276,7.516798619573007,11.45496751393147,32.96650282562281,132.02000334000945,0,0
łódzkie|łaski|Widawa,łódzkie,łaski,Widawa,47,0,47,0.0,51.407606208682495,18.948511416964042,14.926902190495692,16.01137909045166,239.00028961811978,0.1966524813635067,1.3366506419382695,1.341991775405329,5.386986502035809,10.155884780309327,5,18,69,155,269,9.795636630477327,12.00863455647416,33.495591849228674,132.44707698509137,0,0
łódzkie|łaski|Wodzierady,łódzkie,łaski,Wodzierady,33,0,33,0.0,51.71628826968916,19.13449187904972,11.368359457135856,9.388694666565943,106.73405580281592,0.3091796685864286,1.0738654991339365,1.0867215569543034,3.9555956052008256,7.308759256065853,7,16,65,156,278,6.7877558889281335,11.210710225436042,32.974938335201244,131.7147997159313,0,0
łódzkie|łaski|Łask,łódzkie,łaski,Łask,49,1,48,0.02040816326530612,51.61521544653102,19.101273112844428,13.469754792230987,15.414413262223816,207.6283669082681,0.2359985811652056,1.1593131443604352,1.2319692727259477,4.883175824570442,11.386069596328255,6,15,64,162,278,10.405707687250818,11.618023943072663,32.95615332282768,132.0136340268834,0,1
łódzkie|łowicki|Bielawy,łódzkie,łowicki,Bielawy,38,0,38,0.0,52.07681811975406,19.63952626523128,12.20263227835232,14.99072833767093,182.92634548927413,0.20773388271854,1.1274356933726477,1.262117209462073,4.70048225636677,8.079117364762416,5,15,72,160,280,10.135376855796023,11.85919410728712,34.747682742605384,133.09890190393648,1,0
łódzkie|łowicki|Chąśno,łódzkie,łowicki,Chąśno,16,0,16,0.0,52.19858312314536,19.90963929750319,8.791093779412442,7.912426598602115,69.5588842510286,0.2300209408514686,1.570374465296311,1.6157630938263134,3.435484597702293,5.731088628604269,5,19,75,163,286,7.103019277893732,9.853244360033589,35.79687629185746,133.1487482845678,1,0
łódzkie|łowicki|Domaniewice,łódzkie,łowicki,Domaniewice,12,0,12,0.0,52.027128302139225,19.7932513366369,8.589917713788969,7.720156415588806,66.31550834748784,0.18095314804978924,1.6367543068907617,1.6812557927054754,3.154435950114403,5.302615085630544,5,19,76,165,280,8.371971891042543,10.90254508488287,35.74608990262078,134.75347887406903,1,0
łódzkie|łowicki|Kiernozia,łódzkie,łowicki,Kiernozia,21,1,20,0.047619047619047616,52.25995097845633,19.880685734777003,6.917241889262473,11.065709001634856,76.54418584049745,0.2743513405937812,1.167111557846539,1.3275709647039264,3.4102849742034906,6.793759313943313,7,17,72,165,289,7.103019277893732,10.483951327079112,35.32132085206167,131.86022819901353,1,0
łódzkie|łowicki|Kocierzew Południowy,łódzkie,łowicki,Kocierzew Południowy,20,0,20,0.0,52.20040633069341,20.022062213836204,11.86075423474056,7.3270266540396864,86.90406241495816,0.23013883867133864,1.4349774138768874,1.5763697628321451,4.10552112999407,6.622598320506133,7,18,77,167,285,7.1390983888664845,10.416294850965608,36.23108005343458,133.63355661853922,1,0
łódzkie|łowicki|Nieborów,łódzkie,łowicki,Nieborów,17,0,17,0.0,52.08550071588521,20.05926189167707,12.636095307746695,7.196320444756894,90.9333910050342,0.18695002806019692,1.852067060716204,1.9244336342997548,4.09749977810856,6.668964999752032,6,19,74,168,286,8.122460574949843,11.501706644274567,36.77028361632014,135.50942010667657,1,0
łódzkie|łowicki|Zduny,łódzkie,łowicki,Zduny,24,0,24,0.0,52.16357610540029,19.780123433660734,13.574863285945295,9.05196415498506,122.8791758731995,0.19531380992305716,1.4190155362986552,1.5684836722491362,3.9578552323822627,7.281518182276712,6,18,73,168,284,9.650443451726051,11.465877078892206,35.28910659984073,132.9536136798008,1,0
łódzkie|łowicki|Łowicz,łódzkie,łowicki,Łowicz,28,1,27,0.03571428571428571,52.10269620025258,19.911139083108655,12.765313886988842,16.89070881402187,215.61519978471821,0.12986097468061947,1.7116776264683855,1.6950570704534678,5.159628234609299,8.679205555268176,6,19,73,167,280,10.298002393612542,11.128229527230014,36.087747364020174,134.5633841240687,1,1
łódzkie|łowicki|Łyszkowice,łódzkie,łowicki,Łyszkowice,20,0,20,0.0,51.9967158995698,19.924926078313014,11.531895320698615,11.759705546849759,135.6116933685103,0.1474799075449352,1.6034112249561285,1.6212296427994826,4.208248250293549,8.3280105293096,8,22,78,166,282,8.180703691592615,10.621295719690355,36.62590183019714,135.94302019577327,1,0
łódzkie|łódzki wschodni|Andrespol,łódzkie,łódzki wschodni,Andrespol,11,0,11,0.0,51.72025506723466,19.64808363339022,6.29794425945643,5.821532241675777,36.66368556270248,0.3000243928338226,1.2832563583823184,1.3532632377922702,2.4446660359105525,4.412933138550168,8,20,68,159,283,5.131507601723614,10.59656599106312,35.47214396991842,135.8182935732853,0,0
łódzkie|łódzki wschodni|Brójce,łódzkie,łódzki wschodni,Brójce,17,0,17,0.0,51.67539074415698,19.630639914510486,6.62394548088499,10.209467284270179,67.6269546798846,0.2513790555921127,1.2972048324687202,1.3282397644920454,3.665489391354163,6.254293383485205,7,20,68,156,283,5.131507601723614,9.882213061985944,35.34917502730358,135.82510226607587,0,0
łódzkie|łódzki wschodni|Koluszki,łódzkie,łódzki wschodni,Koluszki,28,1,27,0.03571428571428571,51.74162120723692,19.831696238282536,8.779822312083857,13.832729304675686,121.4489053862078,0.2305496283474926,1.3843595142884089,1.4216890580860935,4.0332510915471955,8.135633408679931,6,20,69,157,279,8.884817279623302,9.876360178329604,36.188879467413486,136.76242000949844,0,0
łódzkie|łódzki wschodni|Nowosolna,łódzkie,łódzki wschodni,Nowosolna,24,0,24,0.0,51.82272188985223,19.610583524829504,8.688931803423452,8.033894148767999,69.80595837456785,0.3438101926947232,1.0708948595203478,1.0787132681241485,2.894313308272782,5.330686959701828,4,18,72,154,282,8.865773165023137,11.628680516039791,35.08068913861172,135.01609936325676,1,0
łódzkie|łódzki wschodni|Rzgów,łódzkie,łódzki wschodni,Rzgów,16,1,15,0.0625,51.66405054036222,19.5029713505782,7.417677555248275,10.030291238846198,74.40146619499286,0.21504952547664688,1.5866459907510306,1.5874291404108252,3.569141268529788,5.928157312174366,8,18,67,156,289,5.866925646710176,9.714829956912041,34.86312070583339,135.06449293757188,0,0
łódzkie|łódzki wschodni|Tuszyn,łódzkie,łódzki wschodni,Tuszyn,27,1,26,0.037037037037037035,51.57145802473069,19.53438003681319,13.252680257148965,9.026735967535451,119.62844554345354,0.22569882837934718,0.9462015378867137,1.2289933113748173,4.063476208165849,7.126363267109668,7,18,70,152,282,9.261300651182001,10.728022703272625,34.52958213506748,135.31450004395617,0,0
łódzkie|łęczycki|Daszyna,łódzkie,łęczycki,Daszyna,23,0,23,0.0,52.1550572501385,19.155093530759395,10.18421192732213,9.473651564568915,96.4816752591767,0.23838723714338067,1.3557993159367476,1.3707358111011094,3.415766165964507,6.121621492385933,6,20,66,162,272,7.885460627376995,10.1877352064856,33.926566710555605,129.40865392255915,0,0
łódzkie|łęczycki|Grabów,łódzkie,łęczycki,Grabów,63,1,62,0.015873015873015872,52.14707764988742,19.010094277545385,13.111252042342354,12.209008320728671,160.0753852801286,0.3935645689045278,0.970648799939052,1.0396848142866582,4.448780569556905,7.768559842429687,7,17,66,155,274,9.93261099662815,11.701366107700306,33.53190794227131,128.38013960696986,0,0
łódzkie|łęczycki|Góra Świętej Małgorzaty,łódzkie,łęczycki,Góra Świętej Małgorzaty,28,0,28,0.0,52.066791280172886,19.33468053693291,7.621908643548179,12.566056863443455,95.77733742279759,0.2923447315767127,1.2083302825288809,1.294642788200422,3.6953130736220094,7.549347547612303,5,15,75,154,281,9.161999549805357,11.054775954067754,33.83308677424296,131.17989413919543,1,0
łódzkie|łęczycki|Piątek,łódzkie,łęczycki,Piątek,41,1,40,0.024390243902439025,52.06054496255227,19.469161070528,13.040955058604558,11.851368994211846,154.55317043645618,0.265280873140399,1.1618532581284955,1.1674858721103194,4.462957570582223,7.750247207363209,4,17,76,159,284,9.219438176004413,12.736774293011369,34.07163575391283,132.07853855651305,1,0
łódzkie|łęczycki|Witonia,łódzkie,łęczycki,Witonia,22,0,22,0.0,52.14509453093737,19.269521159425373,8.901952458523292,8.468834393314836,75.38916114839562,0.2918191377231976,0.9354330535536497,1.1841690587566127,3.0821662810136674,5.25326494488173,6,18,67,158,273,7.885460627376995,10.412915685580234,34.037576346279266,130.20688528959207,0,0
łódzkie|łęczycki|Łęczyca,łódzkie,łęczycki,Łęczyca,43,1,42,0.023255813953488372,52.06424784977766,19.1453869019277,11.501937936197788,14.438051080030373,166.0655674421628,0.25893386968960924,1.2702761301669176,1.2603471959018562,4.984630671878118,8.524848749201288,8,17,66,159,272,10.119292877821023,12.372786981694873,33.385664423185816,129.85330552116284,0,0
łódzkie|łęczycki|Świnice Warckie,łódzkie,łęczycki,Świnice Warckie,30,0,30,0.0,52.04632511707411,18.950224024559216,7.992921673530118,12.882802914593718,102.9712346318731,0.29134350100055983,1.1859704172920926,1.2029995118392767,3.8893186810538203,7.143873367154937,5,16,64,155,274,8.822836726086999,11.54906051685417,32.823271358454896,128.4002800137968,0,0
śląskie|Bielsko-Biała|Bielsko-Biała,śląskie,Bielsko-Biała,Bielsko-Biała,1,1,0,1.0,49.822245231839,19.045058240546,0.001,0.001,1e-06,1000000.0,,,0.0,0.0,14,33,96,174,256,7.318613100636279,8.563304611733114,43.05791886238307,118.79045518906861,1,0
śląskie|Bytom|Bytom,śląskie,Bytom,Bytom,1,1,0,1.0,50.348406529226,18.915675550017,0.001,0.001,1e-06,1000000.0,,,0.0,0.0,14,32,107,212,321,3.8317581693230256,6.146788100760384,48.47913974530168,142.33290546809224,1,0
śląskie|Chorzów|Chorzów,śląskie,Chorzów,Chorzów,1,1,0,1.0,50.299455469386,18.952414875506,0.001,0.001,1e-06,1000000.0,,,0.0,0.0,13,34,114,220,313,2.7241358878913817,5.44214637323997,49.431446792947675,142.62769490856414,1,0
śląskie|Częstochowa|Częstochowa,śląskie,Częstochowa,Częstochowa,1,1,0,1.0,50.81193174471,19.127898744063,0.001,0.001,1e-06,1000000.0,,,0.0,0.0,9,20,83,173,318,9.815078248521305,11.23254707698767,38.440654486620204,140.0687391452865,1,0
śląskie|Dąbrowa Górnicza|Dąbrowa Górnicza,śląskie,Dąbrowa Górnicza,Dąbrowa Górnicza,1,1,0,1.0,50.326053934198,19.205379370514,0.001,0.001,1e-06,1000000.0,,,0.0,0.0,12,28,108,229,338,4.9337003577648275,8.23205041249891,47.766385842959494,145.54855260718733,1,0
śląskie|Gliwice|Gliwice,śląskie,Gliwice,Gliwice,1,1,0,1.0,50.292088704948,18.667138485928,0.001,0.001,1e-06,1000000.0,,,0.0,0.0,9,26,105,197,293,7.672248708102652,9.423814913564872,44.54777705530788,133.25601079347007,1,0
śląskie|Jastrzębie-Zdrój|Jastrzębie-Zdrój,śląskie,Jastrzębie-Zdrój,Jastrzębie-Zdrój,1,1,0,1.0,49.951894810561,18.60234494941,0.001,0.001,1e-06,1000000.0,,,0.0,0.0,10,29,92,163,236,4.512885540433228,7.571992810913892,39.49037753479557,113.06370548419734,1,0
śląskie|Jaworzno|Jaworzno,śląskie,Jaworzno,Jaworzno,1,1,0,1.0,50.203731135634,19.270153052092,0.001,0.001,1e-06,1000000.0,,,0.0,0.0,10,27,107,227,328,8.767326026367579,10.8303353048951,48.31695603710593,144.04900057881295,1,0
śląskie|Katowice|Katowice,śląskie,Katowice,Katowice,1,1,0,1.0,50.264373595317,19.023555858206,0.001,0.001,1e-06,1000000.0,,,0.0,0.0,13,34,111,224,318,4.499872126826263,7.225517833849634,49.71666517091958,143.24965694165576,1,0
śląskie|Mysłowice|Mysłowice,śląskie,Mysłowice,Mysłowice,1,1,0,1.0,50.212082461846,19.14764933598,0.001,0.001,1e-06,1000000.0,,,0.0,0.0,11,33,110,223,320,7.808924460468983,9.016490825383547,49.38196172440361,143.56379247688102,1,0
śląskie|Piekary Śląskie|Piekary Śląskie,śląskie,Piekary Śląskie,Piekary Śląskie,1,1,0,1.0,50.377881024957,18.94366188703,0.001,0.001,1e-06,1000000.0,,,0.0,0.0,18,29,100,215,322,3.772608915211275,5.832054150799223,48.24031456338823,143.1325351771965,1,0
śląskie|Ruda Śląska|Ruda Śląska,śląskie,Ruda Śląska,Ruda Śląska,1,1,0,1.0,50.276456775444,18.863853256894,0.001,0.001,1e-06,1000000.0,,,0.0,0.0,13,36,114,216,306,4.081241156359136,7.030828567309774,48.48342401098448,139.85426796683964,1,0
śląskie|Rybnik|Rybnik,śląskie,Rybnik,Rybnik,1,1,0,1.0,50.092933746908,18.54161138338,0.001,0.001,1e-06,1000000.0,,,0.0,0.0,13,31,96,174,252,5.525286508594255,7.404377854162595,42.56308745220559,120.69859737021393,1,0
śląskie|Siemianowice Śląskie|Siemianowice Śląskie,śląskie,Siemianowice Śląskie,Siemianowice Śląskie,1,1,0,1.0,50.304806678306,19.026196217847,0.001,0.001,1e-06,1000000.0,,,0.0,0.0,15,32,109,224,324,3.4270372027137417,5.5505974906841855,49.65620124198157,144.08034680740656,1,0
śląskie|Sosnowiec|Sosnowiec,śląskie,Sosnowiec,Sosnowiec,1,1,0,1.0,50.285264869701,19.178038774197,0.001,0.001,1e-06,1000000.0,,,0.0,0.0,9,33,106,231,332,4.9337003577648275,7.57758136511063,48.65117139124446,145.1170175979085,1,0
śląskie|Tychy|Tychy,śląskie,Tychy,Tychy,1,1,0,1.0,50.123622700886,18.986891856569,0.001,0.001,1e-06,1000000.0,,,0.0,0.0,9,34,121,212,299,6.939516639624514,7.922029512208468,49.3615388120777,138.08763449114426,1,0
śląskie|Zabrze|Zabrze,śląskie,Zabrze,Zabrze,1,1,0,1.0,50.298575485862,18.786852955572,0.001,0.001,1e-06,1000000.0,,,0.0,0.0,11,31,113,210,301,5.998046490578578,8.512268857286685,46.93026022098863,137.78984181793658,1,0
śląskie|bielski|Bestwina,śląskie,bielski,Bestwina,4,0,4,0.0,49.909763981417456,19.0626622245153,5.317034643243813,3.766283237924301,20.02545845231199,0.19974573913129012,2.469249769137991,2.499655899150346,2.243619799382176,3.3091645900457176,11,36,116,187,276,5.835246954837268,7.780156608168625,46.42999283028396,127.0174842594059,1,0
śląskie|bielski|Buczkowice,śląskie,bielski,Buczkowice,4,0,4,0.0,49.719922067932174,19.087487707924097,2.263661365807233,2.6328573429239035,5.959897448858725,0.6711524878277846,1.9713253066593723,1.9739941168697266,1.4841448027948303,1.7544425801523744,14,30,85,158,238,4.250476122102475,5.578505561455658,38.71030369025122,109.34847453142187,1,0
śląskie|bielski|Czechowice-Dziedzice,śląskie,bielski,Czechowice-Dziedzice,4,1,3,0.25,49.8954222441953,18.954919604000274,3.840342983983118,6.283150848105412,24.129454276829193,0.16577250169478897,3.045453600331741,3.229216881313782,2.810398308428873,4.128511535866104,10,31,111,180,262,5.282660827535816,8.251165958041103,44.51318436025544,122.61392493580077,1,0
śląskie|bielski|Jasienica,śląskie,bielski,Jasienica,14,0,14,0.0,49.83452676645693,18.896198002547482,9.67514618405726,10.138499243696858,98.09146226972106,0.14272394024980836,2.117291032677563,2.076091168014505,3.777604714210939,7.434689222695877,11,30,98,166,246,6.066789773030403,8.027105916409619,41.043765119971496,114.94120218872249,1,0
śląskie|bielski|Jaworze,śląskie,bielski,Jaworze,1,0,1,0.0,49.7914867413656,18.94816134645,0.001,0.001,1e-06,1000000.0,,,0.0,0.0,10,30,90,163,244,6.066789773030403,8.047356776134556,40.014985761273664,112.51107648720054,1,0
śląskie|bielski|Kozy,śląskie,bielski,Kozy,1,0,1,0.0,49.8474705679716,19.1393103898918,0.001,0.001,1e-06,1000000.0,,,0.0,0.0,11,33,100,184,270,5.985533305043192,7.9158525432871985,45.04818899530457,123.59698070502361,1,0
śląskie|bielski|Porąbka,śląskie,bielski,Porąbka,4,0,4,0.0,49.842737505226786,19.22246169440487,3.717790341146017,4.974678112978887,18.4948102387434,0.21627688786017915,2.5105780774573896,2.575502229703183,2.271717410393909,2.9567339633121623,12,35,102,190,276,5.985533305043192,8.380653040405326,45.21285892374333,124.78210349266648,1,0
śląskie|bielski|Szczyrk,śląskie,bielski,Szczyrk,1,1,0,1.0,49.71493709511142,19.02343096779048,0.001,0.001,1e-06,1000000.0,,,0.0,0.0,11,29,80,153,233,4.6385364412324845,7.547402820109122,37.1801849651622,106.68955384160569,1,0
śląskie|bielski|Wilamowice,śląskie,bielski,Wilamowice,6,1,5,0.16666666666666666,49.913080252137206,19.143989904281884,6.003567948248883,5.299068491706031,31.81331775238188,0.1886002600137729,2.5960258739017545,2.4719172356976555,2.5922508037638794,3.7140327219183624,11,33,115,193,282,5.835246954837268,7.221811451105772,47.22626155841114,129.20509921885335,1,0
śląskie|bielski|Wilkowice,śląskie,bielski,Wilkowice,3,0,3,0.0,49.756047294301105,19.0681526155126,1.7461056258432448,2.481439206567687,4.332854958775836,0.6923841274501356,1.5926874961906068,1.8895337974648436,1.3556533887028153,1.7375690831029478,11,32,88,162,242,4.250476122102475,6.946621387748711,40.36398666468348,112.75815169768032,1,0
śląskie|bieruńsko-lędziński|Bieruń,śląskie,bieruńsko-lędziński,Bieruń,1,1,0,1.0,50.0917131996847,19.0911304366414,0.001,0.001,1e-06,1000000.0,,,0.0,0.0,12,33,126,214,298,4.459649707913938,6.850311136421854,49.79718925919451,138.93574399205627,1,0
śląskie|bieruńsko-lędziński|Bojszowy,śląskie,bieruńsko-lędziński,Bojszowy,5,0,5,0.0,50.0488357946033,19.08252038884992,4.760455860078342,6.851842206615393,32.61789238481437,0.15329010044584632,2.5294202858419585,2.7616911896402105,2.6888381293059385,4.436655161710986,12,29,127,210,298,4.807194001153144,8.282232641356995,49.35566428365583,136.67205945588614,1,0
śląskie|bieruńsko-lędziński|Chełm Śląski,śląskie,bieruńsko-lędziński,Chełm Śląski,2,0,2,0.0,50.10019976357055,19.1979641676127,1.645239858944419,0.455737216473991,0.7497970337473912,2.6673885198028215,1.7052780200010467,1.7052780200010467,0.8526390107243879,0.8526436970378269,10,30,121,219,314,4.046591170679593,6.621743198022403,49.84507757312994,140.84959670953847,1,0
śląskie|bieruńsko-lędziński|Imielin,śląskie,bieruńsko-lędziński,Imielin,1,1,0,1.0,50.146226918448,19.1857368960845,0.001,0.001,1e-06,1000000.0,,,0.0,0.0,10,31,119,222,313,5.1916967621043355,7.200296106646023,49.667476644316565,142.24109998832748,1,0
śląskie|bieruńsko-lędziński|Lędziny,śląskie,bieruńsko-lędziński,Lędziny,1,1,0,1.0,50.1302547249417,19.1084301947027,0.001,0.001,1e-06,1000000.0,,,0.0,0.0,9,36,120,218,305,4.459649707913938,7.077955063313472,49.90054344719251,140.7566507934802,1,0
śląskie|będziński|Bobrowniki,śląskie,będziński,Bobrowniki,8,0,8,0.0,50.41067262598009,19.032695589639964,6.661809921867883,7.224554368392637,48.12860797243203,0.1662213044803287,1.9387900969732328,2.0518829774417915,3.245089069435692,4.7738966360848165,15,28,98,217,332,5.351149293216394,6.383115341728741,47.66807564074461,144.54528048652665,1,0
śląskie|będziński|Będzin,śląskie,będziński,Będzin,1,1,0,1.0,50.324292715873,19.1358465656671,0.001,0.001,1e-06,1000000.0,,,0.0,0.0,12,32,105,228,331,4.670033640537959,6.097687954698577,48.76107116682194,145.36617755672597,1,0
śląskie|będziński|Czeladź,śląskie,będziński,Czeladź,1,1,0,1.0,50.3151941228894,19.0716320176486,0.001,0.001,1e-06,1000000.0,,,0.0,0.0,14,31,106,227,326,3.4270372027137417,5.719404276742398,49.430305022795814,144.7935930629348,1,0
śląskie|będziński|Mierzęcice,śląskie,będziński,Mierzęcice,8,0,8,0.0,50.435491008550215,19.127588721489204,3.8325501248656435,6.306166456867022,24.168699041689237,0.3310066456701118,1.3734608573192166,1.7211245443877399,2.362325052988465,4.2239518273692465,10,28,97,212,336,4.598539705956345,7.11013110375948,46.37510489429009,145.14667966414055,1,0
śląskie|będziński|Psary,śląskie,będziński,Psary,15,0,15,0.0,50.39425822456838,19.122590654633186,5.5181610449509,7.081243449255076,39.07544175149311,0.38387281954213187,1.3676348228455906,1.2278880072534941,2.316348852127794,4.925795599524442,12,28,104,218,336,4.598539705956345,6.999522872858876,47.53457291527291,145.40290427845852,1,0
śląskie|będziński|Siewierz,śląskie,będziński,Siewierz,18,1,17,0.05555555555555555,50.45197012629675,19.219456032727603,14.018035394931921,8.579711969488985,120.27070606661765,0.1496623790503886,1.0870746747573552,1.4617068149316481,4.94390800890612,9.522048300960186,8,26,97,208,345,6.758542547119923,10.347611764830678,44.93989015258907,145.23467794607257,1,0
śląskie|będziński|Sławków,śląskie,będziński,Sławków,1,1,0,1.0,50.2983118660619,19.3882636384835,0.001,0.001,1e-06,1000000.0,,,0.0,0.0,5,22,107,222,346,4.327651674118214,10.127496565731326,45.71785478037194,145.19970383596703,1,0
śląskie|będziński|Wojkowice,śląskie,będziński,Wojkowice,1,1,0,1.0,50.3628784822896,19.0445900142303,0.001,0.001,1e-06,1000000.0,,,0.0,0.0,16,25,101,223,332,5.380963960989555,6.299486164370055,48.79564862223934,144.7886479320327,1,0
śląskie|cieszyński|Brenna,śląskie,cieszyński,Brenna,3,0,3,0.0,49.75386302606794,18.8724269950458,6.028332022302201,4.372943945265909,26.361558016979004,0.11380207490269559,1.785168413091153,3.1711349036591034,3.0046362547459036,4.449229272474512,10,25,86,153,227,5.726200030629262,8.030192254264167,36.26558915476535,105.4948089659478,1,0
śląskie|cieszyński|Chybie,śląskie,cieszyński,Chybie,5,0,5,0.0,49.89426380159448,18.81273100917026,4.811945259862705,1.1264136337761832,5.42024074569403,0.9224682508746721,1.0981066061745333,1.2699752278056948,1.4358865372400822,2.573349871024336,10,29,100,169,247,5.142895457196547,8.901842830772162,41.782428888201174,117.22752714499106,1,0
śląskie|cieszyński|Cieszyn,śląskie,cieszyński,Cieszyn,1,1,0,1.0,49.74861111,18.63388889,0.001,0.001,1e-06,1000000.0,,,0.0,0.0,6,15,69,136,203,6.935893512312424,9.739269984278128,28.882625792644205,93.69756220317646,0,0
śląskie|cieszyński|Dębowiec,śląskie,cieszyński,Dębowiec,7,0,7,0.0,49.791594942857444,18.725648408013456,5.435066873769196,4.503595238318976,24.477341292652152,0.28597877180808556,2.428569821349332,2.014511051558373,2.2971124837083106,3.6677698490856976,10,22,84,150,221,5.109593915301419,7.118843766697012,34.63230522610293,103.16948118563825,1,0
śląskie|cieszyński|Goleszów,śląskie,cieszyński,Goleszów,10,0,10,0.0,49.73464734561933,18.73496407804621,8.791822425741145,7.899826729597691,69.45387380074631,0.1439804499413328,1.7245503956826504,1.8740282024288788,3.16652939095603,5.385730510631231,7,18,74,142,211,5.761584373030884,7.757761442722919,31.323854655499943,97.18890298890105,1,0
śląskie|cieszyński|Hażlach,śląskie,cieszyński,Hażlach,6,0,6,0.0,49.81026607637406,18.648532944576033,6.327136618896563,6.368417132788368,40.29384524527354,0.14890611614446997,2.3514024405978597,2.1899444351005273,2.8760605147875205,4.238058568860756,6,18,78,144,217,5.911190778829557,8.07183344634107,33.225039537900315,101.30167299265736,1,0
śląskie|cieszyński|Istebna,śląskie,cieszyński,Istebna,3,0,3,0.0,49.54910851455753,18.901802250066197,3.5336797942557094,6.073533178397496,21.46192147224489,0.13978245162622915,4.141883784564943,4.144681366417571,2.8008069543342855,3.3274070591650635,3,12,44,110,188,11.015304751240095,14.478963720389004,22.92336281654071,81.75683424068896,0,1
śląskie|cieszyński|Skoczów,śląskie,cieszyński,Skoczów,13,1,12,0.07692307692307693,49.807934644413656,18.792187545000562,10.432116565981909,5.8843887966940995,61.386629846670864,0.21177249887265182,1.3976821642946213,1.5321371814388114,3.376097547405587,5.491277080169372,11,23,87,157,232,5.109593915301419,8.060287113679776,37.37310998165998,107.97730276604159,1,0
śląskie|cieszyński|Strumień,śląskie,cieszyński,Strumień,6,1,5,0.16666666666666666,49.89630038237049,18.74100296224223,6.150358315463658,5.821130648269549,35.802039287984975,0.1675882189764977,2.707915614054559,2.7046121228154143,2.888750673388494,4.693161644950411,9,27,96,164,240,5.142895457196547,8.84741030882171,40.27065211407055,114.37323788981485,1,0
śląskie|cieszyński|Ustroń,śląskie,cieszyński,Ustroń,1,1,0,1.0,49.7203047123697,18.8119886044642,0.001,0.001,1e-06,1000000.0,,,0.0,0.0,8,19,73,141,215,5.726200030629262,7.91017082037448,32.58103816541347,99.05069467274451,1,0
śląskie|cieszyński|Wisła,śląskie,cieszyński,Wisła,1,1,0,1.0,49.65416667,18.86083333,0.001,0.001,1e-06,1000000.0,,,0.0,0.0,5,21,60,132,206,8.150558352522454,11.511208873356159,29.19350110936145,93.10609641349214,0,0
śląskie|cieszyński|Zebrzydowice,śląskie,cieszyński,Zebrzydowice,4,0,4,0.0,49.86466940793208,18.606799799375825,5.714743194685876,2.922470137940645,16.701166332468993,0.23950423104424381,2.2939239634436035,2.5804204302504012,2.3403537841768,3.259804893727161,9,23,80,154,225,6.74927591221587,9.853902825948024,34.92341122758392,104.80474351303349,1,0
śląskie|częstochowski|Blachownia,śląskie,częstochowski,Blachownia,6,1,5,0.16666666666666666,50.794481688684755,18.97846884219211,3.615410870953539,7.697993605992708,27.83140976763687,0.21558376130040546,1.9193346051289828,2.2546547627319615,2.657969602817419,5.670552695994253,7,22,80,179,315,7.573882170556832,10.106268417872112,38.77977873966452,139.09775426598162,1,0
śląskie|częstochowski|Dąbrowa Zielona,śląskie,częstochowski,Dąbrowa Zielona,15,0,15,0.0,50.84820273964332,19.569666591491476,9.090381176190643,14.77885045675854,134.34538399785433,0.11165251498510415,2.191395870191844,2.0709490576321734,4.531230522098114,8.479730780595931,4,16,71,168,306,7.800364189934303,11.971031267518011,35.29277131281777,139.23901885984168,1,0
śląskie|częstochowski|Janów,śląskie,częstochowski,Janów,21,0,21,0.0,50.72822464615391,19.44934117400154,10.67495093388537,13.605770895157105,145.24093672348772,0.14458733518071543,1.5208446042039796,1.526045580870647,5.208674435872335,7.850590520898542,6,19,76,183,318,7.997044077074285,10.434774486288408,37.931978899486325,141.51798391712254,1,0
śląskie|częstochowski|Kamienica Polska,śląskie,częstochowski,Kamienica Polska,9,0,9,0.0,50.67864731017408,19.130049032497013,3.5383942182077917,6.305968578450129,22.31300275818794,0.4033522559708991,1.1206449017023778,1.2838403097876003,1.8433945895665016,3.9140261794901456,9,18,85,182,333,4.859589662500602,7.821170348962866,40.98912651200164,142.2217477388016,1,0
śląskie|częstochowski|Koniecpol,śląskie,częstochowski,Koniecpol,26,1,25,0.038461538461538464,50.8069829982729,19.722463121424997,14.341051971031913,14.039337773127478,201.3388726432926,0.1291355199254721,1.3240752263366682,1.5456845202192544,5.286455132898108,9.061405220654125,4,15,66,167,316,10.566028207355904,12.686638709440135,34.51836152590246,138.8998357107411,0,1
śląskie|częstochowski|Konopiska,śląskie,częstochowski,Konopiska,14,0,14,0.0,50.72791766928861,19.0013057967437,9.871200190678573,8.239774440816724,81.33646303133848,0.17212452420762234,1.3926677000004635,1.6672050527861233,3.294185538992638,5.1259178777088605,8,20,84,179,325,7.573882170556832,8.740039586027098,40.098542602008294,140.36181824521367,1,0
śląskie|częstochowski|Kruszyna,śląskie,częstochowski,Kruszyna,11,0,11,0.0,50.98543148943923,19.320124856366682,8.388617416258855,8.984259740035373,75.36551772745399,0.14595534312892994,1.679163518279604,1.8099570507306,3.6235252173033192,6.104824368917761,6,18,72,159,295,9.988752991380315,11.65882958609437,35.759023842326144,138.2536995385907,1,0
śląskie|częstochowski|Kłomnice,śląskie,częstochowski,Kłomnice,28,0,28,0.0,50.90156466828772,19.37120692035277,11.73309776257109,13.480252331016127,158.16511846393902,0.17703018384792524,1.3051853918995842,1.4605129759225097,4.48749245332341,7.475784581195084,4,15,74,167,302,9.823067490926697,11.201654247301985,36.18601772347484,139.2120857817862,1,0
śląskie|częstochowski|Lelów,śląskie,częstochowski,Lelów,16,0,16,0.0,50.699111198558,19.62395509184007,11.044087949889983,11.796483609198146,130.28140247941994,0.12281108197716446,1.971116741662808,2.12673193593089,4.722035201163971,8.637330593813424,6,17,72,178,321,8.595967902774708,11.568990604297369,36.81334580331199,141.02687772361244,1,0
śląskie|częstochowski|Mstów,śląskie,częstochowski,Mstów,19,0,19,0.0,50.82015433809903,19.31686707289724,6.765485829006242,12.01663996346469,81.29840738509046,0.23370691519209838,1.43972531673419,1.4870458642354258,3.8830740219308133,6.568185486109839,6,19,77,169,306,8.665185954663258,11.032094436886386,37.49999831850485,140.39421467686515,1,0
śląskie|częstochowski|Mykanów,śląskie,częstochowski,Mykanów,28,0,28,0.0,50.92291227796529,19.152507843553106,12.926691358444202,12.988556007746366,167.89905470400348,0.1667668710187941,1.519626736667588,1.530222041875257,4.665040378069221,7.907545894813527,5,18,73,167,299,6.753699593172322,11.24471022027803,36.82650960321098,138.5859441566234,1,0
śląskie|częstochowski|Olsztyn,śląskie,częstochowski,Olsztyn,9,1,8,0.1111111111111111,50.74294196207042,19.300204967255915,7.8290991287853196,8.136011513297817,63.697640650547264,0.14129251740068455,2.3524626315874473,2.468001946010729,3.596067729228946,4.9944451618042045,7,21,84,174,318,8.665185954663258,10.789252829741297,38.81704902054908,141.59761486002606,1,0
śląskie|częstochowski|Poczesna,śląskie,częstochowski,Poczesna,17,0,17,0.0,50.72366361511983,19.128517608225344,5.457025861543433,7.2858465760215205,39.75905318858711,0.42757557428152926,1.2222203408294434,1.1858934129735923,2.795347640675014,4.322768343339507,8,21,85,180,331,5.006753449300569,8.446057552790723,40.140555578639635,141.52536556991953,1,0
śląskie|częstochowski|Przyrów,śląskie,częstochowski,Przyrów,15,1,14,0.06666666666666667,50.789404623794304,19.509106756640374,8.67739662114015,8.487565303969857,73.64997049037441,0.20366606938369927,1.2731979893097094,1.4363249728839662,3.5100665585218724,5.470122124987508,4,15,70,170,310,7.800364189934303,11.548486889424964,36.518732411281924,140.34643833923104,0,0
śląskie|częstochowski|Rędziny,śląskie,częstochowski,Rędziny,7,0,7,0.0,50.88455700493533,19.22718712417847,6.191734641790945,3.4868608843261124,21.5897173285878,0.3242284228858811,1.5601600151687827,1.751323884390793,2.38444455964254,3.2661244306106916,5,19,76,169,302,6.753699593172322,10.040770168465299,37.108540426288876,139.38420663333713,1,0
śląskie|częstochowski|Starcza,śląskie,częstochowski,Starcza,5,0,5,0.0,50.66894555974888,19.062808239620978,3.905785514017798,3.1902207958922943,12.460318171114453,0.4012738624597095,1.7355118349548195,1.7228821847662186,1.5331213190299902,2.0631552891183547,7,20,86,182,331,4.859589662500602,7.328340363281358,41.276154631371114,141.84763037810995,1,0
śląskie|gliwicki|Gierałtowice,śląskie,gliwicki,Gierałtowice,4,0,4,0.0,50.2284933440376,18.7536722407767,4.009521619382602,4.158081317426559,16.671916937372682,0.23992441991078908,2.6128357033911933,2.6128357033911933,2.30447741215952,2.4975543159562017,11,28,111,203,290,5.442794860714906,7.726738934266694,46.919358457364424,135.04391372858365,1,0
śląskie|gliwicki|Knurów,śląskie,gliwicki,Knurów,1,1,0,1.0,50.2230907318361,18.6669356419839,0.001,0.001,1e-06,1000000.0,,,0.0,0.0,8,27,107,193,280,6.199493921290456,7.807974956125493,45.22371136782222,131.55674918614164,1,0
śląskie|gliwicki|Pilchowice,śląskie,gliwicki,Pilchowice,7,0,7,0.0,50.21869040173086,18.5797855127639,6.219400779864661,7.565413459921449,47.05233837263406,0.14877050200062414,1.9076010601004572,2.1895211319576258,3.0075435825199244,5.147451428076622,8,29,104,186,275,6.219649801407369,9.63553890215148,43.305660604331415,127.73812569788308,1,0
śląskie|gliwicki|Pyskowice,śląskie,gliwicki,Pyskowice,1,1,0,1.0,50.39777778,18.6275,0.001,0.001,1e-06,1000000.0,,,0.0,0.0,5,23,100,197,306,6.085217143946565,10.200612859030112,42.27226437938003,133.27382575151057,1,0
śląskie|gliwicki|Rudziniec,śląskie,gliwicki,Rudziniec,17,0,17,0.0,50.37781001336246,18.480304344336066,12.470367342287991,12.612634059346517,157.28417987390404,0.10808461482667255,2.3321310631704146,2.287641602742216,4.78182525795022,8.077527866313934,4,20,99,183,283,7.949710166059487,11.724444971529577,39.58134021603226,127.25982865962646,1,0
śląskie|gliwicki|Sośnicowice,śląskie,gliwicki,Sośnicowice,9,1,8,0.1111111111111111,50.26962994571986,18.512271302449548,8.406982943316345,7.038405943604111,59.17175871601615,0.15209958593919484,2.70105288836056,2.5341821406227054,3.434428735162703,5.36996192563214,4,24,101,184,277,7.425173645108418,11.683405630055164,41.31720242003847,126.23876652645365,1,0
śląskie|gliwicki|Toszek,śląskie,gliwicki,Toszek,15,1,14,0.06666666666666667,50.44563900134851,18.515760324890095,8.430750733069061,13.721650197596,115.68381246229971,0.12966377646732866,2.163085918943136,2.264524331331951,4.088561605237754,7.821636399646319,5,16,96,189,293,7.949710166059487,10.641230519745575,39.547955243839596,129.619673098174,1,0
śląskie|gliwicki|Wielowieś,śląskie,gliwicki,Wielowieś,13,0,13,0.0,50.507751102771245,18.58312378278982,10.730574513743669,12.070834712937137,129.5269913302556,0.10036518154624495,2.0105037969448216,2.0322155547252576,3.734044341999871,7.752701986755412,7,19,93,193,304,8.293313003240481,9.958329999836348,39.867114653864554,132.4372105209474,1,0
śląskie|kłobucki|Krzepice,śląskie,kłobucki,Krzepice,12,1,11,0.08333333333333333,50.96236927985385,18.686262273743274,8.144170268552156,5.248389588104746,42.743778441221366,0.2807426118517264,1.5672030480648607,1.5650521428855952,2.880652901698058,4.806869909903648,6,17,75,165,289,9.084524969451534,9.694028488514798,35.71174660318282,133.21964093259584,1,0
śląskie|kłobucki|Kłobuck,śląskie,kłobucki,Kłobuck,11,1,10,0.09090909090909091,50.89546483410466,19.007879670436928,7.98866075069297,13.055054786210482,104.29240376874608,0.1054726864325706,1.7069588150412445,2.4473466322673736,3.987759526122171,9.064455837820145,6,18,77,170,300,9.707654987455662,11.096815154529445,37.261701867563964,137.98199025775926,1,0
śląskie|kłobucki|Lipie,śląskie,kłobucki,Lipie,21,0,21,0.0,51.030589569857305,18.795304396260047,7.617901087680408,11.774366163401057,89.69595680292029,0.23412426544644752,1.6168653220958722,1.6703126218501236,3.814190899695606,6.32474593314686,6,17,73,163,288,8.793519927157826,10.46295110555341,35.835504410842574,134.40578086451848,1,0
śląskie|kłobucki|Miedźno,śląskie,kłobucki,Miedźno,10,0,10,0.0,50.98247618622994,18.99656628156668,7.077971120223326,11.405985545115641,80.73123628601321,0.12386779219597449,1.8421958115316048,2.011886141634852,3.8187887756166403,6.157021024421744,5,16,75,163,291,8.44891128680312,11.419977663110979,36.36695510671671,136.8755265888141,1,0
śląskie|kłobucki|Opatów,śląskie,kłobucki,Opatów,9,0,9,0.0,50.94356733817135,18.813489799911043,6.613196444460824,6.727997375139955,44.4935683196173,0.2022764264567174,2.0024175307434096,1.8549941383418433,2.7805199659462567,3.921297808306295,8,16,73,171,298,7.469407717359829,10.298773949511087,36.45039685575365,135.3051123994424,1,0
śląskie|kłobucki|Panki,śląskie,kłobucki,Panki,16,0,16,0.0,50.89030253849283,18.74856889585294,8.306582352590722,7.096381189445311,58.946674755503174,0.2714317655128844,1.234109112203794,1.3157508729716243,2.982918874742695,4.977052380687597,4,17,70,174,299,5.579164105401301,9.74188458645734,36.581909743427495,134.73513348164076,0,0
śląskie|kłobucki|Popów,śląskie,kłobucki,Popów,22,0,22,0.0,51.05007548447514,18.941416593513495,10.690166164900004,12.299345895997451,131.48205134779369,0.16732321845060083,1.3403267703148163,1.4561300822015348,3.6334646979423137,7.977430403204858,6,19,75,164,286,8.44891128680312,10.452481784834701,35.91724455775705,135.77907112363954,1,0
śląskie|kłobucki|Przystajń,śląskie,kłobucki,Przystajń,19,0,19,0.0,50.869547677973486,18.676168823978838,12.420596058789354,5.656814220156603,70.26100440818067,0.2704202730951535,1.2457262208682056,1.4875969977299435,3.2470831217890948,7.239424214512653,7,16,76,175,298,5.579164105401301,10.67638711520193,36.151874616459544,133.49786373551484,1,0
śląskie|kłobucki|Wręczyca Wielka,śląskie,kłobucki,Wręczyca Wielka,25,0,25,0.0,50.83872212149953,18.875515002090847,10.469374899799151,16.2429207013089,170.05322628971143,0.14701279443771748,1.5949715570058007,1.6491090303302351,4.59769266994544,10.247301102027887,6,21,78,176,312,8.747237328947355,10.963461520093585,37.70898343732349,137.16911696251475,1,0
śląskie|lubliniecki|Boronów,śląskie,lubliniecki,Boronów,7,0,7,0.0,50.669063558188085,18.919760281179492,5.345104507094427,4.668189248669136,24.951959393031146,0.2805390907278823,1.7500910947347847,1.7076683853065044,2.436191372198555,3.0790884349586234,9,21,86,186,330,7.132323329783162,8.75279415132251,40.838806845209334,139.9969211608186,1,0
śląskie|lubliniecki|Ciasna,śląskie,lubliniecki,Ciasna,9,0,9,0.0,50.77508098872055,18.60883628856322,13.019443585589999,8.378925914488878,109.08895325152604,0.08250147913005206,3.2870078931910784,3.3815441586870585,4.090081488746036,6.721350737423073,6,18,74,177,302,10.246053476534627,11.731093858408904,36.34499858922171,132.51113127804985,1,0
śląskie|lubliniecki|Herby,śląskie,lubliniecki,Herby,14,0,14,0.0,50.7360308791841,18.833109452429063,9.138567514404818,10.571854547138454,96.61160653149233,0.14491012521809626,1.715927570639585,1.63902251398402,3.839689938718557,6.527366070724263,7,20,82,180,322,7.901777217281612,10.382760643407062,39.06550181067942,137.694057325886,1,0
śląskie|lubliniecki|Kochanowice,śląskie,lubliniecki,Kochanowice,10,0,10,0.0,50.711074313014,18.7280079278192,6.834837681342413,11.362452968438856,77.66052170116684,0.12876555270230372,1.8547873521260356,2.2309648588574973,3.6309692525519717,6.028854122743364,6,19,81,188,314,5.605485542405942,9.000966716491401,38.61803730327118,135.820757097403,1,0
śląskie|lubliniecki|Koszęcin,śląskie,lubliniecki,Koszęcin,7,0,7,0.0,50.64062009686085,18.81220179212786,9.516826275801252,10.379487248727084,98.77977697802996,0.07086470747506243,4.2997373307869005,3.5296052809748466,4.447262584075608,6.6930391371526765,8,21,86,195,322,8.215692050330594,9.632411202507864,40.53646167603376,138.26159448048236,1,0
śląskie|lubliniecki|Lubliniec,śląskie,lubliniecki,Lubliniec,1,1,0,1.0,50.668784851557,18.684695760774,0.001,0.001,1e-06,1000000.0,,,0.0,0.0,7,19,87,190,317,5.605485542405942,9.345925036023147,38.8207844646029,135.1052172150511,1,0
śląskie|lubliniecki|Pawonków,śląskie,lubliniecki,Pawonków,11,0,11,0.0,50.684464995835285,18.582428286825728,8.56373716510548,8.876401073165002,76.0151657626453,0.14470796570183267,2.098539047185638,2.2034756625008964,3.5510492781008733,5.502908006451767,6,16,78,188,307,7.414097483418738,10.192624676556912,37.29801957493963,132.30784138836637,1,0
śląskie|lubliniecki|Woźniki,śląskie,lubliniecki,Woźniki,11,1,10,0.09090909090909091,50.629976632835906,18.999968950226634,8.438061899960202,6.40264132705297,54.025883840916286,0.2036061091085602,1.7078850676770638,1.7767502053665383,3.1434499217321585,6.4490997014510185,8,24,87,193,331,6.197195871433561,9.165926369171174,41.810112495106466,141.59598309542238,1,0
śląskie|mikołowski|Mikołów,śląskie,mikołowski,Mikołów,1,1,0,1.0,50.168328664552,18.903939902508,0.001,0.001,1e-06,1000000.0,,,0.0,0.0,11,33,114,212,297,5.009908286672712,7.741302851109443,48.97157679965865,137.79791616363232,1,0
śląskie|mikołowski|Ornontowice,śląskie,mikołowski,Ornontowice,1,0,1,0.0,50.180065087563,18.764788890866,0.001,0.001,1e-06,1000000.0,,,0.0,0.0,11,25,114,206,284,5.442794860714906,7.466447821690343,47.18115747735117,133.84362093762718,1,0
śląskie|mikołowski|Orzesze,śląskie,mikołowski,Orzesze,1,1,0,1.0,50.108679361486,18.792561546627,0.001,0.001,1e-06,1000000.0,,,0.0,0.0,10,34,116,198,277,5.652802616921621,7.97284592988729,47.083372987333355,131.66213396477946,1,0
śląskie|mikołowski|Wyry,śląskie,mikołowski,Wyry,2,0,2,0.0,50.1184695884915,18.889888576224998,3.363499275993839,1.007007677129541,3.387069592945449,0.590480929050167,3.507070126396274,3.507070126396274,1.753535070393263,1.753557829865939,8,30,119,206,288,4.933549572485428,6.362611016116319,48.55119304624845,135.33466485752285,1,0
śląskie|mikołowski|Łaziska Górne,śląskie,mikołowski,Łaziska Górne,1,1,0,1.0,50.149336776351,18.840167176046,0.001,0.001,1e-06,1000000.0,,,0.0,0.0,10,32,116,208,289,4.933549572485428,6.5404967857743275,48.23120000910573,135.19758730617284,1,0
śląskie|myszkowski|Koziegłowy,śląskie,myszkowski,Koziegłowy,27,1,26,0.037037037037037035,50.58382380936697,19.19459524674374,11.897080014624926,12.9036660004095,153.515946888867,0.17587749381857895,1.5712155424431051,1.6765419797670018,4.5751409306044755,8.073639841956652,8,23,86,195,346,8.5048963359218,11.215926327868287,42.21082583680252,143.6817295048524,1,0
śląskie|myszkowski|Myszków,śląskie,myszkowski,Myszków,1,1,0,1.0,50.575422401358,19.32597323759,0.001,0.001,1e-06,1000000.0,,,0.0,0.0,7,21,87,193,348,8.088064647559774,9.61735132458247,41.555285739324574,144.00074472498704,1,0
śląskie|myszkowski|Niegowa,śląskie,myszkowski,Niegowa,20,0,20,0.0,50.6472894061658,19.498293109134547,7.58265754321484,11.934485502885648,90.49511652284401,0.22100640088077378,1.5726945752930344,1.5521660681333231,3.8005147186812502,7.882560591109519,7,19,77,185,324,9.637693823112993,10.39240363661392,38.80296771887544,142.49885099859435,1,0
śląskie|myszkowski|Poraj,śląskie,myszkowski,Poraj,9,0,9,0.0,50.65532608430422,19.237400206474334,9.414710439269331,7.114679222658122,66.98264474961204,0.1343631627810893,1.665553199115265,1.6768406390752035,3.5221656485765283,5.932550116883787,7,20,87,180,337,7.99800859108785,9.343610746146362,40.798675022492866,142.91044264860668,1,0
śląskie|myszkowski|Żarki,śląskie,myszkowski,Żarki,11,1,10,0.09090909090909091,50.64488856421473,19.359961595241817,8.930048578301193,12.011346179199203,107.26190487104131,0.10255271909654284,2.272734960564157,2.2335709003818347,3.6534438139840146,8.472992384289377,7,19,83,187,333,8.088064647559774,9.890970167784692,40.08601549041546,143.03627445687732,1,0
śląskie|pszczyński|Goczałkowice-Zdrój,śląskie,pszczyński,Goczałkowice-Zdrój,1,0,1,0.0,49.942078302249,18.968830615599,0.001,0.001,1e-06,1000000.0,,,0.0,0.0,11,32,115,188,269,5.282660827535816,8.162258578190386,46.15629265843339,126.82834382145276,1,0
śląskie|pszczyński|Kobiór,śląskie,pszczyński,Kobiór,1,0,1,0.0,50.059712269335,18.934942159789,0.001,0.001,1e-06,1000000.0,,,0.0,0.0,12,30,119,200,285,7.281358894062895,8.992956662944206,48.17354112991823,133.559075728216,1,0
śląskie|pszczyński|Miedźna,śląskie,pszczyński,Miedźna,6,0,6,0.0,49.987353440275996,19.08115696452317,5.749988403129602,4.72028832034842,27.14160310143152,0.22106284501977497,2.0191546019144306,2.078977894810546,2.4665518979499006,3.9872731779768156,11,32,122,197,286,6.749115891643632,8.239859231626045,48.41436212409306,133.04063799993185,1,0
śląskie|pszczyński|Pawłowice,śląskie,pszczyński,Pawłowice,7,0,7,0.0,49.94761370682,18.69122319314357,10.011201090412655,4.10749945319031,41.121003004648216,0.17022931077845396,2.622705258575424,2.726225406775652,3.92411907445159,5.310220790237202,10,31,97,167,245,6.37698553801278,8.93507020844342,41.25519884887009,116.72454133478351,1,0
śląskie|pszczyński|Pszczyna,śląskie,pszczyński,Pszczyna,13,1,12,0.07692307692307693,49.97929378610446,18.90707081550154,8.679401748596057,16.447011962988284,142.75022439074078,0.09106815807459578,2.7449742364694054,2.686970744154624,5.461865658025996,9.750901221481524,8,35,116,186,270,6.05327805940346,8.881840618749333,46.16620751063491,127.55331885838909,1,0
śląskie|pszczyński|Suszec,śląskie,pszczyński,Suszec,6,0,6,0.0,50.014628306929005,18.815377266399167,5.299267885037306,8.996703124743602,47.675939940168554,0.12584964255617753,2.1450631315769857,2.1769086237041813,3.308702786209075,4.946288180624228,9,30,111,186,266,7.641641513881246,9.804222347612129,45.57071933850726,126.80209426148552,1,0
śląskie|raciborski|Kornowac,śląskie,raciborski,Kornowac,5,0,5,0.0,50.0760739290814,18.318863678464602,2.677901127885021,3.830780294295373,10.258450870773292,0.4874030263424262,1.6450484782788959,1.671143864352818,1.5427855628855611,2.4221340801153968,15,26,72,149,229,5.758523169917634,6.749898282557991,36.32154316632262,108.2452358256552,1,0
śląskie|raciborski|Krzanowice,śląskie,raciborski,Krzanowice,6,1,5,0.16666666666666666,50.02695168864133,18.137129096099333,5.064453785788834,4.916097244889527,24.897347303186823,0.24098952900223267,2.1928756146965998,1.8379226854904473,2.233223664043297,3.3342030875538704,7,20,56,123,206,7.828207003170986,10.85599185462924,27.480148023016326,93.50016304463517,0,0
śląskie|raciborski|Krzyżanowice,śląskie,raciborski,Krzyżanowice,10,0,10,0.0,49.973458580472006,18.2627249208847,10.927880240271781,8.90232143003462,97.28350244782335,0.1027923517182511,1.9597696521444596,2.035593373229448,4.159772538766099,6.726266902212918,7,22,60,133,206,6.164072694669628,9.685065462096262,29.65036908423496,96.37253395976272,0,0
śląskie|raciborski|Kuźnia Raciborska,śląskie,raciborski,Kuźnia Raciborska,8,1,7,0.125,50.19558309735925,18.3307719454735,4.646097973502318,14.123143918071873,65.61751033723532,0.1219186762631608,2.0625808248122377,2.0930448923847154,4.8663452599192665,8.371812619218392,9,26,84,159,252,5.214320453457029,9.155722419834065,37.74432290333658,115.29758346175235,1,0
śląskie|raciborski|Nędza,śląskie,raciborski,Nędza,7,0,7,0.0,50.151729854937855,18.304837748819,2.745010606847405,10.631836315304778,29.184503455777044,0.23985331840944366,2.4495393326052706,1.9828942183668299,3.5311989551208463,6.183057718512538,12,28,75,155,239,5.214320453457029,7.4398452750923365,36.99940256929135,111.94388473961908,1,0
śląskie|raciborski|Pietrowice Wielkie,śląskie,raciborski,Pietrowice Wielkie,11,0,11,0.0,50.09404620858936,18.103917934081185,9.286510283235954,6.922894067791681,64.28952695030063,0.17110096343536033,1.5509933825472386,1.7657207863009803,3.3373103332159144,5.766734946875088,6,20,57,124,216,7.828207003170986,9.592537078278788,28.81137739639507,96.74520824743222,0,0
śląskie|raciborski|Racibórz,śląskie,raciborski,Racibórz,1,1,0,1.0,50.090592206394,18.219676250895,0.001,0.001,1e-06,1000000.0,,,0.0,0.0,12,24,67,142,223,7.25889845327714,8.38022559840714,33.008607900196225,103.38485662815442,0,0
śląskie|raciborski|Rudnik,śląskie,raciborski,Rudnik,15,0,15,0.0,50.15840806589793,18.180080930864666,6.959369966161638,10.580744028788171,73.63531221359248,0.2037066123450363,1.8186692073285158,1.7261422936973179,3.5945306686767284,5.98603067523893,10,23,66,144,231,7.495783268212094,8.614661752464077,33.042149969185886,105.36170219438063,0,0
śląskie|rybnicki|Czerwionka-Leszczyny,śląskie,rybnicki,Czerwionka-Leszczyny,7,1,6,0.14285714285714285,50.12868227189243,18.66910082438557,6.691001245376014,9.196650897270867,61.534802606927805,0.11375676370841101,3.154882247184431,3.3139614913747315,3.4783267870988923,5.9919344419189295,10,30,109,191,268,8.894933869436622,9.56407320910371,45.11901421874334,127.92334834217134,1,0
śląskie|rybnicki|Gaszowice,śląskie,rybnicki,Gaszowice,5,0,5,0.0,50.097662518411404,18.4227168131814,2.8026951081014193,3.5359412080501786,9.910165126336459,0.5045324609892121,1.5796329610319022,1.5362292028984723,1.5553826656531904,2.251578842225994,15,29,86,161,242,3.43069241066772,5.13845439985313,40.09684318477361,115.34748715686322,1,0
śląskie|rybnicki|Jejkowice,śląskie,rybnicki,Jejkowice,1,0,1,0.0,50.108231901998,18.46790792834,0.001,0.001,1e-06,1000000.0,,,0.0,0.0,15,32,92,173,249,3.43069241066772,5.855339130742683,41.236917432593366,118.14325820821196,1,0
śląskie|rybnicki|Lyski,śląskie,rybnicki,Lyski,10,0,10,0.0,50.1194627296736,18.3629384137166,6.144595981848484,9.96485537172032,61.23001027677396,0.1633186072450039,1.8397083666591185,1.9141190954045235,2.934734192713653,6.266960183253877,13,28,80,156,240,4.904005120680321,6.240662017459483,38.54735104655763,113.39232212939243,1,0
śląskie|rybnicki|Świerklany,śląskie,rybnicki,Świerklany,2,0,2,0.0,50.0307897432115,18.5749086468455,2.7668016251994603,0.28317147827872696,0.7834793063117155,2.552715794645735,2.7781335936783256,2.7781335936783256,1.3890667973212745,1.3890686603658462,14,31,95,169,249,4.395005188145002,6.700054498358692,42.023656584789855,118.24692518638732,1,0
śląskie|tarnogórski|Kalety,śląskie,tarnogórski,Kalety,1,1,0,1.0,50.564303423873,18.884161025146,0.001,0.001,1e-06,1000000.0,,,0.0,0.0,7,24,89,200,329,8.663907600924267,10.696192636298507,42.548079665484295,140.41569576870793,1,0
śląskie|tarnogórski|Krupski Młyn,śląskie,tarnogórski,Krupski Młyn,4,0,4,0.0,50.56928676839851,18.64943271351415,3.6473117145842107,3.6919245789540733,13.46559976618057,0.2970532370972566,2.3038998082018733,2.3743031847165095,1.8565883044135942,2.533619605960702,6,21,86,192,315,8.145799234575051,10.210190067008995,39.88722268275177,134.54514131150503,1,0
śląskie|tarnogórski|Miasteczko Śląskie,śląskie,tarnogórski,Miasteczko Śląskie,1,1,0,1.0,50.490238151301,18.922217052356,0.001,0.001,1e-06,1000000.0,,,0.0,0.0,8,29,91,210,332,5.734255149819308,8.071579094029989,44.83018670119927,141.9698572896099,1,0
śląskie|tarnogórski|Ożarowice,śląskie,tarnogórski,Ożarowice,7,0,7,0.0,50.458729738197,19.036676916270714,6.713159858509085,6.260836597614501,42.029996927790265,0.1665477161948493,1.5162668651380513,1.8291725628547282,2.90485007658591,5.242125456155891,11,29,96,212,338,5.351149293216394,7.77452664395814,46.13368295017962,144.13030069289778,1,0
śląskie|tarnogórski|Radzionków,śląskie,tarnogórski,Radzionków,1,1,0,1.0,50.399862602965,18.903127073293,0.001,0.001,1e-06,1000000.0,,,0.0,0.0,14,27,103,214,322,3.772608915211275,5.909158680142293,47.30084812973088,142.19359450540384,1,0
śląskie|tarnogórski|Tarnowskie Góry,śląskie,tarnogórski,Tarnowskie Góry,1,1,0,1.0,50.445368510815,18.852952986188,0.001,0.001,1e-06,1000000.0,,,0.0,0.0,10,28,93,207,324,5.012381841275788,7.780849788526791,45.3952508137741,140.73381751746325,1,0
śląskie|tarnogórski|Tworóg,śląskie,tarnogórski,Tworóg,10,0,10,0.0,50.5172442859042,18.730561861315998,7.487636872231317,11.891159806038898,89.03668661729185,0.1123132540071173,2.2171352329576135,2.4180325182255555,3.600931823862401,7.078817847457013,7,24,93,195,320,8.145799234575051,10.942698829713063,41.89441198771343,137.00360306307817,1,0
śląskie|tarnogórski|Zbrosławice,śląskie,tarnogórski,Zbrosławice,21,0,21,0.0,50.407674370220285,18.71194364773724,14.680624423192118,9.755227517392962,143.21283134563492,0.14663490556455697,1.9436704514612166,1.9541509273599111,4.523790955873134,7.653927850634184,8,26,105,206,315,6.085217143946565,11.13136884909163,43.71370923559522,136.34124233553257,1,0
śląskie|tarnogórski|Świerklaniec,śląskie,tarnogórski,Świerklaniec,4,0,4,0.0,50.438670927009255,18.922948152109747,3.072474479712309,1.7611012902209255,5.410938770392215,0.7392432569903314,1.54766955230052,1.54766955230052,1.2229584315334205,1.5663913641862013,11,29,96,212,333,4.538046921163298,6.11151756800947,46.47155297112745,142.49611805873792,1,0
śląskie|wodzisławski|Godów,śląskie,wodzisławski,Godów,7,0,7,0.0,49.93407063185714,18.486838745025715,5.671652429182673,5.340495575909102,30.28943470614418,0.23110368575416354,1.3224297345099432,1.4845760702916189,2.512207839576513,4.2622392571023715,10,24,77,154,223,7.414474744584134,8.574443984634438,35.237131738872094,105.45659338940509,1,0
śląskie|wodzisławski|Gorzyce,śląskie,wodzisławski,Gorzyce,11,0,11,0.0,49.97049455469599,18.367918826092364,5.122880222040988,9.411991397707174,48.21650458133399,0.22813764903767866,1.763249886499246,1.8649078595498785,3.1110501104216777,5.137720474129188,11,24,67,146,218,6.849732118608705,7.8348372054134625,33.4479275583295,102.34875735463149,0,0
śląskie|wodzisławski|Lubomia,śląskie,wodzisławski,Lubomia,6,0,6,0.0,50.01970395109867,18.310276297218167,4.589268432892154,5.575468012548136,25.587319348587116,0.23449115236572482,1.6565593598518007,1.9747735361580296,2.3099977945278716,3.232472395729439,14,22,72,142,221,6.164072694669628,7.002470145209925,33.930637005487995,103.39811150216514,1,0
śląskie|wodzisławski|Marklowice,śląskie,wodzisławski,Marklowice,1,0,1,0.0,50.017220452345,18.517126720049,0.001,0.001,1e-06,1000000.0,,,0.0,0.0,15,28,89,165,240,4.19725159677653,5.374525786042083,40.46070440960444,114.57955329434225,1,0
śląskie|wodzisławski|Mszana,śląskie,wodzisławski,Mszana,3,0,3,0.0,49.98165525613967,18.559444435091333,2.1573914289995653,4.695059880178081,10.129081944135919,0.29617689110875495,2.4615605278729333,2.6755245646486085,1.9750945261260882,2.690677619146741,13,27,88,162,242,4.512885540433228,5.982025596100192,39.913694993912905,113.66185843653142,1,0
śląskie|wodzisławski|Pszów,śląskie,wodzisławski,Pszów,1,1,0,1.0,50.036994867792,18.396151381324,0.001,0.001,1e-06,1000000.0,,,0.0,0.0,17,27,79,155,231,3.427938960891367,5.657235207328367,37.82900401726987,109.82440414858344,1,0
śląskie|wodzisławski|Radlin,śląskie,wodzisławski,Radlin,1,1,0,1.0,50.047795891624,18.471382448541,0.001,0.001,1e-06,1000000.0,,,0.0,0.0,15,30,83,162,242,4.007426495671994,5.12561912259024,40.39210828712732,114.62629666036355,1,0
śląskie|wodzisławski|Rydułtowy,śląskie,wodzisławski,Rydułtowy,1,1,0,1.0,50.063443555802,18.420816694933,0.001,0.001,1e-06,1000000.0,,,0.0,0.0,15,28,82,159,236,3.427938960891367,4.884744000372218,39.466059100880805,113.1205199221759,1,0
śląskie|wodzisławski|Wodzisław Śląski,śląskie,wodzisławski,Wodzisław Śląski,1,1,0,1.0,50.004547415289,18.461799285642,0.001,0.001,1e-06,1000000.0,,,0.0,0.0,16,25,80,154,230,4.19725159677653,5.915058795742665,38.465823629232915,110.72666727239627,1,0
śląskie|zawierciański|Irządze,śląskie,zawierciański,Irządze,11,0,11,0.0,50.62739855788927,19.669498256215277,4.31808243756802,8.257305048955061,35.65572391353459,0.3085058664542918,1.4084092424551014,1.6044071523186219,2.5044228481004023,4.518191011302272,4,18,71,184,322,8.595967902774708,10.839722697789119,37.519772853553675,141.72836287043182,1,0
śląskie|zawierciański|Kroczyce,śląskie,zawierciański,Kroczyce,18,0,18,0.0,50.561698482402505,19.599090472442054,10.860999023970875,13.835505562304945,150.2674124083376,0.1197864507780748,2.026385492520058,2.078515614587142,4.129504812252956,8.984650519101985,6,17,78,194,336,8.83574507315507,10.524974086125933,39.156934284467226,142.98811084857772,1,0
śląskie|zawierciański|Ogrodzieniec,śląskie,zawierciański,Ogrodzieniec,12,1,11,0.08333333333333333,50.456879383807156,19.56905532329575,9.095509362534816,9.949022074202778,90.49142342397693,0.1326092523020302,1.78295133995463,1.847897471527636,3.7678483178858504,6.242322949149019,6,18,89,201,355,9.582226296585016,10.98801373238005,41.0512860097431,144.1199184661208,1,0
śląskie|zawierciański|Pilica,śląskie,zawierciański,Pilica,24,1,23,0.041666666666666664,50.48821897929241,19.695183810768167,13.299365454648898,10.984156517031455,146.0823117310647,0.16429093786647925,1.579938066650817,1.5763270248852477,4.267868983127816,7.360275349245382,4,18,79,195,348,9.582226296585016,11.460977685012042,39.365681642278645,143.0542150962409,1,0
śląskie|zawierciański|Poręba,śląskie,zawierciański,Poręba,1,1,0,1.0,50.487858010249,19.338278184027,0.001,0.001,1e-06,1000000.0,,,0.0,0.0,6,20,90,196,357,6.082348090687718,9.224345614619319,43.03473958540711,144.9186068202264,1,0
śląskie|zawierciański|Szczekociny,śląskie,zawierciański,Szczekociny,21,1,20,0.047619047619047616,50.64835984378557,19.791442486368954,16.85636450147868,9.51305222107638,160.35547576006482,0.13095904521166263,1.648240549605526,1.5540076150218531,4.983328683995912,10.356289918019215,6,14,70,173,326,8.910020957915025,11.26029465330518,36.24726783428079,140.63381957777284,0,0
śląskie|zawierciański|Włodowice,śląskie,zawierciański,Włodowice,9,1,8,0.1111111111111111,50.55867296668825,19.46561778285053,8.992520048501625,9.109023014300945,81.91307207836395,0.10987257310273933,2.4351205726319427,2.351611394697793,3.613858256216454,6.658319232906556,7,17,86,192,343,8.084388735158772,9.927174443441132,40.57221347957029,143.7986027975581,1,0
śląskie|zawierciański|Zawiercie,śląskie,zawierciański,Zawiercie,1,1,0,1.0,50.49092406339,19.424119100042,0.001,0.001,1e-06,1000000.0,,,0.0,0.0,6,20,91,200,355,6.082348090687718,9.040453719713291,42.123916272859205,144.6569581554672,1,0
śląskie|zawierciański|Łazy,śląskie,zawierciański,Łazy,16,1,15,0.0625,50.41685542428063,19.399171486433502,9.948849826998519,13.608701426562988,135.39092683333567,0.1181763089612037,1.8502420132955373,1.874070938477913,4.558962722217629,8.38778542403405,7,19,101,207,353,8.423325233502409,11.33160337877203,43.5359632326811,145.16882737739786,1,0
śląskie|zawierciański|Żarnowiec,śląskie,zawierciański,Żarnowiec,14,0,14,0.0,50.497550938831786,19.838764246699288,10.507823182867755,9.941365830277274,104.46211434075688,0.13401987972722632,2.0380667654547704,2.0790723465774636,3.658012180400269,6.3161780544211785,5,16,71,191,342,10.20966457534459,12.111029811573442,38.14027899327226,141.98470412504082,1,0
śląskie|Świętochłowice|Świętochłowice,śląskie,Świętochłowice,Świętochłowice,1,1,0,1.0,50.292021014059,18.915873684822,0.001,0.001,1e-06,1000000.0,,,0.0,0.0,12,33,113,218,310,2.7241358878913817,5.857148768383938,49.128647450085666,141.62427003381129,1,0
śląskie|Żory|Żory,śląskie,Żory,Żory,1,1,0,1.0,50.045479212375,18.69431555726,0.001,0.001,1e-06,1000000.0,,,0.0,0.0,9,31,107,183,259,8.682834287142844,9.644395426932997,44.322626482638384,124.22938134696841,1,0
śląskie|żywiecki|Czernichów,śląskie,żywiecki,Czernichów,4,0,4,0.0,49.7623502345795,19.206983081525998,5.212790310603341,1.8046104544049053,9.407055891135384,0.425212738851626,1.648509926855335,1.8682450562908857,1.8788875818879123,2.922576198289481,15,30,92,176,254,5.806090648791807,7.628254061785316,41.95642092217602,116.81091638996922,1,0
śląskie|żywiecki|Gilowice,śląskie,żywiecki,Gilowice,2,0,2,0.0,49.7056519001435,19.2891813154545,1.4717384787219492,2.7841007724037077,4.097468235386036,0.4881062854198242,3.145629634458083,3.145629634458083,1.572814836567017,1.5728984721904253,12,26,88,162,248,3.9857551252495282,6.573837568528235,39.195441383720436,112.06866236523418,1,0
śląskie|żywiecki|Jeleśnia,śląskie,żywiecki,Jeleśnia,9,0,9,0.0,49.61742695683344,19.332830907130333,10.128539847888892,7.332250768212428,74.26499408055352,0.12118764852035009,2.9035662119163357,2.8919696181409926,4.0016092399463785,5.646817880381904,8,23,72,144,234,6.756227912762455,9.674988505261746,32.987182418688576,101.81439248977601,1,0
śląskie|żywiecki|Koszarawa,śląskie,żywiecki,Koszarawa,1,0,1,0.0,49.65661513509,19.404528921117,0.001,0.001,1e-06,1000000.0,,,0.0,0.0,7,21,81,156,245,6.756227912762455,8.55793696951463,35.70773578462964,107.63140637570666,1,0
śląskie|żywiecki|Lipowa,śląskie,żywiecki,Lipowa,6,0,6,0.0,49.674041201405,19.108006227233833,4.50671892981923,5.00645635021247,22.56269160481623,0.26592571955019945,1.729778343934063,1.5754606345891429,2.2749714396153515,3.7626202376819795,12,27,76,155,228,5.310888964644642,6.331356211088048,36.03006447806773,104.47817121932079,1,0
śląskie|żywiecki|Milówka,śląskie,żywiecki,Milówka,5,0,5,0.0,49.554802162052596,19.054245997525403,3.8182503038926243,5.2104421158663055,19.89477219232145,0.2513223047575177,2.6876148741669175,2.2935632025807293,2.071454718499519,3.0991379380100694,6,15,53,124,204,6.733782427451477,9.808435554134851,26.336789362233517,87.64547580974545,0,0
śląskie|żywiecki|Radziechowy-Wieprz,śląskie,żywiecki,Radziechowy-Wieprz,6,0,6,0.0,49.63186208373417,19.16982516391617,2.916182080586785,6.034772273148944,17.598494763378927,0.340938249587432,1.764346211474889,1.7753570980824607,2.244282158361099,3.0747136563810242,12,24,71,140,224,4.8813073661985715,7.021988186134979,33.66769740357135,100.7667304261812,1,0
śląskie|żywiecki|Rajcza,śląskie,żywiecki,Rajcza,6,0,6,0.0,49.49443678234733,19.046805661467335,4.51895296598145,9.798482765487996,44.2788827552201,0.13550477398377112,3.3453961277532325,3.006179224562962,3.2295336008917555,5.2367148133802095,4,11,44,108,184,6.733782427451477,11.609646210518292,21.882837848783492,79.71915540019688,0,0
śląskie|żywiecki|Ujsoły,śląskie,żywiecki,Ujsoły,4,0,4,0.0,49.468840707663496,19.160153971119,6.524096197132079,2.887933781406972,18.84115780084649,0.21230117821211017,3.002474003553427,3.0451348473415996,2.446816544848986,3.612591877809574,3,9,45,105,189,8.669096473647665,14.853743087049873,21.19389647223178,79.26887405990416,0,0
śląskie|żywiecki|Węgierska Górka,śląskie,żywiecki,Węgierska Górka,4,0,4,0.0,49.59782040982875,19.127046384212,3.234684805439364,3.09742697131588,10.019199960073546,0.39923347332521325,1.8879904936069325,2.0200320910731895,1.7689159177978442,2.106509570736416,10,19,63,131,217,4.8813073661985715,8.80521886035905,30.586187118053445,95.27391331754404,0,0
śląskie|żywiecki|Łodygowice,śląskie,żywiecki,Łodygowice,4,0,4,0.0,49.71754316088125,19.160110787951247,3.933624147484897,2.26640224207576,8.915174587343122,0.448673210020901,1.6895356502587497,1.776469821575325,1.669716468398276,2.4846102227734144,14,28,85,162,242,4.2906029188337556,5.9051607079158694,39.447332600658754,111.00522458933315,1,0
śląskie|żywiecki|Łękawica,śląskie,żywiecki,Łękawica,5,0,5,0.0,49.741083996823605,19.2807927008196,3.98966349387354,3.9299691037617723,15.679254265329257,0.31889271743339526,1.6506706557720634,1.652306320506505,1.7681947457772669,3.014419088716853,14,30,92,174,253,3.9857551252495282,7.156600297269378,41.081969198822954,115.83862713568578,1,0
śląskie|żywiecki|Ślemień,śląskie,żywiecki,Ślemień,3,0,3,0.0,49.72689630017266,19.396596066348334,2.314070762417504,4.394900132013042,10.17010989923621,0.2949820630970079,2.3053767140077346,2.436453516428668,1.739911931974639,2.5489057693722463,11,28,91,171,260,4.365089043925256,8.037304556901239,40.05192711968277,115.69070882309532,1,0
śląskie|żywiecki|Świnna,śląskie,żywiecki,Świnna,6,0,6,0.0,49.664083999284,19.270647458384666,5.474322430030422,7.684331032593726,42.066505731506666,0.1426312905163921,2.2595262747123677,2.2563764437435263,2.549916625893187,4.980307873225706,12,25,82,153,236,4.8106238451241135,6.893155996899248,36.49434255707152,106.82663689983497,1,0
śląskie|żywiecki|Żywiec,śląskie,żywiecki,Żywiec,1,1,0,1.0,49.684945470507,19.192033577012,0.001,0.001,1e-06,1000000.0,,,0.0,0.0,12,25,82,158,235,4.2906029188337556,6.00862473502019,37.68538065269787,107.9191267635517,1,0
świętokrzyskie|Kielce|Kielce,świętokrzyskie,Kielce,Kielce,1,1,0,1.0,50.8717373465681,20.6314934949156,0.001,0.001,1e-06,1000000.0,,,0.0,0.0,7,17,63,158,282,8.773711753543493,10.775653412667594,34.04316309745686,135.93329855396854,0,0
świętokrzyskie|buski|Busko-Zdrój,świętokrzyskie,buski,Busko-Zdrój,48,1,47,0.020833333333333332,50.46898655577896,20.745959739186432,18.57232163450703,16.400833252668644,304.6015502424802,0.1575829143410113,1.6575961234878247,1.6171648735192026,5.789969923108174,9.952652303914991,4,19,72,174,305,12.008447242562788,13.63569126798052,36.04372930045736,136.16285776301703,1,1
świętokrzyskie|buski|Gnojno,świętokrzyskie,buski,Gnojno,26,0,26,0.0,50.58420336550541,20.865571702520388,10.197411999946455,10.375178092951677,105.799965586647,0.24574677180501328,1.0479657595021783,1.2333335091139277,3.568348528396332,6.669642868972765,4,14,75,166,298,9.48352600736947,11.845679932055841,34.897168002979264,135.15642092257377,1,0
świętokrzyskie|buski|Nowy Korczyn,świętokrzyskie,buski,Nowy Korczyn,24,1,23,0.041666666666666664,50.31633307152848,20.823378919459177,8.686898670418364,17.268037612040697,150.00569297277062,0.15999392772617327,1.4581657663295038,1.5389815784704142,4.224248679485071,9.603864492843494,8,20,78,182,311,6.570017924681207,9.110644546930022,38.667741194833816,135.72201740006983,1,0
świętokrzyskie|buski|Pacanów,świętokrzyskie,buski,Pacanów,28,1,27,0.03571428571428571,50.375917672006665,21.04293473508219,11.083046676146886,10.606515604043729,117.55250751089693,0.2381914311560257,1.6397221119995984,1.5885434599140908,4.092028853916438,6.787463894799802,6,20,72,174,307,9.196075074573665,10.287736739599826,37.43443779654106,133.75877596616135,1,0
świętokrzyskie|buski|Solec-Zdrój,świętokrzyskie,buski,Solec-Zdrój,19,0,19,0.0,50.37643561199061,20.882108220837605,9.400258648918136,9.192792147456037,86.41462389183035,0.21987019261674137,1.8224585471213324,1.7748920092601395,3.637558669713144,6.176834498013092,7,18,77,175,306,7.8759559926320435,10.448769174551524,37.644587919000884,135.3363946403024,1,0
świętokrzyskie|buski|Stopnica,świętokrzyskie,buski,Stopnica,31,1,30,0.03225806451612903,50.45294874234982,20.929219521916682,12.517956477929546,12.642420521314639,158.25726986150002,0.19588357632562392,1.5119065792846633,1.4613915449442911,3.974810552823103,8.621097857436505,5,17,73,169,305,9.083567827213432,10.750180189311118,36.56125352170629,134.99174100619993,1,0
świętokrzyskie|buski|Tuczępy,świętokrzyskie,buski,Tuczępy,15,0,15,0.0,50.519846836621824,21.0029037792158,4.1593953411971585,10.547967760231108,43.8731679610031,0.3418946179891279,1.4275917541110825,1.4061079367878757,3.0780027959816434,5.75939951089333,6,15,76,162,303,8.357661352844184,10.570240316662941,35.86638452483817,134.4333128300941,1,0
świętokrzyskie|buski|Wiślica,świętokrzyskie,buski,Wiślica,20,1,19,0.05,50.36903115408707,20.681790531423825,12.010346149153902,6.870288288841663,82.51454049346661,0.24238152306724137,1.2147432639763223,1.2846303682290416,4.149885064475249,6.477991339828858,6,19,74,178,313,7.73745632261266,11.048817589131886,37.857566152370225,136.95763153568726,1,0
świętokrzyskie|jędrzejowski|Imielno,świętokrzyskie,jędrzejowski,Imielno,22,0,22,0.0,50.58038585380225,20.41275137844521,9.064798895328515,10.402468678469772,94.29628658528226,0.23330717249510177,1.2911697515594076,1.2955418540166252,3.5645787516182197,7.809924175369809,6,13,68,163,317,9.343754835698766,12.142629023059174,34.660029349015915,137.50415639005143,0,0
świętokrzyskie|jędrzejowski|Jędrzejów,świętokrzyskie,jędrzejowski,Jędrzejów,39,1,38,0.02564102564102564,50.6383391415353,20.316867618730196,14.990729558935724,17.810791474755277,266.99675822865436,0.1460691892243899,1.4731410779806584,1.524998994388278,5.630711638727802,9.891733575969159,4,13,67,160,312,9.343754835698766,13.21564332278995,34.07435068710787,137.52600485199517,0,0
świętokrzyskie|jędrzejowski|Małogoszcz,świętokrzyskie,jędrzejowski,Małogoszcz,20,1,19,0.05,50.79195678031402,20.241454579919214,14.961137794100159,11.982240692636942,179.2679540846154,0.11156483657173828,1.849875718702008,1.9746847388148123,4.750400448494088,7.811364897292774,2,12,59,161,301,8.432607080368227,14.404919901187622,32.87006057975105,136.65426069391367,0,0
świętokrzyskie|jędrzejowski|Nagłowice,świętokrzyskie,jędrzejowski,Nagłowice,17,0,17,0.0,50.65631283450946,20.12534336410427,9.574348045281935,11.131932778359419,106.5809988366954,0.1595031026688687,1.7895806034614694,1.7625239439209426,4.4743491137259195,6.808317849324106,5,15,67,162,321,10.06189950134844,12.259227481067857,34.34467101631641,138.39191525322164,0,0
świętokrzyskie|jędrzejowski|Oksa,świętokrzyskie,jędrzejowski,Oksa,16,0,16,0.0,50.745824275848214,20.146283952620937,8.69253047953968,10.404818529608603,90.44420220270202,0.17690465071648342,1.1408256051260142,1.2559800161144206,3.778399743624594,5.631241931789549,3,14,62,161,309,8.432607080368227,12.775365488314714,33.30693048283958,137.38071564625085,0,0
świętokrzyskie|jędrzejowski|Sobków,świętokrzyskie,jędrzejowski,Sobków,29,1,28,0.034482758620689655,50.70628491076324,20.445584272857893,12.803809621075612,15.638479829034655,200.23211849399078,0.14483190917680036,1.5003060366938556,1.4073742823633568,5.2886640691781555,9.520680819630952,6,14,64,159,296,8.383517040223886,12.08673847098979,33.629571441852626,136.61394378953608,0,0
świętokrzyskie|jędrzejowski|Sędziszów,świętokrzyskie,jędrzejowski,Sędziszów,33,1,32,0.030303030303030304,50.55865461165417,20.050473103616444,10.104216691482998,19.47250185021432,196.7543782198691,0.16772180776136608,1.3779486277716098,1.3380289594305186,5.415949569624408,10.526804836027315,5,14,70,174,334,9.071229362422896,11.302288081916782,36.067074495304965,139.94304797031896,0,0
świętokrzyskie|jędrzejowski|Słupia (Jędrzejowska),świętokrzyskie,jędrzejowski,Słupia (Jędrzejowska),14,0,14,0.0,50.58930808620612,19.931431080143565,7.3748960206089835,15.332797349238051,113.07778615569967,0.12380857881956625,1.9835019453969185,1.9250985300048646,4.439019168205407,9.273297002858863,6,16,68,176,332,7.07101400491877,10.755187608301124,36.27276490821854,140.43610158589502,0,0
świętokrzyskie|jędrzejowski|Wodzisław,świętokrzyskie,jędrzejowski,Wodzisław,43,1,42,0.023255813953488372,50.52431733947812,20.22226878504713,13.081181672394807,17.982540927410557,235.2328848027325,0.182797571164678,1.3991092441837076,1.4096400702592662,5.301384293313516,9.603860480977655,6,15,73,165,325,11.247452821320643,13.31507223571067,35.84667746020783,139.106640306695,1,1
świętokrzyskie|kazimierski|Bejsce,świętokrzyskie,kazimierski,Bejsce,16,0,16,0.0,50.23044993322216,20.600324188607956,6.934121456097167,7.381791508046943,51.186238880384174,0.3125840137891357,1.4150520927082293,1.4717268128809122,2.919013516497727,4.573070493598002,7,22,81,183,322,6.670741812301495,8.972244125198863,40.082493718876975,137.05152974498586,1,0
świętokrzyskie|kazimierski|Czarnocin,świętokrzyskie,kazimierski,Czarnocin,24,0,24,0.0,50.33448034412245,20.529181194232514,10.26021131714443,11.832147253188396,121.40033115328295,0.19769303569441693,1.2692158023173885,1.2380973495718983,4.263743287947131,7.176714635171357,7,21,76,175,320,6.213902609564511,10.159414954056421,38.73708792406409,138.1965327749954,1,0
świętokrzyskie|kazimierski|Kazimierza Wielka,świętokrzyskie,kazimierski,Kazimierza Wielka,43,1,42,0.023255813953488372,50.24538189000835,20.478387152240384,12.274955539652503,13.798831072190126,169.38003791030926,0.253866987695265,1.3002668146250356,1.3894970191952698,4.570673500053851,8.160000500344037,8,20,83,185,324,8.829735502059844,9.924667468398685,40.15039123926761,138.21800981790034,1,0
świętokrzyskie|kazimierski|Opatowiec,świętokrzyskie,kazimierski,Opatowiec,20,1,19,0.05,50.257725377332505,20.683875050559408,10.437393621995982,9.930317277707772,103.6466302187436,0.19296334051372924,1.1332126633290809,1.2807648011343917,3.589799078619374,5.899004670023584,10,21,80,179,318,6.670741812301495,9.313273362085074,39.65187239223482,136.6025231705134,1,0
świętokrzyskie|kazimierski|Skalbmierz,świętokrzyskie,kazimierski,Skalbmierz,24,1,23,0.041666666666666664,50.30878059325315,20.395287482181306,8.230984568461825,9.546034448737519,78.5732622375635,0.3054474170543771,1.240456697843139,1.2650499177133046,3.3763158297820386,5.562170912286867,8,21,79,180,334,7.062500665151818,9.54218974815843,39.532136113223046,139.24245373884443,1,0
świętokrzyskie|kielecki|Bieliny,świętokrzyskie,kielecki,Bieliny,15,0,15,0.0,50.838820506389794,20.958726343270556,7.1830120360403305,9.258432507419558,66.50343213566174,0.22555226878217632,1.7142612464288793,1.7062812162439094,3.3625918727108735,5.737974906904507,6,14,67,159,277,9.430858471979562,11.559465965049611,34.54008994804281,134.81366816695788,0,0
świętokrzyskie|kielecki|Bodzentyn,świętokrzyskie,kielecki,Bodzentyn,36,1,35,0.027777777777777776,50.955945253092125,20.92724609413507,10.520754209680673,11.715899986786543,123.26010410618225,0.2920653058104498,0.9539086092056541,1.1675566209989707,3.7805931643200825,7.470551202401894,9,19,69,153,269,9.652255086271063,11.245140481933733,34.863729598134114,135.18802630074987,0,0
świętokrzyskie|kielecki|Chmielnik,świętokrzyskie,kielecki,Chmielnik,26,1,25,0.038461538461538464,50.61129643952272,20.73456341139286,12.809022550682563,11.201855588411956,143.48482084145823,0.18120383638857784,1.4902378532859872,1.5236379966641211,4.788145165100525,8.744280888736464,3,13,71,167,293,8.940082141139737,12.311332414660344,34.44226240542699,135.74880373944217,1,0
świętokrzyskie|kielecki|Chęciny,świętokrzyskie,kielecki,Chęciny,21,1,20,0.047619047619047616,50.78143467523743,20.455180016562252,12.588482266875195,12.917519115205334,162.6119603137837,0.12914179227331993,1.49563115330277,1.5456738667796937,4.61984791944649,9.167668512039167,4,15,64,156,291,6.6967399068154,10.623898761963739,33.5012344415285,136.35295183175708,0,0
świętokrzyskie|kielecki|Daleszyce,świętokrzyskie,kielecki,Daleszyce,19,1,18,0.05263157894736842,50.790420374574104,20.793351556582223,12.319669015963001,18.298589336193476,225.43256408093376,0.08428241091725643,2.2930282238864814,2.260928219417812,5.356160092878156,10.630282673531156,6,17,67,161,279,8.81957251087774,12.202622966613381,34.10432145418683,135.37592638113927,0,0
świętokrzyskie|kielecki|Górno,świętokrzyskie,kielecki,Górno,14,0,14,0.0,50.86844580525889,20.81591392920213,7.7429280123778925,11.198943260369719,86.7126114797473,0.16145287013146706,1.519518808271879,1.7000017331986899,3.624569367372049,6.699784505971788,6,16,67,158,283,6.942433602359032,10.34690319428562,34.46764119049186,135.47559751128588,0,0
świętokrzyskie|kielecki|Masłów,świętokrzyskie,kielecki,Masłów,11,0,11,0.0,50.90948920186559,20.74133191780721,7.6857668374536665,8.473437617736163,65.124865841629,0.16890629804520227,1.8620314443028307,1.902738657357556,3.0374671899216907,5.75191951203104,8,20,66,158,278,6.942433602359032,9.75167979102001,34.45040670327903,135.74656430582095,0,0
świętokrzyskie|kielecki|Miedziana Góra,świętokrzyskie,kielecki,Miedziana Góra,10,0,10,0.0,50.95308542050451,20.549296706401982,7.582593820408058,5.465676858877162,41.44400757446929,0.241289406726204,1.33381012932162,1.4473285725774283,2.7817145376225443,4.832124824028162,6,18,63,150,283,7.538914552259886,9.713493416991952,33.77825167738383,135.9119431427642,0,0
świętokrzyskie|kielecki|Mniów,świętokrzyskie,kielecki,Mniów,29,0,29,0.0,51.01420608383442,20.450384998273584,9.03482723538542,13.968107465336606,126.19943775461357,0.2297950015941321,1.208550472233477,1.1865537696945083,3.940391332241065,8.668105649485561,5,16,66,146,286,6.176623541479476,10.005328432991424,33.21986347892416,135.71393847007485,0,0
świętokrzyskie|kielecki|Morawica,świętokrzyskie,kielecki,Morawica,23,1,22,0.043478260869565216,50.73591727781308,20.614286705296724,14.188028310453694,8.811895447265796,125.02342207456513,0.18396552916526782,1.5577584146029164,1.687012714389334,4.488519445518003,8.629952955937041,6,15,67,165,291,10.70719746011981,12.484351948442486,33.78613262552619,135.98916625730226,0,1
świętokrzyskie|kielecki|Nowa Słupia,świętokrzyskie,kielecki,Nowa Słupia,19,1,18,0.05263157894736842,50.872908324035016,21.081750575844822,8.592094840496081,11.588089161446307,99.56596109527138,0.1908282689283693,1.2859188437034559,1.4218302144765116,3.753682169186593,6.765233990003125,6,20,72,156,279,8.05171363161308,10.43598431893137,34.88253653070128,134.30406900731393,1,0
świętokrzyskie|kielecki|Nowiny,świętokrzyskie,kielecki,Nowiny,8,0,8,0.0,50.81698034999612,20.532100145845874,5.038900954388656,6.574422628071951,33.12786445514613,0.24148855145286216,1.9329364065489079,1.6284619654243424,2.2643133932550628,4.441515708997608,5,17,63,155,293,6.6967399068154,9.981199461158065,33.72872484100001,136.1569086211359,0,0
świętokrzyskie|kielecki|Piekoszów,świętokrzyskie,kielecki,Piekoszów,22,1,21,0.045454545454545456,50.87670106102858,20.43514149862204,6.915739540601851,14.873001594880293,102.85780521714803,0.21388751153648233,1.7603050309637265,1.4902422915701832,4.6154415199941905,8.633526075445689,6,16,60,153,290,7.930563988592558,10.717007333919023,33.339804904554164,136.11075024686303,0,0
świętokrzyskie|kielecki|Pierzchnica,świętokrzyskie,kielecki,Pierzchnica,18,1,17,0.05555555555555555,50.685602671271056,20.782986710126554,7.689137914786586,11.155183708943564,85.77374600284762,0.20985442328008405,1.767428281815302,1.8021470771536323,4.001671080394995,6.179059229360363,4,15,71,158,285,8.940082141139737,12.521065540704322,34.105415661290294,135.37933364226473,1,0
świętokrzyskie|kielecki|Raków,świętokrzyskie,kielecki,Raków,28,0,28,0.0,50.6972340143456,21.011751411025724,11.735178858278413,18.209689206424464,213.69395979105298,0.13102850463053806,1.510757483868507,1.6100941997721134,5.5667871434231495,9.53921100326815,2,14,76,156,283,9.936707100996113,13.794576748469234,34.46925401467605,134.25436166010553,1,0
świętokrzyskie|kielecki|Strawczyn,świętokrzyskie,kielecki,Strawczyn,18,0,18,0.0,50.94754709727783,20.422106292262377,7.261046565489635,11.851456368375008,86.05397655963961,0.2091710426365378,1.4900759574465208,1.5248495670473359,3.5843509781513188,6.277568468575089,6,15,63,150,289,7.671970645052752,9.802361783695588,33.255850546374695,135.93145458615513,0,0
świętokrzyskie|kielecki|Zagnańsk,świętokrzyskie,kielecki,Zagnańsk,33,0,33,0.0,50.98072561762479,20.64760097542582,11.577258075826744,9.372750322460629,108.51074936341504,0.30411733578098504,0.7916104999274819,0.9257630494173972,3.3896783489064326,7.417820625261906,6,16,65,147,281,7.538914552259886,10.870181580362726,34.070150062422435,135.77765312404034,0,0
świętokrzyskie|kielecki|Łagów,świętokrzyskie,kielecki,Łagów,22,1,21,0.045454545454545456,50.77197545945782,21.089145914605982,10.33009627047405,9.451341125064907,97.63326370701101,0.22533303880960182,1.5154139529563666,1.6569504787385356,3.9479557942087626,6.41737291412445,4,16,74,157,281,9.936707100996113,11.776612647993845,34.66707707200792,133.9991400701272,1,0
świętokrzyskie|kielecki|Łopuszno,świętokrzyskie,kielecki,Łopuszno,41,1,40,0.024390243902439025,50.94476731484517,20.257646620891567,14.595217080641307,15.011561514670694,219.0969990260194,0.18713172787515425,1.1603527573406556,1.2122693214447637,4.902080346266178,8.736341430006469,5,15,59,149,292,10.624225908262133,12.1513921262564,32.46694629923675,135.85497690743028,0,1
świętokrzyskie|konecki|Fałków,świętokrzyskie,konecki,Fałków,29,0,29,0.0,51.13218912563428,20.059346062125034,13.959029596982885,9.94127135721385,138.77050110698636,0.2089781312934958,1.50557295127642,1.460466141152959,4.224178173024339,7.250816596331204,5,13,60,154,281,9.802850136792937,12.039955284953146,32.130935959477966,135.42578260523146,0,0
świętokrzyskie|konecki|Gowarczów,świętokrzyskie,konecki,Gowarczów,17,1,16,0.058823529411764705,51.28750960330163,20.43520451996595,9.578367952147737,6.5203798245264775,62.45459714707509,0.2721977368610111,1.5165106054475337,1.462987977653125,3.2557296162315517,5.130558632097578,4,15,67,155,276,9.085261497001234,12.46502548929689,32.88305558069596,135.23194736018215,0,0
świętokrzyskie|konecki|Końskie,świętokrzyskie,konecki,Końskie,53,1,52,0.018867924528301886,51.187585643883004,20.383421102688114,14.23500531872847,20.209213037849548,287.6782550811051,0.1842335980001607,1.2516658587431744,1.259125646375774,5.82751120823503,12.576276676627195,5,13,64,148,271,11.681270723498882,13.406072075395027,32.42710325175534,135.11843693380584,0,1
świętokrzyskie|konecki|Radoszyce,świętokrzyskie,konecki,Radoszyce,35,1,34,0.02857142857142857,51.05059376703725,20.28608022666775,13.059779318138363,10.959265958989763,143.1255949131923,0.24454046825955902,1.266125453565914,1.3850916050995263,4.156793499660705,7.636158422731977,6,14,63,146,278,8.826172674344779,11.283691185087667,32.435145531375966,135.49042570375946,0,0
świętokrzyskie|konecki|Ruda Maleniecka,świętokrzyskie,konecki,Ruda Maleniecka,18,0,18,0.0,51.1485699718963,20.197410802186162,10.001620659778451,9.359650149867672,93.611670307215,0.19228371784124307,1.5247422268184114,1.5745817980159103,3.874079743762787,6.660390138227625,5,14,59,150,280,9.802850136792937,12.175502282175222,32.15852374195459,135.24702456901787,0,0
świętokrzyskie|konecki|Smyków,świętokrzyskie,konecki,Smyków,21,0,21,0.0,51.06380291889231,20.41060411193244,8.015955980356305,7.945098126309186,63.68755684010579,0.32973474006425896,1.1171137164650706,1.188427380110136,2.828848834169745,4.548872900408766,5,13,64,149,284,6.176623541479476,11.089463777315354,32.84947467116649,135.49019044121283,0,0
świętokrzyskie|konecki|Stąporków,świętokrzyskie,konecki,Stąporków,40,1,39,0.025,51.133855353329984,20.570226947832964,20.64643600227462,11.272131006006006,232.72933142475844,0.17187347961308447,1.3613222706133852,1.4335053303220753,5.641324982170258,11.553735950568836,3,17,67,150,280,9.852413068845923,14.273480273237658,33.13075325074107,135.26690658162664,0,0
świętokrzyskie|konecki|Słupia Konecka,świętokrzyskie,konecki,Słupia Konecka,20,0,20,0.0,51.022264655157606,20.136161798890804,8.54450169305343,10.400090890423789,88.86359422113561,0.22506404535281707,1.3765534416135767,1.4021413879387712,3.478366902641138,5.5175668524684784,6,11,57,149,295,10.94572129112433,12.723472440285132,32.079664417941096,135.6153446632252,0,1
świętokrzyskie|opatowski|Baćkowice,świętokrzyskie,opatowski,Baćkowice,15,0,15,0.0,50.78480836338563,21.241271505977192,4.928499762820902,12.743821391570444,62.80792070578687,0.23882338137358464,1.5027241748117544,1.7109735134792496,3.733689228784092,6.437974414004533,7,18,73,155,286,8.419190976406806,10.813646647828849,35.105592357622704,133.12752301373206,1,0
świętokrzyskie|opatowski|Iwaniska,świętokrzyskie,opatowski,Iwaniska,27,1,26,0.037037037037037035,50.714831631323236,21.286972377319493,6.407825573023048,18.268948206189414,117.06423350785406,0.23064260697686556,1.3156086302609804,1.4006380239475846,4.821884876647797,10.050527722311159,5,18,74,157,282,6.349213293999153,10.976827803985199,35.246176334603234,132.59773193542085,1,0
świętokrzyskie|opatowski|Lipnik,świętokrzyskie,opatowski,Lipnik,23,0,23,0.0,50.73368599597299,21.48406493426886,9.086411025174016,11.427807423739187,103.83775536862922,0.22149939507406388,1.4552609603076667,1.47614866884173,3.923390203620915,6.950567242156476,7,20,71,158,286,7.653559144600252,10.148268604753738,35.573584582094796,130.86954279578163,1,0
świętokrzyskie|opatowski|Opatów,świętokrzyskie,opatowski,Opatów,29,1,28,0.034482758620689655,50.79133465283887,21.424612361214464,9.43890657241446,11.217800660527214,105.88377238268559,0.27388521722845377,1.2887692480281694,1.2924267658633064,3.733050089917511,6.5206720550394675,7,18,71,161,279,7.523052537435399,10.596252589938803,35.3955607282896,131.6254359984107,1,0
świętokrzyskie|opatowski|Ożarów,świętokrzyskie,opatowski,Ożarów,35,1,34,0.02857142857142857,50.873000969702595,21.69232745897624,16.505324066728015,14.734405088545497,243.19613091688973,0.1439167632644656,1.4379387827848618,1.3697113008920294,5.435210758062529,9.580785007264463,6,17,66,163,283,7.984987477293596,11.245489752622724,34.35858415270627,128.22257398421996,0,0
świętokrzyskie|opatowski|Sadowie,świętokrzyskie,opatowski,Sadowie,21,0,21,0.0,50.845652179302576,21.360767363001745,6.915863104024468,12.961331336947525,89.63879317223152,0.2342735690299925,1.4523339739128998,1.4521837223963805,3.923197372906764,6.747806662083673,7,20,71,156,278,7.523052537435399,9.933747679065377,35.258251853116164,132.30745232525067,1,0
świętokrzyskie|opatowski|Tarłów,świętokrzyskie,opatowski,Tarłów,35,0,35,0.0,50.98735536560463,21.735411037256483,14.383402408355241,14.748192499908448,212.12918752206988,0.1649937965107164,1.5540808451868466,1.4517522153045246,5.0101055111409725,9.483953566497147,5,15,72,164,277,11.592861497357983,13.022228327112487,33.62510798928331,127.53413173107725,1,1
świętokrzyskie|opatowski|Wojciechowice,świętokrzyskie,opatowski,Wojciechowice,20,0,20,0.0,50.82936607317143,21.584551818990683,10.404166538936114,9.02123990391188,93.85848234799522,0.2130867610435765,1.4356675689001868,1.5418115015061926,3.5802596126424175,5.598170063629263,7,19,67,161,281,8.98812234580868,10.605186109317696,35.00601184936494,129.77351630759,0,0
świętokrzyskie|ostrowiecki|Bałtów,świętokrzyskie,ostrowiecki,Bałtów,19,0,19,0.0,51.01479875292559,21.564855358237168,7.142077349838104,8.895819688353392,63.53463230443262,0.29904949963288646,1.0997095751772406,1.1574641039410414,3.3352499859227778,5.055593158784524,4,15,72,159,278,9.660809700081627,12.830545587113352,33.903475080476255,129.7317374297233,1,0
świętokrzyskie|ostrowiecki|Bodzechów,świętokrzyskie,ostrowiecki,Bodzechów,27,0,27,0.0,50.925840471002076,21.378086446722662,16.060674908318415,16.484383065024847,264.75031747155356,0.10198288054140313,1.3329231435429778,1.5521894081630094,5.859514425254082,11.018378571265362,5,17,71,154,277,2.176651345516877,8.389625093546334,35.06543920482109,132.16146157528536,1,0
świętokrzyskie|ostrowiecki|Kunów,świętokrzyskie,ostrowiecki,Kunów,18,1,17,0.05555555555555555,50.96353241503826,21.2877706756075,9.424231288054763,11.398030213444148,107.41767295973385,0.16757019123610514,1.5086322830943701,1.5416308176118552,3.7208834031430404,8.067339498469234,6,17,69,157,276,7.477187353075615,9.807159752270135,34.86888234539672,132.8719389763013,0,0
świętokrzyskie|ostrowiecki|Ostrowiec Świętokrzyski,świętokrzyskie,ostrowiecki,Ostrowiec Świętokrzyski,1,1,0,1.0,50.943947590216,21.3898881074338,0.001,0.001,1e-06,1000000.0,,,0.0,0.0,6,17,69,155,274,2.176651345516877,9.07894671369832,34.92897734072442,131.99661480827223,0,0
świętokrzyskie|ostrowiecki|Waśniów,świętokrzyskie,ostrowiecki,Waśniów,37,0,37,0.0,50.88354799888199,21.21220632957673,11.564084357977208,9.682255193513557,111.9664158332537,0.33045623301099813,1.0264049474463628,1.1042731468299836,3.8833476466326955,6.246337468178611,7,15,71,155,280,9.229027261539699,10.691780789212121,35.05748373346892,133.50385848464532,1,0
świętokrzyskie|ostrowiecki|Ćmielów,świętokrzyskie,ostrowiecki,Ćmielów,25,1,24,0.04,50.90576763324039,21.526431421083235,15.714271624429824,8.754614132148866,137.57238443965926,0.18172251721758353,1.4964768032217703,1.4143084195217837,4.919723777145878,8.176159729424059,7,16,68,160,281,9.42385203059623,11.0285090273923,34.66726778823462,130.43865622003977,0,0
świętokrzyskie|pińczowski|Działoszyce,świętokrzyskie,pińczowski,Działoszyce,37,1,36,0.02702702702702703,50.39394966268532,20.367000824944608,11.864187131353388,12.774764890397515,151.56220121871928,0.24412419259209184,1.0860158668288131,1.101884282102609,3.9490081530570293,8.569782976894421,7,17,76,182,333,9.05071828056751,10.991685702606466,37.97677542828002,139.23025488055512,1,0
świętokrzyskie|pińczowski|Kije,świętokrzyskie,pińczowski,Kije,20,0,20,0.0,50.60857248514846,20.581529626087082,8.817395847599732,9.336984146026044,82.32788523827458,0.24293105479529453,1.4670101993995368,1.5831116909536227,3.3436280246961423,5.590691569286606,5,12,71,163,300,10.802922808024151,13.196592809101276,34.28307306346052,136.4664624326734,1,1
świętokrzyskie|pińczowski|Michałów,świętokrzyskie,pińczowski,Michałów,20,0,20,0.0,50.48937348268651,20.404192541855103,11.547008916739816,8.484447968781872,97.9699963491393,0.20414413336023063,1.6012197246826725,1.5850412854420064,3.7008422678280453,6.887407779606209,4,16,72,170,322,10.138190328466617,12.376049326246552,36.020765275783226,138.26647173053846,1,0
świętokrzyskie|pińczowski|Pińczów,świętokrzyskie,pińczowski,Pińczów,42,1,41,0.023809523809523808,50.48357365539333,20.554848741261,16.94278591984259,17.952058921081115,304.1578911202776,0.13808617572046264,1.4208290353920405,1.4458423514627425,6.233360614475593,12.063483917263326,5,14,73,170,310,10.678269493315772,12.880662874533153,35.87087589171172,137.3272239277061,1,1
świętokrzyskie|pińczowski|Złota,świętokrzyskie,pińczowski,Złota,14,0,14,0.0,50.382238735219325,20.574664827068688,10.459831611979924,7.7650885309328475,81.22151848567414,0.17236811452213027,1.252286202593185,1.4939086480049668,3.5713156526185084,6.358824921315452,4,18,74,175,318,6.213902609564511,11.042093666314601,37.77971001470935,137.76220272086192,1,0
świętokrzyskie|sandomierski|Dwikozy,świętokrzyskie,sandomierski,Dwikozy,24,0,24,0.0,50.74396017956863,21.781335727051427,11.258706666344812,7.743137199146141,87.17771040244916,0.2752997284421196,1.4459868543639,1.33829990079313,3.5951121072724113,6.038954558718918,7,18,71,157,290,7.494759175007878,9.682770755547063,34.67719075226931,126.57162135092203,1,0
świętokrzyskie|sandomierski|Klimontów,świętokrzyskie,sandomierski,Klimontów,35,1,34,0.02857142857142857,50.66305709672956,21.45552072310761,10.638327665282006,12.201272856088416,129.80113857657977,0.26964324337841444,1.1934894143319932,1.1979176191568488,3.6655652043385842,7.242725843130023,8,18,70,157,293,8.10682070480552,11.161849334498465,35.60942430331585,130.8458951645471,0,0
świętokrzyskie|sandomierski|Koprzywnica,świętokrzyskie,sandomierski,Koprzywnica,16,1,15,0.0625,50.60011396986569,21.56646923554788,7.262304733909578,11.384304764842357,82.67629038598402,0.1935258575983769,1.1530659856372525,1.3776819791778672,4.191559099236175,5.852307472851517,6,19,69,156,297,5.6680405270782055,8.729116691875964,35.69985509135588,129.0982721822374,0,0
świętokrzyskie|sandomierski|Obrazów,świętokrzyskie,sandomierski,Obrazów,19,0,19,0.0,50.69674250861921,21.622169176104567,5.909539587484937,13.140073874973544,77.65178674663275,0.24468207102554412,1.4413027125397024,1.55242041279469,3.5864654975472474,7.771530895258723,10,21,70,157,288,5.33240244100448,8.539471594998478,35.647308222722046,129.03091163584799,0,0
świętokrzyskie|sandomierski|Samborzec,świętokrzyskie,sandomierski,Samborzec,28,0,28,0.0,50.649833820948295,21.637892648975104,9.23451157620395,13.058132006538132,120.58547117797569,0.23220044443558185,1.2620463099900006,1.309493660641044,4.300711416406566,6.959287446866177,10,19,67,158,288,5.33240244100448,8.384313745809992,35.61966485646384,128.48572532452826,0,0
świętokrzyskie|sandomierski|Sandomierz,świętokrzyskie,sandomierski,Sandomierz,1,1,0,1.0,50.67971829399365,21.74912583694288,0.001,0.001,1e-06,1000000.0,,,0.0,0.0,9,17,68,156,286,5.848519234482847,8.324939964173186,35.08325668239512,126.82945230761442,0,0
świętokrzyskie|sandomierski|Wilczyce,świętokrzyskie,sandomierski,Wilczyce,16,0,16,0.0,50.75039228415383,21.647571251712627,5.773902631700512,10.33864394383579,59.69432347552802,0.26803218578328103,1.387002568212139,1.4219464573612115,3.310239415809165,5.577818282593159,8,20,67,154,288,6.227818107037349,9.465767585305422,35.33874766537736,128.8360900698064,0,0
świętokrzyskie|sandomierski|Zawichost,świętokrzyskie,sandomierski,Zawichost,15,1,14,0.06666666666666667,50.82578867279329,21.778029344862446,7.163708213931334,9.22612960117406,66.09330040672563,0.22695189841773442,1.4919071258360015,1.636501452529719,3.05737229296454,6.15474316051557,5,17,70,161,285,7.984987477293596,10.890818327705297,34.27813496297262,126.83920373907414,0,0
świętokrzyskie|sandomierski|Łoniów,świętokrzyskie,sandomierski,Łoniów,30,0,30,0.0,50.55999733253471,21.516944493475574,10.125915214237738,13.211282378330635,133.7763252343291,0.22425492662809016,0.9500566782055652,1.1118648292139417,4.250085344499484,7.402267319901394,7,22,70,157,296,5.6680405270782055,10.052092871866451,35.70137087744798,129.3992594750603,0,0
świętokrzyskie|skarżyski|Bliżyn,świętokrzyskie,skarżyski,Bliżyn,31,0,31,0.0,51.11159038546278,20.70686543730793,11.18811629070877,13.195362747599702,147.63125291823187,0.20998263841308648,0.9608300984779332,0.9818858843768935,4.161215956342449,7.680228470810081,3,18,67,145,282,9.852413068845923,13.015653913463467,33.9538264204033,135.42075838441932,0,0
świętokrzyskie|skarżyski|Skarżysko Kościelne,świętokrzyskie,skarżyski,Skarżysko Kościelne,8,0,8,0.0,51.137912275301986,20.920315574054353,9.216038122537352,5.005621161391749,46.131995450366055,0.1734154337331298,1.9296992956671382,1.9229026580179562,3.07844498659208,4.851371324948669,8,20,72,147,275,4.37923701825581,8.837455806191572,35.197085176291694,135.31505195545878,1,0
świętokrzyskie|skarżyski|Skarżysko-Kamienna,świętokrzyskie,skarżyski,Skarżysko-Kamienna,1,1,0,1.0,51.11296731959346,20.87175700320572,0.001,0.001,1e-06,1000000.0,,,0.0,0.0,6,20,73,145,275,4.37923701825581,9.58782002780799,35.00298902589202,135.4342227556868,1,0
świętokrzyskie|skarżyski|Suchedniów,świętokrzyskie,skarżyski,Suchedniów,5,1,4,0.2,51.025427549419184,20.844583954801784,5.66888460350995,5.548869719614129,31.45590212040311,0.1589526817848556,1.4338856022231412,2.5347642600072775,2.937810305398903,5.00945393516406,8,21,72,151,274,5.9089268195041145,9.988560797259172,34.84959800121742,135.51556367159782,1,0
świętokrzyskie|skarżyski|Łączna,świętokrzyskie,skarżyski,Łączna,12,0,12,0.0,50.9842776387514,20.791149519534617,4.9304325048350215,6.092615723711634,30.03923060365679,0.3994776084091579,0.8502872860023767,1.0403498965421887,2.110155883459124,3.7208316530339194,5,18,67,150,278,5.9089268195041145,9.603559834027156,34.66644418079546,135.64061624771927,0,0
świętokrzyskie|starachowicki|Brody,świętokrzyskie,starachowicki,Brody,25,0,25,0.0,51.02601698102895,21.19424145864809,9.962414684120883,10.498113920601012,104.58656427816938,0.23903644002978608,1.1017798551594915,1.1617043031401975,3.406212484413247,7.0480209217579795,3,18,70,156,276,9.187596556784026,12.349892911880124,34.71260903443047,133.51927451317675,0,0
świętokrzyskie|starachowicki|Mirzec,świętokrzyskie,starachowicki,Mirzec,24,0,24,0.0,51.142314499075304,21.072548316425635,9.621933049676294,12.14145532725402,116.82427028447376,0.2054367636241907,1.036216017836986,1.119679988624287,3.3953068660369605,6.772655306633879,8,19,72,151,270,7.037015691891621,9.92923079698688,35.064139435371004,134.45062611249773,1,0
świętokrzyskie|starachowicki|Pawłów,świętokrzyskie,starachowicki,Pawłów,42,0,42,0.0,50.945318360676026,21.081258906964884,8.541968422186454,14.017406909781919,119.73624718429535,0.3507709735996197,1.1085856491633068,1.1816349008089697,4.226701081412154,7.9391972820088395,7,20,70,155,275,8.05171363161308,10.87314799336866,34.946495717836186,134.3886392276297,0,0
świętokrzyskie|starachowicki|Starachowice,świętokrzyskie,starachowicki,Starachowice,1,1,0,1.0,51.0533215842726,21.0702175843431,0.001,0.001,1e-06,1000000.0,,,0.0,0.0,6,17,69,154,276,6.68081503544695,10.37455869994275,35.03350109068454,134.49963367586997,0,0
świętokrzyskie|starachowicki|Wąchock,świętokrzyskie,starachowicki,Wąchock,9,1,8,0.1111111111111111,51.07354251846217,20.98019276766909,3.8706970743124995,5.241433315878927,20.288000600976627,0.4436119742409095,0.7495141383882552,1.0353317264948856,1.7577321172018097,3.115130166829412,7,19,69,149,274,6.68081503544695,8.921513786739071,35.19232726462391,135.0705979098086,0,0
świętokrzyskie|staszowski|Bogoria,świętokrzyskie,staszowski,Bogoria,36,1,35,0.027777777777777776,50.658114656836624,21.27655411410147,8.397886318738514,15.636757177593395,131.31570917114783,0.27414846424109157,0.9861782217680846,1.1622283854911597,4.174567052791451,9.531656695110382,4,17,71,158,290,6.349213293999153,12.297454017528484,35.241753062935885,132.45483557462723,1,0
świętokrzyskie|staszowski|Oleśnica,świętokrzyskie,staszowski,Oleśnica,11,1,10,0.09090909090909091,50.46248721605405,21.079250934922467,3.9276377659769914,9.223394424636021,36.22615227270206,0.3036480362914216,1.4985156317224386,1.6379834496011905,2.7139617611366957,5.567455039147515,7,19,73,165,304,8.357661352844184,9.542779569091149,36.591102427018434,133.78905896771604,1,0
świętokrzyskie|staszowski|Osiek,świętokrzyskie,staszowski,Osiek,21,1,20,0.047619047619047616,50.496627383041954,21.412767838907758,14.598720365286503,12.471124491471274,182.06245909166498,0.11534503106665664,1.5199501630963375,1.7089332924236045,3.834392125445805,9.174457229177765,8,19,74,165,304,8.771026940322573,10.515366630976239,35.98406779495467,130.25201480960945,1,0
świętokrzyskie|staszowski|Połaniec,świętokrzyskie,staszowski,Połaniec,18,1,17,0.05555555555555555,50.43485088419844,21.27901776354929,8.499482253543178,8.76524862602764,74.50007514481565,0.2416104945533413,1.3541297657542277,1.307969626550223,3.347087497826224,5.225624549289133,7,19,69,168,306,7.283939550554597,8.988447110531768,36.6844757830222,131.54161457781402,0,0
świętokrzyskie|staszowski|Rytwiany,świętokrzyskie,staszowski,Rytwiany,15,0,15,0.0,50.49901684469616,21.20422504894926,6.813382550630879,14.486719416115761,98.70356128564869,0.1519702005137374,1.4705318329296095,1.5429240820767336,4.400989983492037,8.619407694267492,6,18,73,161,301,8.808372747680982,10.571027178194658,36.18414284672254,132.67318580728605,1,0
świętokrzyskie|staszowski|Staszów,świętokrzyskie,staszowski,Staszów,35,1,34,0.02857142857142857,50.576676934247644,21.179647608307718,13.347201514669518,20.07843710209924,267.9909461013356,0.13060142706002248,1.4327951834324417,1.4844702215145946,6.341618721448359,12.912063701961324,5,19,75,159,292,8.808372747680982,12.398111029666953,35.43700916080215,133.0257990747446,1,0
świętokrzyskie|staszowski|Szydłów,świętokrzyskie,staszowski,Szydłów,16,1,15,0.0625,50.60389957889574,20.996290686808816,10.006222280523934,12.198365284005344,122.05955449078394,0.1310835523425417,1.7505552430233426,1.9974031352905603,4.467346721929958,8.72015314608132,4,13,79,161,294,9.35791746000209,11.870385238636242,34.985185887008384,134.37586148833014,1,0
świętokrzyskie|staszowski|Łubnice,świętokrzyskie,staszowski,Łubnice,19,0,19,0.0,50.40315594566325,21.165413212918804,10.908496463548069,7.9408490272668795,86.62272353150988,0.2193419835511009,1.4363116344452962,1.4146068170503987,3.4845509607761955,5.764625890846665,7,21,71,171,307,8.786655239607525,9.943371606162215,37.038005215552495,132.61560053345374,1,0
świętokrzyskie|włoszczowski|Kluczewsko,świętokrzyskie,włoszczowski,Kluczewsko,33,0,33,0.0,50.95922900466521,19.918421688690103,13.241507758739015,11.524994779465858,152.6083077917238,0.2162398658206578,1.2555478859847262,1.412234801188213,4.1577725966791395,7.054900023476898,2,12,63,153,299,12.16521618875894,14.137804191917644,32.34151280822595,136.40997120484374,0,1
świętokrzyskie|włoszczowski|Krasocin,świętokrzyskie,włoszczowski,Krasocin,37,0,37,0.0,50.9029333538273,20.121372611968336,14.412997965710368,13.626260032332388,196.3952581262472,0.18839558731207037,1.1436171784285765,1.3959211055902063,4.947503798656166,9.795162970435465,4,11,61,153,293,10.624225908262133,13.694523141513963,32.22584632300274,136.1732965240647,0,1
świętokrzyskie|włoszczowski|Moskorzew,świętokrzyskie,włoszczowski,Moskorzew,13,0,13,0.0,50.652827735766856,19.93618010161874,7.054255725626142,10.356735870322767,73.05906331202202,0.1779382243716889,1.9333755834556399,1.9110159019355362,3.361164072456298,5.916960545103819,6,15,69,167,327,6.798033501078915,10.021972361351896,35.40255450186006,139.68316478245765,0,0
świętokrzyskie|włoszczowski|Radków,świętokrzyskie,włoszczowski,Radków,13,0,13,0.0,50.70905624127248,19.974055883996456,8.313409795736051,13.242888068133889,110.09355538946033,0.11808138954193988,2.0746639417493684,1.954897606029583,4.433769544031273,7.58485837353232,7,13,66,162,316,6.798033501078915,10.996632372040137,34.40304929745689,138.73189539878402,0,0
świętokrzyskie|włoszczowski|Secemin,świętokrzyskie,włoszczowski,Secemin,25,0,25,0.0,50.75281674566665,19.84593642840184,11.584566223812569,13.438654710520238,155.68098545297244,0.1605848005603222,1.237106205215474,1.435078128079532,4.587161527630441,7.148332575963947,5,14,67,167,318,10.24646588890805,11.478367030761252,34.422793795475215,138.8947581319059,0,0
świętokrzyskie|włoszczowski|Włoszczowa,świętokrzyskie,włoszczowski,Włoszczowa,30,1,29,0.03333333333333333,50.825571544442454,19.96300872044368,18.032842740950088,21.709689292783754,391.48741297165736,0.07663081623053848,1.985825227821401,1.943839037939848,6.854101642324049,13.918451483070958,3,12,66,151,311,11.540083123522267,13.880409130819041,32.95936111925789,137.35047202668895,0,1
