age,gender,split,final,split_seconds,final_seconds,split_hours,final_hours,second_half_hours,slowdown_minutes,female,under_4h,under_3h30,negative_split
31,M,01:06:32,02:13:59,3992,8039,1.1088888888888888,2.2330555555555556,1.1241666666666668,0.9166666666666666,0,1,1,0
24,M,01:09:16,02:19:45,4156,8385,1.1544444444444444,2.3291666666666666,1.1747222222222222,1.2166666666666666,0,1,1,0
30,M,01:11:51,02:26:15,4311,8775,1.1975,2.4375,1.24,2.55,0,1,1,0
36,W,01:12:57,02:28:13,4377,8893,1.2158333333333333,2.4702777777777776,1.2544444444444445,2.316666666666667,1,1,1,0
33,M,01:13:40,02:29:52,4420,8992,1.2277777777777779,2.497777777777778,1.27,2.533333333333333,0,1,1,0
31,W,01:14:39,02:30:45,4479,9045,1.2441666666666666,2.5125,1.2683333333333333,1.45,1,1,1,0
34,M,01:14:07,02:31:18,4447,9078,1.2352777777777777,2.5216666666666665,1.2863888888888888,3.066666666666667,0,1,1,0
29,M,01:07:09,02:31:49,4029,9109,1.1191666666666666,2.5302777777777776,1.4111111111111112,17.516666666666666,0,1,1,0
33,M,01:15:59,02:32:27,4559,9147,1.2663888888888888,2.5408333333333335,1.2744444444444445,0.48333333333333334,0,1,1,0
29,M,01:13:34,02:32:45,4414,9165,1.2261111111111112,2.5458333333333334,1.3197222222222222,5.616666666666666,0,1,1,0
34,M,01:14:12,02:33:26,4452,9206,1.2366666666666666,2.5572222222222223,1.3205555555555555,5.033333333333333,0,1,1,0
26,M,01:16:15,02:33:49,4575,9229,1.2708333333333333,2.5636111111111113,1.2927777777777778,1.3166666666666667,0,1,1,0
35,M,01:15:10,02:35:04,4510,9304,1.2527777777777778,2.5844444444444443,1.3316666666666668,4.733333333333333,0,1,1,0
38,M,01:12:39,02:35:10,4359,9310,1.2108333333333334,2.5861111111111112,1.3752777777777778,9.866666666666667,0,1,1,0
34,M,01:16:03,02:36:04,4563,9364,1.2675,2.601111111111111,1.333611111111111,3.966666666666667,0,1,1,0
28,M,01:16:59,02:36:35,4619,9395,1.2830555555555556,2.609722222222222,1.3266666666666667,2.6166666666666667,0,1,1,0
33,M,01:16:46,02:36:43,4606,9403,1.2794444444444444,2.6119444444444446,1.3325,3.183333333333333,0,1,1,0
38,M,01:17:28,02:38:12,4648,9492,1.291111111111111,2.6366666666666667,1.3455555555555556,3.2666666666666666,0,1,1,0
40,M,01:17:58,02:39:59,4678,9599,1.2994444444444444,2.6663888888888887,1.3669444444444445,4.05,0,1,1,0
23,W,01:20:25,02:40:12,4825,9612,1.3402777777777777,2.67,1.3297222222222222,-0.6333333333333333,1,1,1,1
33,M,01:18:35,02:40:32,4715,9632,1.3097222222222222,2.6755555555555555,1.3658333333333332,3.3666666666666667,0,1,1,0
44,M,01:19:12,02:41:17,4752,9677,1.32,2.6880555555555556,1.3680555555555556,2.8833333333333333,0,1,1,0
30,M,01:18:28,02:41:36,4708,9696,1.3077777777777777,2.6933333333333334,1.3855555555555557,4.666666666666667,0,1,1,0
40,M,01:18:15,02:41:59,4695,9719,1.3041666666666667,2.6997222222222224,1.3955555555555557,5.483333333333333,0,1,1,0
25,M,01:20:50,02:42:42,4850,9762,1.3472222222222223,2.7116666666666664,1.3644444444444443,1.0333333333333334,0,1,1,0
27,M,01:15:19,02:43:18,4519,9798,1.2552777777777777,2.7216666666666667,1.466388888888889,12.666666666666666,0,1,1,0
33,W,01:18:51,02:43:40,4731,9820,1.3141666666666667,2.727777777777778,1.4136111111111112,5.966666666666667,1,1,1,0
29,M,01:19:48,02:43:41,4788,9821,1.33,2.7280555555555557,1.3980555555555556,4.083333333333333,0,1,1,0
29,W,01:20:48,02:43:43,4848,9823,1.3466666666666667,2.7286111111111113,1.3819444444444444,2.1166666666666667,1,1,1,0
32,M,01:20:25,02:43:49,4825,9829,1.3402777777777777,2.730277777777778,1.39,2.9833333333333334,0,1,1,0
28,M,01:18:41,02:44:10,4721,9850,1.311388888888889,2.736111111111111,1.4247222222222222,6.8,0,1,1,0
30,M,01:17:20,02:44:16,4640,9856,1.288888888888889,2.7377777777777776,1.448888888888889,9.6,0,1,1,0
29,M,01:21:31,02:44:22,4891,9862,1.3586111111111112,2.7394444444444446,1.3808333333333334,1.3333333333333333,0,1,1,0
36,M,01:22:05,02:45:45,4925,9945,1.3680555555555556,2.7625,1.3944444444444444,1.5833333333333333,0,1,1,0
34,M,01:20:08,02:45:50,4808,9950,1.3355555555555556,2.763888888888889,1.4283333333333332,5.566666666666666,0,1,1,0
41,M,01:20:12,02:45:54,4812,9954,1.3366666666666667,2.765,1.4283333333333332,5.5,0,1,1,0
22,M,01:15:58,02:45:54,4558,9954,1.2661111111111112,2.765,1.498888888888889,13.966666666666667,0,1,1,0
43,M,01:18:11,02:45:56,4691,9956,1.3030555555555556,2.7655555555555558,1.4625,9.566666666666666,0,1,1,0
32,M,01:17:37,02:46:47,4657,10007,1.293611111111111,2.7797222222222224,1.4861111111111112,11.55,0,1,1,0
23,W,01:20:48,02:46:50,4848,10010,1.3466666666666667,2.7805555555555554,1.433888888888889,5.233333333333333,1,1,1,0
32,M,01:17:41,02:47:14,4661,10034,1.2947222222222223,2.7872222222222223,1.4925,11.866666666666667,0,1,1,0
41,M,01:14:49,02:47:22,4489,10042,1.2469444444444444,2.7894444444444444,1.5425,17.733333333333334,0,1,1,0
44,M,01:23:37,02:47:48,5017,10068,1.3936111111111111,2.796666666666667,1.4030555555555555,0.5666666666666667,0,1,1,0
47,M,01:23:27,02:48:03,5007,10083,1.3908333333333334,2.8008333333333333,1.41,1.15,0,1,1,0
29,M,01:19:03,02:48:10,4743,10090,1.3175,2.8027777777777776,1.4852777777777777,10.066666666666666,0,1,1,0
40,M,01:22:19,02:48:18,4939,10098,1.3719444444444444,2.805,1.4330555555555555,3.6666666666666665,0,1,1,0
34,M,01:25:35,02:48:34,5135,10114,1.426388888888889,2.8094444444444444,1.3830555555555555,-2.6,0,1,1,1
35,M,01:24:00,02:48:58,5040,10138,1.4,2.8161111111111112,1.416111111111111,0.9666666666666667,0,1,1,0
41,M,01:19:34,02:49:51,4774,10191,1.326111111111111,2.8308333333333335,1.5047222222222223,10.716666666666667,0,1,1,0
42,M,01:21:24,02:50:16,4884,10216,1.3566666666666667,2.8377777777777777,1.481111111111111,7.466666666666667,0,1,1,0
38,W,01:24:26,02:50:23,5066,10223,1.4072222222222222,2.839722222222222,1.4325,1.5166666666666666,1,1,1,0
29,M,01:23:43,02:50:32,5023,10232,1.3952777777777778,2.8422222222222224,1.4469444444444444,3.1,0,1,1,0
29,M,01:15:17,02:50:40,4517,10240,1.2547222222222223,2.8444444444444446,1.5897222222222223,20.1,0,1,1,0
34,W,01:24:13,02:50:53,5053,10253,1.4036111111111111,2.8480555555555553,1.4444444444444444,2.45,1,1,1,0
34,M,01:19:47,02:50:55,4787,10255,1.3297222222222222,2.848611111111111,1.518888888888889,11.35,0,1,1,0
39,M,01:21:50,02:51:01,4910,10261,1.363888888888889,2.850277777777778,1.486388888888889,7.35,0,1,1,0
34,M,01:17:57,02:51:10,4677,10270,1.2991666666666666,2.852777777777778,1.553611111111111,15.266666666666667,0,1,1,0
30,M,01:22:13,02:51:11,4933,10271,1.3702777777777777,2.8530555555555557,1.4827777777777778,6.75,0,1,1,0
42,M,01:25:35,02:51:27,5135,10287,1.426388888888889,2.8575,1.431111111111111,0.2833333333333333,0,1,1,0
48,M,01:23:37,02:51:35,5017,10295,1.3936111111111111,2.859722222222222,1.4661111111111111,4.35,0,1,1,0
35,M,01:23:52,02:51:38,5032,10298,1.3977777777777778,2.8605555555555555,1.4627777777777777,3.9,0,1,1,0
28,M,01:23:01,02:51:49,4981,10309,1.3836111111111111,2.863611111111111,1.48,5.783333333333333,0,1,1,0
35,M,01:21:22,02:51:54,4882,10314,1.356111111111111,2.865,1.508888888888889,9.166666666666666,0,1,1,0
39,M,01:23:17,02:51:58,4997,10318,1.3880555555555556,2.866111111111111,1.4780555555555555,5.4,0,1,1,0
42,M,01:19:36,02:51:59,4776,10319,1.3266666666666667,2.866388888888889,1.5397222222222222,12.783333333333333,0,1,1,0
34,M,01:24:20,02:52:21,5060,10341,1.4055555555555554,2.8725,1.4669444444444444,3.683333333333333,0,1,1,0
25,M,01:25:50,02:52:27,5150,10347,1.4305555555555556,2.8741666666666665,1.4436111111111112,0.7833333333333333,0,1,1,0
40,M,01:23:26,02:53:06,5006,10386,1.3905555555555555,2.885,1.4944444444444445,6.233333333333333,0,1,1,0
29,M,01:22:23,02:53:17,4943,10397,1.3730555555555555,2.8880555555555554,1.515,8.516666666666667,0,1,1,0
38,M,01:21:43,02:53:27,4903,10407,1.3619444444444444,2.890833333333333,1.528888888888889,10.016666666666667,0,1,1,0
31,M,01:27:01,02:53:32,5221,10412,1.4502777777777778,2.8922222222222222,1.4419444444444445,-0.5,0,1,1,1
41,M,01:26:28,02:53:35,5188,10415,1.441111111111111,2.8930555555555557,1.4519444444444445,0.65,0,1,1,0
51,M,01:25:36,02:53:47,5136,10427,1.4266666666666667,2.8963888888888887,1.4697222222222222,2.5833333333333335,0,1,1,0
29,W,01:28:06,02:53:50,5286,10430,1.4683333333333333,2.897222222222222,1.4288888888888889,-2.3666666666666667,1,1,1,1
42,M,01:26:39,02:54:04,5199,10444,1.4441666666666666,2.901111111111111,1.4569444444444444,0.7666666666666667,0,1,1,0
25,W,01:25:23,02:54:18,5123,10458,1.4230555555555555,2.905,1.4819444444444445,3.533333333333333,1,1,1,0
39,W,01:26:15,02:54:24,5175,10464,1.4375,2.9066666666666667,1.4691666666666667,1.9,1,1,1,0
46,M,01:23:12,02:54:31,4992,10471,1.3866666666666667,2.908611111111111,1.5219444444444445,8.116666666666667,0,1,1,0
36,M,01:26:29,02:54:31,5189,10471,1.4413888888888888,2.908611111111111,1.4672222222222222,1.55,0,1,1,0
37,M,01:22:26,02:54:42,4946,10482,1.373888888888889,2.9116666666666666,1.5377777777777777,9.833333333333334,0,1,1,0
46,M,01:25:28,02:54:52,5128,10492,1.4244444444444444,2.9144444444444444,1.49,3.933333333333333,0,1,1,0
41,M,01:22:21,02:55:03,4941,10503,1.3725,2.9175,1.545,10.35,0,1,1,0
43,M,01:24:33,02:55:15,5073,10515,1.4091666666666667,2.9208333333333334,1.5116666666666667,6.15,0,1,1,0
45,M,01:23:32,02:55:18,5012,10518,1.3922222222222222,2.921666666666667,1.5294444444444444,8.233333333333333,0,1,1,0
40,M,01:23:39,02:55:25,5019,10525,1.3941666666666668,2.923611111111111,1.5294444444444444,8.116666666666667,0,1,1,0
30,M,01:24:13,02:55:48,5053,10548,1.4036111111111111,2.93,1.5263888888888888,7.366666666666666,0,1,1,0
40,M,01:27:16,02:56:07,5236,10567,1.4544444444444444,2.935277777777778,1.4808333333333332,1.5833333333333333,0,1,1,0
34,M,01:25:48,02:56:13,5148,10573,1.43,2.9369444444444444,1.5069444444444444,4.616666666666666,0,1,1,0
42,M,01:23:05,02:56:27,4985,10587,1.3847222222222222,2.9408333333333334,1.556111111111111,10.283333333333333,0,1,1,0
22,W,01:26:02,02:56:39,5162,10599,1.433888888888889,2.944166666666667,1.5102777777777778,4.583333333333333,1,1,1,0
34,M,01:23:18,02:56:48,4998,10608,1.3883333333333334,2.9466666666666668,1.5583333333333333,10.2,0,1,1,0
49,M,01:27:00,02:56:49,5220,10609,1.45,2.9469444444444446,1.4969444444444444,2.816666666666667,0,1,1,0
28,W,01:24:16,02:56:53,5056,10613,1.4044444444444444,2.9480555555555554,1.543611111111111,8.35,1,1,1,0
33,M,01:27:02,02:56:58,5222,10618,1.4505555555555556,2.9494444444444445,1.498888888888889,2.9,0,1,1,0
46,M,01:24:35,02:57:06,5075,10626,1.4097222222222223,2.9516666666666667,1.5419444444444443,7.933333333333334,0,1,1,0
25,M,01:22:50,02:57:10,4970,10630,1.3805555555555555,2.952777777777778,1.5722222222222222,11.5,0,1,1,0
34,M,01:24:34,02:57:27,5074,10647,1.4094444444444445,2.9575,1.5480555555555555,8.316666666666666,0,1,1,0
43,M,01:26:26,02:57:28,5186,10648,1.4405555555555556,2.957777777777778,1.5172222222222222,4.6,0,1,1,0
49,M,01:25:19,02:57:32,5119,10652,1.4219444444444445,2.9588888888888887,1.5369444444444444,6.9,0,1,1,0
47,M,01:25:21,02:57:40,5121,10660,1.4225,2.9611111111111112,1.5386111111111112,6.966666666666667,0,1,1,0
46,M,01:27:21,02:57:41,5241,10661,1.4558333333333333,2.961388888888889,1.5055555555555555,2.9833333333333334,0,1,1,0
39,M,01:25:57,02:57:47,5157,10667,1.4325,2.9630555555555556,1.5305555555555554,5.883333333333334,0,1,1,0
34,M,01:28:15,02:57:59,5295,10679,1.4708333333333334,2.966388888888889,1.4955555555555555,1.4833333333333334,0,1,1,0
44,M,01:26:30,02:58:02,5190,10682,1.4416666666666667,2.9672222222222224,1.5255555555555556,5.033333333333333,0,1,1,0
42,M,01:27:31,02:58:09,5251,10689,1.458611111111111,2.9691666666666667,1.5105555555555557,3.1166666666666667,0,1,1,0
35,M,01:26:33,02:58:12,5193,10692,1.4425,2.97,1.5275,5.1,0,1,1,0
30,M,01:29:25,02:58:26,5365,10706,1.4902777777777778,2.973888888888889,1.4836111111111112,-0.4,0,1,1,1
31,M,01:29:22,02:58:28,5362,10708,1.4894444444444443,2.9744444444444444,1.485,-0.26666666666666666,0,1,1,1
39,M,01:23:05,02:58:40,4985,10720,1.3847222222222222,2.977777777777778,1.5930555555555554,12.5,0,1,1,0
41,M,01:27:40,02:58:45,5260,10725,1.461111111111111,2.9791666666666665,1.5180555555555555,3.4166666666666665,0,1,1,0
37,M,01:26:43,02:58:49,5203,10729,1.4452777777777779,2.980277777777778,1.535,5.383333333333334,0,1,1,0
42,M,01:29:57,02:58:51,5397,10731,1.4991666666666668,2.9808333333333334,1.4816666666666667,-1.05,0,1,1,1
38,M,01:27:46,02:58:56,5266,10736,1.4627777777777777,2.982222222222222,1.5194444444444444,3.4,0,1,1,0
25,M,01:24:14,02:59:02,5054,10742,1.403888888888889,2.983888888888889,1.58,10.566666666666666,0,1,1,0
41,M,01:21:08,02:59:09,4868,10749,1.3522222222222222,2.9858333333333333,1.6336111111111111,16.883333333333333,0,1,1,0
33,M,01:24:48,02:59:15,5088,10755,1.4133333333333333,2.9875,1.5741666666666667,9.65,0,1,1,0
26,M,01:23:12,02:59:20,4992,10760,1.3866666666666667,2.988888888888889,1.6022222222222222,12.933333333333334,0,1,1,0
40,M,01:26:05,02:59:24,5165,10764,1.4347222222222222,2.99,1.5552777777777778,7.233333333333333,0,1,1,0
35,M,01:28:40,02:59:30,5320,10770,1.4777777777777779,2.9916666666666667,1.5138888888888888,2.1666666666666665,0,1,1,0
24,M,01:24:08,02:59:32,5048,10772,1.4022222222222223,2.9922222222222223,1.59,11.266666666666667,0,1,1,0
31,M,01:27:57,02:59:45,5277,10785,1.4658333333333333,2.995833333333333,1.53,3.85,0,1,1,0
42,M,01:27:21,02:59:52,5241,10792,1.4558333333333333,2.997777777777778,1.5419444444444443,5.166666666666667,0,1,1,0
44,M,01:27:00,02:59:52,5220,10792,1.45,2.997777777777778,1.5477777777777777,5.866666666666666,0,1,1,0
45,M,01:27:47,02:59:56,5267,10796,1.4630555555555556,2.9988888888888887,1.5358333333333334,4.366666666666666,0,1,1,0
36,M,01:26:17,02:59:57,5177,10797,1.4380555555555556,2.9991666666666665,1.5611111111111111,7.383333333333334,0,1,1,0
24,M,01:27:45,03:00:01,5265,10801,1.4625,3.000277777777778,1.5377777777777777,4.516666666666667,0,1,1,0
34,M,01:25:48,03:00:11,5148,10811,1.43,3.0030555555555556,1.5730555555555557,8.583333333333334,0,1,1,0
30,M,01:30:13,03:00:14,5413,10814,1.503611111111111,3.003888888888889,1.5002777777777778,-0.2,0,1,1,1
35,M,01:25:32,03:00:25,5132,10825,1.4255555555555555,3.0069444444444446,1.581388888888889,9.35,0,1,1,0
34,M,01:29:51,03:00:27,5391,10827,1.4975,3.0075,1.51,0.75,0,1,1,0
60,M,01:25:30,03:00:31,5130,10831,1.425,3.008611111111111,1.583611111111111,9.516666666666667,0,1,1,0
38,M,01:23:52,03:00:52,5032,10852,1.3977777777777778,3.0144444444444445,1.6166666666666667,13.133333333333333,0,1,1,0
28,M,01:28:30,03:00:56,5310,10856,1.475,3.0155555555555558,1.5405555555555555,3.933333333333333,0,1,1,0
37,M,01:29:37,03:00:56,5377,10856,1.493611111111111,3.0155555555555558,1.5219444444444445,1.7,0,1,1,0
40,M,01:26:24,03:01:05,5184,10865,1.44,3.0180555555555557,1.5780555555555555,8.283333333333333,0,1,1,0
45,M,01:22:45,03:01:07,4965,10867,1.3791666666666667,3.018611111111111,1.6394444444444445,15.616666666666667,0,1,1,0
26,M,01:25:25,03:01:10,5125,10870,1.4236111111111112,3.0194444444444444,1.5958333333333334,10.333333333333334,0,1,1,0
31,M,01:26:58,03:01:12,5218,10872,1.4494444444444445,3.02,1.5705555555555555,7.266666666666667,0,1,1,0
39,M,01:27:25,03:01:44,5245,10904,1.4569444444444444,3.028888888888889,1.5719444444444444,6.9,0,1,1,0
38,M,01:26:57,03:01:48,5217,10908,1.4491666666666667,3.03,1.5808333333333333,7.9,0,1,1,0
40,M,01:28:20,03:01:49,5300,10909,1.4722222222222223,3.0302777777777776,1.5580555555555555,5.15,0,1,1,0
30,M,01:26:01,03:01:57,5161,10917,1.4336111111111112,3.0325,1.5988888888888888,9.916666666666666,0,1,1,0
47,M,01:25:09,03:01:59,5109,10919,1.4191666666666667,3.0330555555555554,1.613888888888889,11.683333333333334,0,1,1,0
35,M,01:26:03,03:02:15,5163,10935,1.4341666666666666,3.0375,1.6033333333333333,10.15,0,1,1,0
37,M,01:27:29,03:02:17,5249,10937,1.4580555555555557,3.0380555555555557,1.58,7.316666666666666,0,1,1,0
46,M,01:29:00,03:02:25,5340,10945,1.4833333333333334,3.040277777777778,1.5569444444444445,4.416666666666667,0,1,1,0
41,M,01:29:52,03:02:29,5392,10949,1.4977777777777779,3.0413888888888887,1.543611111111111,2.75,0,1,1,0
51,M,01:28:03,03:02:42,5283,10962,1.4675,3.045,1.5775,6.6,0,1,1,0
26,M,01:29:00,03:02:42,5340,10962,1.4833333333333334,3.045,1.5616666666666668,4.7,0,1,1,0
46,M,01:24:05,03:02:46,5045,10966,1.4013888888888888,3.046111111111111,1.6447222222222222,14.6,0,1,1,0
44,M,01:27:58,03:02:50,5278,10970,1.4661111111111111,3.047222222222222,1.5811111111111111,6.9,0,1,1,0
22,W,01:29:20,03:02:52,5360,10972,1.488888888888889,3.0477777777777777,1.558888888888889,4.2,1,1,1,0
56,M,01:28:33,03:02:53,5313,10973,1.4758333333333333,3.0480555555555555,1.5722222222222222,5.783333333333333,0,1,1,0
25,W,01:28:19,03:02:54,5299,10974,1.4719444444444445,3.0483333333333333,1.5763888888888888,6.266666666666667,1,1,1,0
38,M,01:27:45,03:03:07,5265,10987,1.4625,3.0519444444444446,1.5894444444444444,7.616666666666666,0,1,1,0
41,M,01:28:15,03:03:12,5295,10992,1.4708333333333334,3.0533333333333332,1.5825,6.7,0,1,1,0
24,M,01:33:02,03:03:15,5582,10995,1.5505555555555555,3.0541666666666667,1.503611111111111,-2.816666666666667,0,1,1,1
42,M,01:30:46,03:03:15,5446,10995,1.5127777777777778,3.0541666666666667,1.541388888888889,1.7166666666666666,0,1,1,0
29,M,01:29:22,03:03:27,5362,11007,1.4894444444444443,3.0575,1.5680555555555555,4.716666666666667,0,1,1,0
51,M,01:28:24,03:03:27,5304,11007,1.4733333333333334,3.0575,1.5841666666666667,6.65,0,1,1,0
31,M,01:29:42,03:03:28,5382,11008,1.495,3.057777777777778,1.5627777777777778,4.066666666666666,0,1,1,0
37,M,01:27:26,03:03:32,5246,11012,1.4572222222222222,3.0588888888888888,1.6016666666666666,8.666666666666666,0,1,1,0
44,M,01:28:08,03:03:42,5288,11022,1.468888888888889,3.0616666666666665,1.5927777777777778,7.433333333333334,0,1,1,0
31,M,01:28:11,03:04:15,5291,11055,1.4697222222222222,3.0708333333333333,1.6011111111111112,7.883333333333334,0,1,1,0
22,M,01:27:26,03:04:18,5246,11058,1.4572222222222222,3.0716666666666668,1.6144444444444443,9.433333333333334,0,1,1,0
26,M,01:26:47,03:04:29,5207,11069,1.446388888888889,3.0747222222222224,1.6283333333333334,10.916666666666666,0,1,1,0
30,M,01:21:29,03:04:35,4889,11075,1.3580555555555556,3.076388888888889,1.7183333333333333,21.616666666666667,0,1,1,0
44,M,01:29:42,03:04:37,5382,11077,1.495,3.0769444444444445,1.5819444444444444,5.216666666666667,0,1,1,0
38,M,01:29:35,03:04:42,5375,11082,1.4930555555555556,3.078333333333333,1.5852777777777778,5.533333333333333,0,1,1,0
34,M,01:30:01,03:04:56,5401,11096,1.5002777777777778,3.082222222222222,1.5819444444444444,4.9,0,1,1,0
40,M,01:26:15,03:05:00,5175,11100,1.4375,3.0833333333333335,1.6458333333333333,12.5,0,1,1,0
34,M,01:30:29,03:05:01,5429,11101,1.5080555555555555,3.0836111111111113,1.5755555555555556,4.05,0,1,1,0
46,M,01:31:18,03:05:07,5478,11107,1.5216666666666667,3.085277777777778,1.563611111111111,2.5166666666666666,0,1,1,0
29,M,01:30:07,03:05:14,5407,11114,1.5019444444444445,3.087222222222222,1.5852777777777778,5.0,0,1,1,0
49,M,01:30:33,03:05:17,5433,11117,1.5091666666666668,3.0880555555555556,1.5788888888888888,4.183333333333334,0,1,1,0
40,M,01:27:30,03:05:22,5250,11122,1.4583333333333333,3.0894444444444447,1.6311111111111112,10.366666666666667,0,1,1,0
25,M,01:29:18,03:05:24,5358,11124,1.4883333333333333,3.09,1.6016666666666666,6.8,0,1,1,0
60,M,01:29:39,03:05:27,5379,11127,1.4941666666666666,3.0908333333333333,1.5966666666666667,6.15,0,1,1,0
47,M,01:29:21,03:05:29,5361,11129,1.4891666666666667,3.091388888888889,1.6022222222222222,6.783333333333333,0,1,1,0
50,M,01:32:09,03:05:35,5529,11135,1.5358333333333334,3.0930555555555554,1.5572222222222223,1.2833333333333334,0,1,1,0
42,M,01:26:58,03:05:35,5218,11135,1.4494444444444445,3.0930555555555554,1.6436111111111111,11.65,0,1,1,0
39,M,01:31:44,03:05:39,5504,11139,1.528888888888889,3.0941666666666667,1.5652777777777778,2.183333333333333,0,1,1,0
28,M,01:30:03,03:05:44,5403,11144,1.5008333333333332,3.0955555555555554,1.5947222222222222,5.633333333333334,0,1,1,0
35,M,01:29:23,03:05:45,5363,11145,1.4897222222222222,3.095833333333333,1.606111111111111,6.983333333333333,0,1,1,0
39,M,01:27:38,03:05:48,5258,11148,1.4605555555555556,3.0966666666666667,1.636111111111111,10.533333333333333,0,1,1,0
43,M,01:31:41,03:05:49,5501,11149,1.5280555555555555,3.0969444444444445,1.568888888888889,2.45,0,1,1,0
28,M,01:31:35,03:05:49,5495,11149,1.5263888888888888,3.0969444444444445,1.5705555555555555,2.65,0,1,1,0
47,M,01:26:21,03:05:58,5181,11158,1.4391666666666667,3.0994444444444444,1.6602777777777777,13.266666666666667,0,1,1,0
24,M,01:23:45,03:05:59,5025,11159,1.3958333333333333,3.0997222222222223,1.7038888888888888,18.483333333333334,0,1,1,0
37,M,01:27:22,03:05:59,5242,11159,1.4561111111111111,3.0997222222222223,1.6436111111111111,11.25,0,1,1,0
51,M,01:32:39,03:06:20,5559,11180,1.5441666666666667,3.1055555555555556,1.561388888888889,1.0333333333333334,0,1,1,0
39,M,01:28:24,03:06:25,5304,11185,1.4733333333333334,3.1069444444444443,1.6336111111111111,9.616666666666667,0,1,1,0
41,M,01:33:14,03:06:34,5594,11194,1.5538888888888889,3.1094444444444442,1.5555555555555556,0.1,0,1,1,0
29,M,01:23:51,03:06:34,5031,11194,1.3975,3.1094444444444442,1.7119444444444445,18.866666666666667,0,1,1,0
48,M,01:30:32,03:06:35,5432,11195,1.508888888888889,3.109722222222222,1.6008333333333333,5.516666666666667,0,1,1,0
56,M,01:29:43,03:06:36,5383,11196,1.4952777777777777,3.11,1.6147222222222222,7.166666666666667,0,1,1,0
38,M,01:25:03,03:06:38,5103,11198,1.4175,3.1105555555555555,1.6930555555555555,16.533333333333335,0,1,1,0
44,M,01:28:11,03:06:52,5291,11212,1.4697222222222222,3.1144444444444446,1.6447222222222222,10.5,0,1,1,0
37,M,01:28:16,03:06:54,5296,11214,1.471111111111111,3.115,1.643888888888889,10.366666666666667,0,1,1,0
38,M,01:26:04,03:06:57,5164,11217,1.4344444444444444,3.1158333333333332,1.6813888888888888,14.816666666666666,0,1,1,0
50,M,01:30:37,03:07:01,5437,11221,1.5102777777777778,3.1169444444444445,1.6066666666666667,5.783333333333333,0,1,1,0
35,M,01:27:03,03:07:04,5223,11224,1.4508333333333334,3.117777777777778,1.6669444444444443,12.966666666666667,0,1,1,0
44,M,01:31:51,03:07:04,5511,11224,1.5308333333333333,3.117777777777778,1.5869444444444445,3.3666666666666667,0,1,1,0
43,M,01:27:17,03:07:07,5237,11227,1.4547222222222222,3.118611111111111,1.663888888888889,12.55,0,1,1,0
24,M,01:24:38,03:07:08,5078,11228,1.4105555555555556,3.118888888888889,1.7083333333333333,17.866666666666667,0,1,1,0
28,M,01:33:16,03:07:09,5596,11229,1.5544444444444445,3.1191666666666666,1.5647222222222221,0.6166666666666667,0,1,1,0
46,M,01:28:59,03:07:14,5339,11234,1.4830555555555556,3.1205555555555557,1.6375,9.266666666666667,0,1,1,0
24,W,01:32:15,03:07:14,5535,11234,1.5375,3.1205555555555557,1.5830555555555557,2.7333333333333334,1,1,1,0
43,M,01:26:58,03:07:19,5218,11239,1.4494444444444445,3.1219444444444444,1.6725,13.383333333333333,0,1,1,0
53,M,01:32:41,03:07:25,5561,11245,1.5447222222222223,3.123611111111111,1.5788888888888888,2.05,0,1,1,0
41,M,01:31:16,03:07:30,5476,11250,1.521111111111111,3.125,1.603888888888889,4.966666666666667,0,1,1,0
24,W,01:27:44,03:07:31,5264,11251,1.4622222222222223,3.125277777777778,1.6630555555555555,12.05,1,1,1,0
39,M,01:32:08,03:07:35,5528,11255,1.5355555555555556,3.126388888888889,1.5908333333333333,3.316666666666667,0,1,1,0
25,M,01:32:25,03:07:46,5545,11266,1.5402777777777779,3.1294444444444443,1.5891666666666666,2.933333333333333,0,1,1,0
29,M,01:31:00,03:07:51,5460,11271,1.5166666666666666,3.1308333333333334,1.6141666666666667,5.85,0,1,1,0
46,M,01:29:08,03:07:57,5348,11277,1.4855555555555555,3.1325,1.6469444444444445,9.683333333333334,0,1,1,0
20,M,01:26:21,03:08:08,5181,11288,1.4391666666666667,3.1355555555555554,1.696388888888889,15.433333333333334,0,1,1,0
26,W,01:32:07,03:08:12,5527,11292,1.5352777777777777,3.1366666666666667,1.601388888888889,3.966666666666667,1,1,1,0
43,M,01:30:36,03:08:17,5436,11297,1.51,3.1380555555555554,1.6280555555555556,7.083333333333333,0,1,1,0
37,W,01:33:43,03:08:20,5623,11300,1.5619444444444444,3.138888888888889,1.5769444444444445,0.9,1,1,1,0
48,M,01:30:24,03:08:33,5424,11313,1.5066666666666666,3.1425,1.6358333333333333,7.75,0,1,1,0
56,M,01:32:38,03:08:34,5558,11314,1.5438888888888889,3.142777777777778,1.5988888888888888,3.3,0,1,1,0
41,M,01:28:52,03:08:53,5332,11333,1.481111111111111,3.1480555555555556,1.6669444444444443,11.15,0,1,1,0
40,W,01:29:39,03:08:54,5379,11334,1.4941666666666666,3.1483333333333334,1.6541666666666666,9.6,1,1,1,0
37,M,01:26:48,03:09:02,5208,11342,1.4466666666666668,3.1505555555555556,1.7038888888888888,15.433333333333334,0,1,1,0
32,M,01:29:25,03:09:03,5365,11343,1.4902777777777778,3.1508333333333334,1.6605555555555556,10.216666666666667,0,1,1,0
39,M,01:30:35,03:09:08,5435,11348,1.5097222222222222,3.152222222222222,1.6425,7.966666666666667,0,1,1,0
35,W,01:30:13,03:09:16,5413,11356,1.503611111111111,3.1544444444444446,1.6508333333333334,8.833333333333334,1,1,1,0
46,M,01:23:04,03:09:28,4984,11368,1.3844444444444444,3.1577777777777776,1.7733333333333334,23.333333333333332,0,1,1,0
34,M,01:31:47,03:09:42,5507,11382,1.5297222222222222,3.1616666666666666,1.6319444444444444,6.133333333333334,0,1,1,0
25,W,01:30:42,03:09:45,5442,11385,1.5116666666666667,3.1625,1.6508333333333334,8.35,1,1,1,0
32,M,01:32:10,03:09:45,5530,11385,1.5361111111111112,3.1625,1.6263888888888889,5.416666666666667,0,1,1,0
43,M,01:31:20,03:10:00,5480,11400,1.5222222222222221,3.1666666666666665,1.6444444444444444,7.333333333333333,0,1,1,0
26,M,01:26:43,03:10:02,5203,11402,1.4452777777777779,3.167222222222222,1.7219444444444445,16.6,0,1,1,0
52,M,01:31:23,03:10:06,5483,11406,1.5230555555555556,3.1683333333333334,1.6452777777777778,7.333333333333333,0,1,1,0
29,M,01:31:40,03:10:06,5500,11406,1.5277777777777777,3.1683333333333334,1.6405555555555555,6.766666666666667,0,1,1,0
45,M,01:34:16,03:10:09,5656,11409,1.5711111111111111,3.1691666666666665,1.5980555555555556,1.6166666666666667,0,1,1,0
38,M,01:29:42,03:10:13,5382,11413,1.495,3.1702777777777778,1.6752777777777779,10.816666666666666,0,1,1,0
45,M,01:29:48,03:10:14,5388,11414,1.4966666666666666,3.1705555555555556,1.673888888888889,10.633333333333333,0,1,1,0
39,M,01:35:00,03:10:27,5700,11427,1.5833333333333333,3.174166666666667,1.5908333333333333,0.45,0,1,1,0
24,M,01:33:56,03:10:34,5636,11434,1.5655555555555556,3.176111111111111,1.6105555555555555,2.7,0,1,1,0
43,W,01:32:21,03:10:36,5541,11436,1.5391666666666666,3.1766666666666667,1.6375,5.9,1,1,1,0
38,W,01:33:54,03:10:37,5634,11437,1.565,3.1769444444444446,1.6119444444444444,2.816666666666667,1,1,1,0
40,M,01:29:21,03:10:42,5361,11442,1.4891666666666667,3.1783333333333332,1.6891666666666667,12.0,0,1,1,0
52,M,01:34:12,03:10:48,5652,11448,1.57,3.18,1.61,2.4,0,1,1,0
34,W,01:33:06,03:10:52,5586,11452,1.5516666666666667,3.181111111111111,1.6294444444444445,4.666666666666667,1,1,1,0
43,M,01:29:48,03:10:52,5388,11452,1.4966666666666666,3.181111111111111,1.6844444444444444,11.266666666666667,0,1,1,0
38,M,01:26:27,03:10:56,5187,11456,1.4408333333333334,3.1822222222222223,1.7413888888888889,18.033333333333335,0,1,1,0
35,M,01:28:08,03:10:56,5288,11456,1.468888888888889,3.1822222222222223,1.7133333333333334,14.666666666666666,0,1,1,0
57,M,01:29:58,03:11:13,5398,11473,1.4994444444444444,3.1869444444444444,1.6875,11.283333333333333,0,1,1,0
38,M,01:33:42,03:11:15,5622,11475,1.5616666666666668,3.1875,1.6258333333333332,3.85,0,1,1,0
43,M,01:33:09,03:11:15,5589,11475,1.5525,3.1875,1.635,4.95,0,1,1,0
51,M,01:33:09,03:11:22,5589,11482,1.5525,3.1894444444444443,1.6369444444444445,5.066666666666666,0,1,1,0
46,M,01:35:27,03:11:33,5727,11493,1.5908333333333333,3.1925,1.6016666666666666,0.65,0,1,1,0
26,W,01:35:27,03:11:33,5727,11493,1.5908333333333333,3.1925,1.6016666666666666,0.65,1,1,1,0
39,M,01:33:15,03:11:33,5595,11493,1.5541666666666667,3.1925,1.6383333333333334,5.05,0,1,1,0
36,M,01:26:54,03:11:35,5214,11495,1.4483333333333333,3.1930555555555555,1.7447222222222223,17.783333333333335,0,1,1,0
48,M,01:30:31,03:11:36,5431,11496,1.5086111111111111,3.1933333333333334,1.6847222222222222,10.566666666666666,0,1,1,0
44,M,01:25:18,03:11:37,5118,11497,1.4216666666666666,3.193611111111111,1.7719444444444445,21.016666666666666,0,1,1,0
29,M,01:28:20,03:11:42,5300,11502,1.4722222222222223,3.195,1.7227777777777777,15.033333333333333,0,1,1,0
40,M,01:32:16,03:11:46,5536,11506,1.5377777777777777,3.196111111111111,1.6583333333333334,7.233333333333333,0,1,1,0
31,M,01:32:34,03:11:59,5554,11519,1.5427777777777778,3.1997222222222224,1.6569444444444446,6.85,0,1,1,0
36,M,01:30:29,03:12:12,5429,11532,1.5080555555555555,3.203333333333333,1.6952777777777779,11.233333333333333,0,1,1,0
42,M,01:33:04,03:12:17,5584,11537,1.551111111111111,3.2047222222222222,1.6536111111111111,6.15,0,1,1,0
31,M,01:34:44,03:12:23,5684,11543,1.5788888888888888,3.2063888888888887,1.6275,2.9166666666666665,0,1,1,0
41,M,01:30:05,03:12:29,5405,11549,1.5013888888888889,3.2080555555555557,1.7066666666666668,12.316666666666666,0,1,1,0
39,M,01:25:16,03:12:36,5116,11556,1.4211111111111112,3.21,1.788888888888889,22.066666666666666,0,1,1,0
42,M,01:29:34,03:12:37,5374,11557,1.4927777777777778,3.210277777777778,1.7175,13.483333333333333,0,1,1,0
30,M,01:22:27,03:12:42,4947,11562,1.3741666666666668,3.2116666666666664,1.8375,27.8,0,1,1,0
41,M,01:28:02,03:12:43,5282,11563,1.4672222222222222,3.2119444444444443,1.7447222222222223,16.65,0,1,1,0
39,W,01:35:13,03:12:47,5713,11567,1.5869444444444445,3.2130555555555556,1.626111111111111,2.35,1,1,1,0
38,M,01:28:34,03:12:52,5314,11572,1.4761111111111112,3.2144444444444447,1.7383333333333333,15.733333333333333,0,1,1,0
35,M,01:32:41,03:13:00,5561,11580,1.5447222222222223,3.216666666666667,1.6719444444444445,7.633333333333334,0,1,1,0
43,M,01:33:35,03:13:04,5615,11584,1.5597222222222222,3.2177777777777776,1.6580555555555556,5.9,0,1,1,0
46,M,01:32:11,03:13:05,5531,11585,1.5363888888888888,3.2180555555555554,1.6816666666666666,8.716666666666667,0,1,1,0
48,M,01:32:00,03:13:08,5520,11588,1.5333333333333334,3.218888888888889,1.6855555555555555,9.133333333333333,0,1,1,0
39,M,01:31:46,03:13:08,5506,11588,1.5294444444444444,3.218888888888889,1.6894444444444445,9.6,0,1,1,0
38,M,01:32:43,03:13:17,5563,11597,1.5452777777777778,3.221388888888889,1.676111111111111,7.85,0,1,1,0
38,M,01:34:05,03:13:40,5645,11620,1.5680555555555555,3.227777777777778,1.6597222222222223,5.5,0,1,1,0
36,W,01:27:12,03:13:43,5232,11623,1.4533333333333334,3.2286111111111113,1.7752777777777777,19.316666666666666,1,1,1,0
43,M,01:35:31,03:13:53,5731,11633,1.5919444444444444,3.231388888888889,1.6394444444444445,2.85,0,1,1,0
44,M,01:35:24,03:14:00,5724,11640,1.59,3.2333333333333334,1.6433333333333333,3.2,0,1,1,0
52,M,01:31:30,03:14:00,5490,11640,1.525,3.2333333333333334,1.7083333333333333,11.0,0,1,1,0
51,M,01:30:26,03:14:07,5426,11647,1.5072222222222222,3.2352777777777777,1.7280555555555555,13.25,0,1,1,0
36,M,01:31:58,03:14:09,5518,11649,1.5327777777777778,3.2358333333333333,1.7030555555555555,10.216666666666667,0,1,1,0
38,M,01:21:14,03:14:09,4874,11649,1.353888888888889,3.2358333333333333,1.8819444444444444,31.683333333333334,0,1,1,0
37,M,01:33:42,03:14:19,5622,11659,1.5616666666666668,3.238611111111111,1.6769444444444443,6.916666666666667,0,1,1,0
39,M,01:31:35,03:14:21,5495,11661,1.5263888888888888,3.2391666666666667,1.7127777777777777,11.183333333333334,0,1,1,0
50,M,01:34:14,03:14:24,5654,11664,1.5705555555555555,3.24,1.6694444444444445,5.933333333333334,0,1,1,0
59,M,01:26:50,03:14:27,5210,11667,1.4472222222222222,3.2408333333333332,1.793611111111111,20.783333333333335,0,1,1,0
45,M,01:25:40,03:14:33,5140,11673,1.4277777777777778,3.2425,1.8147222222222221,23.216666666666665,0,1,1,0
38,M,01:35:05,03:14:42,5705,11682,1.5847222222222221,3.245,1.6602777777777777,4.533333333333333,0,1,1,0
48,M,01:35:55,03:14:57,5755,11697,1.5986111111111112,3.2491666666666665,1.6505555555555556,3.1166666666666667,0,1,1,0
38,M,01:36:02,03:15:00,5762,11700,1.6005555555555555,3.25,1.6494444444444445,2.933333333333333,0,1,1,0
44,M,01:31:50,03:15:10,5510,11710,1.5305555555555554,3.2527777777777778,1.7222222222222223,11.5,0,1,1,0
39,M,01:35:50,03:15:14,5750,11714,1.5972222222222223,3.253888888888889,1.6566666666666667,3.566666666666667,0,1,1,0
41,M,01:32:21,03:15:16,5541,11716,1.5391666666666666,3.2544444444444443,1.7152777777777777,10.566666666666666,0,1,1,0
32,M,01:28:40,03:15:16,5320,11716,1.4777777777777779,3.2544444444444443,1.7766666666666666,17.933333333333334,0,1,1,0
42,W,01:32:57,03:15:19,5577,11719,1.5491666666666666,3.2552777777777777,1.7061111111111111,9.416666666666666,1,1,1,0
38,M,01:32:20,03:15:24,5540,11724,1.538888888888889,3.256666666666667,1.7177777777777778,10.733333333333333,0,1,1,0
45,M,01:36:32,03:15:24,5792,11724,1.6088888888888888,3.256666666666667,1.6477777777777778,2.3333333333333335,0,1,1,0
44,M,01:36:55,03:15:25,5815,11725,1.6152777777777778,3.2569444444444446,1.6416666666666666,1.5833333333333333,0,1,1,0
45,M,01:31:42,03:15:28,5502,11728,1.5283333333333333,3.2577777777777777,1.7294444444444443,12.066666666666666,0,1,1,0
58,M,01:34:55,03:15:34,5695,11734,1.5819444444444444,3.2594444444444446,1.6775,5.733333333333333,0,1,1,0
48,M,01:33:41,03:15:35,5621,11735,1.561388888888889,3.2597222222222224,1.6983333333333333,8.216666666666667,0,1,1,0
32,M,01:32:07,03:15:38,5527,11738,1.5352777777777777,3.2605555555555554,1.7252777777777777,11.4,0,1,1,0
42,M,01:33:31,03:15:43,5611,11743,1.5586111111111112,3.2619444444444445,1.7033333333333334,8.683333333333334,0,1,1,0
33,M,01:36:53,03:15:48,5813,11748,1.6147222222222222,3.263333333333333,1.648611111111111,2.033333333333333,0,1,1,0
39,M,01:36:48,03:15:52,5808,11752,1.6133333333333333,3.2644444444444445,1.6511111111111112,2.2666666666666666,0,1,1,0
36,M,01:32:14,03:15:52,5534,11752,1.5372222222222223,3.2644444444444445,1.7272222222222222,11.4,0,1,1,0
44,W,01:30:37,03:15:54,5437,11754,1.5102777777777778,3.265,1.7547222222222223,14.666666666666666,1,1,1,0
39,M,01:36:02,03:16:05,5762,11765,1.6005555555555555,3.2680555555555557,1.6675,4.016666666666667,0,1,1,0
49,M,01:36:20,03:16:09,5780,11769,1.6055555555555556,3.2691666666666666,1.6636111111111112,3.4833333333333334,0,1,1,0
32,M,01:29:06,03:16:16,5346,11776,1.485,3.2711111111111113,1.7861111111111112,18.066666666666666,0,1,1,0
37,W,01:32:20,03:16:16,5540,11776,1.538888888888889,3.2711111111111113,1.7322222222222223,11.6,1,1,1,0
42,W,01:31:35,03:16:19,5495,11779,1.5263888888888888,3.2719444444444443,1.7455555555555555,13.15,1,1,1,0
36,M,01:35:25,03:16:19,5725,11779,1.5902777777777777,3.2719444444444443,1.6816666666666666,5.483333333333333,0,1,1,0
29,M,01:36:43,03:16:25,5803,11785,1.6119444444444444,3.2736111111111112,1.6616666666666666,2.9833333333333334,0,1,1,0
43,M,01:36:06,03:16:31,5766,11791,1.6016666666666666,3.2752777777777777,1.6736111111111112,4.316666666666666,0,1,1,0
51,M,01:36:36,03:16:35,5796,11795,1.61,3.276388888888889,1.666388888888889,3.3833333333333333,0,1,1,0
45,M,01:33:32,03:16:36,5612,11796,1.558888888888889,3.276666666666667,1.7177777777777778,9.533333333333333,0,1,1,0
34,M,01:33:40,03:16:43,5620,11803,1.5611111111111111,3.278611111111111,1.7175,9.383333333333333,0,1,1,0
42,M,01:32:52,03:16:45,5572,11805,1.5477777777777777,3.279166666666667,1.7313888888888889,11.016666666666667,0,1,1,0
31,M,01:29:05,03:16:51,5345,11811,1.4847222222222223,3.2808333333333333,1.7961111111111112,18.683333333333334,0,1,1,0
55,M,01:31:50,03:16:53,5510,11813,1.5305555555555554,3.281388888888889,1.7508333333333332,13.216666666666667,0,1,1,0
49,M,01:29:20,03:16:56,5360,11816,1.488888888888889,3.2822222222222224,1.7933333333333332,18.266666666666666,0,1,1,0
41,M,01:37:16,03:16:59,5836,11819,1.6211111111111112,3.2830555555555554,1.6619444444444444,2.45,0,1,1,0
54,M,01:34:53,03:16:59,5693,11819,1.581388888888889,3.2830555555555554,1.7016666666666667,7.216666666666667,0,1,1,0
47,M,01:32:34,03:17:03,5554,11823,1.5427777777777778,3.2841666666666667,1.7413888888888889,11.916666666666666,0,1,1,0
26,W,01:37:28,03:17:03,5848,11823,1.6244444444444444,3.2841666666666667,1.6597222222222223,2.1166666666666667,1,1,1,0
40,W,01:38:09,03:17:06,5889,11826,1.6358333333333333,3.285,1.6491666666666667,0.8,1,1,1,0
29,M,01:28:22,03:17:09,5302,11829,1.4727777777777777,3.285833333333333,1.8130555555555556,20.416666666666668,0,1,1,0
39,M,01:35:10,03:17:09,5710,11829,1.586111111111111,3.285833333333333,1.6997222222222221,6.816666666666666,0,1,1,0
27,M,01:32:58,03:17:11,5578,11831,1.5494444444444444,3.286388888888889,1.7369444444444444,11.25,0,1,1,0
52,M,01:32:51,03:17:15,5571,11835,1.5475,3.2875,1.74,11.55,0,1,1,0
40,M,01:35:27,03:17:17,5727,11837,1.5908333333333333,3.2880555555555557,1.6972222222222222,6.383333333333334,0,1,1,0
32,M,01:32:19,03:17:30,5539,11850,1.5386111111111112,3.2916666666666665,1.7530555555555556,12.866666666666667,0,1,1,0
33,W,01:34:40,03:17:30,5680,11850,1.5777777777777777,3.2916666666666665,1.7138888888888888,8.166666666666666,1,1,1,0
49,M,01:35:23,03:17:31,5723,11851,1.5897222222222223,3.2919444444444443,1.7022222222222223,6.75,0,1,1,0
48,M,01:31:45,03:17:32,5505,11852,1.5291666666666666,3.292222222222222,1.7630555555555556,14.033333333333333,0,1,1,0
37,M,01:31:08,03:17:38,5468,11858,1.518888888888889,3.293888888888889,1.775,15.366666666666667,0,1,1,0
44,M,01:32:07,03:17:38,5527,11858,1.5352777777777777,3.293888888888889,1.7586111111111111,13.4,0,1,1,0
34,M,01:37:04,03:17:39,5824,11859,1.6177777777777778,3.2941666666666665,1.676388888888889,3.5166666666666666,0,1,1,0
48,M,01:32:52,03:17:50,5572,11870,1.5477777777777777,3.297222222222222,1.7494444444444444,12.1,0,1,1,0
28,M,01:36:10,03:18:22,5770,11902,1.6027777777777779,3.306111111111111,1.7033333333333334,6.033333333333333,0,1,1,0
59,M,01:36:36,03:18:23,5796,11903,1.61,3.306388888888889,1.696388888888889,5.183333333333334,0,1,1,0
36,M,01:34:37,03:18:26,5677,11906,1.5769444444444445,3.3072222222222223,1.7302777777777778,9.2,0,1,1,0
40,M,01:37:34,03:18:28,5854,11908,1.626111111111111,3.307777777777778,1.6816666666666666,3.3333333333333335,0,1,1,0
44,M,01:34:11,03:18:31,5651,11911,1.5697222222222222,3.308611111111111,1.738888888888889,10.15,0,1,1,0
26,M,01:35:39,03:18:39,5739,11919,1.5941666666666667,3.3108333333333335,1.7166666666666666,7.35,0,1,1,0
49,M,01:35:23,03:18:55,5723,11935,1.5897222222222223,3.3152777777777778,1.7255555555555555,8.15,0,1,1,0
52,M,01:37:39,03:19:11,5859,11951,1.6275,3.319722222222222,1.6922222222222223,3.8833333333333333,0,1,1,0
45,M,01:35:07,03:19:12,5707,11952,1.5852777777777778,3.32,1.7347222222222223,8.966666666666667,0,1,1,0
38,W,01:34:33,03:19:13,5673,11953,1.5758333333333334,3.3202777777777777,1.7444444444444445,10.116666666666667,1,1,1,0
44,M,01:40:24,03:19:19,6024,11959,1.6733333333333333,3.3219444444444446,1.648611111111111,-1.4833333333333334,0,1,1,1
27,W,01:33:23,03:19:23,5603,11963,1.5563888888888888,3.3230555555555554,1.7666666666666666,12.616666666666667,1,1,1,0
51,M,01:30:08,03:19:26,5408,11966,1.5022222222222221,3.323888888888889,1.8216666666666668,19.166666666666668,0,1,1,0
43,M,01:36:00,03:19:26,5760,11966,1.6,3.323888888888889,1.7238888888888888,7.433333333333334,0,1,1,0
29,M,01:30:31,03:19:31,5431,11971,1.5086111111111111,3.325277777777778,1.8166666666666667,18.483333333333334,0,1,1,0
51,M,01:34:54,03:19:36,5694,11976,1.5816666666666668,3.3266666666666667,1.745,9.8,0,1,1,0
39,M,01:35:25,03:19:38,5725,11978,1.5902777777777777,3.3272222222222223,1.7369444444444444,8.8,0,1,1,0
52,M,01:34:46,03:19:39,5686,11979,1.5794444444444444,3.3275,1.7480555555555555,10.116666666666667,0,1,1,0
33,M,01:32:42,03:19:50,5562,11990,1.545,3.3305555555555557,1.7855555555555556,14.433333333333334,0,1,1,0
31,W,01:36:05,03:19:51,5765,11991,1.601388888888889,3.3308333333333335,1.7294444444444443,7.683333333333334,1,1,1,0
49,M,01:33:44,03:19:52,5624,11992,1.5622222222222222,3.331111111111111,1.768888888888889,12.4,0,1,1,0
41,M,01:35:54,03:20:00,5754,12000,1.5983333333333334,3.3333333333333335,1.735,8.2,0,1,1,0
40,M,01:36:18,03:20:03,5778,12003,1.605,3.3341666666666665,1.7291666666666667,7.45,0,1,1,0
42,M,01:36:15,03:20:08,5775,12008,1.6041666666666667,3.3355555555555556,1.7313888888888889,7.633333333333334,0,1,1,0
53,M,01:29:29,03:20:20,5369,12020,1.4913888888888889,3.338888888888889,1.8475,21.366666666666667,0,1,1,0
29,M,01:39:09,03:20:22,5949,12022,1.6525,3.3394444444444447,1.6869444444444444,2.066666666666667,0,1,1,0
22,W,01:36:51,03:20:28,5811,12028,1.6141666666666667,3.341111111111111,1.7269444444444444,6.766666666666667,1,1,1,0
51,M,01:37:44,03:20:43,5864,12043,1.6288888888888888,3.3452777777777776,1.716388888888889,5.25,0,1,1,0
34,M,01:30:26,03:20:44,5426,12044,1.5072222222222222,3.3455555555555554,1.8383333333333334,19.866666666666667,0,1,1,0
47,M,01:35:38,03:20:45,5738,12045,1.593888888888889,3.345833333333333,1.7519444444444445,9.483333333333333,0,1,1,0
37,M,01:27:49,03:20:51,5269,12051,1.4636111111111112,3.3475,1.883888888888889,25.216666666666665,0,1,1,0
43,M,01:33:07,03:20:52,5587,12052,1.5519444444444443,3.347777777777778,1.7958333333333334,14.633333333333333,0,1,1,0
48,M,01:35:43,03:20:53,5743,12053,1.5952777777777778,3.3480555555555553,1.7527777777777778,9.45,0,1,1,0
26,M,01:35:23,03:20:59,5723,12059,1.5897222222222223,3.3497222222222223,1.76,10.216666666666667,0,1,1,0
53,W,01:38:38,03:21:01,5918,12061,1.643888888888889,3.350277777777778,1.706388888888889,3.75,1,1,1,0
41,M,01:33:58,03:21:04,5638,12064,1.566111111111111,3.351111111111111,1.785,13.133333333333333,0,1,1,0
42,W,01:37:19,03:21:07,5839,12067,1.6219444444444444,3.3519444444444444,1.73,6.483333333333333,1,1,1,0
52,M,01:37:07,03:21:09,5827,12069,1.618611111111111,3.3525,1.7338888888888888,6.916666666666667,0,1,1,0
42,M,01:34:37,03:21:19,5677,12079,1.5769444444444445,3.355277777777778,1.7783333333333333,12.083333333333334,0,1,1,0
33,W,01:35:25,03:21:23,5725,12083,1.5902777777777777,3.356388888888889,1.7661111111111112,10.55,1,1,1,0
45,M,01:35:54,03:21:31,5754,12091,1.5983333333333334,3.358611111111111,1.7602777777777778,9.716666666666667,0,1,1,0
50,M,01:36:24,03:21:39,5784,12099,1.6066666666666667,3.3608333333333333,1.7541666666666667,8.85,0,1,1,0
35,W,01:40:03,03:21:41,6003,12101,1.6675,3.361388888888889,1.693888888888889,1.5833333333333333,1,1,1,0
44,M,01:38:35,03:21:44,5915,12104,1.6430555555555555,3.362222222222222,1.7191666666666667,4.566666666666666,0,1,1,0
45,M,01:35:36,03:21:46,5736,12106,1.5933333333333333,3.3627777777777776,1.7694444444444444,10.566666666666666,0,1,1,0
60,M,01:38:16,03:21:51,5896,12111,1.6377777777777778,3.3641666666666667,1.726388888888889,5.316666666666666,0,1,1,0
33,W,01:36:24,03:21:51,5784,12111,1.6066666666666667,3.3641666666666667,1.7575,9.05,1,1,1,0
45,W,01:40:09,03:21:51,6009,12111,1.6691666666666667,3.3641666666666667,1.695,1.55,1,1,1,0
52,M,01:34:55,03:21:53,5695,12113,1.5819444444444444,3.3647222222222224,1.7827777777777778,12.05,0,1,1,0
43,M,01:33:27,03:21:53,5607,12113,1.5575,3.3647222222222224,1.8072222222222223,14.983333333333333,0,1,1,0
39,M,01:39:29,03:21:54,5969,12114,1.6580555555555556,3.365,1.7069444444444444,2.933333333333333,0,1,1,0
45,M,01:34:48,03:21:54,5688,12114,1.58,3.365,1.785,12.3,0,1,1,0
42,M,01:26:27,03:22:03,5187,12123,1.4408333333333334,3.3675,1.9266666666666667,29.15,0,1,1,0
48,M,01:42:32,03:22:07,6152,12127,1.708888888888889,3.368611111111111,1.6597222222222223,-2.95,0,1,1,1
26,M,01:37:51,03:22:12,5871,12132,1.6308333333333334,3.37,1.7391666666666667,6.5,0,1,1,0
40,M,01:40:57,03:22:14,6057,12134,1.6825,3.3705555555555557,1.6880555555555556,0.3333333333333333,0,1,1,0
39,M,01:27:56,03:22:29,5276,12149,1.4655555555555555,3.374722222222222,1.9091666666666667,26.616666666666667,0,1,1,0
41,W,01:38:29,03:22:34,5909,12154,1.6413888888888888,3.3761111111111113,1.7347222222222223,5.6,1,1,1,0
35,M,01:35:14,03:22:39,5714,12159,1.5872222222222223,3.3775,1.7902777777777779,12.183333333333334,0,1,1,0
40,M,01:39:29,03:22:45,5969,12165,1.6580555555555556,3.379166666666667,1.721111111111111,3.783333333333333,0,1,1,0
49,M,01:29:54,03:22:48,5394,12168,1.4983333333333333,3.38,1.8816666666666666,23.0,0,1,1,0
41,M,01:27:46,03:22:50,5266,12170,1.4627777777777777,3.3805555555555555,1.9177777777777778,27.3,0,1,1,0
42,M,01:33:13,03:22:53,5593,12173,1.553611111111111,3.381388888888889,1.8277777777777777,16.45,0,1,1,0
38,M,01:26:05,03:22:54,5165,12174,1.4347222222222222,3.381666666666667,1.9469444444444444,30.733333333333334,0,1,1,0
29,M,01:37:49,03:22:54,5869,12174,1.6302777777777777,3.381666666666667,1.7513888888888889,7.266666666666667,0,1,1,0
39,M,01:32:34,03:22:56,5554,12176,1.5427777777777778,3.382222222222222,1.8394444444444444,17.8,0,1,1,0
35,M,01:40:43,03:22:56,6043,12176,1.678611111111111,3.382222222222222,1.7036111111111112,1.5,0,1,1,0
52,M,01:38:55,03:22:57,5935,12177,1.648611111111111,3.3825,1.7338888888888888,5.116666666666666,0,1,1,0
37,W,01:33:23,03:23:01,5603,12181,1.5563888888888888,3.383611111111111,1.8272222222222223,16.25,1,1,1,0
39,W,01:40:29,03:23:04,6029,12184,1.6747222222222222,3.3844444444444446,1.7097222222222221,2.1,1,1,1,0
27,W,01:40:01,03:23:08,6001,12188,1.6669444444444443,3.3855555555555554,1.718611111111111,3.1,1,1,1,0
26,M,01:33:39,03:23:08,5619,12188,1.5608333333333333,3.3855555555555554,1.8247222222222221,15.833333333333334,0,1,1,0
36,M,01:32:41,03:23:14,5561,12194,1.5447222222222223,3.3872222222222224,1.8425,17.866666666666667,0,1,1,0
27,M,01:34:17,03:23:19,5657,12199,1.571388888888889,3.388611111111111,1.8172222222222223,14.75,0,1,1,0
28,M,01:42:54,03:23:20,6174,12200,1.715,3.388888888888889,1.673888888888889,-2.466666666666667,0,1,1,1
39,M,01:36:06,03:23:24,5766,12204,1.6016666666666666,3.39,1.7883333333333333,11.2,0,1,1,0
26,M,01:35:49,03:23:26,5749,12206,1.5969444444444445,3.3905555555555558,1.793611111111111,11.8,0,1,1,0
45,M,01:34:31,03:23:31,5671,12211,1.5752777777777778,3.3919444444444444,1.8166666666666667,14.483333333333333,0,1,1,0
25,M,01:33:20,03:23:32,5600,12212,1.5555555555555556,3.3922222222222222,1.8366666666666667,16.866666666666667,0,1,1,0
40,W,01:37:01,03:23:33,5821,12213,1.6169444444444445,3.3925,1.7755555555555556,9.516666666666667,1,1,1,0
55,M,01:32:44,03:23:36,5564,12216,1.5455555555555556,3.3933333333333335,1.8477777777777777,18.133333333333333,0,1,1,0
42,M,01:28:11,03:23:41,5291,12221,1.4697222222222222,3.394722222222222,1.925,27.316666666666666,0,1,1,0
43,W,01:35:53,03:23:44,5753,12224,1.5980555555555556,3.3955555555555557,1.7975,11.966666666666667,1,1,1,0
31,M,01:36:03,03:23:46,5763,12226,1.6008333333333333,3.3961111111111113,1.7952777777777778,11.666666666666666,0,1,1,0
43,W,01:36:14,03:23:47,5774,12227,1.603888888888889,3.3963888888888887,1.7925,11.316666666666666,1,1,1,0
54,M,01:38:37,03:23:48,5917,12228,1.6436111111111111,3.3966666666666665,1.7530555555555556,6.566666666666666,0,1,1,0
28,M,01:32:37,03:23:49,5557,12229,1.543611111111111,3.3969444444444443,1.8533333333333333,18.583333333333332,0,1,1,0
58,M,01:39:25,03:23:49,5965,12229,1.6569444444444446,3.3969444444444443,1.74,4.983333333333333,0,1,1,0
34,M,01:41:04,03:23:54,6064,12234,1.6844444444444444,3.3983333333333334,1.7138888888888888,1.7666666666666666,0,1,1,0
46,M,01:35:33,03:23:57,5733,12237,1.5925,3.3991666666666664,1.8066666666666666,12.85,0,1,1,0
39,M,01:38:59,03:23:59,5939,12239,1.6497222222222223,3.399722222222222,1.75,6.016666666666667,0,1,1,0
43,W,01:35:29,03:24:02,5729,12242,1.591388888888889,3.4005555555555556,1.8091666666666666,13.066666666666666,1,1,1,0
35,M,01:39:05,03:24:05,5945,12245,1.6513888888888888,3.401388888888889,1.75,5.916666666666667,0,1,1,0
33,M,01:33:35,03:24:07,5615,12247,1.5597222222222222,3.4019444444444447,1.8422222222222222,16.95,0,1,1,0
37,M,01:29:57,03:24:07,5397,12247,1.4991666666666668,3.4019444444444447,1.9027777777777777,24.216666666666665,0,1,1,0
45,M,01:40:27,03:24:08,6027,12248,1.6741666666666666,3.402222222222222,1.7280555555555555,3.2333333333333334,0,1,1,0
23,W,01:40:35,03:24:11,6035,12251,1.676388888888889,3.4030555555555555,1.7266666666666666,3.0166666666666666,1,1,1,0
42,W,01:38:52,03:24:14,5932,12254,1.6477777777777778,3.403888888888889,1.7561111111111112,6.5,1,1,1,0
57,M,01:41:04,03:24:18,6064,12258,1.6844444444444444,3.405,1.7205555555555556,2.1666666666666665,0,1,1,0
48,M,01:28:03,03:24:32,5283,12272,1.4675,3.408888888888889,1.9413888888888888,28.433333333333334,0,1,1,0
31,M,01:37:30,03:24:33,5850,12273,1.625,3.4091666666666667,1.7841666666666667,9.55,0,1,1,0
52,M,01:37:49,03:24:35,5869,12275,1.6302777777777777,3.4097222222222223,1.7794444444444444,8.95,0,1,1,0
45,M,01:34:18,03:24:36,5658,12276,1.5716666666666668,3.41,1.8383333333333334,16.0,0,1,1,0
21,M,01:30:16,03:24:41,5416,12281,1.5044444444444445,3.411388888888889,1.9069444444444446,24.15,0,1,1,0
31,M,01:41:50,03:24:48,6110,12288,1.6972222222222222,3.4133333333333336,1.7161111111111111,1.1333333333333333,0,1,1,0
43,W,01:32:45,03:24:49,5565,12289,1.5458333333333334,3.413611111111111,1.8677777777777778,19.316666666666666,1,1,1,0
36,M,01:41:18,03:24:50,6078,12290,1.6883333333333332,3.4138888888888888,1.7255555555555555,2.2333333333333334,0,1,1,0
58,M,01:38:41,03:24:52,5921,12292,1.6447222222222222,3.4144444444444444,1.7697222222222222,7.5,0,1,1,0
59,M,01:40:04,03:24:55,6004,12295,1.6677777777777778,3.415277777777778,1.7475,4.783333333333333,0,1,1,0
46,M,01:38:29,03:24:56,5909,12296,1.6413888888888888,3.4155555555555557,1.7741666666666667,7.966666666666667,0,1,1,0
27,M,01:30:49,03:24:58,5449,12298,1.513611111111111,3.4161111111111113,1.9025,23.333333333333332,0,1,1,0
49,W,01:36:17,03:24:58,5777,12298,1.6047222222222222,3.4161111111111113,1.811388888888889,12.4,1,1,1,0
30,W,01:35:26,03:25:01,5726,12301,1.5905555555555555,3.4169444444444443,1.8263888888888888,14.15,1,1,1,0
26,W,01:37:38,03:25:08,5858,12308,1.6272222222222221,3.418888888888889,1.7916666666666667,9.866666666666667,1,1,1,0
22,M,01:35:09,03:25:10,5709,12310,1.5858333333333334,3.4194444444444443,1.833611111111111,14.866666666666667,0,1,1,0
38,M,01:33:35,03:25:14,5615,12314,1.5597222222222222,3.4205555555555556,1.8608333333333333,18.066666666666666,0,1,1,0
48,M,01:40:11,03:25:17,6011,12317,1.6697222222222223,3.421388888888889,1.7516666666666667,4.916666666666667,0,1,1,0
40,M,01:35:04,03:25:22,5704,12322,1.5844444444444445,3.4227777777777777,1.8383333333333334,15.233333333333333,0,1,1,0
59,M,01:35:39,03:25:24,5739,12324,1.5941666666666667,3.4233333333333333,1.8291666666666666,14.1,0,1,1,0
34,M,01:31:49,03:25:34,5509,12334,1.5302777777777778,3.426111111111111,1.8958333333333333,21.933333333333334,0,1,1,0
48,W,01:39:32,03:25:43,5972,12343,1.6588888888888889,3.428611111111111,1.7697222222222222,6.65,1,1,1,0
42,M,01:34:51,03:25:46,5691,12346,1.5808333333333333,3.4294444444444445,1.8486111111111112,16.066666666666666,0,1,1,0
33,W,01:40:09,03:25:47,6009,12347,1.6691666666666667,3.4297222222222223,1.7605555555555557,5.483333333333333,1,1,1,0
35,W,01:37:16,03:25:48,5836,12348,1.6211111111111112,3.43,1.808888888888889,11.266666666666667,1,1,1,0
33,M,01:39:39,03:25:59,5979,12359,1.6608333333333334,3.4330555555555557,1.7722222222222221,6.683333333333334,0,1,1,0
54,M,01:30:32,03:25:59,5432,12359,1.508888888888889,3.4330555555555557,1.9241666666666666,24.916666666666668,0,1,1,0
61,M,01:34:05,03:26:02,5645,12362,1.5680555555555555,3.4338888888888888,1.8658333333333332,17.866666666666667,0,1,1,0
48,M,01:28:48,03:26:02,5328,12362,1.48,3.4338888888888888,1.9538888888888888,28.433333333333334,0,1,1,0
26,W,01:40:23,03:26:05,6023,12365,1.6730555555555555,3.4347222222222222,1.7616666666666667,5.316666666666666,1,1,1,0
42,M,01:35:14,03:26:11,5714,12371,1.5872222222222223,3.4363888888888887,1.8491666666666666,15.716666666666667,0,1,1,0
27,M,01:33:43,03:26:11,5623,12371,1.5619444444444444,3.4363888888888887,1.8744444444444444,18.75,0,1,1,0
48,M,01:36:49,03:26:12,5809,12372,1.613611111111111,3.4366666666666665,1.8230555555555557,12.566666666666666,0,1,1,0
36,M,01:37:49,03:26:13,5869,12373,1.6302777777777777,3.4369444444444444,1.8066666666666666,10.583333333333334,0,1,1,0
28,M,01:34:54,03:26:15,5694,12375,1.5816666666666668,3.4375,1.8558333333333332,16.45,0,1,1,0
45,M,01:32:18,03:26:17,5538,12377,1.5383333333333333,3.4380555555555556,1.8997222222222223,21.683333333333334,0,1,1,0
46,M,01:38:14,03:26:21,5894,12381,1.6372222222222221,3.4391666666666665,1.8019444444444443,9.883333333333333,0,1,1,0
40,M,01:36:52,03:26:24,5812,12384,1.6144444444444443,3.44,1.8255555555555556,12.666666666666666,0,1,1,0
45,M,01:42:34,03:26:27,6154,12387,1.7094444444444445,3.4408333333333334,1.7313888888888889,1.3166666666666667,0,1,1,0
52,M,01:37:07,03:26:43,5827,12403,1.618611111111111,3.4452777777777777,1.8266666666666667,12.483333333333333,0,1,1,0
25,W,01:37:25,03:26:45,5845,12405,1.6236111111111111,3.4458333333333333,1.8222222222222222,11.916666666666666,1,1,1,0
37,M,01:39:51,03:26:49,5991,12409,1.6641666666666666,3.4469444444444446,1.7827777777777778,7.116666666666666,0,1,1,0
48,M,01:41:07,03:26:50,6067,12410,1.6852777777777779,3.4472222222222224,1.7619444444444445,4.6,0,1,1,0
53,M,01:35:55,03:26:54,5755,12414,1.5986111111111112,3.4483333333333333,1.8497222222222223,15.066666666666666,0,1,1,0
38,M,01:38:48,03:26:57,5928,12417,1.6466666666666667,3.4491666666666667,1.8025,9.35,0,1,1,0
35,M,01:40:41,03:27:08,6041,12428,1.6780555555555556,3.4522222222222223,1.7741666666666667,5.766666666666667,0,1,1,0
32,M,01:42:01,03:27:16,6121,12436,1.7002777777777778,3.4544444444444444,1.7541666666666667,3.2333333333333334,0,1,1,0
51,W,01:38:17,03:27:17,5897,12437,1.6380555555555556,3.4547222222222222,1.8166666666666667,10.716666666666667,1,1,1,0
30,M,01:30:27,03:27:20,5427,12440,1.5075,3.4555555555555557,1.9480555555555557,26.433333333333334,0,1,1,0
56,M,01:36:26,03:27:25,5786,12445,1.6072222222222223,3.4569444444444444,1.8497222222222223,14.55,0,1,1,0
48,M,01:37:25,03:27:28,5845,12448,1.6236111111111111,3.457777777777778,1.8341666666666667,12.633333333333333,0,1,1,0
42,M,01:33:04,03:27:29,5584,12449,1.551111111111111,3.4580555555555557,1.9069444444444446,21.35,0,1,1,0
28,M,01:40:53,03:27:31,6053,12451,1.6813888888888888,3.4586111111111113,1.7772222222222223,5.75,0,1,1,0
42,M,01:33:43,03:27:31,5623,12451,1.5619444444444444,3.4586111111111113,1.8966666666666667,20.083333333333332,0,1,1,0
33,M,01:40:50,03:27:31,6050,12451,1.6805555555555556,3.4586111111111113,1.7780555555555555,5.85,0,1,1,0
41,M,01:43:41,03:27:34,6221,12454,1.7280555555555555,3.4594444444444443,1.7313888888888889,0.2,0,1,1,0
28,W,01:27:19,03:27:39,5239,12459,1.4552777777777777,3.4608333333333334,2.0055555555555555,33.016666666666666,1,1,1,0
42,W,01:40:06,03:27:42,6006,12462,1.6683333333333332,3.4616666666666664,1.7933333333333332,7.5,1,1,1,0
47,M,01:41:10,03:27:46,6070,12466,1.6861111111111111,3.4627777777777777,1.7766666666666666,5.433333333333334,0,1,1,0
44,M,01:25:29,03:27:47,5129,12467,1.4247222222222222,3.4630555555555556,2.0383333333333336,36.81666666666667,0,1,1,0
26,M,01:36:31,03:27:49,5791,12469,1.6086111111111112,3.463611111111111,1.855,14.783333333333333,0,1,1,0
41,W,01:38:27,03:27:50,5907,12470,1.6408333333333334,3.463888888888889,1.8230555555555557,10.933333333333334,1,1,1,0
29,W,01:38:22,03:27:51,5902,12471,1.6394444444444445,3.464166666666667,1.8247222222222221,11.116666666666667,1,1,1,0
35,M,01:41:03,03:27:54,6063,12474,1.6841666666666666,3.465,1.7808333333333333,5.8,0,1,1,0
51,M,01:35:00,03:27:57,5700,12477,1.5833333333333333,3.4658333333333333,1.8825,17.95,0,1,1,0
36,M,01:39:04,03:27:58,5944,12478,1.6511111111111112,3.466111111111111,1.815,9.833333333333334,0,1,1,0
40,W,01:40:13,03:28:02,6013,12482,1.6702777777777778,3.4672222222222224,1.7969444444444445,7.6,1,1,1,0
40,M,01:29:24,03:28:10,5364,12490,1.49,3.4694444444444446,1.9794444444444443,29.366666666666667,0,1,1,0
63,M,01:37:29,03:28:11,5849,12491,1.6247222222222222,3.4697222222222224,1.845,13.216666666666667,0,1,1,0
39,M,01:44:29,03:28:12,6269,12492,1.7413888888888889,3.47,1.728611111111111,-0.7666666666666667,0,1,1,1
36,M,01:38:06,03:28:12,5886,12492,1.635,3.47,1.835,12.0,0,1,1,0
44,M,01:41:17,03:28:14,6077,12494,1.6880555555555556,3.4705555555555554,1.7825,5.666666666666667,0,1,1,0
31,W,01:41:19,03:28:19,6079,12499,1.688611111111111,3.4719444444444445,1.7833333333333334,5.683333333333334,1,1,1,0
38,M,01:38:25,03:28:22,5905,12502,1.6402777777777777,3.472777777777778,1.8325,11.533333333333333,0,1,1,0
56,M,01:37:48,03:28:23,5868,12503,1.63,3.4730555555555553,1.8430555555555554,12.783333333333333,0,1,1,0
34,M,01:37:54,03:28:31,5874,12511,1.6316666666666666,3.475277777777778,1.843611111111111,12.716666666666667,0,1,1,0
43,W,01:41:18,03:28:36,6078,12516,1.6883333333333332,3.4766666666666666,1.7883333333333333,6.0,1,1,1,0
40,M,01:42:58,03:28:37,6178,12517,1.7161111111111111,3.4769444444444444,1.7608333333333333,2.683333333333333,0,1,1,0
37,W,01:34:45,03:28:38,5685,12518,1.5791666666666666,3.477222222222222,1.8980555555555556,19.133333333333333,1,1,1,0
37,M,01:37:40,03:28:41,5860,12521,1.6277777777777778,3.4780555555555557,1.8502777777777777,13.35,0,1,1,0
45,W,01:40:34,03:28:44,6034,12524,1.676111111111111,3.4788888888888887,1.8027777777777778,7.6,1,1,1,0
33,M,01:38:46,03:28:46,5926,12526,1.646111111111111,3.4794444444444443,1.8333333333333333,11.233333333333333,0,1,1,0
49,M,01:37:35,03:28:48,5855,12528,1.6263888888888889,3.48,1.853611111111111,13.633333333333333,0,1,1,0
25,M,01:37:03,03:28:50,5823,12530,1.6175,3.4805555555555556,1.8630555555555555,14.733333333333333,0,1,1,0
28,W,01:44:41,03:28:50,6281,12530,1.7447222222222223,3.4805555555555556,1.7358333333333333,-0.5333333333333333,1,1,1,1
43,M,01:40:59,03:28:52,6059,12532,1.6830555555555555,3.4811111111111113,1.7980555555555555,6.9,0,1,1,0
39,M,01:40:53,03:28:54,6053,12534,1.6813888888888888,3.4816666666666665,1.8002777777777779,7.133333333333334,0,1,1,0
42,M,01:42:39,03:28:55,6159,12535,1.7108333333333334,3.4819444444444443,1.771111111111111,3.6166666666666667,0,1,1,0
34,M,01:39:24,03:28:57,5964,12537,1.6566666666666667,3.4825,1.8258333333333334,10.15,0,1,1,0
37,M,01:35:12,03:28:59,5712,12539,1.5866666666666667,3.4830555555555556,1.896388888888889,18.583333333333332,0,1,1,0
36,W,01:39:36,03:28:59,5976,12539,1.66,3.4830555555555556,1.8230555555555557,9.783333333333333,1,1,1,0
45,M,01:39:38,03:29:00,5978,12540,1.6605555555555556,3.4833333333333334,1.8227777777777778,9.733333333333333,0,1,1,0
41,M,01:44:09,03:29:02,6249,12542,1.7358333333333333,3.483888888888889,1.7480555555555555,0.7333333333333333,0,1,1,0
28,W,01:43:30,03:29:05,6210,12545,1.725,3.484722222222222,1.7597222222222222,2.0833333333333335,1,1,1,0
48,W,01:40:01,03:29:07,6001,12547,1.6669444444444443,3.4852777777777777,1.8183333333333334,9.083333333333334,1,1,1,0
38,M,01:39:50,03:29:16,5990,12556,1.663888888888889,3.4877777777777776,1.823888888888889,9.6,0,1,1,0
31,W,01:42:37,03:29:16,6157,12556,1.7102777777777778,3.4877777777777776,1.7775,4.033333333333333,1,1,1,0
58,M,01:43:37,03:29:16,6217,12556,1.7269444444444444,3.4877777777777776,1.7608333333333333,2.033333333333333,0,1,1,0
42,M,01:37:33,03:29:18,5853,12558,1.6258333333333332,3.4883333333333333,1.8625,14.2,0,1,1,0
48,M,01:34:52,03:29:21,5692,12561,1.5811111111111111,3.4891666666666667,1.9080555555555556,19.616666666666667,0,1,1,0
38,M,01:41:32,03:29:29,6092,12569,1.6922222222222223,3.491388888888889,1.7991666666666666,6.416666666666667,0,1,1,0
32,M,01:37:34,03:29:29,5854,12569,1.626111111111111,3.491388888888889,1.8652777777777778,14.35,0,1,1,0
31,M,01:40:15,03:29:29,6015,12569,1.6708333333333334,3.491388888888889,1.8205555555555555,8.983333333333333,0,1,1,0
48,W,01:40:30,03:29:31,6030,12571,1.675,3.4919444444444445,1.8169444444444445,8.516666666666667,1,1,1,0
24,M,01:37:48,03:29:34,5868,12574,1.63,3.492777777777778,1.8627777777777779,13.966666666666667,0,1,1,0
44,M,01:43:28,03:29:34,6208,12574,1.7244444444444444,3.492777777777778,1.7683333333333333,2.6333333333333333,0,1,1,0
38,W,01:43:32,03:29:34,6212,12574,1.7255555555555555,3.492777777777778,1.7672222222222222,2.5,1,1,1,0
24,M,01:41:36,03:29:34,6096,12574,1.6933333333333334,3.492777777777778,1.7994444444444444,6.366666666666666,0,1,1,0
53,M,01:36:42,03:29:36,5802,12576,1.6116666666666666,3.493333333333333,1.8816666666666666,16.2,0,1,1,0
54,M,01:40:06,03:29:39,6006,12579,1.6683333333333332,3.4941666666666666,1.8258333333333334,9.45,0,1,1,0
40,M,01:39:17,03:29:43,5957,12583,1.6547222222222222,3.495277777777778,1.8405555555555555,11.15,0,1,1,0
51,M,01:35:34,03:29:52,5734,12592,1.5927777777777778,3.497777777777778,1.905,18.733333333333334,0,1,1,0
39,M,01:38:19,03:29:56,5899,12596,1.638611111111111,3.4988888888888887,1.8602777777777777,13.3,0,1,1,0
35,M,01:37:45,03:30:02,5865,12602,1.6291666666666667,3.5005555555555556,1.871388888888889,14.533333333333333,0,1,0,0
44,M,01:38:53,03:30:05,5933,12605,1.6480555555555556,3.501388888888889,1.8533333333333333,12.316666666666666,0,1,0,0
41,W,01:40:31,03:30:08,6031,12608,1.6752777777777779,3.502222222222222,1.8269444444444445,9.1,1,1,0,0
51,M,01:42:30,03:30:11,6150,12611,1.7083333333333333,3.5030555555555556,1.7947222222222223,5.183333333333334,0,1,0,0
58,M,01:42:31,03:30:12,6151,12612,1.708611111111111,3.5033333333333334,1.7947222222222223,5.166666666666667,0,1,0,0
43,W,01:41:51,03:30:14,6111,12614,1.6975,3.503888888888889,1.8063888888888888,6.533333333333333,1,1,0,0
24,W,01:35:57,03:30:15,5757,12615,1.5991666666666666,3.504166666666667,1.905,18.35,1,1,0,0
29,W,01:40:08,03:30:19,6008,12619,1.6688888888888889,3.5052777777777777,1.8363888888888888,10.05,1,1,0,0
27,W,01:44:49,03:30:26,6289,12626,1.7469444444444444,3.507222222222222,1.7602777777777778,0.8,1,1,0,0
45,W,01:42:16,03:30:34,6136,12634,1.7044444444444444,3.5094444444444446,1.805,6.033333333333333,1,1,0,0
31,M,01:41:49,03:30:34,6109,12634,1.6969444444444444,3.5094444444444446,1.8125,6.933333333333334,0,1,0,0
42,M,01:45:09,03:30:43,6309,12643,1.7525,3.5119444444444445,1.7594444444444444,0.4166666666666667,0,1,0,0
45,M,01:35:59,03:30:47,5759,12647,1.5997222222222223,3.5130555555555554,1.9133333333333333,18.816666666666666,0,1,0,0
31,M,01:40:45,03:30:51,6045,12651,1.6791666666666667,3.5141666666666667,1.835,9.35,0,1,0,0
53,W,01:43:19,03:30:53,6199,12653,1.7219444444444445,3.5147222222222223,1.7927777777777778,4.25,1,1,0,0
54,M,01:43:54,03:30:53,6234,12653,1.7316666666666667,3.5147222222222223,1.7830555555555556,3.0833333333333335,0,1,0,0
51,M,01:37:39,03:30:54,5859,12654,1.6275,3.515,1.8875,15.6,0,1,0,0
25,W,01:40:43,03:30:55,6043,12655,1.678611111111111,3.515277777777778,1.8366666666666667,9.483333333333333,1,1,0,0
50,M,01:25:41,03:30:57,5141,12657,1.4280555555555556,3.515833333333333,2.0877777777777777,39.583333333333336,0,1,0,0
26,M,01:37:29,03:30:57,5849,12657,1.6247222222222222,3.515833333333333,1.8911111111111112,15.983333333333333,0,1,0,0
30,M,01:35:12,03:31:00,5712,12660,1.5866666666666667,3.5166666666666666,1.93,20.6,0,1,0,0
27,M,01:45:15,03:31:06,6315,12666,1.7541666666666667,3.5183333333333335,1.7641666666666667,0.6,0,1,0,0
32,M,01:42:10,03:31:07,6130,12667,1.7027777777777777,3.518611111111111,1.8158333333333334,6.783333333333333,0,1,0,0
53,M,01:43:45,03:31:09,6225,12669,1.7291666666666667,3.5191666666666666,1.79,3.65,0,1,0,0
40,W,01:41:35,03:31:10,6095,12670,1.6930555555555555,3.5194444444444444,1.8263888888888888,8.0,1,1,0,0
42,M,01:41:08,03:31:14,6068,12674,1.6855555555555555,3.5205555555555557,1.835,8.966666666666667,0,1,0,0
49,M,01:33:17,03:31:15,5597,12675,1.5547222222222221,3.5208333333333335,1.9661111111111111,24.683333333333334,0,1,0,0
47,M,01:42:30,03:31:16,6150,12676,1.7083333333333333,3.5211111111111113,1.8127777777777778,6.266666666666667,0,1,0,0
40,M,01:40:00,03:31:18,6000,12678,1.6666666666666667,3.5216666666666665,1.855,11.3,0,1,0,0
30,M,01:44:22,03:31:19,6262,12679,1.7394444444444443,3.5219444444444443,1.7825,2.5833333333333335,0,1,0,0
44,M,01:43:28,03:31:22,6208,12682,1.7244444444444444,3.522777777777778,1.7983333333333333,4.433333333333334,0,1,0,0
37,M,01:33:29,03:31:24,5609,12684,1.5580555555555555,3.5233333333333334,1.9652777777777777,24.433333333333334,0,1,0,0
37,M,01:35:51,03:31:28,5751,12688,1.5975,3.5244444444444443,1.9269444444444443,19.766666666666666,0,1,0,0
40,M,01:43:07,03:31:32,6187,12692,1.718611111111111,3.5255555555555556,1.8069444444444445,5.3,0,1,0,0
42,M,01:34:47,03:31:34,5687,12694,1.5797222222222222,3.526111111111111,1.946388888888889,22.0,0,1,0,0
41,M,01:41:05,03:31:35,6065,12695,1.6847222222222222,3.526388888888889,1.8416666666666666,9.416666666666666,0,1,0,0
42,W,01:43:57,03:31:37,6237,12697,1.7325,3.5269444444444447,1.7944444444444445,3.716666666666667,1,1,0,0
44,M,01:45:06,03:31:38,6306,12698,1.7516666666666667,3.527222222222222,1.7755555555555556,1.4333333333333333,0,1,0,0
46,M,01:42:14,03:31:39,6134,12699,1.7038888888888888,3.5275,1.823611111111111,7.183333333333334,0,1,0,0
30,M,01:42:26,03:31:41,6146,12701,1.7072222222222222,3.5280555555555555,1.8208333333333333,6.816666666666666,0,1,0,0
36,W,01:45:24,03:31:46,6324,12706,1.7566666666666666,3.5294444444444446,1.7727777777777778,0.9666666666666667,1,1,0,0
51,M,01:40:15,03:31:48,6015,12708,1.6708333333333334,3.53,1.8591666666666666,11.3,0,1,0,0
60,M,01:33:44,03:31:55,5624,12715,1.5622222222222222,3.5319444444444446,1.9697222222222222,24.45,0,1,0,0
43,M,01:44:51,03:32:00,6291,12720,1.7475,3.533333333333333,1.7858333333333334,2.3,0,1,0,0
41,W,01:42:20,03:32:04,6140,12724,1.7055555555555555,3.5344444444444445,1.8288888888888888,7.4,1,1,0,0
45,M,01:41:35,03:32:06,6095,12726,1.6930555555555555,3.535,1.8419444444444444,8.933333333333334,0,1,0,0
44,M,01:46:47,03:32:17,6407,12737,1.7797222222222222,3.5380555555555557,1.7583333333333333,-1.2833333333333334,0,1,0,1
36,M,01:41:38,03:32:22,6098,12742,1.693888888888889,3.5394444444444444,1.8455555555555556,9.1,0,1,0,0
39,M,01:37:26,03:32:24,5846,12744,1.623888888888889,3.54,1.916111111111111,17.533333333333335,0,1,0,0
45,M,01:40:00,03:32:25,6000,12745,1.6666666666666667,3.540277777777778,1.8736111111111111,12.416666666666666,0,1,0,0
49,M,01:41:55,03:32:27,6115,12747,1.698611111111111,3.5408333333333335,1.8422222222222222,8.616666666666667,0,1,0,0
41,M,01:43:21,03:32:28,6201,12748,1.7225,3.5411111111111113,1.8186111111111112,5.766666666666667,0,1,0,0
27,W,01:36:29,03:32:28,5789,12748,1.6080555555555556,3.5411111111111113,1.9330555555555555,19.5,1,1,0,0
30,M,01:39:48,03:32:31,5988,12751,1.6633333333333333,3.5419444444444443,1.878611111111111,12.916666666666666,0,1,0,0
38,M,01:41:39,03:32:38,6099,12758,1.6941666666666666,3.543888888888889,1.8497222222222223,9.333333333333334,0,1,0,0
44,W,01:38:35,03:32:38,5915,12758,1.6430555555555555,3.543888888888889,1.9008333333333334,15.466666666666667,1,1,0,0
45,M,01:35:43,03:32:38,5743,12758,1.5952777777777778,3.543888888888889,1.948611111111111,21.2,0,1,0,0
27,W,01:43:43,03:32:42,6223,12762,1.728611111111111,3.545,1.8163888888888888,5.266666666666667,1,1,0,0
51,M,01:39:05,03:32:44,5945,12764,1.6513888888888888,3.5455555555555556,1.8941666666666668,14.566666666666666,0,1,0,0
22,W,01:43:56,03:32:46,6236,12766,1.7322222222222223,3.546111111111111,1.8138888888888889,4.9,1,1,0,0
52,M,01:38:51,03:32:46,5931,12766,1.6475,3.546111111111111,1.898611111111111,15.066666666666666,0,1,0,0
56,M,01:41:25,03:32:47,6085,12767,1.6902777777777778,3.546388888888889,1.856111111111111,9.95,0,1,0,0
30,M,01:36:45,03:33:02,5805,12782,1.6125,3.5505555555555555,1.9380555555555556,19.533333333333335,0,1,0,0
26,M,01:32:14,03:33:09,5534,12789,1.5372222222222223,3.5525,2.015277777777778,28.683333333333334,0,1,0,0
39,M,01:43:07,03:33:09,6187,12789,1.718611111111111,3.5525,1.833888888888889,6.916666666666667,0,1,0,0
55,M,01:43:16,03:33:09,6196,12789,1.721111111111111,3.5525,1.831388888888889,6.616666666666666,0,1,0,0
36,M,01:40:17,03:33:13,6017,12793,1.6713888888888888,3.553611111111111,1.8822222222222222,12.65,0,1,0,0
52,M,01:43:27,03:33:16,6207,12796,1.7241666666666666,3.5544444444444445,1.8302777777777777,6.366666666666666,0,1,0,0
47,M,01:43:07,03:33:22,6187,12802,1.718611111111111,3.556111111111111,1.8375,7.133333333333334,0,1,0,0
32,W,01:44:13,03:33:23,6253,12803,1.7369444444444444,3.556388888888889,1.8194444444444444,4.95,1,1,0,0
36,M,01:39:23,03:33:24,5963,12804,1.656388888888889,3.5566666666666666,1.9002777777777777,14.633333333333333,0,1,0,0
33,W,01:39:51,03:33:26,5991,12806,1.6641666666666666,3.5572222222222223,1.8930555555555555,13.733333333333333,1,1,0,0
30,M,01:44:08,03:33:26,6248,12806,1.7355555555555555,3.5572222222222223,1.8216666666666668,5.166666666666667,0,1,0,0
39,M,01:39:23,03:33:30,5963,12810,1.656388888888889,3.558333333333333,1.9019444444444444,14.733333333333333,0,1,0,0
32,M,01:37:38,03:33:30,5858,12810,1.6272222222222221,3.558333333333333,1.931111111111111,18.233333333333334,0,1,0,0
35,M,01:43:24,03:33:34,6204,12814,1.7233333333333334,3.5594444444444444,1.836111111111111,6.766666666666667,0,1,0,0
53,M,01:42:51,03:33:35,6171,12815,1.7141666666666666,3.5597222222222222,1.8455555555555556,7.883333333333334,0,1,0,0
47,M,01:41:31,03:33:40,6091,12820,1.6919444444444445,3.561111111111111,1.8691666666666666,10.633333333333333,0,1,0,0
36,M,01:46:46,03:33:45,6406,12825,1.7794444444444444,3.5625,1.7830555555555556,0.21666666666666667,0,1,0,0
42,M,01:39:40,03:33:46,5980,12826,1.6611111111111112,3.562777777777778,1.9016666666666666,14.433333333333334,0,1,0,0
35,M,01:34:38,03:33:48,5678,12828,1.5772222222222223,3.5633333333333335,1.9861111111111112,24.533333333333335,0,1,0,0
47,M,01:40:45,03:33:49,6045,12829,1.6791666666666667,3.5636111111111113,1.8844444444444444,12.316666666666666,0,1,0,0
51,M,01:41:02,03:33:49,6062,12829,1.683888888888889,3.5636111111111113,1.8797222222222223,11.75,0,1,0,0
55,M,01:36:36,03:33:51,5796,12831,1.61,3.5641666666666665,1.9541666666666666,20.65,0,1,0,0
42,M,01:42:46,03:33:55,6166,12835,1.7127777777777777,3.5652777777777778,1.8525,8.383333333333333,0,1,0,0
41,M,01:37:57,03:33:56,5877,12836,1.6325,3.5655555555555556,1.9330555555555555,18.033333333333335,0,1,0,0
32,W,01:45:38,03:33:58,6338,12838,1.7605555555555557,3.5661111111111112,1.8055555555555556,2.7,1,1,0,0
31,M,01:43:18,03:33:59,6198,12839,1.7216666666666667,3.566388888888889,1.8447222222222222,7.383333333333334,0,1,0,0
40,M,01:39:01,03:34:02,5941,12842,1.6502777777777777,3.567222222222222,1.9169444444444443,16.0,0,1,0,0
45,M,01:42:25,03:34:10,6145,12850,1.7069444444444444,3.5694444444444446,1.8625,9.333333333333334,0,1,0,0
27,W,01:43:33,03:34:16,6213,12856,1.7258333333333333,3.571111111111111,1.8452777777777778,7.166666666666667,1,1,0,0
31,M,01:44:08,03:34:18,6248,12858,1.7355555555555555,3.5716666666666668,1.836111111111111,6.033333333333333,0,1,0,0
28,M,01:33:18,03:34:18,5598,12858,1.555,3.5716666666666668,2.0166666666666666,27.7,0,1,0,0
48,M,01:34:55,03:34:31,5695,12871,1.5819444444444444,3.575277777777778,1.9933333333333334,24.683333333333334,0,1,0,0
43,M,01:39:23,03:34:31,5963,12871,1.656388888888889,3.575277777777778,1.9188888888888889,15.75,0,1,0,0
54,M,01:44:29,03:34:32,6269,12872,1.7413888888888889,3.5755555555555554,1.8341666666666667,5.566666666666666,0,1,0,0
36,M,01:43:23,03:34:32,6203,12872,1.7230555555555556,3.5755555555555554,1.8525,7.766666666666667,0,1,0,0
59,M,01:39:57,03:34:36,5997,12876,1.6658333333333333,3.5766666666666667,1.9108333333333334,14.7,0,1,0,0
31,M,01:46:09,03:34:36,6369,12876,1.7691666666666668,3.5766666666666667,1.8075,2.3,0,1,0,0
42,W,01:44:39,03:34:38,6279,12878,1.7441666666666666,3.5772222222222223,1.8330555555555557,5.333333333333333,1,1,0,0
41,M,01:33:13,03:34:45,5593,12885,1.553611111111111,3.5791666666666666,2.0255555555555556,28.316666666666666,0,1,0,0
44,M,01:41:03,03:34:45,6063,12885,1.6841666666666666,3.5791666666666666,1.895,12.65,0,1,0,0
48,M,01:42:09,03:34:47,6129,12887,1.7025,3.5797222222222222,1.8772222222222221,10.483333333333333,0,1,0,0
27,M,01:34:27,03:34:53,5667,12893,1.5741666666666667,3.5813888888888887,2.007222222222222,25.983333333333334,0,1,0,0
51,M,01:41:15,03:34:56,6075,12896,1.6875,3.582222222222222,1.8947222222222222,12.433333333333334,0,1,0,0
35,W,01:40:49,03:35:00,6049,12900,1.6802777777777778,3.5833333333333335,1.9030555555555555,13.366666666666667,1,1,0,0
65,M,01:38:38,03:35:02,5918,12902,1.643888888888889,3.5838888888888887,1.94,17.766666666666666,0,1,0,0
26,M,01:44:31,03:35:05,6271,12905,1.7419444444444445,3.584722222222222,1.8427777777777778,6.05,0,1,0,0
49,M,01:43:36,03:35:13,6216,12913,1.7266666666666666,3.5869444444444443,1.8602777777777777,8.016666666666667,0,1,0,0
41,W,01:44:41,03:35:16,6281,12916,1.7447222222222223,3.5877777777777777,1.8430555555555554,5.9,1,1,0,0
43,W,01:40:32,03:35:16,6032,12916,1.6755555555555555,3.5877777777777777,1.9122222222222223,14.2,1,1,0,0
51,M,01:42:25,03:35:17,6145,12917,1.7069444444444444,3.5880555555555556,1.8811111111111112,10.45,0,1,0,0
23,W,01:43:35,03:35:23,6215,12923,1.726388888888889,3.589722222222222,1.8633333333333333,8.216666666666667,1,1,0,0
30,M,01:41:31,03:35:26,6091,12926,1.6919444444444445,3.5905555555555555,1.898611111111111,12.4,0,1,0,0
56,M,01:40:37,03:35:32,6037,12932,1.6769444444444443,3.5922222222222224,1.9152777777777779,14.3,0,1,0,0
35,M,01:41:26,03:35:35,6086,12935,1.6905555555555556,3.5930555555555554,1.9025,12.716666666666667,0,1,0,0
28,M,01:44:33,03:35:39,6273,12939,1.7425,3.5941666666666667,1.8516666666666666,6.55,0,1,0,0
28,M,01:32:30,03:35:40,5550,12940,1.5416666666666667,3.5944444444444446,2.0527777777777776,30.666666666666668,0,1,0,0
39,M,01:38:22,03:35:44,5902,12944,1.6394444444444445,3.5955555555555554,1.9561111111111111,19.0,0,1,0,0
50,M,01:41:55,03:35:45,6115,12945,1.698611111111111,3.595833333333333,1.8972222222222221,11.916666666666666,0,1,0,0
51,W,01:37:36,03:35:46,5856,12946,1.6266666666666667,3.596111111111111,1.9694444444444446,20.566666666666666,1,1,0,0
38,M,01:30:15,03:35:57,5415,12957,1.5041666666666667,3.5991666666666666,2.095,35.45,0,1,0,0
40,M,01:40:22,03:36:00,6022,12960,1.6727777777777777,3.6,1.9272222222222222,15.266666666666667,0,1,0,0
37,M,01:47:56,03:36:08,6476,12968,1.798888888888889,3.602222222222222,1.8033333333333332,0.26666666666666666,0,1,0,0
43,M,01:39:16,03:36:09,5956,12969,1.6544444444444444,3.6025,1.9480555555555557,17.616666666666667,0,1,0,0
41,W,01:40:58,03:36:14,6058,12974,1.6827777777777777,3.6038888888888887,1.9211111111111112,14.3,1,1,0,0
42,M,01:42:13,03:36:16,6133,12976,1.7036111111111112,3.6044444444444443,1.9008333333333334,11.833333333333334,0,1,0,0
27,W,01:41:36,03:36:17,6096,12977,1.6933333333333334,3.604722222222222,1.9113888888888888,13.083333333333334,1,1,0,0
37,M,01:41:04,03:36:20,6064,12980,1.6844444444444444,3.6055555555555556,1.9211111111111112,14.2,0,1,0,0
51,M,01:36:57,03:36:25,5817,12985,1.6158333333333332,3.6069444444444443,1.991111111111111,22.516666666666666,0,1,0,0
44,M,01:45:21,03:36:25,6321,12985,1.7558333333333334,3.6069444444444443,1.8511111111111112,5.716666666666667,0,1,0,0
38,W,01:46:03,03:36:28,6363,12988,1.7675,3.6077777777777778,1.8402777777777777,4.366666666666666,1,1,0,0
44,W,01:44:26,03:36:30,6266,12990,1.7405555555555556,3.6083333333333334,1.8677777777777778,7.633333333333334,1,1,0,0
41,W,01:42:13,03:36:31,6133,12991,1.7036111111111112,3.608611111111111,1.905,12.083333333333334,1,1,0,0
32,W,01:42:36,03:36:31,6156,12991,1.71,3.608611111111111,1.898611111111111,11.316666666666666,1,1,0,0
27,M,01:41:02,03:36:43,6062,13003,1.683888888888889,3.6119444444444446,1.9280555555555556,14.65,0,1,0,0
36,M,01:41:12,03:36:44,6072,13004,1.6866666666666668,3.612222222222222,1.9255555555555555,14.333333333333334,0,1,0,0
42,M,01:42:36,03:36:46,6156,13006,1.71,3.6127777777777776,1.9027777777777777,11.566666666666666,0,1,0,0
45,M,01:44:27,03:36:48,6267,13008,1.7408333333333332,3.6133333333333333,1.8725,7.9,0,1,0,0
31,W,01:43:31,03:36:54,6211,13014,1.7252777777777777,3.615,1.8897222222222223,9.866666666666667,1,1,0,0
42,W,01:44:10,03:37:01,6250,13021,1.7361111111111112,3.6169444444444445,1.8808333333333334,8.683333333333334,1,1,0,0
43,M,01:32:39,03:37:01,5559,13021,1.5441666666666667,3.6169444444444445,2.0727777777777776,31.716666666666665,0,1,0,0
50,M,01:40:07,03:37:03,6007,13023,1.668611111111111,3.6175,1.948888888888889,16.816666666666666,0,1,0,0
28,M,01:41:07,03:37:06,6067,13026,1.6852777777777779,3.618333333333333,1.9330555555555555,14.866666666666667,0,1,0,0
33,M,01:47:17,03:37:16,6437,13036,1.7880555555555555,3.621111111111111,1.8330555555555557,2.7,0,1,0,0
41,W,01:43:29,03:37:19,6209,13039,1.7247222222222223,3.6219444444444444,1.8972222222222221,10.35,1,1,0,0
35,M,01:42:01,03:37:20,6121,13040,1.7002777777777778,3.6222222222222222,1.9219444444444445,13.3,0,1,0,0
37,M,01:41:43,03:37:23,6103,13043,1.6952777777777779,3.6230555555555557,1.9277777777777778,13.95,0,1,0,0
29,W,01:40:27,03:37:24,6027,13044,1.6741666666666666,3.6233333333333335,1.9491666666666667,16.5,1,1,0,0
46,M,01:43:57,03:37:27,6237,13047,1.7325,3.6241666666666665,1.8916666666666666,9.55,0,1,0,0
46,M,01:37:45,03:37:29,5865,13049,1.6291666666666667,3.624722222222222,1.9955555555555555,21.983333333333334,0,1,0,0
41,M,01:49:23,03:37:32,6563,13052,1.8230555555555557,3.6255555555555556,1.8025,-1.2333333333333334,0,1,0,1
47,W,01:43:13,03:37:34,6193,13054,1.7202777777777778,3.6261111111111113,1.9058333333333333,11.133333333333333,1,1,0,0
51,M,01:46:41,03:37:42,6401,13062,1.7780555555555555,3.6283333333333334,1.8502777777777777,4.333333333333333,0,1,0,0
49,M,01:42:21,03:37:43,6141,13063,1.7058333333333333,3.6286111111111112,1.9227777777777777,13.016666666666667,0,1,0,0
44,M,01:43:37,03:37:43,6217,13063,1.7269444444444444,3.6286111111111112,1.9016666666666666,10.483333333333333,0,1,0,0
30,M,01:44:25,03:37:46,6265,13066,1.7402777777777778,3.6294444444444443,1.8891666666666667,8.933333333333334,0,1,0,0
30,W,01:43:20,03:37:47,6200,13067,1.7222222222222223,3.629722222222222,1.9075,11.116666666666667,1,1,0,0
48,M,01:42:49,03:37:48,6169,13068,1.7136111111111112,3.63,1.916388888888889,12.166666666666666,0,1,0,0
36,M,01:40:33,03:38:13,6033,13093,1.6758333333333333,3.6369444444444445,1.961111111111111,17.116666666666667,0,1,0,0
34,M,01:32:44,03:38:13,5564,13093,1.5455555555555556,3.6369444444444445,2.091388888888889,32.75,0,1,0,0
46,W,01:44:15,03:38:15,6255,13095,1.7375,3.6375,1.9,9.75,1,1,0,0
46,M,01:39:46,03:38:21,5986,13101,1.6627777777777777,3.6391666666666667,1.976388888888889,18.816666666666666,0,1,0,0
27,M,01:37:35,03:38:21,5855,13101,1.6263888888888889,3.6391666666666667,2.012777777777778,23.183333333333334,0,1,0,0
45,W,01:48:40,03:38:29,6520,13109,1.8111111111111111,3.641388888888889,1.8302777777777777,1.15,1,1,0,0
46,W,01:44:55,03:38:29,6295,13109,1.7486111111111111,3.641388888888889,1.8927777777777777,8.65,1,1,0,0
28,M,01:46:23,03:38:30,6383,13110,1.7730555555555556,3.6416666666666666,1.868611111111111,5.733333333333333,0,1,0,0
45,M,01:47:30,03:38:35,6450,13115,1.7916666666666667,3.6430555555555557,1.851388888888889,3.5833333333333335,0,1,0,0
38,W,01:42:42,03:38:36,6162,13116,1.7116666666666667,3.6433333333333335,1.9316666666666666,13.2,1,1,0,0
39,M,01:38:30,03:38:37,5910,13117,1.6416666666666666,3.643611111111111,2.0019444444444443,21.616666666666667,0,1,0,0
66,M,01:42:24,03:38:37,6144,13117,1.7066666666666668,3.643611111111111,1.9369444444444444,13.816666666666666,0,1,0,0
55,M,01:46:12,03:38:40,6372,13120,1.77,3.6444444444444444,1.8744444444444444,6.266666666666667,0,1,0,0
48,W,01:41:29,03:38:42,6089,13122,1.6913888888888888,3.645,1.9536111111111112,15.733333333333333,1,1,0,0
27,M,01:42:23,03:38:47,6143,13127,1.706388888888889,3.6463888888888887,1.94,14.016666666666667,0,1,0,0
43,W,01:45:29,03:38:49,6329,13129,1.7580555555555555,3.6469444444444443,1.8888888888888888,7.85,1,1,0,0
64,M,01:44:08,03:38:51,6248,13131,1.7355555555555555,3.6475,1.9119444444444444,10.583333333333334,0,1,0,0
33,W,01:48:10,03:38:53,6490,13133,1.8027777777777778,3.6480555555555556,1.8452777777777778,2.55,1,1,0,0
43,M,01:34:57,03:38:53,5697,13133,1.5825,3.6480555555555556,2.0655555555555556,28.983333333333334,0,1,0,0
27,W,01:40:08,03:38:53,6008,13133,1.6688888888888889,3.6480555555555556,1.9791666666666667,18.616666666666667,1,1,0,0
43,W,01:40:50,03:38:56,6050,13136,1.6805555555555556,3.648888888888889,1.9683333333333333,17.266666666666666,1,1,0,0
45,M,01:43:50,03:39:11,6230,13151,1.7305555555555556,3.6530555555555555,1.9225,11.516666666666667,0,1,0,0
44,M,01:38:51,03:39:13,5931,13153,1.6475,3.653611111111111,2.006111111111111,21.516666666666666,0,1,0,0
36,M,01:45:45,03:39:18,6345,13158,1.7625,3.655,1.8925,7.8,0,1,0,0
32,M,01:45:18,03:39:20,6318,13160,1.755,3.6555555555555554,1.9005555555555556,8.733333333333333,0,1,0,0
28,W,01:45:49,03:39:23,6349,13163,1.763611111111111,3.656388888888889,1.8927777777777777,7.75,1,1,0,0
35,W,01:47:19,03:39:24,6439,13164,1.7886111111111112,3.6566666666666667,1.8680555555555556,4.766666666666667,1,1,0,0
32,W,01:42:56,03:39:27,6176,13167,1.7155555555555555,3.6575,1.9419444444444445,13.583333333333334,1,1,0,0
47,M,01:43:29,03:39:30,6209,13170,1.7247222222222223,3.658333333333333,1.9336111111111112,12.533333333333333,0,1,0,0
34,M,01:47:33,03:39:31,6453,13171,1.7925,3.658611111111111,1.866111111111111,4.416666666666667,0,1,0,0
44,M,01:37:35,03:39:34,5855,13174,1.6263888888888889,3.6594444444444445,2.0330555555555554,24.4,0,1,0,0
35,M,01:38:40,03:39:35,5920,13175,1.6444444444444444,3.6597222222222223,2.015277777777778,22.25,0,1,0,0
49,M,01:42:22,03:39:40,6142,13180,1.7061111111111111,3.661111111111111,1.955,14.933333333333334,0,1,0,0
36,M,01:44:48,03:39:46,6288,13186,1.7466666666666666,3.662777777777778,1.916111111111111,10.166666666666666,0,1,0,0
32,M,01:43:08,03:39:46,6188,13186,1.718888888888889,3.662777777777778,1.943888888888889,13.5,0,1,0,0
53,M,01:41:14,03:39:49,6074,13189,1.6872222222222222,3.663611111111111,1.976388888888889,17.35,0,1,0,0
38,M,01:46:45,03:39:54,6405,13194,1.7791666666666666,3.665,1.8858333333333333,6.4,0,1,0,0
55,M,01:45:32,03:39:56,6332,13196,1.758888888888889,3.6655555555555557,1.9066666666666667,8.866666666666667,0,1,0,0
39,M,01:40:32,03:39:57,6032,13197,1.6755555555555555,3.6658333333333335,1.9902777777777778,18.883333333333333,0,1,0,0
44,M,01:42:41,03:39:59,6161,13199,1.7113888888888888,3.6663888888888887,1.955,14.616666666666667,0,1,0,0
24,M,01:38:40,03:40:00,5920,13200,1.6444444444444444,3.6666666666666665,2.022222222222222,22.666666666666668,0,1,0,0
32,M,01:43:48,03:40:00,6228,13200,1.73,3.6666666666666665,1.9366666666666668,12.4,0,1,0,0
37,M,01:45:01,03:40:04,6301,13204,1.7502777777777778,3.667777777777778,1.9175,10.033333333333333,0,1,0,0
56,M,01:41:58,03:40:09,6118,13209,1.6994444444444445,3.6691666666666665,1.9697222222222222,16.216666666666665,0,1,0,0
25,W,01:47:20,03:40:21,6440,13221,1.788888888888889,3.6725,1.8836111111111111,5.683333333333334,1,1,0,0
26,M,01:40:18,03:40:24,6018,13224,1.6716666666666666,3.6733333333333333,2.0016666666666665,19.8,0,1,0,0
51,M,01:45:45,03:40:32,6345,13232,1.7625,3.6755555555555555,1.9130555555555555,9.033333333333333,0,1,0,0
41,M,01:39:03,03:40:35,5943,13235,1.6508333333333334,3.676388888888889,2.0255555555555556,22.483333333333334,0,1,0,0
48,M,01:43:25,03:40:36,6205,13236,1.7236111111111112,3.6766666666666667,1.9530555555555555,13.766666666666667,0,1,0,0
24,W,01:45:05,03:40:38,6305,13238,1.7513888888888889,3.6772222222222224,1.9258333333333333,10.466666666666667,1,1,0,0
47,M,01:42:34,03:40:40,6154,13240,1.7094444444444445,3.6777777777777776,1.9683333333333333,15.533333333333333,0,1,0,0
34,M,01:40:32,03:40:40,6032,13240,1.6755555555555555,3.6777777777777776,2.002222222222222,19.6,0,1,0,0
31,M,01:42:25,03:40:41,6145,13241,1.7069444444444444,3.6780555555555554,1.971111111111111,15.85,0,1,0,0
47,W,01:44:59,03:40:41,6299,13241,1.7497222222222222,3.6780555555555554,1.9283333333333332,10.716666666666667,1,1,0,0
32,M,01:40:17,03:40:44,6017,13244,1.6713888888888888,3.678888888888889,2.0075,20.166666666666668,0,1,0,0
41,W,01:46:14,03:40:45,6374,13245,1.7705555555555557,3.6791666666666667,1.908611111111111,8.283333333333333,1,1,0,0
35,M,01:42:41,03:40:49,6161,13249,1.7113888888888888,3.680277777777778,1.968888888888889,15.45,0,1,0,0
48,M,01:32:12,03:40:49,5532,13249,1.5366666666666666,3.680277777777778,2.143611111111111,36.416666666666664,0,1,0,0
35,W,01:45:54,03:40:51,6354,13251,1.765,3.680833333333333,1.9158333333333333,9.05,1,1,0,0
31,M,01:42:29,03:40:52,6149,13252,1.7080555555555557,3.681111111111111,1.9730555555555556,15.9,0,1,0,0
35,M,01:41:16,03:40:58,6076,13258,1.6877777777777778,3.682777777777778,1.995,18.433333333333334,0,1,0,0
29,M,01:48:09,03:40:59,6489,13259,1.8025,3.6830555555555557,1.8805555555555555,4.683333333333334,0,1,0,0
44,M,01:45:58,03:41:01,6358,13261,1.7661111111111112,3.683611111111111,1.9175,9.083333333333334,0,1,0,0
34,M,01:44:11,03:41:01,6251,13261,1.736388888888889,3.683611111111111,1.9472222222222222,12.65,0,1,0,0
34,W,01:43:43,03:41:03,6223,13263,1.728611111111111,3.6841666666666666,1.9555555555555555,13.616666666666667,1,1,0,0
45,W,01:44:03,03:41:04,6243,13264,1.7341666666666666,3.6844444444444444,1.9502777777777778,12.966666666666667,1,1,0,0
49,M,01:37:17,03:41:04,5837,13264,1.621388888888889,3.6844444444444444,2.0630555555555556,26.5,0,1,0,0
45,M,01:38:52,03:41:05,5932,13265,1.6477777777777778,3.6847222222222222,2.0369444444444444,23.35,0,1,0,0
31,M,01:43:21,03:41:10,6201,13270,1.7225,3.686111111111111,1.9636111111111112,14.466666666666667,0,1,0,0
41,M,01:44:16,03:41:13,6256,13273,1.7377777777777779,3.6869444444444444,1.9491666666666667,12.683333333333334,0,1,0,0
50,M,01:44:22,03:41:27,6262,13287,1.7394444444444443,3.6908333333333334,1.9513888888888888,12.716666666666667,0,1,0,0
46,M,01:48:16,03:41:27,6496,13287,1.8044444444444445,3.6908333333333334,1.886388888888889,4.916666666666667,0,1,0,0
38,M,01:45:46,03:41:30,6346,13290,1.7627777777777778,3.691666666666667,1.9288888888888889,9.966666666666667,0,1,0,0
29,W,01:46:39,03:41:32,6399,13292,1.7775,3.692222222222222,1.9147222222222222,8.233333333333333,1,1,0,0
42,M,01:48:41,03:41:33,6521,13293,1.811388888888889,3.6925,1.8811111111111112,4.183333333333334,0,1,0,0
39,M,01:46:29,03:41:40,6389,13300,1.7747222222222223,3.6944444444444446,1.9197222222222223,8.7,0,1,0,0
47,M,01:44:35,03:41:41,6275,13301,1.7430555555555556,3.694722222222222,1.9516666666666667,12.516666666666667,0,1,0,0
46,M,01:45:17,03:41:42,6317,13302,1.7547222222222223,3.695,1.9402777777777778,11.133333333333333,0,1,0,0
45,M,01:40:07,03:41:49,6007,13309,1.668611111111111,3.6969444444444446,2.0283333333333333,21.583333333333332,0,1,0,0
34,M,01:44:59,03:41:52,6299,13312,1.7497222222222222,3.6977777777777776,1.9480555555555557,11.9,0,1,0,0
44,M,01:45:59,03:41:52,6359,13312,1.7663888888888888,3.6977777777777776,1.9313888888888888,9.9,0,1,0,0
32,M,01:35:33,03:41:54,5733,13314,1.5925,3.6983333333333333,2.1058333333333334,30.8,0,1,0,0
53,M,01:42:44,03:41:57,6164,13317,1.7122222222222223,3.6991666666666667,1.9869444444444444,16.483333333333334,0,1,0,0
46,M,01:40:28,03:41:58,6028,13318,1.6744444444444444,3.6994444444444445,2.025,21.033333333333335,0,1,0,0
44,M,01:36:43,03:42:07,5803,13327,1.6119444444444444,3.7019444444444445,2.09,28.683333333333334,0,1,0,0
42,W,01:45:25,03:42:07,6325,13327,1.7569444444444444,3.7019444444444445,1.945,11.283333333333333,1,1,0,0
40,W,01:43:33,03:42:08,6213,13328,1.7258333333333333,3.7022222222222223,1.976388888888889,15.033333333333333,1,1,0,0
44,M,01:46:50,03:42:11,6410,13331,1.7805555555555554,3.7030555555555558,1.9225,8.516666666666667,0,1,0,0
38,M,01:43:30,03:42:13,6210,13333,1.725,3.703611111111111,1.978611111111111,15.216666666666667,0,1,0,0
33,M,01:45:29,03:42:14,6329,13334,1.7580555555555555,3.703888888888889,1.9458333333333333,11.266666666666667,0,1,0,0
39,W,01:47:09,03:42:20,6429,13340,1.7858333333333334,3.7055555555555557,1.9197222222222223,8.033333333333333,1,1,0,0
53,M,01:37:55,03:42:23,5875,13343,1.6319444444444444,3.7063888888888887,2.0744444444444445,26.55,0,1,0,0
48,M,01:47:49,03:42:25,6469,13345,1.7969444444444445,3.7069444444444444,1.91,6.783333333333333,0,1,0,0
29,M,01:42:12,03:42:30,6132,13350,1.7033333333333334,3.7083333333333335,2.005,18.1,0,1,0,0
40,M,01:39:11,03:42:31,5951,13351,1.6530555555555555,3.7086111111111113,2.0555555555555554,24.15,0,1,0,0
47,M,01:45:03,03:42:37,6303,13357,1.7508333333333332,3.710277777777778,1.9594444444444445,12.516666666666667,0,1,0,0
48,M,01:45:53,03:42:38,6353,13358,1.7647222222222223,3.7105555555555556,1.9458333333333333,10.866666666666667,0,1,0,0
39,W,01:48:01,03:42:41,6481,13361,1.8002777777777779,3.711388888888889,1.9111111111111112,6.65,1,1,0,0
44,M,01:43:22,03:42:43,6202,13363,1.7227777777777777,3.7119444444444443,1.9891666666666667,15.983333333333333,0,1,0,0
37,M,01:46:46,03:42:50,6406,13370,1.7794444444444444,3.713888888888889,1.9344444444444444,9.3,0,1,0,0
60,M,01:46:22,03:42:51,6382,13371,1.7727777777777778,3.714166666666667,1.9413888888888888,10.116666666666667,0,1,0,0
50,M,01:37:22,03:42:53,5842,13373,1.6227777777777779,3.714722222222222,2.0919444444444446,28.15,0,1,0,0
31,M,01:47:05,03:42:54,6425,13374,1.7847222222222223,3.715,1.9302777777777778,8.733333333333333,0,1,0,0
45,M,01:47:13,03:42:55,6433,13375,1.7869444444444444,3.7152777777777777,1.9283333333333332,8.483333333333333,0,1,0,0
26,W,01:44:17,03:42:58,6257,13378,1.7380555555555555,3.716111111111111,1.9780555555555555,14.4,1,1,0,0
27,W,01:39:03,03:43:01,5943,13381,1.6508333333333334,3.7169444444444446,2.0661111111111112,24.916666666666668,1,1,0,0
54,M,01:39:11,03:43:03,5951,13383,1.6530555555555555,3.7175,2.0644444444444443,24.683333333333334,0,1,0,0
63,M,01:49:49,03:43:03,6589,13383,1.8302777777777777,3.7175,1.8872222222222221,3.4166666666666665,0,1,0,0
50,M,01:46:14,03:43:09,6374,13389,1.7705555555555557,3.7191666666666667,1.948611111111111,10.683333333333334,0,1,0,0
41,W,01:47:40,03:43:19,6460,13399,1.7944444444444445,3.7219444444444445,1.9275,7.983333333333333,1,1,0,0
50,M,01:38:11,03:43:20,5891,13400,1.636388888888889,3.7222222222222223,2.0858333333333334,26.966666666666665,0,1,0,0
42,M,01:43:23,03:43:21,6203,13401,1.7230555555555556,3.7225,1.9994444444444444,16.583333333333332,0,1,0,0
47,W,01:45:58,03:43:24,6358,13404,1.7661111111111112,3.723333333333333,1.9572222222222222,11.466666666666667,1,1,0,0
29,W,01:42:33,03:43:30,6153,13410,1.7091666666666667,3.725,2.015833333333333,18.4,1,1,0,0
35,M,01:37:39,03:43:37,5859,13417,1.6275,3.7269444444444444,2.0994444444444444,28.316666666666666,0,1,0,0
27,M,01:43:52,03:43:45,6232,13425,1.731111111111111,3.7291666666666665,1.9980555555555555,16.016666666666666,0,1,0,0
46,M,01:42:55,03:43:50,6175,13430,1.7152777777777777,3.7305555555555556,2.015277777777778,18.0,0,1,0,0
41,M,01:49:38,03:43:51,6578,13431,1.8272222222222223,3.7308333333333334,1.9036111111111111,4.583333333333333,0,1,0,0
54,M,01:40:42,03:43:53,6042,13433,1.6783333333333332,3.731388888888889,2.0530555555555554,22.483333333333334,0,1,0,0
38,W,01:43:19,03:43:54,6199,13434,1.7219444444444445,3.7316666666666665,2.0097222222222224,17.266666666666666,1,1,0,0
54,M,01:39:23,03:43:55,5963,13435,1.656388888888889,3.7319444444444443,2.0755555555555554,25.15,0,1,0,0
32,W,01:38:49,03:43:56,5929,13436,1.6469444444444445,3.732222222222222,2.085277777777778,26.3,1,1,0,0
45,W,01:44:34,03:43:59,6274,13439,1.7427777777777778,3.7330555555555556,1.9902777777777778,14.85,1,1,0,0
47,M,01:51:18,03:44:02,6678,13442,1.855,3.733888888888889,1.8788888888888888,1.4333333333333333,0,1,0,0
48,M,01:47:03,03:44:07,6423,13447,1.7841666666666667,3.7352777777777777,1.951111111111111,10.016666666666667,0,1,0,0
27,M,01:44:42,03:44:09,6282,13449,1.745,3.7358333333333333,1.9908333333333332,14.75,0,1,0,0
52,M,01:48:10,03:44:12,6490,13452,1.8027777777777778,3.736666666666667,1.933888888888889,7.866666666666666,0,1,0,0
54,M,01:44:04,03:44:15,6244,13455,1.7344444444444445,3.7375,2.0030555555555556,16.116666666666667,0,1,0,0
24,M,01:44:27,03:44:20,6267,13460,1.7408333333333332,3.738888888888889,1.9980555555555555,15.433333333333334,0,1,0,0
31,M,01:46:36,03:44:20,6396,13460,1.7766666666666666,3.738888888888889,1.9622222222222223,11.133333333333333,0,1,0,0
44,M,01:40:02,03:44:24,6002,13464,1.6672222222222222,3.74,2.0727777777777776,24.333333333333332,0,1,0,0
49,M,01:38:38,03:44:29,5918,13469,1.643888888888889,3.741388888888889,2.0975,27.216666666666665,0,1,0,0
25,W,01:43:52,03:44:33,6232,13473,1.731111111111111,3.7425,2.011388888888889,16.816666666666666,1,1,0,0
38,M,01:36:40,03:44:33,5800,13473,1.6111111111111112,3.7425,2.131388888888889,31.216666666666665,0,1,0,0
54,M,01:44:26,03:44:33,6266,13473,1.7405555555555556,3.7425,2.0019444444444443,15.683333333333334,0,1,0,0
53,M,01:20:59,03:44:34,4859,13474,1.3497222222222223,3.742777777777778,2.3930555555555557,62.6,0,1,0,0
38,M,01:44:11,03:44:40,6251,13480,1.736388888888889,3.7444444444444445,2.0080555555555555,16.3,0,1,0,0
51,M,01:43:45,03:44:43,6225,13483,1.7291666666666667,3.745277777777778,2.016111111111111,17.216666666666665,0,1,0,0
45,W,01:42:58,03:44:50,6178,13490,1.7161111111111111,3.7472222222222222,2.031111111111111,18.9,1,1,0,0
37,M,01:48:51,03:44:51,6531,13491,1.8141666666666667,3.7475,1.9333333333333333,7.15,0,1,0,0
41,M,01:50:20,03:44:51,6620,13491,1.8388888888888888,3.7475,1.908611111111111,4.183333333333334,0,1,0,0
28,M,01:40:28,03:44:52,6028,13492,1.6744444444444444,3.747777777777778,2.0733333333333333,23.933333333333334,0,1,0,0
29,M,01:50:57,03:44:53,6657,13493,1.8491666666666666,3.7480555555555557,1.8988888888888888,2.9833333333333334,0,1,0,0
37,M,01:45:58,03:44:54,6358,13494,1.7661111111111112,3.7483333333333335,1.9822222222222223,12.966666666666667,0,1,0,0
40,M,01:43:17,03:44:56,6197,13496,1.7213888888888889,3.7488888888888887,2.0275,18.366666666666667,0,1,0,0
51,M,01:44:10,03:44:58,6250,13498,1.7361111111111112,3.7494444444444444,2.013333333333333,16.633333333333333,0,1,0,0
36,M,01:42:56,03:45:02,6176,13502,1.7155555555555555,3.7505555555555556,2.035,19.166666666666668,0,1,0,0
55,M,01:43:36,03:45:02,6216,13502,1.7266666666666666,3.7505555555555556,2.023888888888889,17.833333333333332,0,1,0,0
41,M,01:46:27,03:45:04,6387,13504,1.7741666666666667,3.7511111111111113,1.9769444444444444,12.166666666666666,0,1,0,0
29,W,01:48:51,03:45:16,6531,13516,1.8141666666666667,3.7544444444444443,1.9402777777777778,7.566666666666666,1,1,0,0
27,M,01:41:49,03:45:18,6109,13518,1.6969444444444444,3.755,2.0580555555555557,21.666666666666668,0,1,0,0
54,M,01:37:30,03:45:21,5850,13521,1.625,3.7558333333333334,2.1308333333333334,30.35,0,1,0,0
42,M,01:45:16,03:45:22,6316,13522,1.7544444444444445,3.756111111111111,2.0016666666666665,14.833333333333334,0,1,0,0
54,M,01:49:36,03:45:23,6576,13523,1.8266666666666667,3.756388888888889,1.9297222222222221,6.183333333333334,0,1,0,0
26,M,01:48:24,03:45:24,6504,13524,1.8066666666666666,3.756666666666667,1.95,8.6,0,1,0,0
48,M,01:39:46,03:45:25,5986,13525,1.6627777777777777,3.7569444444444446,2.0941666666666667,25.883333333333333,0,1,0,0
26,M,01:33:59,03:45:30,5639,13530,1.5663888888888888,3.7583333333333333,2.1919444444444443,37.53333333333333,0,1,0,0
35,M,01:34:01,03:45:31,5641,13531,1.5669444444444445,3.758611111111111,2.191666666666667,37.483333333333334,0,1,0,0
48,M,01:47:36,03:45:34,6456,13534,1.7933333333333332,3.7594444444444446,1.9661111111111111,10.366666666666667,0,1,0,0
44,W,01:47:58,03:45:35,6478,13535,1.7994444444444444,3.7597222222222224,1.9602777777777778,9.65,1,1,0,0
53,M,01:47:43,03:45:35,6463,13535,1.7952777777777778,3.7597222222222224,1.9644444444444444,10.15,0,1,0,0
36,M,01:46:11,03:45:39,6371,13539,1.7697222222222222,3.7608333333333333,1.991111111111111,13.283333333333333,0,1,0,0
41,M,01:47:28,03:45:46,6448,13546,1.791111111111111,3.762777777777778,1.9716666666666667,10.833333333333334,0,1,0,0
39,W,01:49:03,03:45:54,6543,13554,1.8175,3.765,1.9475,7.8,1,1,0,0
39,M,01:51:47,03:45:54,6707,13554,1.8630555555555555,3.765,1.9019444444444444,2.3333333333333335,0,1,0,0
39,M,01:48:03,03:45:54,6483,13554,1.8008333333333333,3.765,1.9641666666666666,9.8,0,1,0,0
24,M,01:34:24,03:45:55,5664,13555,1.5733333333333333,3.765277777777778,2.1919444444444443,37.11666666666667,0,1,0,0
46,W,01:44:21,03:45:56,6261,13556,1.7391666666666667,3.7655555555555558,2.026388888888889,17.233333333333334,1,1,0,0
31,M,01:48:53,03:46:05,6533,13565,1.8147222222222221,3.7680555555555557,1.9533333333333334,8.316666666666666,0,1,0,0
38,M,01:45:03,03:46:05,6303,13565,1.7508333333333332,3.7680555555555557,2.0172222222222222,15.983333333333333,0,1,0,0
45,M,01:44:39,03:46:06,6279,13566,1.7441666666666666,3.7683333333333335,2.0241666666666664,16.8,0,1,0,0
41,M,01:46:26,03:46:07,6386,13567,1.7738888888888888,3.768611111111111,1.9947222222222223,13.25,0,1,0,0
30,M,01:47:33,03:46:07,6453,13567,1.7925,3.768611111111111,1.9761111111111112,11.016666666666667,0,1,0,0
29,M,01:50:18,03:46:11,6618,13571,1.8383333333333334,3.769722222222222,1.9313888888888888,5.583333333333333,0,1,0,0
56,M,01:45:33,03:46:16,6333,13576,1.7591666666666668,3.7711111111111113,2.0119444444444445,15.166666666666666,0,1,0,0
48,W,01:45:16,03:46:28,6316,13588,1.7544444444444445,3.7744444444444443,2.02,15.933333333333334,1,1,0,0
40,M,01:41:21,03:46:35,6081,13595,1.6891666666666667,3.776388888888889,2.087222222222222,23.883333333333333,0,1,0,0
27,W,01:53:47,03:46:41,6827,13601,1.896388888888889,3.7780555555555555,1.8816666666666666,-0.8833333333333333,1,1,0,1
44,W,01:45:42,03:46:47,6342,13607,1.7616666666666667,3.7797222222222224,2.0180555555555557,15.383333333333333,1,1,0,0
58,W,01:39:24,03:46:49,5964,13609,1.6566666666666667,3.7802777777777776,2.123611111111111,28.016666666666666,1,1,0,0
38,M,01:45:03,03:46:50,6303,13610,1.7508333333333332,3.7805555555555554,2.0297222222222224,16.733333333333334,0,1,0,0
33,M,01:42:25,03:46:53,6145,13613,1.7069444444444444,3.781388888888889,2.0744444444444445,22.05,0,1,0,0
47,M,01:40:20,03:47:00,6020,13620,1.6722222222222223,3.783333333333333,2.111111111111111,26.333333333333332,0,1,0,0
39,M,01:44:53,03:47:00,6293,13620,1.7480555555555555,3.783333333333333,2.035277777777778,17.233333333333334,0,1,0,0
53,M,01:45:12,03:47:01,6312,13621,1.7533333333333334,3.783611111111111,2.0302777777777776,16.616666666666667,0,1,0,0
27,W,01:44:52,03:47:04,6292,13624,1.7477777777777779,3.7844444444444445,2.0366666666666666,17.333333333333332,1,1,0,0
40,M,01:52:05,03:47:06,6725,13626,1.8680555555555556,3.785,1.9169444444444443,2.933333333333333,0,1,0,0
34,M,01:39:43,03:47:06,5983,13626,1.6619444444444444,3.785,2.1230555555555557,27.666666666666668,0,1,0,0
30,M,01:45:58,03:47:08,6358,13628,1.7661111111111112,3.7855555555555553,2.0194444444444444,15.2,0,1,0,0
47,W,01:48:05,03:47:16,6485,13636,1.801388888888889,3.787777777777778,1.986388888888889,11.1,1,1,0,0
38,M,01:40:49,03:47:24,6049,13644,1.6802777777777778,3.79,2.109722222222222,25.766666666666666,0,1,0,0
32,M,01:44:07,03:47:27,6247,13647,1.7352777777777777,3.7908333333333335,2.0555555555555554,19.216666666666665,0,1,0,0
31,W,01:46:50,03:47:30,6410,13650,1.7805555555555554,3.7916666666666665,2.011111111111111,13.833333333333334,1,1,0,0
44,W,01:49:43,03:47:30,6583,13650,1.8286111111111112,3.7916666666666665,1.9630555555555556,8.066666666666666,1,1,0,0
35,M,01:50:21,03:47:34,6621,13654,1.8391666666666666,3.792777777777778,1.9536111111111112,6.866666666666666,0,1,0,0
44,M,01:46:13,03:47:36,6373,13656,1.7702777777777778,3.7933333333333334,2.0230555555555556,15.166666666666666,0,1,0,0
34,M,01:45:35,03:47:39,6335,13659,1.7597222222222222,3.7941666666666665,2.0344444444444445,16.483333333333334,0,1,0,0
43,M,01:41:15,03:47:46,6075,13666,1.6875,3.796111111111111,2.108611111111111,25.266666666666666,0,1,0,0
55,M,01:42:37,03:47:51,6157,13671,1.7102777777777778,3.7975,2.087222222222222,22.616666666666667,0,1,0,0
34,M,01:37:48,03:47:52,5868,13672,1.63,3.7977777777777777,2.167777777777778,32.266666666666666,0,1,0,0
33,M,01:43:28,03:47:54,6208,13674,1.7244444444444444,3.7983333333333333,2.073888888888889,20.966666666666665,0,1,0,0
58,M,01:39:18,03:47:55,5958,13675,1.655,3.798611111111111,2.143611111111111,29.316666666666666,0,1,0,0
45,W,01:51:10,03:47:58,6670,13678,1.8527777777777779,3.7994444444444446,1.9466666666666668,5.633333333333334,1,1,0,0
40,M,01:37:36,03:48:01,5856,13681,1.6266666666666667,3.8002777777777776,2.173611111111111,32.81666666666667,0,1,0,0
39,M,01:43:01,03:48:04,6181,13684,1.7169444444444444,3.801111111111111,2.0841666666666665,22.033333333333335,0,1,0,0
48,M,01:45:09,03:48:09,6309,13689,1.7525,3.8025,2.05,17.85,0,1,0,0
43,W,01:47:21,03:48:09,6441,13689,1.7891666666666666,3.8025,2.013333333333333,13.45,1,1,0,0
48,M,01:43:46,03:48:13,6226,13693,1.7294444444444443,3.803611111111111,2.0741666666666667,20.683333333333334,0,1,0,0
50,M,01:46:41,03:48:14,6401,13694,1.7780555555555555,3.803888888888889,2.0258333333333334,14.866666666666667,0,1,0,0
47,M,01:48:03,03:48:16,6483,13696,1.8008333333333333,3.8044444444444445,2.0036111111111112,12.166666666666666,0,1,0,0
32,M,01:39:11,03:48:16,5951,13696,1.6530555555555555,3.8044444444444445,2.151388888888889,29.9,0,1,0,0
31,M,01:42:19,03:48:17,6139,13697,1.7052777777777777,3.8047222222222223,2.0994444444444444,23.65,0,1,0,0
29,W,01:48:46,03:48:20,6526,13700,1.8127777777777778,3.8055555555555554,1.9927777777777778,10.8,1,1,0,0
51,M,01:37:08,03:48:24,5828,13704,1.6188888888888888,3.8066666666666666,2.187777777777778,34.13333333333333,0,1,0,0
36,M,01:37:20,03:48:25,5840,13705,1.6222222222222222,3.8069444444444445,2.1847222222222222,33.75,0,1,0,0
47,M,01:47:44,03:48:26,6464,13706,1.7955555555555556,3.8072222222222223,2.0116666666666667,12.966666666666667,0,1,0,0
50,M,01:44:04,03:48:28,6244,13708,1.7344444444444445,3.807777777777778,2.0733333333333333,20.333333333333332,0,1,0,0
25,W,01:41:22,03:48:28,6082,13708,1.6894444444444445,3.807777777777778,2.118333333333333,25.733333333333334,1,1,0,0
40,M,01:46:20,03:48:28,6380,13708,1.7722222222222221,3.807777777777778,2.0355555555555553,15.8,0,1,0,0
28,M,01:50:36,03:48:32,6636,13712,1.8433333333333333,3.8088888888888888,1.9655555555555555,7.333333333333333,0,1,0,0
40,W,01:48:32,03:48:34,6512,13714,1.808888888888889,3.8094444444444444,2.0005555555555556,11.5,1,1,0,0
48,W,01:42:53,03:48:34,6173,13714,1.7147222222222223,3.8094444444444444,2.0947222222222224,22.8,1,1,0,0
40,M,01:42:42,03:48:36,6162,13716,1.7116666666666667,3.81,2.098333333333333,23.2,0,1,0,0
32,M,01:49:37,03:48:37,6577,13717,1.8269444444444445,3.810277777777778,1.9833333333333334,9.383333333333333,0,1,0,0
40,M,01:45:47,03:48:46,6347,13726,1.7630555555555556,3.812777777777778,2.049722222222222,17.2,0,1,0,0
36,M,01:42:49,03:48:47,6169,13727,1.7136111111111112,3.8130555555555556,2.0994444444444444,23.15,0,1,0,0
44,M,01:48:02,03:48:49,6482,13729,1.8005555555555555,3.8136111111111113,2.0130555555555554,12.75,0,1,0,0
46,M,01:42:38,03:48:52,6158,13732,1.7105555555555556,3.8144444444444443,2.1038888888888887,23.6,0,1,0,0
45,M,01:42:12,03:48:54,6132,13734,1.7033333333333334,3.815,2.111666666666667,24.5,0,1,0,0
43,M,01:40:46,03:49:01,6046,13741,1.6794444444444445,3.8169444444444443,2.1375,27.483333333333334,0,1,0,0
22,M,01:41:36,03:49:03,6096,13743,1.6933333333333334,3.8175,2.1241666666666665,25.85,0,1,0,0
56,M,01:48:02,03:49:10,6482,13750,1.8005555555555555,3.8194444444444446,2.0188888888888887,13.1,0,1,0,0
23,M,01:47:06,03:49:12,6426,13752,1.785,3.82,2.035,15.0,0,1,0,0
43,M,01:45:50,03:49:14,6350,13754,1.7638888888888888,3.8205555555555555,2.0566666666666666,17.566666666666666,0,1,0,0
60,M,01:47:44,03:49:14,6464,13754,1.7955555555555556,3.8205555555555555,2.025,13.766666666666667,0,1,0,0
43,M,01:48:06,03:49:19,6486,13759,1.8016666666666667,3.8219444444444446,2.020277777777778,13.116666666666667,0,1,0,0
42,W,01:44:31,03:49:20,6271,13760,1.7419444444444445,3.8222222222222224,2.080277777777778,20.3,1,1,0,0
36,M,01:41:01,03:49:25,6061,13765,1.6836111111111112,3.823611111111111,2.14,27.383333333333333,0,1,0,0
34,M,01:56:34,03:49:28,6994,13768,1.9427777777777777,3.8244444444444445,1.8816666666666666,-3.6666666666666665,0,1,0,1
36,M,01:43:00,03:49:38,6180,13778,1.7166666666666666,3.8272222222222223,2.1105555555555555,23.633333333333333,0,1,0,0
58,M,01:45:34,03:49:39,6334,13779,1.7594444444444444,3.8275,2.0680555555555555,18.516666666666666,0,1,0,0
30,W,01:44:25,03:49:40,6265,13780,1.7402777777777778,3.827777777777778,2.0875,20.833333333333332,1,1,0,0
48,M,01:53:48,03:49:43,6828,13783,1.8966666666666667,3.828611111111111,1.9319444444444445,2.1166666666666667,0,1,0,0
45,M,01:43:28,03:49:47,6208,13787,1.7244444444444444,3.8297222222222222,2.105277777777778,22.85,0,1,0,0
52,M,01:45:01,03:49:47,6301,13787,1.7502777777777778,3.8297222222222222,2.0794444444444444,19.75,0,1,0,0
41,W,01:53:46,03:49:54,6826,13794,1.896111111111111,3.8316666666666666,1.9355555555555555,2.3666666666666667,1,1,0,0
39,M,01:53:26,03:49:58,6806,13798,1.8905555555555555,3.832777777777778,1.9422222222222223,3.1,0,1,0,0
55,M,01:44:07,03:50:08,6247,13808,1.7352777777777777,3.8355555555555556,2.100277777777778,21.9,0,1,0,0
38,W,01:46:36,03:50:10,6396,13810,1.7766666666666666,3.8361111111111112,2.0594444444444444,16.966666666666665,1,1,0,0
29,M,01:49:09,03:50:12,6549,13812,1.8191666666666666,3.8366666666666664,2.0175,11.9,0,1,0,0
34,M,01:40:33,03:50:13,6033,13813,1.6758333333333333,3.8369444444444443,2.161111111111111,29.116666666666667,0,1,0,0
40,M,01:46:14,03:50:16,6374,13816,1.7705555555555557,3.8377777777777777,2.067222222222222,17.8,0,1,0,0
42,M,01:52:47,03:50:18,6767,13818,1.8797222222222223,3.8383333333333334,1.958611111111111,4.733333333333333,0,1,0,0
55,M,01:48:02,03:50:21,6482,13821,1.8005555555555555,3.839166666666667,2.038611111111111,14.283333333333333,0,1,0,0
49,M,01:43:27,03:50:25,6207,13825,1.7241666666666666,3.8402777777777777,2.116111111111111,23.516666666666666,0,1,0,0
49,M,01:32:11,03:50:29,5531,13829,1.5363888888888888,3.841388888888889,2.305,46.11666666666667,0,1,0,0
44,M,01:46:25,03:50:36,6385,13836,1.773611111111111,3.8433333333333333,2.069722222222222,17.766666666666666,0,1,0,0
62,M,01:43:08,03:50:36,6188,13836,1.718888888888889,3.8433333333333333,2.1244444444444444,24.333333333333332,0,1,0,0
30,M,01:44:12,03:50:41,6252,13841,1.7366666666666666,3.8447222222222224,2.1080555555555556,22.283333333333335,0,1,0,0
31,W,01:47:11,03:50:46,6431,13846,1.7863888888888888,3.846111111111111,2.0597222222222222,16.4,1,1,0,0
20,W,01:44:31,03:50:52,6271,13852,1.7419444444444445,3.847777777777778,2.1058333333333334,21.833333333333332,1,1,0,0
39,M,01:44:24,03:50:55,6264,13855,1.74,3.848611111111111,2.108611111111111,22.116666666666667,0,1,0,0
26,W,01:42:02,03:50:55,6122,13855,1.7005555555555556,3.848611111111111,2.1480555555555556,26.85,1,1,0,0
38,M,01:46:33,03:50:55,6393,13855,1.7758333333333334,3.848611111111111,2.0727777777777776,17.816666666666666,0,1,0,0
59,W,01:49:45,03:51:01,6585,13861,1.8291666666666666,3.850277777777778,2.0211111111111113,11.516666666666667,1,1,0,0
31,M,01:39:52,03:51:03,5992,13863,1.6644444444444444,3.8508333333333336,2.1863888888888887,31.316666666666666,0,1,0,0
54,M,01:46:51,03:51:03,6411,13863,1.7808333333333333,3.8508333333333336,2.07,17.35,0,1,0,0
44,M,01:47:52,03:51:04,6472,13864,1.7977777777777777,3.851111111111111,2.0533333333333332,15.333333333333334,0,1,0,0
67,M,01:48:58,03:51:06,6538,13866,1.816111111111111,3.8516666666666666,2.0355555555555553,13.166666666666666,0,1,0,0
29,M,01:41:16,03:51:06,6076,13866,1.6877777777777778,3.8516666666666666,2.1638888888888888,28.566666666666666,0,1,0,0
48,M,01:47:10,03:51:11,6430,13871,1.7861111111111112,3.8530555555555557,2.0669444444444443,16.85,0,1,0,0
32,M,01:47:03,03:51:20,6423,13880,1.7841666666666667,3.8555555555555556,2.071388888888889,17.233333333333334,0,1,0,0
39,M,01:43:08,03:51:25,6188,13885,1.718888888888889,3.8569444444444443,2.1380555555555554,25.15,0,1,0,0
50,M,01:48:09,03:51:26,6489,13886,1.8025,3.857222222222222,2.0547222222222223,15.133333333333333,0,1,0,0
45,M,01:48:27,03:51:30,6507,13890,1.8075,3.8583333333333334,2.0508333333333333,14.6,0,1,0,0
51,W,01:53:35,03:51:30,6815,13890,1.8930555555555555,3.8583333333333334,1.9652777777777777,4.333333333333333,1,1,0,0
32,W,01:44:11,03:51:32,6251,13892,1.736388888888889,3.858888888888889,2.1225,23.166666666666668,1,1,0,0
30,M,01:41:46,03:51:33,6106,13893,1.6961111111111111,3.859166666666667,2.1630555555555557,28.016666666666666,0,1,0,0
54,M,01:52:13,03:51:38,6733,13898,1.8702777777777777,3.8605555555555555,1.9902777777777778,7.2,0,1,0,0
29,M,01:44:20,03:51:40,6260,13900,1.738888888888889,3.861111111111111,2.1222222222222222,23.0,0,1,0,0
29,M,01:46:52,03:51:46,6412,13906,1.781111111111111,3.8627777777777776,2.0816666666666666,18.033333333333335,0,1,0,0
34,M,01:44:27,03:51:55,6267,13915,1.7408333333333332,3.8652777777777776,2.1244444444444444,23.016666666666666,0,1,0,0
29,M,01:52:42,03:52:00,6762,13920,1.8783333333333334,3.8666666666666667,1.9883333333333333,6.6,0,1,0,0
25,M,01:46:48,03:52:00,6408,13920,1.78,3.8666666666666667,2.0866666666666664,18.4,0,1,0,0
31,M,01:38:09,03:52:02,5889,13922,1.6358333333333333,3.8672222222222223,2.231388888888889,35.733333333333334,0,1,0,0
36,M,01:55:12,03:52:04,6912,13924,1.92,3.867777777777778,1.9477777777777778,1.6666666666666667,0,1,0,0
42,M,01:49:23,03:52:05,6563,13925,1.8230555555555557,3.8680555555555554,2.045,13.316666666666666,0,1,0,0
47,M,01:45:34,03:52:06,6334,13926,1.7594444444444444,3.868333333333333,2.108888888888889,20.966666666666665,0,1,0,0
55,M,01:54:15,03:52:13,6855,13933,1.9041666666666666,3.870277777777778,1.9661111111111111,3.716666666666667,0,1,0,0
40,W,01:51:38,03:52:13,6698,13933,1.8605555555555555,3.870277777777778,2.0097222222222224,8.95,1,1,0,0
37,W,01:54:59,03:52:16,6899,13936,1.916388888888889,3.871111111111111,1.9547222222222222,2.3,1,1,0,0
27,M,01:36:37,03:52:16,5797,13936,1.6102777777777777,3.871111111111111,2.2608333333333333,39.03333333333333,0,1,0,0
42,M,01:49:19,03:52:17,6559,13937,1.8219444444444444,3.8713888888888888,2.0494444444444446,13.65,0,1,0,0
31,M,01:48:14,03:52:24,6494,13944,1.8038888888888889,3.8733333333333335,2.0694444444444446,15.933333333333334,0,1,0,0
37,W,01:52:43,03:52:33,6763,13953,1.878611111111111,3.8758333333333335,1.9972222222222222,7.116666666666666,1,1,0,0
36,W,01:45:08,03:52:33,6308,13953,1.7522222222222221,3.8758333333333335,2.123611111111111,22.283333333333335,1,1,0,0
29,W,01:47:48,03:52:34,6468,13954,1.7966666666666666,3.8761111111111113,2.0794444444444444,16.966666666666665,1,1,0,0
39,M,01:47:42,03:52:34,6462,13954,1.795,3.8761111111111113,2.081111111111111,17.166666666666668,0,1,0,0
38,M,01:50:35,03:52:35,6635,13955,1.8430555555555554,3.876388888888889,2.033333333333333,11.416666666666666,0,1,0,0
45,M,01:44:16,03:52:35,6256,13955,1.7377777777777779,3.876388888888889,2.138611111111111,24.05,0,1,0,0
36,M,01:51:40,03:52:35,6700,13955,1.8611111111111112,3.876388888888889,2.015277777777778,9.25,0,1,0,0
45,M,01:48:08,03:52:36,6488,13956,1.8022222222222222,3.8766666666666665,2.0744444444444445,16.333333333333332,0,1,0,0
45,M,01:44:36,03:52:36,6276,13956,1.7433333333333334,3.8766666666666665,2.1333333333333333,23.4,0,1,0,0
34,M,01:43:55,03:52:36,6235,13956,1.7319444444444445,3.8766666666666665,2.144722222222222,24.766666666666666,0,1,0,0
34,M,01:52:41,03:52:37,6761,13957,1.8780555555555556,3.8769444444444443,1.998888888888889,7.25,0,1,0,0
57,M,01:44:16,03:52:41,6256,13961,1.7377777777777779,3.8780555555555556,2.140277777777778,24.15,0,1,0,0
34,M,01:47:16,03:52:42,6436,13962,1.7877777777777777,3.8783333333333334,2.0905555555555555,18.166666666666668,0,1,0,0
39,M,01:47:57,03:52:43,6477,13963,1.7991666666666666,3.8786111111111112,2.0794444444444444,16.816666666666666,0,1,0,0
55,M,01:53:32,03:52:43,6812,13963,1.8922222222222222,3.8786111111111112,1.986388888888889,5.65,0,1,0,0
50,M,01:38:02,03:52:44,5882,13964,1.633888888888889,3.878888888888889,2.245,36.666666666666664,0,1,0,0
47,W,01:44:35,03:52:46,6275,13966,1.7430555555555556,3.8794444444444443,2.136388888888889,23.6,1,1,0,0
41,M,01:49:27,03:52:48,6567,13968,1.8241666666666667,3.88,2.055833333333333,13.9,0,1,0,0
32,M,01:53:51,03:52:53,6831,13973,1.8975,3.881388888888889,1.9838888888888888,5.183333333333334,0,1,0,0
39,M,01:35:58,03:52:54,5758,13974,1.5994444444444444,3.881666666666667,2.2822222222222224,40.96666666666667,0,1,0,0
43,M,01:41:26,03:52:56,6086,13976,1.6905555555555556,3.882222222222222,2.191666666666667,30.066666666666666,0,1,0,0
48,M,01:43:22,03:52:58,6202,13978,1.7227777777777777,3.8827777777777777,2.16,26.233333333333334,0,1,0,0
47,W,01:50:35,03:53:01,6635,13981,1.8430555555555554,3.883611111111111,2.0405555555555557,11.85,1,1,0,0
42,M,01:50:17,03:53:01,6617,13981,1.8380555555555556,3.883611111111111,2.0455555555555556,12.45,0,1,0,0
40,M,01:36:27,03:53:02,5787,13982,1.6075,3.883888888888889,2.276388888888889,40.13333333333333,0,1,0,0
41,M,01:45:29,03:53:02,6329,13982,1.7580555555555555,3.883888888888889,2.1258333333333335,22.066666666666666,0,1,0,0
45,M,01:44:15,03:53:09,6255,13989,1.7375,3.8858333333333333,2.1483333333333334,24.65,0,1,0,0
28,W,01:50:12,03:53:11,6612,13991,1.8366666666666667,3.886388888888889,2.049722222222222,12.783333333333333,1,1,0,0
41,M,01:42:45,03:53:13,6165,13993,1.7125,3.8869444444444445,2.1744444444444446,27.716666666666665,0,1,0,0
44,M,01:46:03,03:53:22,6363,14002,1.7675,3.8894444444444445,2.1219444444444444,21.266666666666666,0,1,0,0
32,M,01:55:37,03:53:24,6937,14004,1.9269444444444443,3.89,1.9630555555555556,2.1666666666666665,0,1,0,0
40,M,01:42:21,03:53:27,6141,14007,1.7058333333333333,3.890833333333333,2.185,28.75,0,1,0,0
41,M,01:51:04,03:53:29,6664,14009,1.8511111111111112,3.891388888888889,2.040277777777778,11.35,0,1,0,0
51,M,01:44:36,03:53:30,6276,14010,1.7433333333333334,3.8916666666666666,2.1483333333333334,24.3,0,1,0,0
27,M,01:44:02,03:53:31,6242,14011,1.7338888888888888,3.8919444444444444,2.1580555555555554,25.45,0,1,0,0
29,M,01:47:42,03:53:32,6462,14012,1.795,3.8922222222222222,2.0972222222222223,18.133333333333333,0,1,0,0
34,M,01:47:41,03:53:38,6461,14018,1.7947222222222223,3.8938888888888887,2.0991666666666666,18.266666666666666,0,1,0,0
48,M,01:43:01,03:53:44,6181,14024,1.7169444444444444,3.8955555555555557,2.178611111111111,27.7,0,1,0,0
27,W,01:52:25,03:53:46,6745,14026,1.8736111111111111,3.8961111111111113,2.0225,8.933333333333334,1,1,0,0
31,W,01:48:04,03:53:48,6484,14028,1.801111111111111,3.8966666666666665,2.0955555555555554,17.666666666666668,1,1,0,0
47,M,01:48:34,03:53:50,6514,14030,1.8094444444444444,3.897222222222222,2.0877777777777777,16.7,0,1,0,0
25,M,01:46:40,03:53:51,6400,14031,1.7777777777777777,3.8975,2.1197222222222223,20.516666666666666,0,1,0,0
38,W,01:49:09,03:53:52,6549,14032,1.8191666666666666,3.897777777777778,2.078611111111111,15.566666666666666,1,1,0,0
49,M,01:50:48,03:53:53,6648,14033,1.8466666666666667,3.8980555555555556,2.051388888888889,12.283333333333333,0,1,0,0
48,W,01:46:16,03:54:02,6376,14042,1.771111111111111,3.9005555555555556,2.1294444444444443,21.5,1,1,0,0
35,M,01:45:18,03:54:03,6318,14043,1.755,3.9008333333333334,2.1458333333333335,23.45,0,1,0,0
36,M,01:48:41,03:54:05,6521,14045,1.811388888888889,3.901388888888889,2.09,16.716666666666665,0,1,0,0
41,W,01:49:39,03:54:06,6579,14046,1.8275,3.901666666666667,2.0741666666666667,14.8,1,1,0,0
35,M,01:43:57,03:54:10,6237,14050,1.7325,3.9027777777777777,2.1702777777777778,26.266666666666666,0,1,0,0
30,M,01:54:16,03:54:13,6856,14053,1.9044444444444444,3.903611111111111,1.9991666666666668,5.683333333333334,0,1,0,0
38,M,01:50:02,03:54:19,6602,14059,1.833888888888889,3.9052777777777776,2.071388888888889,14.25,0,1,0,0
46,M,01:43:08,03:54:21,6188,14061,1.718888888888889,3.9058333333333333,2.1869444444444444,28.083333333333332,0,1,0,0
41,M,01:46:33,03:54:24,6393,14064,1.7758333333333334,3.9066666666666667,2.1308333333333334,21.3,0,1,0,0
24,W,01:43:41,03:54:24,6221,14064,1.7280555555555555,3.9066666666666667,2.178611111111111,27.033333333333335,1,1,0,0
34,M,01:37:47,03:54:27,5867,14067,1.6297222222222223,3.9075,2.2777777777777777,38.88333333333333,0,1,0,0
32,W,01:52:17,03:54:29,6737,14069,1.871388888888889,3.9080555555555554,2.0366666666666666,9.916666666666666,1,1,0,0
42,M,01:44:16,03:54:31,6256,14071,1.7377777777777779,3.908611111111111,2.1708333333333334,25.983333333333334,0,1,0,0
46,M,01:46:33,03:54:33,6393,14073,1.7758333333333334,3.9091666666666667,2.1333333333333333,21.45,0,1,0,0
50,M,01:50:26,03:54:39,6626,14079,1.8405555555555555,3.910833333333333,2.0702777777777777,13.783333333333333,0,1,0,0
46,M,01:57:03,03:54:39,7023,14079,1.9508333333333334,3.910833333333333,1.96,0.55,0,1,0,0
24,W,01:48:51,03:54:41,6531,14081,1.8141666666666667,3.911388888888889,2.0972222222222223,16.983333333333334,1,1,0,0
29,W,01:57:19,03:54:42,7039,14082,1.9552777777777777,3.9116666666666666,1.956388888888889,0.06666666666666667,1,1,0,0
40,M,01:47:40,03:54:46,6460,14086,1.7944444444444445,3.912777777777778,2.118333333333333,19.433333333333334,0,1,0,0
35,M,01:46:15,03:54:48,6375,14088,1.7708333333333333,3.9133333333333336,2.1425,22.3,0,1,0,0
46,W,01:44:23,03:54:51,6263,14091,1.7397222222222222,3.9141666666666666,2.1744444444444446,26.083333333333332,1,1,0,0
41,M,01:44:27,03:54:51,6267,14091,1.7408333333333332,3.9141666666666666,2.1733333333333333,25.95,0,1,0,0
36,M,01:50:38,03:54:52,6638,14092,1.843888888888889,3.9144444444444444,2.0705555555555555,13.6,0,1,0,0
46,M,01:41:39,03:55:02,6099,14102,1.6941666666666666,3.917222222222222,2.2230555555555553,31.733333333333334,0,1,0,0
37,M,01:41:59,03:55:02,6119,14102,1.6997222222222221,3.917222222222222,2.2175,31.066666666666666,0,1,0,0
40,M,01:43:20,03:55:03,6200,14103,1.7222222222222223,3.9175,2.1952777777777777,28.383333333333333,0,1,0,0
32,W,01:50:13,03:55:04,6613,14104,1.8369444444444445,3.917777777777778,2.0808333333333335,14.633333333333333,1,1,0,0
49,M,01:41:45,03:55:05,6105,14105,1.6958333333333333,3.9180555555555556,2.2222222222222223,31.583333333333332,0,1,0,0
47,W,01:46:32,03:55:08,6392,14108,1.7755555555555556,3.918888888888889,2.1433333333333335,22.066666666666666,1,1,0,0
38,W,01:53:31,03:55:11,6811,14111,1.8919444444444444,3.919722222222222,2.0277777777777777,8.15,1,1,0,0
40,W,01:44:30,03:55:13,6270,14113,1.7416666666666667,3.9202777777777778,2.178611111111111,26.216666666666665,1,1,0,0
33,M,01:55:38,03:55:16,6938,14116,1.9272222222222222,3.921111111111111,1.9938888888888888,4.0,0,1,0,0
30,M,01:53:04,03:55:16,6784,14116,1.8844444444444444,3.921111111111111,2.0366666666666666,9.133333333333333,0,1,0,0
27,M,01:47:12,03:55:17,6432,14117,1.7866666666666666,3.921388888888889,2.1347222222222224,20.883333333333333,0,1,0,0
30,W,01:51:54,03:55:25,6714,14125,1.865,3.923611111111111,2.058611111111111,11.616666666666667,1,1,0,0
55,M,01:50:33,03:55:28,6633,14128,1.8425,3.9244444444444446,2.0819444444444444,14.366666666666667,0,1,0,0
36,M,01:45:07,03:55:28,6307,14128,1.7519444444444445,3.9244444444444446,2.1725,25.233333333333334,0,1,0,0
43,M,01:48:42,03:55:29,6522,14129,1.8116666666666668,3.924722222222222,2.1130555555555555,18.083333333333332,0,1,0,0
33,M,01:49:05,03:55:38,6545,14138,1.8180555555555555,3.9272222222222224,2.109166666666667,17.466666666666665,0,1,0,0
58,M,01:44:41,03:55:42,6281,14142,1.7447222222222223,3.9283333333333332,2.183611111111111,26.333333333333332,0,1,0,0
47,M,01:36:49,03:55:42,5809,14142,1.613611111111111,3.9283333333333332,2.314722222222222,42.06666666666667,0,1,0,0
33,M,01:47:24,03:55:45,6444,14145,1.79,3.9291666666666667,2.1391666666666667,20.95,0,1,0,0
36,M,01:48:58,03:55:51,6538,14151,1.816111111111111,3.930833333333333,2.1147222222222224,17.916666666666668,0,1,0,0
55,M,01:43:39,03:55:52,6219,14152,1.7275,3.931111111111111,2.203611111111111,28.566666666666666,0,1,0,0
40,M,01:43:13,03:55:55,6193,14155,1.7202777777777778,3.9319444444444445,2.2116666666666664,29.483333333333334,0,1,0,0
43,W,01:47:06,03:55:59,6426,14159,1.785,3.9330555555555557,2.1480555555555556,21.783333333333335,1,1,0,0
29,M,01:45:03,03:56:00,6303,14160,1.7508333333333332,3.933333333333333,2.1825,25.9,0,1,0,0
26,W,01:48:06,03:56:01,6486,14161,1.8016666666666667,3.933611111111111,2.1319444444444446,19.816666666666666,1,1,0,0
34,M,01:44:14,03:56:04,6254,14164,1.7372222222222222,3.9344444444444444,2.1972222222222224,27.6,0,1,0,0
34,W,01:57:24,03:56:06,7044,14166,1.9566666666666668,3.935,1.9783333333333333,1.3,1,1,0,0
47,M,01:54:05,03:56:07,6845,14167,1.9013888888888888,3.935277777777778,2.033888888888889,7.95,0,1,0,0
33,W,01:42:22,03:56:08,6142,14168,1.7061111111111111,3.9355555555555557,2.2294444444444443,31.4,1,1,0,0
38,M,01:47:32,03:56:11,6452,14171,1.7922222222222222,3.9363888888888887,2.1441666666666666,21.116666666666667,0,1,0,0
47,M,01:45:41,03:56:16,6341,14176,1.761388888888889,3.937777777777778,2.176388888888889,24.9,0,1,0,0
59,W,01:53:14,03:56:16,6794,14176,1.8872222222222221,3.937777777777778,2.0505555555555555,9.8,1,1,0,0
60,M,01:52:05,03:56:20,6725,14180,1.8680555555555556,3.938888888888889,2.0708333333333333,12.166666666666666,0,1,0,0
60,M,01:44:52,03:56:20,6292,14180,1.7477777777777779,3.938888888888889,2.1911111111111112,26.6,0,1,0,0
43,M,01:53:24,03:56:23,6804,14183,1.89,3.939722222222222,2.049722222222222,9.583333333333334,0,1,0,0
47,M,01:49:51,03:56:25,6591,14185,1.8308333333333333,3.9402777777777778,2.1094444444444442,16.716666666666665,0,1,0,0
27,M,01:46:40,03:56:27,6400,14187,1.7777777777777777,3.9408333333333334,2.1630555555555557,23.116666666666667,0,1,0,0
34,M,01:43:54,03:56:29,6234,14189,1.7316666666666667,3.941388888888889,2.209722222222222,28.683333333333334,0,1,0,0
47,M,01:43:44,03:56:34,6224,14194,1.728888888888889,3.9427777777777777,2.213888888888889,29.1,0,1,0,0
48,M,01:45:25,03:56:47,6325,14207,1.7569444444444444,3.946388888888889,2.1894444444444443,25.95,0,1,0,0
64,M,01:49:25,03:56:50,6565,14210,1.823611111111111,3.9472222222222224,2.123611111111111,18.0,0,1,0,0
26,W,01:53:28,03:56:51,6808,14211,1.8911111111111112,3.9475,2.056388888888889,9.916666666666666,1,1,0,0
43,M,01:48:00,03:56:51,6480,14211,1.8,3.9475,2.1475,20.85,0,1,0,0
37,M,01:40:29,03:56:52,6029,14212,1.6747222222222222,3.9477777777777776,2.2730555555555556,35.9,0,1,0,0
32,M,01:42:53,03:56:52,6173,14212,1.7147222222222223,3.9477777777777776,2.2330555555555556,31.1,0,1,0,0
23,M,01:51:05,03:56:54,6665,14214,1.851388888888889,3.9483333333333333,2.0969444444444445,14.733333333333333,0,1,0,0
29,M,01:48:00,03:56:55,6480,14215,1.8,3.948611111111111,2.1486111111111112,20.916666666666668,0,1,0,0
43,W,01:49:31,03:56:58,6571,14218,1.8252777777777778,3.9494444444444445,2.1241666666666665,17.933333333333334,1,1,0,0
58,M,01:47:00,03:57:01,6420,14221,1.7833333333333334,3.950277777777778,2.1669444444444443,23.016666666666666,0,1,0,0
51,W,01:56:39,03:57:03,6999,14223,1.9441666666666666,3.950833333333333,2.006666666666667,3.75,1,1,0,0
25,W,01:47:30,03:57:03,6450,14223,1.7916666666666667,3.950833333333333,2.1591666666666667,22.05,1,1,0,0
38,M,01:43:49,03:57:04,6229,14224,1.7302777777777778,3.951111111111111,2.220833333333333,29.433333333333334,0,1,0,0
31,W,01:52:21,03:57:09,6741,14229,1.8725,3.9525,2.08,12.45,1,1,0,0
45,M,01:51:33,03:57:09,6693,14229,1.8591666666666666,3.9525,2.0933333333333333,14.05,0,1,0,0
34,M,01:45:14,03:57:13,6314,14233,1.7538888888888888,3.953611111111111,2.1997222222222224,26.75,0,1,0,0
31,M,01:37:21,03:57:16,5841,14236,1.6225,3.9544444444444444,2.3319444444444444,42.56666666666667,0,1,0,0
41,W,01:47:53,03:57:17,6473,14237,1.7980555555555555,3.9547222222222222,2.1566666666666667,21.516666666666666,1,1,0,0
31,W,01:48:48,03:57:18,6528,14238,1.8133333333333332,3.955,2.1416666666666666,19.7,1,1,0,0
46,M,01:40:44,03:57:20,6044,14240,1.6788888888888889,3.9555555555555557,2.276666666666667,35.86666666666667,0,1,0,0
39,W,01:47:13,03:57:24,6433,14244,1.7869444444444444,3.9566666666666666,2.169722222222222,22.966666666666665,1,1,0,0
44,M,01:48:58,03:57:25,6538,14245,1.816111111111111,3.9569444444444444,2.140833333333333,19.483333333333334,0,1,0,0
44,M,01:48:33,03:57:25,6513,14245,1.8091666666666666,3.9569444444444444,2.147777777777778,20.316666666666666,0,1,0,0
50,M,01:47:52,03:57:28,6472,14248,1.7977777777777777,3.957777777777778,2.16,21.733333333333334,0,1,0,0
34,M,01:50:40,03:57:33,6640,14253,1.8444444444444446,3.9591666666666665,2.1147222222222224,16.216666666666665,0,1,0,0
47,M,01:47:38,03:57:37,6458,14257,1.7938888888888889,3.960277777777778,2.1663888888888887,22.35,0,1,0,0
38,M,01:54:36,03:57:40,6876,14260,1.91,3.9611111111111112,2.051111111111111,8.466666666666667,0,1,0,0
42,M,01:48:26,03:57:40,6506,14260,1.8072222222222223,3.9611111111111112,2.153888888888889,20.8,0,1,0,0
46,M,01:43:41,03:57:43,6221,14263,1.7280555555555555,3.9619444444444443,2.233888888888889,30.35,0,1,0,0
43,M,01:48:04,03:57:44,6484,14264,1.801111111111111,3.962222222222222,2.161111111111111,21.6,0,1,0,0
36,M,01:48:13,03:57:46,6493,14266,1.803611111111111,3.9627777777777777,2.1591666666666667,21.333333333333332,0,1,0,0
35,M,01:56:11,03:57:47,6971,14267,1.936388888888889,3.9630555555555556,2.026666666666667,5.416666666666667,0,1,0,0
46,M,01:43:25,03:57:49,6205,14269,1.7236111111111112,3.963611111111111,2.24,30.983333333333334,0,1,0,0
49,M,01:50:40,03:57:50,6640,14270,1.8444444444444446,3.963888888888889,2.1194444444444445,16.5,0,1,0,0
26,M,01:51:11,03:57:50,6671,14270,1.8530555555555555,3.963888888888889,2.1108333333333333,15.466666666666667,0,1,0,0
31,M,01:46:18,03:57:50,6378,14270,1.7716666666666667,3.963888888888889,2.192222222222222,25.233333333333334,0,1,0,0
40,W,01:47:30,03:57:51,6450,14271,1.7916666666666667,3.964166666666667,2.1725,22.85,1,1,0,0
26,M,01:41:27,03:57:51,6087,14271,1.6908333333333334,3.964166666666667,2.2733333333333334,34.95,0,1,0,0
46,W,01:54:22,03:57:58,6862,14278,1.906111111111111,3.966111111111111,2.06,9.233333333333333,1,1,0,0
27,W,01:42:43,03:57:58,6163,14278,1.7119444444444445,3.966111111111111,2.254166666666667,32.53333333333333,1,1,0,0
34,M,01:48:45,03:58:00,6525,14280,1.8125,3.966666666666667,2.154166666666667,20.5,0,1,0,0
39,M,01:48:22,03:58:00,6502,14280,1.806111111111111,3.966666666666667,2.1605555555555553,21.266666666666666,0,1,0,0
36,M,01:48:39,03:58:01,6519,14281,1.8108333333333333,3.9669444444444446,2.156111111111111,20.716666666666665,0,1,0,0
36,W,01:49:24,03:58:02,6564,14282,1.8233333333333333,3.9672222222222224,2.1438888888888887,19.233333333333334,1,1,0,0
34,M,01:41:43,03:58:04,6103,14284,1.6952777777777779,3.9677777777777776,2.2725,34.63333333333333,0,1,0,0
31,M,01:40:37,03:58:08,6037,14288,1.6769444444444443,3.968888888888889,2.2919444444444443,36.9,0,1,0,0
45,M,01:43:47,03:58:09,6227,14289,1.7297222222222222,3.9691666666666667,2.2394444444444446,30.583333333333332,0,1,0,0
38,M,01:50:04,03:58:11,6604,14291,1.8344444444444445,3.9697222222222224,2.1352777777777776,18.05,0,1,0,0
22,M,01:45:18,03:58:16,6318,14296,1.755,3.971111111111111,2.216111111111111,27.666666666666668,0,1,0,0
42,M,01:38:34,03:58:21,5914,14301,1.6427777777777777,3.9725,2.3297222222222222,41.21666666666667,0,1,0,0
42,M,01:41:15,03:58:24,6075,14304,1.6875,3.973333333333333,2.285833333333333,35.9,0,1,0,0
35,M,01:44:08,03:58:28,6248,14308,1.7355555555555555,3.9744444444444444,2.238888888888889,30.2,0,1,0,0
38,M,01:44:07,03:58:29,6247,14309,1.7352777777777777,3.9747222222222223,2.2394444444444446,30.25,0,1,0,0
44,M,01:59:36,03:58:32,7176,14312,1.9933333333333334,3.9755555555555557,1.9822222222222223,-0.6666666666666666,0,1,0,1
36,M,01:50:38,03:58:33,6638,14313,1.843888888888889,3.9758333333333336,2.1319444444444446,17.283333333333335,0,1,0,0
42,M,01:51:22,03:58:34,6682,14314,1.856111111111111,3.976111111111111,2.12,15.833333333333334,0,1,0,0
56,M,01:48:14,03:58:34,6494,14314,1.8038888888888889,3.976111111111111,2.172222222222222,22.1,0,1,0,0
43,M,01:42:56,03:58:36,6176,14316,1.7155555555555555,3.9766666666666666,2.261111111111111,32.733333333333334,0,1,0,0
35,M,01:53:56,03:58:40,6836,14320,1.8988888888888888,3.977777777777778,2.078888888888889,10.8,0,1,0,0
42,M,01:57:11,03:58:41,7031,14321,1.9530555555555555,3.9780555555555557,2.025,4.316666666666666,0,1,0,0
58,M,01:45:53,03:58:44,6353,14324,1.7647222222222223,3.9788888888888887,2.214166666666667,26.966666666666665,0,1,0,0
48,M,01:48:00,03:58:44,6480,14324,1.8,3.9788888888888887,2.178888888888889,22.733333333333334,0,1,0,0
59,M,01:48:06,03:58:46,6486,14326,1.8016666666666667,3.9794444444444443,2.1777777777777776,22.566666666666666,0,1,0,0
38,M,01:42:47,03:58:49,6167,14329,1.7130555555555556,3.980277777777778,2.2672222222222222,33.25,0,1,0,0
55,W,01:51:43,03:58:53,6703,14333,1.8619444444444444,3.981388888888889,2.1194444444444445,15.45,1,1,0,0
42,M,01:45:39,03:58:57,6339,14337,1.7608333333333333,3.9825,2.2216666666666667,27.65,0,1,0,0
37,W,01:44:41,03:59:02,6281,14342,1.7447222222222223,3.983888888888889,2.2391666666666667,29.666666666666668,1,1,0,0
55,M,01:49:24,03:59:04,6564,14344,1.8233333333333333,3.9844444444444442,2.161111111111111,20.266666666666666,0,1,0,0
41,M,01:48:56,03:59:05,6536,14345,1.8155555555555556,3.984722222222222,2.1691666666666665,21.216666666666665,0,1,0,0
29,M,01:39:38,03:59:12,5978,14352,1.6605555555555556,3.986666666666667,2.326111111111111,39.93333333333333,0,1,0,0
41,M,01:41:52,03:59:18,6112,14358,1.6977777777777778,3.9883333333333333,2.2905555555555557,35.56666666666667,0,1,0,0
41,M,01:51:15,03:59:21,6675,14361,1.8541666666666667,3.9891666666666667,2.135,16.85,0,1,0,0
30,W,01:57:37,03:59:24,7057,14364,1.9602777777777778,3.99,2.0297222222222224,4.166666666666667,1,1,0,0
35,W,01:45:02,03:59:25,6302,14365,1.7505555555555556,3.9902777777777776,2.2397222222222224,29.35,1,1,0,0
29,M,01:46:31,03:59:39,6391,14379,1.7752777777777777,3.9941666666666666,2.218888888888889,26.616666666666667,0,1,0,0
30,M,01:54:03,03:59:44,6843,14384,1.9008333333333334,3.9955555555555557,2.0947222222222224,11.633333333333333,0,1,0,0
33,M,01:50:04,03:59:45,6604,14385,1.8344444444444445,3.995833333333333,2.161388888888889,19.616666666666667,0,1,0,0
51,M,01:49:46,03:59:51,6586,14391,1.8294444444444444,3.9975,2.1680555555555556,20.316666666666666,0,1,0,0
25,M,01:40:53,03:59:51,6053,14391,1.6813888888888888,3.9975,2.3161111111111112,38.083333333333336,0,1,0,0
36,M,01:43:27,03:59:51,6207,14391,1.7241666666666666,3.9975,2.2733333333333334,32.95,0,1,0,0
52,M,01:55:44,03:59:55,6944,14395,1.9288888888888889,3.998611111111111,2.069722222222222,8.45,0,1,0,0
48,M,01:46:58,03:59:57,6418,14397,1.7827777777777778,3.9991666666666665,2.216388888888889,26.016666666666666,0,1,0,0
28,W,01:55:52,04:00:01,6952,14401,1.931111111111111,4.000277777777778,2.069166666666667,8.283333333333333,1,0,0,0
30,W,01:55:27,04:00:06,6927,14406,1.9241666666666666,4.001666666666667,2.0775,9.2,1,0,0,0
39,M,01:56:55,04:00:07,7015,14407,1.948611111111111,4.001944444444445,2.0533333333333332,6.283333333333333,0,0,0,0
36,M,01:47:36,04:00:07,6456,14407,1.7933333333333332,4.001944444444445,2.2086111111111113,24.916666666666668,0,0,0,0
32,M,01:46:46,04:00:08,6406,14408,1.7794444444444444,4.002222222222223,2.222777777777778,26.6,0,0,0,0
26,M,01:56:25,04:00:08,6985,14408,1.9402777777777778,4.002222222222223,2.0619444444444444,7.3,0,0,0,0
23,W,01:52:17,04:00:09,6737,14409,1.871388888888889,4.0025,2.131111111111111,15.583333333333334,1,0,0,0
31,M,01:41:50,04:00:10,6110,14410,1.6972222222222222,4.002777777777778,2.3055555555555554,36.5,0,0,0,0
33,M,01:38:07,04:00:10,5887,14410,1.6352777777777778,4.002777777777778,2.3675,43.93333333333333,0,0,0,0
42,M,01:53:25,04:00:14,6805,14414,1.8902777777777777,4.003888888888889,2.113611111111111,13.4,0,0,0,0
32,M,01:41:14,04:00:15,6074,14415,1.6872222222222222,4.004166666666666,2.3169444444444443,37.78333333333333,0,0,0,0
37,M,01:48:09,04:00:16,6489,14416,1.8025,4.004444444444444,2.2019444444444445,23.966666666666665,0,0,0,0
39,M,01:34:16,04:00:19,5656,14419,1.5711111111111111,4.005277777777778,2.4341666666666666,51.78333333333333,0,0,0,0
33,W,01:47:53,04:00:22,6473,14422,1.7980555555555555,4.006111111111111,2.2080555555555557,24.6,1,0,0,0
44,M,01:45:51,04:00:29,6351,14429,1.7641666666666667,4.008055555555556,2.243888888888889,28.783333333333335,0,0,0,0
32,M,01:43:25,04:00:32,6205,14432,1.7236111111111112,4.0088888888888885,2.285277777777778,33.7,0,0,0,0
47,M,01:47:19,04:00:33,6439,14433,1.7886111111111112,4.009166666666666,2.2205555555555554,25.916666666666668,0,0,0,0
29,M,01:41:52,04:00:35,6112,14435,1.6977777777777778,4.009722222222222,2.3119444444444444,36.85,0,0,0,0
35,M,01:54:25,04:00:37,6865,14437,1.9069444444444446,4.010277777777778,2.1033333333333335,11.783333333333333,0,0,0,0
28,W,01:49:56,04:00:44,6596,14444,1.8322222222222222,4.012222222222222,2.18,20.866666666666667,1,0,0,0
44,M,01:48:13,04:00:47,6493,14447,1.803611111111111,4.013055555555556,2.2094444444444443,24.35,0,0,0,0
47,M,01:47:53,04:00:49,6473,14449,1.7980555555555555,4.0136111111111115,2.2155555555555555,25.05,0,0,0,0
47,M,01:55:11,04:00:52,6911,14452,1.9197222222222223,4.014444444444444,2.0947222222222224,10.5,0,0,0,0
41,M,01:46:21,04:00:55,6381,14455,1.7725,4.0152777777777775,2.242777777777778,28.216666666666665,0,0,0,0
27,W,01:51:11,04:00:55,6671,14455,1.8530555555555555,4.0152777777777775,2.1622222222222223,18.55,1,0,0,0
49,M,01:50:37,04:00:55,6637,14455,1.843611111111111,4.0152777777777775,2.171666666666667,19.683333333333334,0,0,0,0
38,W,01:47:32,04:01:01,6452,14461,1.7922222222222222,4.016944444444444,2.2247222222222223,25.95,1,0,0,0
37,M,01:55:56,04:01:02,6956,14462,1.9322222222222223,4.017222222222222,2.085,9.166666666666666,0,0,0,0
46,M,01:58:35,04:01:02,7115,14462,1.976388888888889,4.017222222222222,2.0408333333333335,3.8666666666666667,0,0,0,0
40,M,01:58:13,04:01:03,7093,14463,1.9702777777777778,4.0175,2.047222222222222,4.616666666666666,0,0,0,0
58,M,01:48:15,04:01:04,6495,14464,1.8041666666666667,4.017777777777778,2.213611111111111,24.566666666666666,0,0,0,0
41,M,01:48:39,04:01:09,6519,14469,1.8108333333333333,4.019166666666667,2.2083333333333335,23.85,0,0,0,0
42,M,01:54:58,04:01:10,6898,14470,1.916111111111111,4.019444444444445,2.1033333333333335,11.233333333333333,0,0,0,0
27,M,01:49:59,04:01:11,6599,14471,1.8330555555555557,4.019722222222223,2.1866666666666665,21.216666666666665,0,0,0,0
55,M,01:47:51,04:01:16,6471,14476,1.7975,4.021111111111111,2.223611111111111,25.566666666666666,0,0,0,0
36,M,01:44:37,04:01:20,6277,14480,1.743611111111111,4.022222222222222,2.278611111111111,32.1,0,0,0,0
39,M,01:57:53,04:01:21,7073,14481,1.9647222222222223,4.0225,2.057777777777778,5.583333333333333,0,0,0,0
40,M,01:56:55,04:01:21,7015,14481,1.948611111111111,4.0225,2.073888888888889,7.516666666666667,0,0,0,0
39,M,01:50:16,04:01:27,6616,14487,1.8377777777777777,4.024166666666667,2.1863888888888887,20.916666666666668,0,0,0,0
39,M,01:48:23,04:01:28,6503,14488,1.8063888888888888,4.024444444444445,2.2180555555555554,24.7,0,0,0,0
34,M,01:45:10,04:01:28,6310,14488,1.7527777777777778,4.024444444444445,2.2716666666666665,31.133333333333333,0,0,0,0
43,M,01:50:45,04:01:29,6645,14489,1.8458333333333334,4.0247222222222225,2.178888888888889,19.983333333333334,0,0,0,0
35,M,02:00:25,04:01:29,7225,14489,2.0069444444444446,4.0247222222222225,2.017777777777778,0.65,0,0,0,0
40,M,01:43:03,04:01:32,6183,14492,1.7175,4.025555555555556,2.3080555555555557,35.43333333333333,0,0,0,0
45,M,01:57:18,04:01:34,7038,14494,1.955,4.026111111111111,2.071111111111111,6.966666666666667,0,0,0,0
56,M,01:51:21,04:01:34,6681,14494,1.8558333333333332,4.026111111111111,2.1702777777777778,18.866666666666667,0,0,0,0
47,M,01:55:01,04:01:36,6901,14496,1.9169444444444443,4.026666666666666,2.109722222222222,11.566666666666666,0,0,0,0
46,M,01:49:47,04:01:43,6587,14503,1.8297222222222222,4.028611111111111,2.198888888888889,22.15,0,0,0,0
40,M,01:49:18,04:01:45,6558,14505,1.8216666666666668,4.029166666666667,2.2075,23.15,0,0,0,0
29,M,01:50:04,04:01:46,6604,14506,1.8344444444444445,4.029444444444445,2.195,21.633333333333333,0,0,0,0
52,M,01:56:06,04:01:54,6966,14514,1.935,4.031666666666666,2.0966666666666667,9.7,0,0,0,0
28,M,01:48:08,04:01:54,6488,14514,1.8022222222222222,4.031666666666666,2.2294444444444443,25.633333333333333,0,0,0,0
34,M,01:47:56,04:01:58,6476,14518,1.798888888888889,4.032777777777778,2.233888888888889,26.1,0,0,0,0
56,M,01:47:21,04:02:00,6441,14520,1.7891666666666666,4.033333333333333,2.2441666666666666,27.3,0,0,0,0
50,M,01:52:07,04:02:03,6727,14523,1.868611111111111,4.034166666666667,2.1655555555555557,17.816666666666666,0,0,0,0
33,M,01:47:05,04:02:04,6425,14524,1.7847222222222223,4.0344444444444445,2.249722222222222,27.9,0,0,0,0
44,M,01:48:23,04:02:11,6503,14531,1.8063888888888888,4.036388888888889,2.23,25.416666666666668,0,0,0,0
51,M,01:45:25,04:02:13,6325,14533,1.7569444444444444,4.036944444444444,2.28,31.383333333333333,0,0,0,0
40,M,01:48:25,04:02:16,6505,14536,1.8069444444444445,4.0377777777777775,2.2308333333333334,25.433333333333334,0,0,0,0
44,M,01:46:34,04:02:16,6394,14536,1.7761111111111112,4.0377777777777775,2.2616666666666667,29.133333333333333,0,0,0,0
20,M,01:51:26,04:02:17,6686,14537,1.8572222222222223,4.038055555555555,2.180833333333333,19.416666666666668,0,0,0,0
49,M,01:47:57,04:02:20,6477,14540,1.7991666666666666,4.038888888888889,2.2397222222222224,26.433333333333334,0,0,0,0
40,W,01:49:36,04:02:21,6576,14541,1.8266666666666667,4.039166666666667,2.2125,23.15,1,0,0,0
39,M,01:44:49,04:02:25,6289,14545,1.7469444444444444,4.040277777777778,2.2933333333333334,32.78333333333333,0,0,0,0
38,M,01:46:51,04:02:27,6411,14547,1.7808333333333333,4.0408333333333335,2.26,28.75,0,0,0,0
45,M,01:50:25,04:02:40,6625,14560,1.8402777777777777,4.044444444444444,2.2041666666666666,21.833333333333332,0,0,0,0
31,M,01:45:20,04:02:41,6320,14561,1.7555555555555555,4.044722222222222,2.2891666666666666,32.016666666666666,0,0,0,0
39,M,01:52:28,04:02:42,6748,14562,1.8744444444444444,4.045,2.1705555555555556,17.766666666666666,0,0,0,0
42,M,01:53:56,04:02:44,6836,14564,1.8988888888888888,4.045555555555556,2.1466666666666665,14.866666666666667,0,0,0,0
40,M,01:44:20,04:02:45,6260,14565,1.738888888888889,4.045833333333333,2.3069444444444445,34.083333333333336,0,0,0,0
42,M,01:42:56,04:02:47,6176,14567,1.7155555555555555,4.046388888888889,2.3308333333333335,36.916666666666664,0,0,0,0
51,M,01:44:30,04:02:52,6270,14572,1.7416666666666667,4.047777777777778,2.306111111111111,33.86666666666667,0,0,0,0
36,M,01:49:00,04:02:53,6540,14573,1.8166666666666667,4.048055555555556,2.231388888888889,24.883333333333333,0,0,0,0
50,M,01:46:28,04:02:55,6388,14575,1.7744444444444445,4.048611111111111,2.2741666666666664,29.983333333333334,0,0,0,0
44,M,02:00:30,04:02:55,7230,14575,2.0083333333333333,4.048611111111111,2.040277777777778,1.9166666666666667,0,0,0,0
49,M,01:47:58,04:02:57,6478,14577,1.7994444444444444,4.049166666666666,2.249722222222222,27.016666666666666,0,0,0,0
30,W,01:53:43,04:03:01,6823,14581,1.8952777777777778,4.050277777777778,2.155,15.583333333333334,1,0,0,0
39,M,01:49:56,04:03:08,6596,14588,1.8322222222222222,4.052222222222222,2.22,23.266666666666666,0,0,0,0
29,M,01:54:51,04:03:14,6891,14594,1.9141666666666666,4.053888888888889,2.1397222222222223,13.533333333333333,0,0,0,0
26,W,01:49:17,04:03:16,6557,14596,1.821388888888889,4.054444444444444,2.2330555555555556,24.7,1,0,0,0
28,W,01:52:53,04:03:18,6773,14598,1.881388888888889,4.055,2.173611111111111,17.533333333333335,1,0,0,0
56,M,01:57:18,04:03:21,7038,14601,1.955,4.055833333333333,2.1008333333333336,8.75,0,0,0,0
28,W,01:49:44,04:03:24,6584,14604,1.8288888888888888,4.056666666666667,2.227777777777778,23.933333333333334,1,0,0,0
68,W,01:47:27,04:03:25,6447,14605,1.7908333333333333,4.0569444444444445,2.266111111111111,28.516666666666666,1,0,0,0
25,W,01:49:51,04:03:26,6591,14606,1.8308333333333333,4.057222222222222,2.2263888888888888,23.733333333333334,1,0,0,0
53,M,01:49:30,04:03:30,6570,14610,1.825,4.058333333333334,2.2333333333333334,24.5,0,0,0,0
42,M,01:52:20,04:03:31,6740,14611,1.8722222222222222,4.058611111111111,2.1863888888888887,18.85,0,0,0,0
46,M,01:51:04,04:03:40,6664,14620,1.8511111111111112,4.061111111111111,2.21,21.533333333333335,0,0,0,0
50,W,01:51:41,04:03:44,6701,14624,1.861388888888889,4.062222222222222,2.200833333333333,20.366666666666667,1,0,0,0
32,M,01:44:33,04:03:44,6273,14624,1.7425,4.062222222222222,2.319722222222222,34.63333333333333,0,0,0,0
46,M,01:50:18,04:03:47,6618,14627,1.8383333333333334,4.063055555555556,2.2247222222222223,23.183333333333334,0,0,0,0
37,M,01:48:01,04:03:50,6481,14630,1.8002777777777779,4.063888888888889,2.263611111111111,27.8,0,0,0,0
25,M,01:55:46,04:03:50,6946,14630,1.9294444444444445,4.063888888888889,2.1344444444444446,12.3,0,0,0,0
51,M,01:47:39,04:03:50,6459,14630,1.7941666666666667,4.063888888888889,2.269722222222222,28.533333333333335,0,0,0,0
40,W,01:48:23,04:03:52,6503,14632,1.8063888888888888,4.064444444444445,2.2580555555555555,27.1,1,0,0,0
42,W,01:46:09,04:03:53,6369,14633,1.7691666666666668,4.064722222222223,2.2955555555555556,31.583333333333332,1,0,0,0
30,W,01:51:55,04:03:55,6715,14635,1.8652777777777778,4.065277777777778,2.2,20.083333333333332,1,0,0,0
49,M,01:51:04,04:03:57,6664,14637,1.8511111111111112,4.065833333333333,2.214722222222222,21.816666666666666,0,0,0,0
42,M,01:47:43,04:03:59,6463,14639,1.7952777777777778,4.066388888888889,2.2711111111111113,28.55,0,0,0,0
47,M,01:51:00,04:04:02,6660,14642,1.85,4.067222222222222,2.2172222222222224,22.033333333333335,0,0,0,0
46,W,01:53:38,04:04:09,6818,14649,1.893888888888889,4.069166666666667,2.1752777777777776,16.883333333333333,1,0,0,0
49,M,01:47:33,04:04:09,6453,14649,1.7925,4.069166666666667,2.276666666666667,29.05,0,0,0,0
49,M,01:45:15,04:04:10,6315,14650,1.7541666666666667,4.069444444444445,2.3152777777777778,33.666666666666664,0,0,0,0
46,M,01:51:58,04:04:11,6718,14651,1.866111111111111,4.0697222222222225,2.203611111111111,20.25,0,0,0,0
38,M,01:47:26,04:04:12,6446,14652,1.7905555555555555,4.07,2.2794444444444446,29.333333333333332,0,0,0,0
41,M,01:47:03,04:04:17,6423,14657,1.7841666666666667,4.0713888888888885,2.2872222222222223,30.183333333333334,0,0,0,0
42,M,01:49:09,04:04:18,6549,14658,1.8191666666666666,4.071666666666666,2.2525,26.0,0,0,0,0
28,M,01:45:12,04:04:18,6312,14658,1.7533333333333334,4.071666666666666,2.3183333333333334,33.9,0,0,0,0
50,M,01:38:57,04:04:32,5937,14672,1.6491666666666667,4.075555555555556,2.426388888888889,46.63333333333333,0,0,0,0
67,M,01:50:37,04:04:32,6637,14672,1.843611111111111,4.075555555555556,2.2319444444444443,23.3,0,0,0,0
33,W,01:50:12,04:04:34,6612,14674,1.8366666666666667,4.0761111111111115,2.2394444444444446,24.166666666666668,1,0,0,0
29,M,01:36:18,04:04:38,5778,14678,1.605,4.077222222222222,2.4722222222222223,52.03333333333333,0,0,0,0
39,M,01:46:13,04:04:41,6373,14681,1.7702777777777778,4.078055555555555,2.307777777777778,32.25,0,0,0,0
43,M,01:46:13,04:04:41,6373,14681,1.7702777777777778,4.078055555555555,2.307777777777778,32.25,0,0,0,0
31,M,01:53:04,04:04:45,6784,14685,1.8844444444444444,4.079166666666667,2.194722222222222,18.616666666666667,0,0,0,0
32,M,01:50:47,04:04:45,6647,14685,1.8463888888888889,4.079166666666667,2.2327777777777778,23.183333333333334,0,0,0,0
32,W,01:53:38,04:04:46,6818,14686,1.893888888888889,4.079444444444444,2.1855555555555557,17.5,1,0,0,0
35,M,01:49:53,04:04:47,6593,14687,1.831388888888889,4.079722222222222,2.2483333333333335,25.016666666666666,0,0,0,0
47,W,01:51:23,04:04:47,6683,14687,1.8563888888888889,4.079722222222222,2.223333333333333,22.016666666666666,1,0,0,0
43,M,01:57:01,04:04:50,7021,14690,1.9502777777777778,4.080555555555556,2.1302777777777777,10.8,0,0,0,0
33,W,01:49:41,04:04:51,6581,14691,1.8280555555555555,4.0808333333333335,2.2527777777777778,25.483333333333334,1,0,0,0
31,W,01:50:17,04:04:51,6617,14691,1.8380555555555556,4.0808333333333335,2.242777777777778,24.283333333333335,1,0,0,0
56,M,01:53:58,04:04:54,6838,14694,1.8994444444444445,4.081666666666667,2.1822222222222223,16.966666666666665,0,0,0,0
57,M,01:49:51,04:05:01,6591,14701,1.8308333333333333,4.083611111111111,2.2527777777777778,25.316666666666666,0,0,0,0
39,M,01:52:46,04:05:02,6766,14702,1.8794444444444445,4.083888888888889,2.2044444444444444,19.5,0,0,0,0
39,M,01:39:11,04:05:03,5951,14703,1.6530555555555555,4.0841666666666665,2.431111111111111,46.68333333333333,0,0,0,0
38,M,01:43:43,04:05:04,6223,14704,1.728611111111111,4.084444444444444,2.3558333333333334,37.63333333333333,0,0,0,0
37,M,01:48:13,04:05:04,6493,14704,1.803611111111111,4.084444444444444,2.2808333333333333,28.633333333333333,0,0,0,0
48,M,01:43:14,04:05:04,6194,14704,1.7205555555555556,4.084444444444444,2.363888888888889,38.6,0,0,0,0
40,M,01:50:10,04:05:05,6610,14705,1.836111111111111,4.084722222222222,2.248611111111111,24.75,0,0,0,0
56,M,01:46:14,04:05:06,6374,14706,1.7705555555555557,4.085,2.3144444444444443,32.63333333333333,0,0,0,0
37,M,01:44:46,04:05:06,6286,14706,1.7461111111111112,4.085,2.338888888888889,35.56666666666667,0,0,0,0
28,W,01:48:26,04:05:07,6506,14707,1.8072222222222223,4.085277777777778,2.2780555555555555,28.25,1,0,0,0
39,M,01:40:21,04:05:16,6021,14716,1.6725,4.087777777777778,2.415277777777778,44.56666666666667,0,0,0,0
36,M,01:45:16,04:05:19,6316,14719,1.7544444444444445,4.088611111111111,2.3341666666666665,34.78333333333333,0,0,0,0
53,M,01:49:18,04:05:21,6558,14721,1.8216666666666668,4.089166666666666,2.2675,26.75,0,0,0,0
31,M,01:50:51,04:05:23,6651,14723,1.8475,4.089722222222222,2.2422222222222223,23.683333333333334,0,0,0,0
44,M,01:47:12,04:05:26,6432,14726,1.7866666666666666,4.0905555555555555,2.303888888888889,31.033333333333335,0,0,0,0
45,M,01:47:46,04:05:33,6466,14733,1.7961111111111112,4.0925,2.296388888888889,30.016666666666666,0,0,0,0
31,M,01:51:22,04:05:33,6682,14733,1.856111111111111,4.0925,2.236388888888889,22.816666666666666,0,0,0,0
38,M,01:54:26,04:05:36,6866,14736,1.9072222222222222,4.093333333333334,2.186111111111111,16.733333333333334,0,0,0,0
30,M,01:51:59,04:05:42,6719,14742,1.8663888888888889,4.095,2.2286111111111113,21.733333333333334,0,0,0,0
33,M,01:46:04,04:05:42,6364,14742,1.7677777777777777,4.095,2.3272222222222223,33.56666666666667,0,0,0,0
42,M,01:45:25,04:05:55,6325,14755,1.7569444444444444,4.098611111111111,2.341666666666667,35.083333333333336,0,0,0,0
29,M,01:49:10,04:05:56,6550,14756,1.8194444444444444,4.098888888888889,2.2794444444444446,27.6,0,0,0,0
27,W,01:44:56,04:05:57,6296,14757,1.748888888888889,4.099166666666667,2.350277777777778,36.083333333333336,1,0,0,0
41,M,01:55:25,04:05:58,6925,14758,1.9236111111111112,4.099444444444444,2.1758333333333333,15.133333333333333,0,0,0,0
46,M,01:51:41,04:06:14,6701,14774,1.861388888888889,4.103888888888889,2.2425,22.866666666666667,0,0,0,0
41,M,01:49:50,04:06:15,6590,14775,1.8305555555555555,4.104166666666667,2.2736111111111112,26.583333333333332,0,0,0,0
43,M,01:46:45,04:06:16,6405,14776,1.7791666666666666,4.104444444444445,2.325277777777778,32.766666666666666,0,0,0,0
34,M,01:53:42,04:06:17,6822,14777,1.895,4.104722222222223,2.209722222222222,18.883333333333333,0,0,0,0
63,M,02:00:19,04:06:21,7219,14781,2.0052777777777777,4.105833333333333,2.1005555555555557,5.716666666666667,0,0,0,0
26,M,01:48:31,04:06:22,6511,14782,1.8086111111111112,4.106111111111111,2.2975,29.333333333333332,0,0,0,0
57,M,01:49:34,04:06:22,6574,14782,1.826111111111111,4.106111111111111,2.28,27.233333333333334,0,0,0,0
63,M,01:48:10,04:06:24,6490,14784,1.8027777777777778,4.1066666666666665,2.303888888888889,30.066666666666666,0,0,0,0
51,M,01:49:59,04:06:26,6599,14786,1.8330555555555557,4.107222222222222,2.2741666666666664,26.466666666666665,0,0,0,0
47,M,01:42:51,04:06:27,6171,14787,1.7141666666666666,4.1075,2.3933333333333335,40.75,0,0,0,0
40,M,01:56:18,04:06:29,6978,14789,1.9383333333333332,4.108055555555556,2.169722222222222,13.883333333333333,0,0,0,0
52,M,01:49:15,04:06:29,6555,14789,1.8208333333333333,4.108055555555556,2.2872222222222223,27.983333333333334,0,0,0,0
37,M,01:44:11,04:06:33,6251,14793,1.736388888888889,4.109166666666667,2.372777777777778,38.18333333333333,0,0,0,0
42,M,02:03:03,04:06:33,7383,14793,2.0508333333333333,4.109166666666667,2.058333333333333,0.45,0,0,0,0
26,M,01:57:21,04:06:36,7041,14796,1.9558333333333333,4.11,2.154166666666667,11.9,0,0,0,0
45,M,01:57:57,04:06:38,7077,14798,1.9658333333333333,4.110555555555556,2.144722222222222,10.733333333333333,0,0,0,0
42,M,01:42:09,04:06:39,6129,14799,1.7025,4.110833333333333,2.408333333333333,42.35,0,0,0,0
38,M,01:50:18,04:06:39,6618,14799,1.8383333333333334,4.110833333333333,2.2725,26.05,0,0,0,0
42,M,01:45:06,04:06:41,6306,14801,1.7516666666666667,4.1113888888888885,2.359722222222222,36.483333333333334,0,0,0,0
40,M,01:46:55,04:06:41,6415,14801,1.7819444444444446,4.1113888888888885,2.3294444444444444,32.85,0,0,0,0
41,M,01:45:39,04:06:44,6339,14804,1.7608333333333333,4.112222222222222,2.3513888888888888,35.43333333333333,0,0,0,0
47,M,01:49:53,04:06:44,6593,14804,1.831388888888889,4.112222222222222,2.2808333333333333,26.966666666666665,0,0,0,0
55,M,01:47:53,04:06:50,6473,14810,1.7980555555555555,4.113888888888889,2.3158333333333334,31.066666666666666,0,0,0,0
30,M,01:58:25,04:06:55,7105,14815,1.9736111111111112,4.115277777777778,2.1416666666666666,10.083333333333334,0,0,0,0
37,M,01:50:41,04:07:01,6641,14821,1.8447222222222222,4.116944444444444,2.272222222222222,25.65,0,0,0,0
30,M,01:52:48,04:07:03,6768,14823,1.88,4.1175,2.2375,21.45,0,0,0,0
26,M,01:46:15,04:07:05,6375,14825,1.7708333333333333,4.118055555555555,2.3472222222222223,34.583333333333336,0,0,0,0
39,M,01:48:27,04:07:10,6507,14830,1.8075,4.1194444444444445,2.3119444444444444,30.266666666666666,0,0,0,0
38,W,01:52:47,04:07:12,6767,14832,1.8797222222222223,4.12,2.2402777777777776,21.633333333333333,1,0,0,0
41,M,01:52:46,04:07:17,6766,14837,1.8794444444444445,4.121388888888889,2.2419444444444445,21.75,0,0,0,0
44,M,01:50:06,04:07:19,6606,14839,1.835,4.121944444444445,2.2869444444444444,27.116666666666667,0,0,0,0
46,M,01:44:16,04:07:20,6256,14840,1.7377777777777779,4.122222222222222,2.3844444444444446,38.8,0,0,0,0
41,M,01:58:25,04:07:21,7105,14841,1.9736111111111112,4.1225,2.148888888888889,10.516666666666667,0,0,0,0
34,M,01:48:58,04:07:26,6538,14846,1.816111111111111,4.123888888888889,2.307777777777778,29.5,0,0,0,0
39,M,01:56:30,04:07:28,6990,14848,1.9416666666666667,4.124444444444444,2.182777777777778,14.466666666666667,0,0,0,0
31,W,01:48:24,04:07:35,6504,14855,1.8066666666666666,4.126388888888889,2.319722222222222,30.783333333333335,1,0,0,0
51,M,01:50:48,04:07:46,6648,14866,1.8466666666666667,4.129444444444444,2.2827777777777776,26.166666666666668,0,0,0,0
43,M,02:04:56,04:07:46,7496,14866,2.082222222222222,4.129444444444444,2.047222222222222,-2.1,0,0,0,1
36,M,01:41:04,04:07:49,6064,14869,1.6844444444444444,4.130277777777778,2.4458333333333333,45.68333333333333,0,0,0,0
59,M,01:51:08,04:07:53,6668,14873,1.8522222222222222,4.131388888888889,2.279166666666667,25.616666666666667,0,0,0,0
60,M,01:47:24,04:07:56,6444,14876,1.79,4.1322222222222225,2.3422222222222224,33.13333333333333,0,0,0,0
31,M,01:39:42,04:07:59,5982,14879,1.6616666666666666,4.133055555555556,2.471388888888889,48.583333333333336,0,0,0,0
39,M,01:57:21,04:07:59,7041,14879,1.9558333333333333,4.133055555555556,2.1772222222222224,13.283333333333333,0,0,0,0
27,M,01:49:35,04:08:01,6575,14881,1.8263888888888888,4.133611111111111,2.3072222222222223,28.85,0,0,0,0
38,M,01:53:44,04:08:02,6824,14882,1.8955555555555557,4.1338888888888885,2.2383333333333333,20.566666666666666,0,0,0,0
45,M,01:55:40,04:08:05,6940,14885,1.9277777777777778,4.134722222222222,2.2069444444444444,16.75,0,0,0,0
42,W,01:52:08,04:08:06,6728,14886,1.8688888888888888,4.135,2.266111111111111,23.833333333333332,1,0,0,0
37,M,01:58:11,04:08:08,7091,14888,1.9697222222222222,4.135555555555555,2.1658333333333335,11.766666666666667,0,0,0,0
56,W,02:01:43,04:08:09,7303,14889,2.028611111111111,4.135833333333333,2.107222222222222,4.716666666666667,1,0,0,0
39,M,01:51:42,04:08:10,6702,14890,1.8616666666666666,4.136111111111111,2.2744444444444443,24.766666666666666,0,0,0,0
47,M,01:55:43,04:08:14,6943,14894,1.928611111111111,4.137222222222222,2.2086111111111113,16.8,0,0,0,0
28,W,01:51:35,04:08:16,6695,14896,1.8597222222222223,4.137777777777778,2.2780555555555555,25.1,1,0,0,0
26,M,01:40:48,04:08:16,6048,14896,1.68,4.137777777777778,2.457777777777778,46.666666666666664,0,0,0,0
55,M,02:04:24,04:08:19,7464,14899,2.0733333333333333,4.1386111111111115,2.0652777777777778,-0.48333333333333334,0,0,0,1
46,M,01:48:00,04:08:21,6480,14901,1.8,4.139166666666667,2.339166666666667,32.35,0,0,0,0
44,W,01:52:04,04:08:23,6724,14903,1.8677777777777778,4.139722222222222,2.2719444444444443,24.25,1,0,0,0
45,W,01:48:27,04:08:23,6507,14903,1.8075,4.139722222222222,2.332222222222222,31.483333333333334,1,0,0,0
46,M,01:51:40,04:08:24,6700,14904,1.8611111111111112,4.14,2.278888888888889,25.066666666666666,0,0,0,0
52,M,01:46:17,04:08:26,6377,14906,1.771388888888889,4.140555555555555,2.3691666666666666,35.86666666666667,0,0,0,0
48,M,01:49:02,04:08:27,6542,14907,1.8172222222222223,4.140833333333333,2.323611111111111,30.383333333333333,0,0,0,0
47,W,01:48:51,04:08:27,6531,14907,1.8141666666666667,4.140833333333333,2.3266666666666667,30.75,1,0,0,0
25,W,01:52:15,04:08:28,6735,14908,1.8708333333333333,4.141111111111111,2.270277777777778,23.966666666666665,1,0,0,0
27,M,01:46:34,04:08:34,6394,14914,1.7761111111111112,4.142777777777778,2.3666666666666667,35.43333333333333,0,0,0,0
41,M,01:51:39,04:08:34,6699,14914,1.8608333333333333,4.142777777777778,2.2819444444444446,25.266666666666666,0,0,0,0
39,M,01:45:28,04:08:36,6328,14916,1.7577777777777779,4.1433333333333335,2.3855555555555554,37.666666666666664,0,0,0,0
37,M,02:00:32,04:08:39,7232,14919,2.008888888888889,4.144166666666667,2.1352777777777776,7.583333333333333,0,0,0,0
38,M,01:54:07,04:08:40,6847,14920,1.9019444444444444,4.144444444444445,2.2425,20.433333333333334,0,0,0,0
32,W,01:56:30,04:08:42,6990,14922,1.9416666666666667,4.145,2.203333333333333,15.7,1,0,0,0
36,M,01:48:52,04:08:42,6532,14922,1.8144444444444445,4.145,2.3305555555555557,30.966666666666665,0,0,0,0
47,M,01:53:33,04:08:44,6813,14924,1.8925,4.145555555555555,2.2530555555555556,21.633333333333333,0,0,0,0
23,M,01:39:20,04:08:47,5960,14927,1.6555555555555554,4.146388888888889,2.4908333333333332,50.11666666666667,0,0,0,0
32,M,01:54:46,04:08:47,6886,14927,1.9127777777777777,4.146388888888889,2.233611111111111,19.25,0,0,0,0
36,M,01:48:27,04:08:49,6507,14929,1.8075,4.146944444444444,2.3394444444444447,31.916666666666668,0,0,0,0
45,W,01:52:40,04:08:51,6760,14931,1.8777777777777778,4.1475,2.269722222222222,23.516666666666666,1,0,0,0
47,W,01:51:00,04:08:54,6660,14934,1.85,4.148333333333333,2.2983333333333333,26.9,1,0,0,0
31,M,01:53:21,04:08:57,6801,14937,1.8891666666666667,4.149166666666667,2.26,22.25,0,0,0,0
38,M,01:38:44,04:09:01,5924,14941,1.6455555555555557,4.150277777777778,2.504722222222222,51.55,0,0,0,0
29,M,01:47:09,04:09:04,6429,14944,1.7858333333333334,4.151111111111111,2.3652777777777776,34.766666666666666,0,0,0,0
51,M,01:54:30,04:09:04,6870,14944,1.9083333333333334,4.151111111111111,2.242777777777778,20.066666666666666,0,0,0,0
45,M,01:51:01,04:09:05,6661,14945,1.8502777777777777,4.151388888888889,2.301111111111111,27.05,0,0,0,0
56,M,01:53:10,04:09:08,6790,14948,1.886111111111111,4.152222222222222,2.266111111111111,22.8,0,0,0,0
66,M,01:49:03,04:09:08,6543,14948,1.8175,4.152222222222222,2.334722222222222,31.033333333333335,0,0,0,0
45,M,01:49:38,04:09:09,6578,14949,1.8272222222222223,4.1525,2.325277777777778,29.883333333333333,0,0,0,0
43,M,01:52:00,04:09:09,6720,14949,1.8666666666666667,4.1525,2.285833333333333,25.15,0,0,0,0
26,M,01:33:54,04:09:09,5634,14949,1.565,4.1525,2.5875,61.35,0,0,0,0
34,M,01:48:11,04:09:10,6491,14950,1.8030555555555556,4.152777777777778,2.3497222222222223,32.8,0,0,0,0
34,M,01:43:02,04:09:15,6182,14955,1.7172222222222222,4.154166666666667,2.4369444444444444,43.18333333333333,0,0,0,0
38,W,01:49:32,04:09:26,6572,14966,1.8255555555555556,4.157222222222222,2.3316666666666666,30.366666666666667,1,0,0,0
46,M,01:50:01,04:09:27,6601,14967,1.833611111111111,4.1575,2.323888888888889,29.416666666666668,0,0,0,0
47,M,01:49:18,04:09:31,6558,14971,1.8216666666666668,4.158611111111111,2.3369444444444443,30.916666666666668,0,0,0,0
39,M,01:51:02,04:09:32,6662,14972,1.8505555555555555,4.158888888888889,2.308333333333333,27.466666666666665,0,0,0,0
29,W,01:57:42,04:09:32,7062,14972,1.9616666666666667,4.158888888888889,2.1972222222222224,14.133333333333333,1,0,0,0
58,M,01:54:20,04:09:32,6860,14972,1.9055555555555554,4.158888888888889,2.2533333333333334,20.866666666666667,0,0,0,0
27,M,01:40:23,04:09:40,6023,14980,1.6730555555555555,4.161111111111111,2.4880555555555555,48.9,0,0,0,0
46,M,01:42:39,04:09:40,6159,14980,1.7108333333333334,4.161111111111111,2.450277777777778,44.36666666666667,0,0,0,0
49,M,01:51:06,04:09:40,6666,14980,1.8516666666666666,4.161111111111111,2.3094444444444444,27.466666666666665,0,0,0,0
43,M,01:36:34,04:09:43,5794,14983,1.6094444444444445,4.161944444444444,2.5525,56.583333333333336,0,0,0,0
52,M,01:53:12,04:09:47,6792,14987,1.8866666666666667,4.163055555555555,2.276388888888889,23.383333333333333,0,0,0,0
50,M,01:49:19,04:09:53,6559,14993,1.8219444444444444,4.164722222222222,2.3427777777777776,31.25,0,0,0,0
31,W,02:00:03,04:10:02,7203,15002,2.0008333333333335,4.167222222222223,2.1663888888888887,9.933333333333334,1,0,0,0
45,M,01:50:40,04:10:10,6640,15010,1.8444444444444446,4.169444444444444,2.325,28.833333333333332,0,0,0,0
59,M,01:47:53,04:10:11,6473,15011,1.7980555555555555,4.169722222222222,2.3716666666666666,34.416666666666664,0,0,0,0
25,M,01:48:52,04:10:12,6532,15012,1.8144444444444445,4.17,2.3555555555555556,32.46666666666667,0,0,0,0
53,M,01:50:25,04:10:12,6625,15012,1.8402777777777777,4.17,2.3297222222222222,29.366666666666667,0,0,0,0
39,M,01:57:07,04:10:15,7027,15015,1.9519444444444445,4.170833333333333,2.218888888888889,16.016666666666666,0,0,0,0
46,W,01:54:48,04:10:18,6888,15018,1.9133333333333333,4.171666666666667,2.2583333333333333,20.7,1,0,0,0
53,M,01:48:41,04:10:22,6521,15022,1.811388888888889,4.172777777777778,2.361388888888889,33.0,0,0,0,0
47,M,01:52:43,04:10:26,6763,15026,1.878611111111111,4.1738888888888885,2.2952777777777778,25.0,0,0,0,0
36,W,01:52:52,04:10:26,6772,15026,1.8811111111111112,4.1738888888888885,2.292777777777778,24.7,1,0,0,0
44,M,01:54:09,04:10:29,6849,15029,1.9025,4.174722222222222,2.272222222222222,22.183333333333334,0,0,0,0
35,M,01:54:55,04:10:29,6895,15029,1.9152777777777779,4.174722222222222,2.2594444444444446,20.65,0,0,0,0
52,W,01:54:34,04:10:31,6874,15031,1.9094444444444445,4.175277777777778,2.265833333333333,21.383333333333333,1,0,0,0
45,M,01:53:08,04:10:33,6788,15033,1.8855555555555557,4.175833333333333,2.290277777777778,24.283333333333335,0,0,0,0
37,M,01:48:44,04:10:33,6524,15033,1.8122222222222222,4.175833333333333,2.363611111111111,33.083333333333336,0,0,0,0
46,M,01:51:08,04:10:37,6668,15037,1.8522222222222222,4.176944444444445,2.3247222222222224,28.35,0,0,0,0
38,M,01:58:24,04:10:39,7104,15039,1.9733333333333334,4.1775,2.2041666666666666,13.85,0,0,0,0
29,M,01:43:58,04:10:46,6238,15046,1.7327777777777778,4.179444444444444,2.4466666666666668,42.833333333333336,0,0,0,0
64,M,01:57:42,04:10:49,7062,15049,1.9616666666666667,4.1802777777777775,2.218611111111111,15.416666666666666,0,0,0,0
36,M,01:49:44,04:10:52,6584,15052,1.8288888888888888,4.181111111111111,2.352222222222222,31.4,0,0,0,0
52,M,01:51:13,04:10:54,6673,15054,1.853611111111111,4.181666666666667,2.3280555555555558,28.466666666666665,0,0,0,0
41,M,01:44:06,04:10:57,6246,15057,1.735,4.1825,2.4475,42.75,0,0,0,0
55,M,01:54:54,04:10:57,6894,15057,1.915,4.1825,2.2675,21.15,0,0,0,0
28,M,01:53:16,04:10:59,6796,15059,1.8877777777777778,4.183055555555556,2.2952777777777778,24.45,0,0,0,0
30,W,01:53:34,04:10:59,6814,15059,1.8927777777777777,4.183055555555556,2.290277777777778,23.85,1,0,0,0
37,M,01:47:19,04:11:03,6439,15063,1.7886111111111112,4.184166666666667,2.3955555555555557,36.416666666666664,0,0,0,0
43,M,01:47:53,04:11:06,6473,15066,1.7980555555555555,4.185,2.3869444444444445,35.333333333333336,0,0,0,0
30,W,01:55:04,04:11:07,6904,15067,1.9177777777777778,4.185277777777777,2.2675,20.983333333333334,1,0,0,0
38,M,01:52:36,04:11:09,6756,15069,1.8766666666666667,4.185833333333333,2.3091666666666666,25.95,0,0,0,0
33,M,01:56:27,04:11:12,6987,15072,1.9408333333333334,4.1866666666666665,2.245833333333333,18.3,0,0,0,0
24,W,01:41:41,04:11:18,6101,15078,1.6947222222222222,4.1883333333333335,2.493611111111111,47.93333333333333,1,0,0,0
38,M,01:59:45,04:11:20,7185,15080,1.9958333333333333,4.188888888888889,2.1930555555555555,11.833333333333334,0,0,0,0
47,M,01:45:34,04:11:21,6334,15081,1.7594444444444444,4.189166666666667,2.4297222222222223,40.21666666666667,0,0,0,0
38,W,01:57:02,04:11:24,7022,15084,1.9505555555555556,4.19,2.2394444444444446,17.333333333333332,1,0,0,0
41,M,01:58:02,04:11:35,7082,15095,1.9672222222222222,4.1930555555555555,2.2258333333333336,15.516666666666667,0,0,0,0
42,W,01:49:44,04:11:42,6584,15102,1.8288888888888888,4.195,2.366111111111111,32.233333333333334,1,0,0,0
43,W,02:04:20,04:11:43,7460,15103,2.0722222222222224,4.195277777777778,2.1230555555555557,3.05,1,0,0,0
36,M,01:47:47,04:11:47,6467,15107,1.7963888888888888,4.1963888888888885,2.4,36.21666666666667,0,0,0,0
39,M,01:58:41,04:11:49,7121,15109,1.9780555555555555,4.196944444444444,2.218888888888889,14.45,0,0,0,0
32,M,01:54:40,04:11:56,6880,15116,1.9111111111111112,4.198888888888889,2.287777777777778,22.6,0,0,0,0
50,M,01:57:24,04:11:56,7044,15116,1.9566666666666668,4.198888888888889,2.2422222222222223,17.133333333333333,0,0,0,0
33,M,01:49:04,04:11:59,6544,15119,1.8177777777777777,4.199722222222222,2.3819444444444446,33.85,0,0,0,0
35,M,01:53:47,04:11:59,6827,15119,1.896388888888889,4.199722222222222,2.3033333333333332,24.416666666666668,0,0,0,0
31,M,01:44:26,04:12:04,6266,15124,1.7405555555555556,4.2011111111111115,2.4605555555555556,43.2,0,0,0,0
42,M,01:43:00,04:12:07,6180,15127,1.7166666666666666,4.201944444444444,2.4852777777777777,46.11666666666667,0,0,0,0
26,W,01:54:51,04:12:08,6891,15128,1.9141666666666666,4.202222222222222,2.2880555555555557,22.433333333333334,1,0,0,0
29,W,01:55:16,04:12:09,6916,15129,1.9211111111111112,4.2025,2.281388888888889,21.616666666666667,1,0,0,0
35,W,01:50:40,04:12:12,6640,15132,1.8444444444444446,4.203333333333333,2.358888888888889,30.866666666666667,1,0,0,0
43,W,01:49:19,04:12:13,6559,15133,1.8219444444444444,4.203611111111111,2.381666666666667,33.583333333333336,1,0,0,0
26,W,01:57:19,04:12:23,7039,15143,1.9552777777777777,4.206388888888889,2.2511111111111113,17.75,1,0,0,0
48,W,01:51:40,04:12:25,6700,15145,1.8611111111111112,4.206944444444445,2.345833333333333,29.083333333333332,1,0,0,0
31,W,01:48:54,04:12:27,6534,15147,1.815,4.2075,2.3925,34.65,1,0,0,0
37,W,01:54:59,04:12:32,6899,15152,1.916388888888889,4.208888888888889,2.2925,22.566666666666666,1,0,0,0
44,M,02:00:47,04:12:33,7247,15153,2.0130555555555554,4.2091666666666665,2.196111111111111,10.983333333333333,0,0,0,0
49,M,01:51:19,04:12:36,6679,15156,1.8552777777777778,4.21,2.354722222222222,29.966666666666665,0,0,0,0
46,M,01:53:36,04:12:37,6816,15157,1.8933333333333333,4.210277777777778,2.3169444444444443,25.416666666666668,0,0,0,0
41,M,01:56:47,04:12:41,7007,15161,1.946388888888889,4.211388888888889,2.265,19.116666666666667,0,0,0,0
26,W,01:47:46,04:12:50,6466,15170,1.7961111111111112,4.213888888888889,2.417777777777778,37.3,1,0,0,0
44,M,01:50:28,04:12:51,6628,15171,1.8411111111111111,4.214166666666666,2.3730555555555557,31.916666666666668,0,0,0,0
46,M,01:47:49,04:12:54,6469,15174,1.7969444444444445,4.215,2.4180555555555556,37.266666666666666,0,0,0,0
43,M,01:49:05,04:13:05,6545,15185,1.8180555555555555,4.218055555555556,2.4,34.916666666666664,0,0,0,0
44,M,01:54:43,04:13:07,6883,15187,1.9119444444444444,4.2186111111111115,2.3066666666666666,23.683333333333334,0,0,0,0
24,M,01:43:09,04:13:09,6189,15189,1.7191666666666667,4.219166666666666,2.5,46.85,0,0,0,0
49,W,01:52:10,04:13:09,6730,15189,1.8694444444444445,4.219166666666666,2.3497222222222223,28.816666666666666,1,0,0,0
37,M,01:58:20,04:13:10,7100,15190,1.9722222222222223,4.219444444444444,2.2472222222222222,16.5,0,0,0,0
41,M,01:46:18,04:13:14,6378,15194,1.7716666666666667,4.220555555555555,2.448888888888889,40.63333333333333,0,0,0,0
41,M,01:51:16,04:13:16,6676,15196,1.8544444444444443,4.221111111111111,2.3666666666666667,30.733333333333334,0,0,0,0
37,M,01:48:19,04:13:17,6499,15197,1.8052777777777778,4.221388888888889,2.4161111111111113,36.65,0,0,0,0
45,M,01:52:40,04:13:17,6760,15197,1.8777777777777778,4.221388888888889,2.343611111111111,27.95,0,0,0,0
26,W,01:52:11,04:13:17,6731,15197,1.8697222222222223,4.221388888888889,2.3516666666666666,28.916666666666668,1,0,0,0
36,M,02:06:18,04:13:19,7578,15199,2.105,4.2219444444444445,2.1169444444444445,0.7166666666666667,0,0,0,0
44,M,01:53:03,04:13:19,6783,15199,1.8841666666666668,4.2219444444444445,2.3377777777777777,27.216666666666665,0,0,0,0
50,M,01:55:41,04:13:22,6941,15202,1.9280555555555556,4.222777777777778,2.294722222222222,22.0,0,0,0,0
36,M,01:42:40,04:13:26,6160,15206,1.711111111111111,4.223888888888889,2.512777777777778,48.1,0,0,0,0
39,M,01:56:38,04:13:29,6998,15209,1.943888888888889,4.224722222222222,2.2808333333333333,20.216666666666665,0,0,0,0
22,W,01:53:10,04:13:31,6790,15211,1.886111111111111,4.2252777777777775,2.339166666666667,27.183333333333334,1,0,0,0
47,M,01:51:42,04:13:33,6702,15213,1.8616666666666666,4.225833333333333,2.3641666666666667,30.15,0,0,0,0
32,M,01:41:00,04:13:35,6060,15215,1.6833333333333333,4.226388888888889,2.5430555555555556,51.583333333333336,0,0,0,0
25,W,01:54:42,04:13:35,6882,15215,1.9116666666666666,4.226388888888889,2.314722222222222,24.183333333333334,1,0,0,0
47,M,01:52:52,04:13:36,6772,15216,1.8811111111111112,4.226666666666667,2.3455555555555554,27.866666666666667,0,0,0,0
41,M,01:52:28,04:13:37,6748,15217,1.8744444444444444,4.226944444444444,2.3525,28.683333333333334,0,0,0,0
30,M,01:52:22,04:13:40,6742,15220,1.8727777777777779,4.227777777777778,2.355,28.933333333333334,0,0,0,0
52,W,01:52:14,04:13:40,6734,15220,1.8705555555555555,4.227777777777778,2.357222222222222,29.2,1,0,0,0
58,M,01:51:02,04:13:45,6662,15225,1.8505555555555555,4.229166666666667,2.3786111111111112,31.683333333333334,0,0,0,0
49,M,01:53:19,04:13:45,6799,15225,1.888611111111111,4.229166666666667,2.3405555555555555,27.116666666666667,0,0,0,0
31,W,01:50:06,04:13:47,6606,15227,1.835,4.229722222222223,2.394722222222222,33.583333333333336,1,0,0,0
33,M,01:46:33,04:13:54,6393,15234,1.7758333333333334,4.2316666666666665,2.4558333333333335,40.8,0,0,0,0
40,M,01:46:24,04:13:57,6384,15237,1.7733333333333334,4.2325,2.4591666666666665,41.15,0,0,0,0
31,M,01:51:13,04:13:57,6673,15237,1.853611111111111,4.2325,2.378888888888889,31.516666666666666,0,0,0,0
31,M,01:58:20,04:13:58,7100,15238,1.9722222222222223,4.232777777777778,2.2605555555555554,17.3,0,0,0,0
46,M,01:49:52,04:13:59,6592,15239,1.8311111111111111,4.233055555555556,2.4019444444444447,34.25,0,0,0,0
27,M,01:51:01,04:14:04,6661,15244,1.8502777777777777,4.234444444444445,2.3841666666666668,32.03333333333333,0,0,0,0
36,M,01:52:28,04:14:07,6748,15247,1.8744444444444444,4.235277777777778,2.3608333333333333,29.183333333333334,0,0,0,0
48,W,01:50:05,04:14:08,6605,15248,1.8347222222222221,4.235555555555556,2.4008333333333334,33.96666666666667,1,0,0,0
38,M,01:44:49,04:14:08,6289,15248,1.7469444444444444,4.235555555555556,2.488611111111111,44.5,0,0,0,0
39,M,01:51:51,04:14:08,6711,15248,1.8641666666666667,4.235555555555556,2.3713888888888888,30.433333333333334,0,0,0,0
22,M,01:48:36,04:14:11,6516,15251,1.81,4.2363888888888885,2.426388888888889,36.983333333333334,0,0,0,0
48,W,01:59:43,04:14:16,7183,15256,1.9952777777777777,4.237777777777778,2.2425,14.833333333333334,1,0,0,0
45,M,01:58:21,04:14:18,7101,15258,1.9725,4.238333333333333,2.265833333333333,17.6,0,0,0,0
39,M,01:48:01,04:14:18,6481,15258,1.8002777777777779,4.238333333333333,2.4380555555555556,38.266666666666666,0,0,0,0
41,M,01:54:42,04:14:23,6882,15263,1.9116666666666666,4.239722222222222,2.3280555555555558,24.983333333333334,0,0,0,0
25,W,01:55:37,04:14:23,6937,15263,1.9269444444444443,4.239722222222222,2.312777777777778,23.15,1,0,0,0
45,M,01:47:55,04:14:23,6475,15263,1.7986111111111112,4.239722222222222,2.4411111111111112,38.55,0,0,0,0
40,M,01:57:13,04:14:24,7033,15264,1.9536111111111112,4.24,2.286388888888889,19.966666666666665,0,0,0,0
34,M,02:00:13,04:14:25,7213,15265,2.0036111111111112,4.240277777777778,2.236666666666667,13.983333333333333,0,0,0,0
41,M,01:45:55,04:14:26,6355,15266,1.7652777777777777,4.240555555555556,2.475277777777778,42.6,0,0,0,0
44,M,01:52:10,04:14:29,6730,15269,1.8694444444444445,4.241388888888889,2.3719444444444444,30.15,0,0,0,0
43,M,01:55:01,04:14:30,6901,15270,1.9169444444444443,4.241666666666666,2.3247222222222224,24.466666666666665,0,0,0,0
28,W,01:53:53,04:14:31,6833,15271,1.8980555555555556,4.241944444444444,2.343888888888889,26.75,1,0,0,0
40,W,01:55:15,04:14:32,6915,15272,1.9208333333333334,4.242222222222222,2.321388888888889,24.033333333333335,1,0,0,0
37,M,01:53:27,04:14:33,6807,15273,1.8908333333333334,4.2425,2.3516666666666666,27.65,0,0,0,0
49,M,01:52:53,04:14:33,6773,15273,1.881388888888889,4.2425,2.361111111111111,28.783333333333335,0,0,0,0
52,M,01:46:36,04:14:33,6396,15273,1.7766666666666666,4.2425,2.4658333333333333,41.35,0,0,0,0
42,M,01:44:28,04:14:36,6268,15276,1.741111111111111,4.243333333333333,2.502222222222222,45.666666666666664,0,0,0,0
43,M,01:52:15,04:14:37,6735,15277,1.8708333333333333,4.243611111111111,2.372777777777778,30.116666666666667,0,0,0,0
36,W,01:52:16,04:14:44,6736,15284,1.8711111111111112,4.245555555555556,2.3744444444444444,30.2,1,0,0,0
40,M,01:54:31,04:14:45,6871,15285,1.908611111111111,4.245833333333334,2.337222222222222,25.716666666666665,0,0,0,0
35,W,01:59:30,04:14:45,7170,15285,1.9916666666666667,4.245833333333334,2.254166666666667,15.75,1,0,0,0
35,M,01:53:50,04:14:46,6830,15286,1.8972222222222221,4.246111111111111,2.348888888888889,27.1,0,0,0,0
40,M,01:51:16,04:14:48,6676,15288,1.8544444444444443,4.246666666666667,2.3922222222222222,32.266666666666666,0,0,0,0
43,W,01:58:31,04:14:48,7111,15288,1.9752777777777777,4.246666666666667,2.2713888888888887,17.766666666666666,1,0,0,0
46,W,01:51:25,04:14:49,6685,15289,1.8569444444444445,4.246944444444445,2.39,31.983333333333334,1,0,0,0
38,M,01:47:18,04:14:49,6438,15289,1.7883333333333333,4.246944444444445,2.4586111111111113,40.21666666666667,0,0,0,0
30,W,01:51:13,04:14:51,6673,15291,1.853611111111111,4.2475,2.3938888888888887,32.416666666666664,1,0,0,0
60,M,01:43:10,04:14:54,6190,15294,1.7194444444444446,4.248333333333333,2.528888888888889,48.56666666666667,0,0,0,0
44,M,01:51:13,04:14:56,6673,15296,1.853611111111111,4.248888888888889,2.395277777777778,32.5,0,0,0,0
52,M,01:56:01,04:14:56,6961,15296,1.9336111111111112,4.248888888888889,2.3152777777777778,22.9,0,0,0,0
47,W,01:56:03,04:15:01,6963,15301,1.9341666666666666,4.250277777777778,2.3161111111111112,22.916666666666668,1,0,0,0
40,M,01:49:23,04:15:02,6563,15302,1.8230555555555557,4.250555555555556,2.4275,36.266666666666666,0,0,0,0
26,W,01:53:58,04:15:03,6838,15303,1.8994444444444445,4.2508333333333335,2.3513888888888888,27.116666666666667,1,0,0,0
28,W,01:56:15,04:15:03,6975,15303,1.9375,4.2508333333333335,2.3133333333333335,22.55,1,0,0,0
42,M,01:52:55,04:15:05,6775,15305,1.8819444444444444,4.251388888888889,2.3694444444444445,29.25,0,0,0,0
50,M,01:56:57,04:15:06,7017,15306,1.9491666666666667,4.251666666666667,2.3025,21.2,0,0,0,0
42,M,01:55:44,04:15:06,6944,15306,1.9288888888888889,4.251666666666667,2.3227777777777776,23.633333333333333,0,0,0,0
45,M,01:51:44,04:15:06,6704,15306,1.8622222222222222,4.251666666666667,2.3894444444444445,31.633333333333333,0,0,0,0
56,W,01:55:41,04:15:07,6941,15307,1.9280555555555556,4.251944444444445,2.323888888888889,23.75,1,0,0,0
48,W,01:45:06,04:15:26,6306,15326,1.7516666666666667,4.2572222222222225,2.5055555555555555,45.233333333333334,1,0,0,0
43,M,01:54:35,04:15:28,6875,15328,1.9097222222222223,4.257777777777778,2.3480555555555553,26.3,0,0,0,0
33,W,01:56:12,04:15:29,6972,15329,1.9366666666666668,4.258055555555556,2.321388888888889,23.083333333333332,1,0,0,0
33,M,01:50:23,04:15:29,6623,15329,1.8397222222222223,4.258055555555556,2.4183333333333334,34.71666666666667,0,0,0,0
36,M,01:55:54,04:15:30,6954,15330,1.9316666666666666,4.258333333333334,2.3266666666666667,23.7,0,0,0,0
27,W,01:52:56,04:15:30,6776,15330,1.8822222222222222,4.258333333333334,2.3761111111111113,29.633333333333333,1,0,0,0
43,W,02:00:17,04:15:31,7217,15331,2.004722222222222,4.258611111111111,2.253888888888889,14.95,1,0,0,0
52,M,01:53:39,04:15:35,6819,15335,1.8941666666666668,4.259722222222222,2.3655555555555554,28.283333333333335,0,0,0,0
24,W,01:55:02,04:15:36,6902,15336,1.9172222222222222,4.26,2.3427777777777776,25.533333333333335,1,0,0,0
51,M,01:50:33,04:15:36,6633,15336,1.8425,4.26,2.4175,34.5,0,0,0,0
25,M,01:44:41,04:15:36,6281,15336,1.7447222222222223,4.26,2.515277777777778,46.233333333333334,0,0,0,0
49,M,01:57:16,04:15:37,7036,15337,1.9544444444444444,4.260277777777778,2.305833333333333,21.083333333333332,0,0,0,0
31,M,01:49:34,04:15:39,6574,15339,1.826111111111111,4.260833333333333,2.4347222222222222,36.516666666666666,0,0,0,0
45,M,01:57:15,04:15:39,7035,15339,1.9541666666666666,4.260833333333333,2.3066666666666666,21.15,0,0,0,0
58,W,01:53:05,04:15:40,6785,15340,1.8847222222222222,4.261111111111111,2.376388888888889,29.5,1,0,0,0
47,M,01:46:18,04:15:41,6378,15341,1.7716666666666667,4.261388888888889,2.4897222222222224,43.083333333333336,0,0,0,0
36,M,01:53:20,04:15:42,6800,15342,1.8888888888888888,4.261666666666667,2.372777777777778,29.033333333333335,0,0,0,0
37,M,01:50:35,04:15:44,6635,15344,1.8430555555555554,4.262222222222222,2.4191666666666665,34.56666666666667,0,0,0,0
33,M,01:43:51,04:15:47,6231,15347,1.7308333333333332,4.263055555555556,2.5322222222222224,48.083333333333336,0,0,0,0
27,M,01:55:04,04:15:48,6904,15348,1.9177777777777778,4.263333333333334,2.3455555555555554,25.666666666666668,0,0,0,0
52,W,01:53:31,04:15:48,6811,15348,1.8919444444444444,4.263333333333334,2.3713888888888888,28.766666666666666,1,0,0,0
44,M,01:57:39,04:15:48,7059,15348,1.9608333333333334,4.263333333333334,2.3025,20.5,0,0,0,0
28,M,01:48:01,04:15:52,6481,15352,1.8002777777777779,4.264444444444444,2.464166666666667,39.833333333333336,0,0,0,0
23,M,01:50:47,04:15:53,6647,15353,1.8463888888888889,4.264722222222222,2.4183333333333334,34.31666666666667,0,0,0,0
27,W,01:53:12,04:15:55,6792,15355,1.8866666666666667,4.2652777777777775,2.3786111111111112,29.516666666666666,1,0,0,0
23,W,01:59:54,04:15:55,7194,15355,1.9983333333333333,4.2652777777777775,2.2669444444444444,16.116666666666667,1,0,0,0
26,M,01:47:46,04:15:55,6466,15355,1.7961111111111112,4.2652777777777775,2.4691666666666667,40.38333333333333,0,0,0,0
44,M,01:55:11,04:15:56,6911,15356,1.9197222222222223,4.265555555555555,2.345833333333333,25.566666666666666,0,0,0,0
25,M,01:44:45,04:15:57,6285,15357,1.7458333333333333,4.265833333333333,2.52,46.45,0,0,0,0
52,M,01:50:22,04:15:59,6622,15359,1.8394444444444444,4.266388888888889,2.4269444444444446,35.25,0,0,0,0
34,M,01:56:29,04:16:00,6989,15360,1.9413888888888888,4.266666666666667,2.325277777777778,23.033333333333335,0,0,0,0
42,W,01:51:49,04:16:00,6709,15360,1.863611111111111,4.266666666666667,2.4030555555555555,32.36666666666667,1,0,0,0
32,M,01:55:49,04:16:00,6949,15360,1.9302777777777778,4.266666666666667,2.336388888888889,24.366666666666667,0,0,0,0
31,W,01:53:24,04:16:01,6804,15361,1.89,4.266944444444444,2.3769444444444443,29.216666666666665,1,0,0,0
65,M,01:57:29,04:16:01,7049,15361,1.9580555555555557,4.266944444444444,2.3088888888888888,21.05,0,0,0,0
56,W,01:51:51,04:16:02,6711,15362,1.8641666666666667,4.267222222222222,2.4030555555555555,32.333333333333336,1,0,0,0
35,M,01:44:03,04:16:02,6243,15362,1.7341666666666666,4.267222222222222,2.5330555555555554,47.93333333333333,0,0,0,0
38,W,01:51:03,04:16:02,6663,15362,1.8508333333333333,4.267222222222222,2.4163888888888887,33.93333333333333,1,0,0,0
44,M,01:47:57,04:16:03,6477,15363,1.7991666666666666,4.2675,2.4683333333333333,40.15,0,0,0,0
55,M,01:55:50,04:16:04,6950,15364,1.9305555555555556,4.267777777777778,2.337222222222222,24.4,0,0,0,0
46,M,01:49:07,04:16:04,6547,15364,1.8186111111111112,4.267777777777778,2.4491666666666667,37.833333333333336,0,0,0,0
38,M,01:51:43,04:16:08,6703,15368,1.8619444444444444,4.268888888888889,2.4069444444444446,32.7,0,0,0,0
53,M,01:59:52,04:16:12,7192,15372,1.9977777777777779,4.27,2.272222222222222,16.466666666666665,0,0,0,0
30,W,01:53:58,04:16:13,6838,15373,1.8994444444444445,4.270277777777777,2.370833333333333,28.283333333333335,1,0,0,0
42,M,01:50:16,04:16:15,6616,15375,1.8377777777777777,4.270833333333333,2.4330555555555557,35.71666666666667,0,0,0,0
55,M,01:48:11,04:16:19,6491,15379,1.8030555555555556,4.271944444444444,2.468888888888889,39.95,0,0,0,0
34,M,01:47:11,04:16:22,6431,15382,1.7863888888888888,4.272777777777778,2.486388888888889,42.0,0,0,0,0
42,M,01:47:27,04:16:22,6447,15382,1.7908333333333333,4.272777777777778,2.4819444444444443,41.46666666666667,0,0,0,0
43,W,01:49:52,04:16:22,6592,15382,1.8311111111111111,4.272777777777778,2.441666666666667,36.63333333333333,1,0,0,0
39,W,01:56:17,04:16:23,6977,15383,1.9380555555555556,4.273055555555556,2.335,23.816666666666666,1,0,0,0
42,M,01:55:20,04:16:23,6920,15383,1.9222222222222223,4.273055555555556,2.3508333333333336,25.716666666666665,0,0,0,0
34,M,01:54:14,04:16:24,6854,15384,1.903888888888889,4.273333333333333,2.3694444444444445,27.933333333333334,0,0,0,0
60,M,01:52:27,04:16:24,6747,15384,1.8741666666666668,4.273333333333333,2.3991666666666664,31.5,0,0,0,0
46,M,01:57:23,04:16:25,7043,15385,1.956388888888889,4.273611111111111,2.317222222222222,21.65,0,0,0,0
25,M,01:58:17,04:16:28,7097,15388,1.9713888888888889,4.274444444444445,2.3030555555555554,19.9,0,0,0,0
39,W,01:58:09,04:16:29,7089,15389,1.9691666666666667,4.2747222222222225,2.3055555555555554,20.183333333333334,1,0,0,0
44,W,01:49:59,04:16:30,6599,15390,1.8330555555555557,4.275,2.4419444444444443,36.53333333333333,1,0,0,0
32,M,01:55:16,04:16:30,6916,15390,1.9211111111111112,4.275,2.3538888888888887,25.966666666666665,0,0,0,0
22,M,01:47:03,04:16:33,6423,15393,1.7841666666666667,4.275833333333333,2.4916666666666667,42.45,0,0,0,0
45,M,01:50:25,04:16:36,6625,15396,1.8402777777777777,4.276666666666666,2.4363888888888887,35.766666666666666,0,0,0,0
48,M,01:55:53,04:16:41,6953,15401,1.9313888888888888,4.2780555555555555,2.3466666666666667,24.916666666666668,0,0,0,0
42,M,01:53:00,04:16:42,6780,15402,1.8833333333333333,4.278333333333333,2.395,30.7,0,0,0,0
34,M,01:50:27,04:16:42,6627,15402,1.8408333333333333,4.278333333333333,2.4375,35.8,0,0,0,0
40,M,01:55:48,04:16:43,6948,15403,1.93,4.278611111111111,2.348611111111111,25.116666666666667,0,0,0,0
37,M,01:56:23,04:16:43,6983,15403,1.9397222222222221,4.278611111111111,2.338888888888889,23.95,0,0,0,0
26,W,01:57:22,04:16:45,7042,15405,1.9561111111111111,4.279166666666667,2.3230555555555554,22.016666666666666,1,0,0,0
44,M,02:00:03,04:16:47,7203,15407,2.0008333333333335,4.279722222222222,2.278888888888889,16.683333333333334,0,0,0,0
45,M,01:56:08,04:16:47,6968,15407,1.9355555555555555,4.279722222222222,2.3441666666666667,24.516666666666666,0,0,0,0
37,M,01:57:18,04:16:47,7038,15407,1.955,4.279722222222222,2.3247222222222224,22.183333333333334,0,0,0,0
31,W,01:51:47,04:16:51,6707,15411,1.8630555555555555,4.280833333333334,2.417777777777778,33.28333333333333,1,0,0,0
56,M,01:59:24,04:16:55,7164,15415,1.99,4.281944444444444,2.2919444444444443,18.116666666666667,0,0,0,0
40,M,02:01:44,04:16:58,7304,15418,2.028888888888889,4.282777777777778,2.253888888888889,13.5,0,0,0,0
46,M,01:52:47,04:16:58,6767,15418,1.8797222222222223,4.282777777777778,2.4030555555555555,31.4,0,0,0,0
30,M,01:54:55,04:17:01,6895,15421,1.9152777777777779,4.283611111111111,2.368333333333333,27.183333333333334,0,0,0,0
44,M,01:55:04,04:17:05,6904,15425,1.9177777777777778,4.284722222222222,2.3669444444444445,26.95,0,0,0,0
36,M,01:47:34,04:17:05,6454,15425,1.7927777777777778,4.284722222222222,2.4919444444444445,41.95,0,0,0,0
30,W,01:53:56,04:17:10,6836,15430,1.8988888888888888,4.286111111111111,2.3872222222222224,29.3,1,0,0,0
38,W,01:45:50,04:17:11,6350,15431,1.7638888888888888,4.286388888888889,2.5225,45.516666666666666,1,0,0,0
33,W,01:50:54,04:17:11,6654,15431,1.8483333333333334,4.286388888888889,2.4380555555555556,35.38333333333333,1,0,0,0
38,M,01:54:14,04:17:15,6854,15435,1.903888888888889,4.2875,2.383611111111111,28.783333333333335,0,0,0,0
42,M,01:46:28,04:17:16,6388,15436,1.7744444444444445,4.2877777777777775,2.513333333333333,44.333333333333336,0,0,0,0
61,M,02:01:56,04:17:18,7316,15438,2.0322222222222224,4.288333333333333,2.256111111111111,13.433333333333334,0,0,0,0
44,M,02:02:53,04:17:18,7373,15438,2.0480555555555555,4.288333333333333,2.2402777777777776,11.533333333333333,0,0,0,0
35,M,01:43:49,04:17:19,6229,15439,1.7302777777777778,4.288611111111111,2.558333333333333,49.68333333333333,0,0,0,0
22,M,01:40:51,04:17:22,6051,15442,1.6808333333333334,4.289444444444444,2.608611111111111,55.666666666666664,0,0,0,0
51,M,02:00:31,04:17:22,7231,15442,2.008611111111111,4.289444444444444,2.2808333333333333,16.333333333333332,0,0,0,0
51,M,01:54:01,04:17:22,6841,15442,1.9002777777777777,4.289444444444444,2.3891666666666667,29.333333333333332,0,0,0,0
35,W,01:55:24,04:17:25,6924,15445,1.9233333333333333,4.290277777777778,2.3669444444444445,26.616666666666667,1,0,0,0
44,M,01:54:47,04:17:26,6887,15446,1.9130555555555555,4.290555555555556,2.3775,27.866666666666667,0,0,0,0
32,M,01:56:42,04:17:27,7002,15447,1.945,4.2908333333333335,2.345833333333333,24.05,0,0,0,0
55,M,01:53:10,04:17:27,6790,15447,1.886111111111111,4.2908333333333335,2.4047222222222224,31.116666666666667,0,0,0,0
37,M,01:59:10,04:17:29,7150,15449,1.9861111111111112,4.291388888888889,2.305277777777778,19.15,0,0,0,0
61,M,01:50:32,04:17:29,6632,15449,1.8422222222222222,4.291388888888889,2.4491666666666667,36.416666666666664,0,0,0,0
39,W,01:45:25,04:17:31,6325,15451,1.7569444444444444,4.291944444444445,2.535,46.68333333333333,1,0,0,0
29,W,01:53:13,04:17:31,6793,15451,1.8869444444444445,4.291944444444445,2.405,31.083333333333332,1,0,0,0
61,M,01:57:45,04:17:32,7065,15452,1.9625,4.292222222222223,2.3297222222222222,22.033333333333335,0,0,0,0
27,M,01:52:43,04:17:36,6763,15456,1.878611111111111,4.293333333333333,2.414722222222222,32.166666666666664,0,0,0,0
40,W,01:55:36,04:17:36,6936,15456,1.9266666666666667,4.293333333333333,2.3666666666666667,26.4,1,0,0,0
48,M,01:57:26,04:17:37,7046,15457,1.9572222222222222,4.293611111111111,2.336388888888889,22.75,0,0,0,0
43,W,01:55:27,04:17:37,6927,15457,1.9241666666666666,4.293611111111111,2.3694444444444445,26.716666666666665,1,0,0,0
50,M,01:51:44,04:17:39,6704,15459,1.8622222222222222,4.2941666666666665,2.4319444444444445,34.18333333333333,0,0,0,0
37,W,01:52:50,04:17:40,6770,15460,1.8805555555555555,4.294444444444444,2.4138888888888888,32.0,1,0,0,0
51,M,01:54:04,04:17:41,6844,15461,1.9011111111111112,4.294722222222222,2.393611111111111,29.55,0,0,0,0
43,M,01:57:20,04:17:42,7040,15462,1.9555555555555555,4.295,2.3394444444444447,23.033333333333335,0,0,0,0
33,M,01:55:55,04:17:49,6955,15469,1.9319444444444445,4.296944444444445,2.365,25.983333333333334,0,0,0,0
27,W,01:52:41,04:17:50,6761,15470,1.8780555555555556,4.2972222222222225,2.4191666666666665,32.46666666666667,1,0,0,0
39,W,01:51:13,04:17:55,6673,15475,1.853611111111111,4.298611111111111,2.445,35.483333333333334,1,0,0,0
52,M,01:58:18,04:17:57,7098,15477,1.9716666666666667,4.299166666666666,2.3275,21.35,0,0,0,0
33,W,01:58:44,04:17:58,7124,15478,1.978888888888889,4.299444444444444,2.3205555555555555,20.5,1,0,0,0
26,W,01:55:00,04:17:59,6900,15479,1.9166666666666667,4.299722222222222,2.3830555555555555,27.983333333333334,1,0,0,0
48,M,01:59:29,04:18:00,7169,15480,1.9913888888888889,4.3,2.308611111111111,19.033333333333335,0,0,0,0
51,M,01:55:56,04:18:02,6956,15482,1.9322222222222223,4.3005555555555555,2.368333333333333,26.166666666666668,0,0,0,0
50,W,02:03:41,04:18:02,7421,15482,2.0613888888888887,4.3005555555555555,2.2391666666666667,10.666666666666666,1,0,0,0
32,M,01:56:17,04:18:05,6977,15485,1.9380555555555556,4.301388888888889,2.3633333333333333,25.516666666666666,0,0,0,0
43,M,02:04:36,04:18:06,7476,15486,2.0766666666666667,4.301666666666667,2.225,8.9,0,0,0,0
58,W,01:56:01,04:18:06,6961,15486,1.9336111111111112,4.301666666666667,2.3680555555555554,26.066666666666666,1,0,0,0
60,M,01:55:59,04:18:11,6959,15491,1.9330555555555555,4.303055555555556,2.37,26.216666666666665,0,0,0,0
34,M,01:57:13,04:18:12,7033,15492,1.9536111111111112,4.303333333333334,2.3497222222222223,23.766666666666666,0,0,0,0
40,M,01:53:35,04:18:12,6815,15492,1.8930555555555555,4.303333333333334,2.410277777777778,31.033333333333335,0,0,0,0
39,M,01:55:12,04:18:16,6912,15496,1.92,4.304444444444444,2.3844444444444446,27.866666666666667,0,0,0,0
45,M,01:55:28,04:18:17,6928,15497,1.9244444444444444,4.304722222222222,2.3802777777777777,27.35,0,0,0,0
24,M,01:58:11,04:18:19,7091,15499,1.9697222222222222,4.3052777777777775,2.3355555555555556,21.95,0,0,0,0
52,M,01:56:19,04:18:21,6979,15501,1.938611111111111,4.305833333333333,2.3672222222222223,25.716666666666665,0,0,0,0
35,M,01:52:05,04:18:21,6725,15501,1.8680555555555556,4.305833333333333,2.437777777777778,34.18333333333333,0,0,0,0
51,M,01:50:22,04:18:24,6622,15504,1.8394444444444444,4.306666666666667,2.4672222222222224,37.666666666666664,0,0,0,0
46,W,01:56:42,04:18:26,7002,15506,1.945,4.307222222222222,2.362222222222222,25.033333333333335,1,0,0,0
51,M,01:50:43,04:18:27,6643,15507,1.8452777777777778,4.3075,2.462222222222222,37.016666666666666,0,0,0,0
47,M,01:52:22,04:18:28,6742,15508,1.8727777777777779,4.307777777777778,2.435,33.733333333333334,0,0,0,0
33,M,01:56:07,04:18:33,6967,15513,1.9352777777777779,4.309166666666667,2.3738888888888887,26.316666666666666,0,0,0,0
44,M,02:02:20,04:18:34,7340,15514,2.0388888888888888,4.309444444444445,2.2705555555555557,13.9,0,0,0,0
43,M,01:59:29,04:18:38,7169,15518,1.9913888888888889,4.310555555555555,2.319166666666667,19.666666666666668,0,0,0,0
39,M,01:44:38,04:18:40,6278,15520,1.7438888888888888,4.311111111111111,2.567222222222222,49.4,0,0,0,0
44,W,02:00:23,04:18:40,7223,15520,2.006388888888889,4.311111111111111,2.3047222222222223,17.9,1,0,0,0
38,M,01:58:42,04:18:43,7122,15523,1.9783333333333333,4.311944444444444,2.3336111111111113,21.316666666666666,0,0,0,0
35,M,01:52:05,04:18:45,6725,15525,1.8680555555555556,4.3125,2.4444444444444446,34.583333333333336,0,0,0,0
33,M,01:52:43,04:18:46,6763,15526,1.878611111111111,4.312777777777778,2.4341666666666666,33.333333333333336,0,0,0,0
35,M,01:50:18,04:18:51,6618,15531,1.8383333333333334,4.314166666666667,2.4758333333333336,38.25,0,0,0,0
52,M,01:52:35,04:18:53,6755,15533,1.8763888888888889,4.314722222222223,2.4383333333333335,33.71666666666667,0,0,0,0
37,W,02:10:00,04:18:57,7800,15537,2.1666666666666665,4.315833333333333,2.1491666666666664,-1.05,1,0,0,1
42,M,01:54:57,04:19:00,6897,15540,1.9158333333333333,4.316666666666666,2.4008333333333334,29.1,0,0,0,0
39,W,01:56:48,04:19:03,7008,15543,1.9466666666666668,4.3175,2.370833333333333,25.45,1,0,0,0
26,W,01:59:01,04:19:04,7141,15544,1.9836111111111112,4.317777777777778,2.3341666666666665,21.033333333333335,1,0,0,0
44,M,01:56:13,04:19:05,6973,15545,1.9369444444444444,4.3180555555555555,2.381111111111111,26.65,0,0,0,0
39,W,01:58:17,04:19:06,7097,15546,1.9713888888888889,4.318333333333333,2.3469444444444445,22.533333333333335,1,0,0,0
32,M,01:49:59,04:19:08,6599,15548,1.8330555555555557,4.318888888888889,2.4858333333333333,39.166666666666664,0,0,0,0
32,W,01:53:26,04:19:11,6806,15551,1.8905555555555555,4.3197222222222225,2.4291666666666667,32.31666666666667,1,0,0,0
54,M,01:50:41,04:19:12,6641,15552,1.8447222222222222,4.32,2.475277777777778,37.833333333333336,0,0,0,0
52,M,01:50:35,04:19:12,6635,15552,1.8430555555555554,4.32,2.4769444444444444,38.03333333333333,0,0,0,0
48,M,01:55:45,04:19:13,6945,15553,1.9291666666666667,4.320277777777778,2.391111111111111,27.716666666666665,0,0,0,0
44,M,01:56:11,04:19:16,6971,15556,1.936388888888889,4.321111111111111,2.3847222222222224,26.9,0,0,0,0
46,W,01:53:34,04:19:17,6814,15557,1.8927777777777777,4.3213888888888885,2.428611111111111,32.15,1,0,0,0
61,M,01:55:59,04:19:17,6959,15557,1.9330555555555555,4.3213888888888885,2.388333333333333,27.316666666666666,0,0,0,0
40,M,01:48:04,04:19:19,6484,15559,1.801111111111111,4.321944444444444,2.5208333333333335,43.18333333333333,0,0,0,0
31,M,01:49:17,04:19:20,6557,15560,1.821388888888889,4.322222222222222,2.5008333333333335,40.766666666666666,0,0,0,0
41,M,01:49:28,04:19:24,6568,15564,1.8244444444444445,4.323333333333333,2.4988888888888887,40.46666666666667,0,0,0,0
27,W,01:57:28,04:19:24,7048,15564,1.9577777777777778,4.323333333333333,2.3655555555555554,24.466666666666665,1,0,0,0
36,M,01:54:52,04:19:33,6892,15573,1.9144444444444444,4.325833333333334,2.411388888888889,29.816666666666666,0,0,0,0
53,W,01:59:43,04:19:33,7183,15573,1.9952777777777777,4.325833333333334,2.3305555555555557,20.116666666666667,1,0,0,0
29,M,01:55:24,04:19:34,6924,15574,1.9233333333333333,4.3261111111111115,2.4027777777777777,28.766666666666666,0,0,0,0
35,M,01:48:12,04:19:37,6492,15577,1.8033333333333332,4.326944444444444,2.5236111111111112,43.21666666666667,0,0,0,0
36,M,02:04:11,04:19:42,7451,15582,2.069722222222222,4.328333333333333,2.258611111111111,11.333333333333334,0,0,0,0
45,W,01:57:49,04:19:45,7069,15585,1.9636111111111112,4.329166666666667,2.3655555555555554,24.116666666666667,1,0,0,0
56,M,01:57:17,04:19:45,7037,15585,1.9547222222222222,4.329166666666667,2.3744444444444444,25.183333333333334,0,0,0,0
41,M,01:58:54,04:19:46,7134,15586,1.9816666666666667,4.329444444444444,2.347777777777778,21.966666666666665,0,0,0,0
57,M,01:58:30,04:19:48,7110,15588,1.975,4.33,2.355,22.8,0,0,0,0
29,W,02:00:06,04:19:51,7206,15591,2.0016666666666665,4.3308333333333335,2.3291666666666666,19.65,1,0,0,0
42,M,01:52:54,04:19:52,6774,15592,1.8816666666666666,4.331111111111111,2.4494444444444445,34.06666666666667,0,0,0,0
43,M,01:59:46,04:19:53,7186,15593,1.9961111111111112,4.331388888888889,2.335277777777778,20.35,0,0,0,0
39,M,01:57:40,04:19:54,7060,15594,1.961111111111111,4.331666666666667,2.3705555555555557,24.566666666666666,0,0,0,0
32,W,01:54:38,04:19:54,6878,15594,1.9105555555555556,4.331666666666667,2.421111111111111,30.633333333333333,1,0,0,0
40,W,01:56:20,04:19:54,6980,15594,1.9388888888888889,4.331666666666667,2.392777777777778,27.233333333333334,1,0,0,0
49,M,01:55:44,04:19:56,6944,15596,1.9288888888888889,4.332222222222223,2.4033333333333333,28.466666666666665,0,0,0,0
42,W,01:57:33,04:19:59,7053,15599,1.9591666666666667,4.333055555555555,2.3738888888888887,24.883333333333333,1,0,0,0
33,W,02:00:16,04:19:59,7216,15599,2.0044444444444443,4.333055555555555,2.328611111111111,19.45,1,0,0,0
39,W,01:58:41,04:19:59,7121,15599,1.9780555555555555,4.333055555555555,2.355,22.616666666666667,1,0,0,0
35,M,01:57:42,04:20:00,7062,15600,1.9616666666666667,4.333333333333333,2.3716666666666666,24.6,0,0,0,0
48,M,01:52:20,04:20:01,6740,15601,1.8722222222222222,4.333611111111111,2.461388888888889,35.35,0,0,0,0
41,M,02:00:12,04:20:05,7212,15605,2.0033333333333334,4.334722222222222,2.3313888888888887,19.683333333333334,0,0,0,0
50,M,01:51:48,04:20:05,6708,15605,1.8633333333333333,4.334722222222222,2.471388888888889,36.483333333333334,0,0,0,0
53,W,01:56:10,04:20:06,6970,15606,1.9361111111111111,4.335,2.398888888888889,27.766666666666666,1,0,0,0
51,M,01:53:17,04:20:06,6797,15606,1.8880555555555556,4.335,2.4469444444444446,33.53333333333333,0,0,0,0
35,W,01:56:44,04:20:06,7004,15606,1.9455555555555555,4.335,2.3894444444444445,26.633333333333333,1,0,0,0
17,M,01:39:51,04:20:09,5991,15609,1.6641666666666666,4.335833333333333,2.671666666666667,60.45,0,0,0,0
46,M,01:53:29,04:20:16,6809,15616,1.8913888888888888,4.337777777777778,2.446388888888889,33.3,0,0,0,0
58,M,01:57:10,04:20:17,7030,15617,1.9527777777777777,4.338055555555556,2.3852777777777776,25.95,0,0,0,0
35,M,02:04:09,04:20:19,7449,15619,2.069166666666667,4.338611111111111,2.2694444444444444,12.016666666666667,0,0,0,0
37,M,01:50:52,04:20:20,6652,15620,1.8477777777777777,4.338888888888889,2.491111111111111,38.6,0,0,0,0
31,W,01:55:00,04:20:20,6900,15620,1.9166666666666667,4.338888888888889,2.422222222222222,30.333333333333332,1,0,0,0
47,M,02:01:04,04:20:24,7264,15624,2.017777777777778,4.34,2.3222222222222224,18.266666666666666,0,0,0,0
34,M,02:00:26,04:20:24,7226,15624,2.007222222222222,4.34,2.332777777777778,19.533333333333335,0,0,0,0
41,M,01:52:52,04:20:28,6772,15628,1.8811111111111112,4.341111111111111,2.46,34.733333333333334,0,0,0,0
51,M,01:59:15,04:20:28,7155,15628,1.9875,4.341111111111111,2.3536111111111113,21.966666666666665,0,0,0,0
41,M,01:48:28,04:20:30,6508,15630,1.8077777777777777,4.341666666666667,2.533888888888889,43.56666666666667,0,0,0,0
44,W,01:56:50,04:20:30,7010,15630,1.9472222222222222,4.341666666666667,2.3944444444444444,26.833333333333332,1,0,0,0
32,M,01:57:54,04:20:31,7074,15631,1.965,4.341944444444445,2.3769444444444443,24.716666666666665,0,0,0,0
56,M,01:53:57,04:20:34,6837,15634,1.8991666666666667,4.342777777777778,2.443611111111111,32.666666666666664,0,0,0,0
42,M,02:02:00,04:20:40,7320,15640,2.033333333333333,4.344444444444444,2.311111111111111,16.666666666666668,0,0,0,0
36,M,01:52:54,04:20:41,6774,15641,1.8816666666666666,4.344722222222222,2.4630555555555556,34.88333333333333,0,0,0,0
39,W,01:57:05,04:20:43,7025,15643,1.9513888888888888,4.345277777777778,2.3938888888888887,26.55,1,0,0,0
39,W,02:04:02,04:20:45,7442,15645,2.067222222222222,4.345833333333333,2.278611111111111,12.683333333333334,1,0,0,0
34,W,01:56:28,04:20:53,6988,15653,1.941111111111111,4.348055555555556,2.4069444444444446,27.95,1,0,0,0
40,M,01:55:56,04:20:54,6956,15654,1.9322222222222223,4.348333333333334,2.4161111111111113,29.033333333333335,0,0,0,0
47,M,01:49:27,04:20:57,6567,15657,1.8241666666666667,4.349166666666667,2.525,42.05,0,0,0,0
44,M,01:47:59,04:20:58,6479,15658,1.7997222222222222,4.349444444444444,2.549722222222222,45.0,0,0,0,0
48,M,02:02:44,04:20:59,7364,15659,2.0455555555555556,4.349722222222222,2.3041666666666667,15.516666666666667,0,0,0,0
40,M,02:01:37,04:20:59,7297,15659,2.0269444444444447,4.349722222222222,2.3227777777777776,17.75,0,0,0,0
52,M,01:57:40,04:21:00,7060,15660,1.961111111111111,4.35,2.388888888888889,25.666666666666668,0,0,0,0
43,W,01:58:59,04:21:08,7139,15668,1.9830555555555556,4.352222222222222,2.3691666666666666,23.166666666666668,1,0,0,0
34,M,01:58:11,04:21:08,7091,15668,1.9697222222222222,4.352222222222222,2.3825,24.766666666666666,0,0,0,0
31,W,01:57:27,04:21:09,7047,15669,1.9575,4.3525,2.395,26.25,1,0,0,0
27,M,01:55:50,04:21:10,6950,15670,1.9305555555555556,4.352777777777778,2.422222222222222,29.5,0,0,0,0
49,M,01:59:37,04:21:16,7177,15676,1.993611111111111,4.354444444444445,2.3608333333333333,22.033333333333335,0,0,0,0
38,M,01:57:07,04:21:21,7027,15681,1.9519444444444445,4.355833333333333,2.403888888888889,27.116666666666667,0,0,0,0
35,M,01:55:03,04:21:26,6903,15686,1.9175,4.357222222222222,2.439722222222222,31.333333333333332,0,0,0,0
41,M,01:44:07,04:21:28,6247,15688,1.7352777777777777,4.357777777777778,2.6225,53.233333333333334,0,0,0,0
33,M,02:07:58,04:21:28,7678,15688,2.1327777777777777,4.357777777777778,2.225,5.533333333333333,0,0,0,0
48,M,01:55:19,04:21:28,6919,15688,1.9219444444444445,4.357777777777778,2.4358333333333335,30.833333333333332,0,0,0,0
55,W,01:58:32,04:21:36,7112,15696,1.9755555555555555,4.36,2.3844444444444446,24.533333333333335,1,0,0,0
42,W,01:54:53,04:21:39,6893,15699,1.9147222222222222,4.360833333333333,2.446111111111111,31.883333333333333,1,0,0,0
53,M,01:57:55,04:21:40,7075,15700,1.9652777777777777,4.361111111111111,2.3958333333333335,25.833333333333332,0,0,0,0
63,M,01:56:57,04:21:42,7017,15702,1.9491666666666667,4.361666666666666,2.4125,27.8,0,0,0,0
27,W,01:50:55,04:21:47,6655,15707,1.8486111111111112,4.3630555555555555,2.5144444444444445,39.95,1,0,0,0
41,M,01:58:40,04:21:47,7120,15707,1.9777777777777779,4.3630555555555555,2.3852777777777776,24.45,0,0,0,0
32,M,01:55:49,04:21:48,6949,15708,1.9302777777777778,4.363333333333333,2.4330555555555557,30.166666666666668,0,0,0,0
51,M,01:45:29,04:21:48,6329,15708,1.7580555555555555,4.363333333333333,2.605277777777778,50.833333333333336,0,0,0,0
30,W,01:56:21,04:21:50,6981,15710,1.9391666666666667,4.363888888888889,2.424722222222222,29.133333333333333,1,0,0,0
48,W,01:53:53,04:21:51,6833,15711,1.8980555555555556,4.364166666666667,2.466111111111111,34.083333333333336,1,0,0,0
27,M,01:58:35,04:21:51,7115,15711,1.976388888888889,4.364166666666667,2.387777777777778,24.683333333333334,0,0,0,0
45,M,02:00:31,04:21:53,7231,15713,2.008611111111111,4.364722222222222,2.3561111111111113,20.85,0,0,0,0
52,M,01:59:23,04:21:58,7163,15718,1.9897222222222222,4.3661111111111115,2.376388888888889,23.2,0,0,0,0
33,W,01:56:25,04:21:59,6985,15719,1.9402777777777778,4.366388888888889,2.426111111111111,29.15,1,0,0,0
63,M,02:01:34,04:21:59,7294,15719,2.026111111111111,4.366388888888889,2.3402777777777777,18.85,0,0,0,0
44,M,01:48:22,04:22:03,6502,15723,1.806111111111111,4.3675,2.5613888888888887,45.31666666666667,0,0,0,0
38,W,02:03:46,04:22:03,7426,15723,2.062777777777778,4.3675,2.3047222222222223,14.516666666666667,1,0,0,0
39,M,01:58:01,04:22:04,7081,15724,1.9669444444444444,4.3677777777777775,2.4008333333333334,26.033333333333335,0,0,0,0
51,M,01:52:55,04:22:05,6775,15725,1.8819444444444444,4.368055555555555,2.486111111111111,36.25,0,0,0,0
32,M,01:49:07,04:22:09,6547,15729,1.8186111111111112,4.369166666666667,2.5505555555555555,43.916666666666664,0,0,0,0
44,M,01:59:12,04:22:15,7152,15735,1.9866666666666666,4.370833333333334,2.3841666666666668,23.85,0,0,0,0
52,M,01:59:36,04:22:15,7176,15735,1.9933333333333334,4.370833333333334,2.3775,23.05,0,0,0,0
35,M,01:56:24,04:22:18,6984,15738,1.94,4.371666666666667,2.4316666666666666,29.5,0,0,0,0
41,M,01:57:41,04:22:22,7061,15742,1.9613888888888888,4.372777777777777,2.411388888888889,27.0,0,0,0,0
46,M,01:57:35,04:22:22,7055,15742,1.9597222222222221,4.372777777777777,2.4130555555555557,27.2,0,0,0,0
62,M,01:53:54,04:22:23,6834,15743,1.8983333333333334,4.373055555555555,2.4747222222222223,34.583333333333336,0,0,0,0
41,W,01:57:24,04:22:26,7044,15746,1.9566666666666668,4.373888888888889,2.417222222222222,27.633333333333333,1,0,0,0
30,M,01:51:13,04:22:28,6673,15748,1.853611111111111,4.374444444444444,2.5208333333333335,40.03333333333333,0,0,0,0
27,M,01:53:45,04:22:29,6825,15749,1.8958333333333333,4.374722222222222,2.4788888888888887,34.983333333333334,0,0,0,0
48,M,02:02:34,04:22:38,7354,15758,2.042777777777778,4.377222222222223,2.3344444444444443,17.5,0,0,0,0
35,W,01:58:59,04:22:39,7139,15759,1.9830555555555556,4.3775,2.3944444444444444,24.683333333333334,1,0,0,0
37,M,01:43:15,04:22:39,6195,15759,1.7208333333333334,4.3775,2.6566666666666667,56.15,0,0,0,0
50,M,01:54:07,04:22:40,6847,15760,1.9019444444444444,4.377777777777778,2.4758333333333336,34.43333333333333,0,0,0,0
48,M,01:54:40,04:22:42,6880,15762,1.9111111111111112,4.378333333333333,2.4672222222222224,33.36666666666667,0,0,0,0
43,W,01:56:58,04:22:42,7018,15762,1.9494444444444445,4.378333333333333,2.428888888888889,28.766666666666666,1,0,0,0
43,W,01:59:28,04:22:44,7168,15764,1.991111111111111,4.378888888888889,2.387777777777778,23.8,1,0,0,0
28,W,02:00:03,04:22:51,7203,15771,2.0008333333333335,4.380833333333333,2.38,22.75,1,0,0,0
37,W,02:01:03,04:22:52,7263,15772,2.0175,4.381111111111111,2.363611111111111,20.766666666666666,1,0,0,0
32,M,01:56:44,04:22:54,7004,15774,1.9455555555555555,4.381666666666667,2.436111111111111,29.433333333333334,0,0,0,0
36,M,01:57:26,04:22:58,7046,15778,1.9572222222222222,4.382777777777778,2.4255555555555555,28.1,0,0,0,0
43,M,01:52:07,04:22:58,6727,15778,1.868611111111111,4.382777777777778,2.5141666666666667,38.733333333333334,0,0,0,0
44,M,01:57:04,04:22:59,7024,15779,1.951111111111111,4.383055555555556,2.4319444444444445,28.85,0,0,0,0
26,M,01:41:02,04:23:03,6062,15783,1.683888888888889,4.384166666666666,2.700277777777778,60.983333333333334,0,0,0,0
66,W,02:02:51,04:23:08,7371,15788,2.0475,4.385555555555555,2.3380555555555556,17.433333333333334,1,0,0,0
44,M,01:45:27,04:23:10,6327,15790,1.7575,4.386111111111111,2.6286111111111112,52.266666666666666,0,0,0,0
35,M,02:03:05,04:23:10,7385,15790,2.051388888888889,4.386111111111111,2.334722222222222,17.0,0,0,0,0
51,M,01:56:38,04:23:12,6998,15792,1.943888888888889,4.386666666666667,2.4427777777777777,29.933333333333334,0,0,0,0
55,W,01:56:17,04:23:13,6977,15793,1.9380555555555556,4.3869444444444445,2.448888888888889,30.65,1,0,0,0
43,M,01:58:43,04:23:16,7123,15796,1.978611111111111,4.387777777777778,2.4091666666666667,25.833333333333332,0,0,0,0
31,W,01:54:04,04:23:18,6844,15798,1.9011111111111112,4.388333333333334,2.487222222222222,35.166666666666664,1,0,0,0
25,W,01:56:08,04:23:19,6968,15799,1.9355555555555555,4.3886111111111115,2.4530555555555558,31.05,1,0,0,0
42,W,02:04:22,04:23:22,7462,15802,2.0727777777777776,4.389444444444444,2.316666666666667,14.633333333333333,1,0,0,0
58,M,02:03:41,04:23:23,7421,15803,2.0613888888888887,4.389722222222222,2.328333333333333,16.016666666666666,0,0,0,0
31,M,01:55:05,04:23:30,6905,15810,1.9180555555555556,4.391666666666667,2.473611111111111,33.333333333333336,0,0,0,0
22,W,01:56:38,04:23:44,6998,15824,1.943888888888889,4.395555555555555,2.4516666666666667,30.466666666666665,1,0,0,0
38,W,01:59:36,04:23:48,7176,15828,1.9933333333333334,4.3966666666666665,2.4033333333333333,24.6,1,0,0,0
52,M,02:00:22,04:23:50,7222,15830,2.006111111111111,4.397222222222222,2.391111111111111,23.1,0,0,0,0
36,M,01:55:43,04:23:54,6943,15834,1.928611111111111,4.398333333333333,2.4697222222222224,32.46666666666667,0,0,0,0
44,W,01:53:32,04:23:55,6812,15835,1.8922222222222222,4.398611111111111,2.506388888888889,36.85,1,0,0,0
47,M,01:57:09,04:23:58,7029,15838,1.9525,4.399444444444445,2.4469444444444446,29.666666666666668,0,0,0,0
51,M,01:47:54,04:23:58,6474,15838,1.7983333333333333,4.399444444444445,2.601111111111111,48.166666666666664,0,0,0,0
60,M,01:58:43,04:23:59,7123,15839,1.978611111111111,4.3997222222222225,2.421111111111111,26.55,0,0,0,0
36,M,01:58:07,04:24:04,7087,15844,1.968611111111111,4.401111111111111,2.4325,27.833333333333332,0,0,0,0
43,M,01:55:46,04:24:05,6946,15845,1.9294444444444445,4.401388888888889,2.4719444444444445,32.55,0,0,0,0
46,M,02:04:44,04:24:08,7484,15848,2.078888888888889,4.402222222222222,2.3233333333333333,14.666666666666666,0,0,0,0
39,W,01:55:24,04:24:09,6924,15849,1.9233333333333333,4.4025,2.4791666666666665,33.35,1,0,0,0
42,W,01:56:16,04:24:09,6976,15849,1.9377777777777778,4.4025,2.464722222222222,31.616666666666667,1,0,0,0
50,M,01:54:33,04:24:10,6873,15850,1.9091666666666667,4.402777777777778,2.493611111111111,35.06666666666667,0,0,0,0
34,M,02:00:45,04:24:11,7245,15851,2.0125,4.4030555555555555,2.3905555555555558,22.683333333333334,0,0,0,0
31,M,01:59:58,04:24:12,7198,15852,1.9994444444444444,4.403333333333333,2.403888888888889,24.266666666666666,0,0,0,0
27,W,01:56:59,04:24:12,7019,15852,1.9497222222222221,4.403333333333333,2.453611111111111,30.233333333333334,1,0,0,0
43,W,02:02:39,04:24:13,7359,15853,2.0441666666666665,4.403611111111111,2.3594444444444442,18.916666666666668,1,0,0,0
49,M,01:53:57,04:24:15,6837,15855,1.8991666666666667,4.404166666666667,2.505,36.35,0,0,0,0
31,M,01:54:34,04:24:15,6874,15855,1.9094444444444445,4.404166666666667,2.4947222222222223,35.11666666666667,0,0,0,0
25,W,01:54:19,04:24:24,6859,15864,1.9052777777777778,4.406666666666666,2.501388888888889,35.766666666666666,1,0,0,0
42,M,01:54:54,04:24:27,6894,15867,1.915,4.4075,2.4925,34.65,0,0,0,0
36,M,01:56:51,04:24:34,7011,15874,1.9475,4.4094444444444445,2.4619444444444443,30.866666666666667,0,0,0,0
43,W,01:57:53,04:24:37,7073,15877,1.9647222222222223,4.410277777777778,2.4455555555555555,28.85,1,0,0,0
29,W,01:59:14,04:24:41,7154,15881,1.9872222222222222,4.411388888888889,2.424166666666667,26.216666666666665,1,0,0,0
61,M,01:58:27,04:24:42,7107,15882,1.9741666666666666,4.411666666666667,2.4375,27.8,0,0,0,0
41,M,01:57:02,04:24:42,7022,15882,1.9505555555555556,4.411666666666667,2.4611111111111112,30.633333333333333,0,0,0,0
25,W,02:00:20,04:24:45,7220,15885,2.0055555555555555,4.4125,2.4069444444444446,24.083333333333332,1,0,0,0
48,M,01:53:52,04:24:45,6832,15885,1.8977777777777778,4.4125,2.5147222222222223,37.016666666666666,0,0,0,0
37,W,01:57:02,04:24:49,7022,15889,1.9505555555555556,4.413611111111111,2.4630555555555556,30.75,1,0,0,0
43,M,01:52:01,04:24:50,6721,15890,1.8669444444444445,4.413888888888889,2.5469444444444442,40.8,0,0,0,0
31,W,01:56:52,04:24:50,7012,15890,1.9477777777777778,4.413888888888889,2.466111111111111,31.1,1,0,0,0
33,W,02:03:43,04:24:51,7423,15891,2.0619444444444444,4.414166666666667,2.352222222222222,17.416666666666668,1,0,0,0
27,W,01:58:44,04:24:53,7124,15893,1.978888888888889,4.414722222222222,2.4358333333333335,27.416666666666668,1,0,0,0
34,W,01:56:04,04:24:53,6964,15893,1.9344444444444444,4.414722222222222,2.480277777777778,32.75,1,0,0,0
37,W,01:56:58,04:24:54,7018,15894,1.9494444444444445,4.415,2.4655555555555555,30.966666666666665,1,0,0,0
44,M,02:03:01,04:24:56,7381,15896,2.0502777777777776,4.415555555555556,2.3652777777777776,18.9,0,0,0,0
40,W,01:53:34,04:24:57,6814,15897,1.8927777777777777,4.4158333333333335,2.5230555555555556,37.81666666666667,1,0,0,0
47,M,01:49:00,04:25:00,6540,15900,1.8166666666666667,4.416666666666667,2.6,47.0,0,0,0,0
37,W,02:00:45,04:25:01,7245,15901,2.0125,4.416944444444445,2.4044444444444446,23.516666666666666,1,0,0,0
51,W,01:57:26,04:25:01,7046,15901,1.9572222222222222,4.416944444444445,2.459722222222222,30.15,1,0,0,0
50,M,01:56:22,04:25:09,6982,15909,1.9394444444444445,4.4191666666666665,2.479722222222222,32.416666666666664,0,0,0,0
49,M,01:53:14,04:25:10,6794,15910,1.8872222222222221,4.419444444444444,2.5322222222222224,38.7,0,0,0,0
44,M,02:02:55,04:25:10,7375,15910,2.048611111111111,4.419444444444444,2.370833333333333,19.333333333333332,0,0,0,0
45,M,01:58:31,04:25:12,7111,15912,1.9752777777777777,4.42,2.444722222222222,28.166666666666668,0,0,0,0
49,M,01:49:37,04:25:14,6577,15914,1.8269444444444445,4.420555555555556,2.593611111111111,46.0,0,0,0,0
44,M,01:57:45,04:25:20,7065,15920,1.9625,4.4222222222222225,2.459722222222222,29.833333333333332,0,0,0,0
32,W,01:54:51,04:25:21,6891,15921,1.9141666666666666,4.4225,2.5083333333333333,35.65,1,0,0,0
36,W,01:49:13,04:25:22,6553,15922,1.8202777777777779,4.422777777777778,2.6025,46.93333333333333,1,0,0,0
42,M,01:51:20,04:25:23,6680,15923,1.8555555555555556,4.423055555555556,2.5675,42.71666666666667,0,0,0,0
31,W,02:00:39,04:25:25,7239,15925,2.0108333333333333,4.423611111111111,2.412777777777778,24.116666666666667,1,0,0,0
43,M,01:47:46,04:25:25,6466,15925,1.7961111111111112,4.423611111111111,2.6275,49.88333333333333,0,0,0,0
28,M,01:58:28,04:25:25,7108,15925,1.9744444444444444,4.423611111111111,2.4491666666666667,28.483333333333334,0,0,0,0
27,W,01:59:13,04:25:26,7153,15926,1.9869444444444444,4.4238888888888885,2.4369444444444444,27.0,1,0,0,0
25,M,01:51:39,04:25:28,6699,15928,1.8608333333333333,4.424444444444444,2.5636111111111113,42.166666666666664,0,0,0,0
39,M,01:50:37,04:25:31,6637,15931,1.843611111111111,4.425277777777778,2.5816666666666666,44.28333333333333,0,0,0,0
34,W,02:00:06,04:25:31,7206,15931,2.0016666666666665,4.425277777777778,2.423611111111111,25.316666666666666,1,0,0,0
60,W,01:55:17,04:25:35,6917,15935,1.9213888888888888,4.426388888888889,2.505,35.016666666666666,1,0,0,0
39,W,01:55:16,04:25:36,6916,15936,1.9211111111111112,4.426666666666667,2.5055555555555555,35.06666666666667,1,0,0,0
38,M,02:03:49,04:25:39,7429,15939,2.0636111111111113,4.4275,2.363888888888889,18.016666666666666,0,0,0,0
50,W,01:59:04,04:25:47,7144,15947,1.9844444444444445,4.429722222222222,2.4452777777777777,27.65,1,0,0,0
48,W,02:03:54,04:25:48,7434,15948,2.065,4.43,2.365,18.0,1,0,0,0
49,W,01:54:23,04:25:48,6863,15948,1.906388888888889,4.43,2.5236111111111112,37.03333333333333,1,0,0,0
40,M,02:00:22,04:26:02,7222,15962,2.006111111111111,4.433888888888889,2.4277777777777776,25.3,0,0,0,0
47,W,01:57:29,04:26:04,7049,15964,1.9580555555555557,4.434444444444445,2.4763888888888888,31.1,1,0,0,0
28,M,01:56:08,04:26:06,6968,15966,1.9355555555555555,4.435,2.4994444444444444,33.833333333333336,0,0,0,0
41,M,02:04:07,04:26:11,7447,15971,2.068611111111111,4.436388888888889,2.367777777777778,17.95,0,0,0,0
50,M,02:00:54,04:26:13,7254,15973,2.015,4.436944444444444,2.4219444444444442,24.416666666666668,0,0,0,0
42,W,01:58:48,04:26:14,7128,15974,1.98,4.437222222222222,2.457222222222222,28.633333333333333,1,0,0,0
39,M,02:02:49,04:26:16,7369,15976,2.0469444444444442,4.437777777777778,2.390833333333333,20.633333333333333,0,0,0,0
36,M,01:59:28,04:26:16,7168,15976,1.991111111111111,4.437777777777778,2.4466666666666668,27.333333333333332,0,0,0,0
41,M,01:58:26,04:26:20,7106,15980,1.9738888888888888,4.438888888888889,2.465,29.466666666666665,0,0,0,0
66,M,01:53:28,04:26:22,6808,15982,1.8911111111111112,4.439444444444445,2.5483333333333333,39.43333333333333,0,0,0,0
45,W,01:59:48,04:26:22,7188,15982,1.9966666666666666,4.439444444444445,2.4427777777777777,26.766666666666666,1,0,0,0
36,M,01:58:30,04:26:23,7110,15983,1.975,4.439722222222223,2.464722222222222,29.383333333333333,0,0,0,0
30,W,01:50:18,04:26:23,6618,15983,1.8383333333333334,4.439722222222223,2.6013888888888888,45.78333333333333,1,0,0,0
52,M,01:53:37,04:26:26,6817,15986,1.8936111111111111,4.440555555555555,2.5469444444444442,39.2,0,0,0,0
40,W,01:56:37,04:26:27,6997,15987,1.9436111111111112,4.440833333333333,2.4972222222222222,33.21666666666667,1,0,0,0
44,W,02:04:38,04:26:28,7478,15988,2.0772222222222223,4.441111111111111,2.363888888888889,17.2,1,0,0,0
40,W,01:58:54,04:26:31,7134,15991,1.9816666666666667,4.441944444444444,2.460277777777778,28.716666666666665,1,0,0,0
30,M,01:56:08,04:26:32,6968,15992,1.9355555555555555,4.442222222222222,2.506666666666667,34.266666666666666,0,0,0,0
35,M,02:04:18,04:26:34,7458,15994,2.0716666666666668,4.442777777777778,2.371111111111111,17.966666666666665,0,0,0,0
31,M,01:59:14,04:26:36,7154,15996,1.9872222222222222,4.443333333333333,2.456111111111111,28.133333333333333,0,0,0,0
35,W,02:00:51,04:26:37,7251,15997,2.0141666666666667,4.443611111111111,2.4294444444444445,24.916666666666668,1,0,0,0
57,M,01:52:21,04:26:37,6741,15997,1.8725,4.443611111111111,2.571111111111111,41.916666666666664,0,0,0,0
25,W,01:57:13,04:26:38,7033,15998,1.9536111111111112,4.443888888888889,2.4902777777777776,32.2,1,0,0,0
27,M,01:58:05,04:26:39,7085,15999,1.9680555555555554,4.444166666666667,2.476111111111111,30.483333333333334,0,0,0,0
40,M,01:45:51,04:26:39,6351,15999,1.7641666666666667,4.444166666666667,2.68,54.95,0,0,0,0
38,W,01:53:35,04:26:42,6815,16002,1.8930555555555555,4.445,2.5519444444444446,39.53333333333333,1,0,0,0
27,M,01:58:33,04:26:45,7113,16005,1.9758333333333333,4.445833333333334,2.47,29.65,0,0,0,0
41,M,01:51:05,04:26:45,6665,16005,1.851388888888889,4.445833333333334,2.5944444444444446,44.583333333333336,0,0,0,0
57,M,01:46:29,04:26:47,6389,16007,1.7747222222222223,4.4463888888888885,2.671666666666667,53.81666666666667,0,0,0,0
48,M,02:02:57,04:26:47,7377,16007,2.049166666666667,4.4463888888888885,2.397222222222222,20.883333333333333,0,0,0,0
47,W,01:53:34,04:26:49,6814,16009,1.8927777777777777,4.446944444444444,2.5541666666666667,39.68333333333333,1,0,0,0
48,M,01:55:33,04:26:52,6933,16012,1.9258333333333333,4.447777777777778,2.5219444444444443,35.766666666666666,0,0,0,0
68,M,02:03:55,04:26:56,7435,16016,2.0652777777777778,4.448888888888889,2.383611111111111,19.1,0,0,0,0
33,M,01:42:19,04:26:57,6139,16017,1.7052777777777777,4.449166666666667,2.743888888888889,62.31666666666667,0,0,0,0
43,M,01:54:11,04:26:58,6851,16018,1.9030555555555555,4.4494444444444445,2.546388888888889,38.6,0,0,0,0
30,W,01:59:11,04:27:03,7151,16023,1.986388888888889,4.450833333333334,2.4644444444444447,28.683333333333334,1,0,0,0
36,M,02:01:03,04:27:05,7263,16025,2.0175,4.451388888888889,2.4338888888888888,24.983333333333334,0,0,0,0
40,W,01:58:55,04:27:07,7135,16027,1.9819444444444445,4.451944444444444,2.47,29.283333333333335,1,0,0,0
28,M,01:53:12,04:27:07,6792,16027,1.8866666666666667,4.451944444444444,2.5652777777777778,40.71666666666667,0,0,0,0
32,W,01:59:44,04:27:08,7184,16028,1.9955555555555555,4.452222222222222,2.4566666666666666,27.666666666666668,1,0,0,0
46,W,02:00:34,04:27:08,7234,16028,2.0094444444444446,4.452222222222222,2.4427777777777777,26.0,1,0,0,0
33,M,01:58:15,04:27:12,7095,16032,1.9708333333333334,4.453333333333333,2.4825,30.7,0,0,0,0
46,W,02:01:21,04:27:14,7281,16034,2.0225,4.453888888888889,2.431388888888889,24.533333333333335,1,0,0,0
37,M,01:57:55,04:27:17,7075,16037,1.9652777777777777,4.454722222222222,2.4894444444444446,31.45,0,0,0,0
53,M,01:59:58,04:27:18,7198,16038,1.9994444444444444,4.455,2.4555555555555557,27.366666666666667,0,0,0,0
46,W,01:50:47,04:27:21,6647,16041,1.8463888888888889,4.4558333333333335,2.6094444444444442,45.78333333333333,1,0,0,0
30,M,01:54:39,04:27:23,6879,16043,1.9108333333333334,4.456388888888889,2.5455555555555556,38.083333333333336,0,0,0,0
42,M,01:59:27,04:27:28,7167,16048,1.9908333333333332,4.457777777777777,2.4669444444444446,28.566666666666666,0,0,0,0
30,M,01:55:42,04:27:28,6942,16048,1.9283333333333332,4.457777777777777,2.5294444444444446,36.06666666666667,0,0,0,0
36,M,01:54:43,04:27:29,6883,16049,1.9119444444444444,4.458055555555555,2.546111111111111,38.05,0,0,0,0
27,W,01:58:08,04:27:31,7088,16051,1.968888888888889,4.458611111111111,2.4897222222222224,31.25,1,0,0,0
31,W,01:52:03,04:27:33,6723,16053,1.8675,4.4591666666666665,2.591666666666667,43.45,1,0,0,0
26,M,01:57:40,04:27:34,7060,16054,1.961111111111111,4.459444444444444,2.4983333333333335,32.233333333333334,0,0,0,0
45,M,01:51:29,04:27:34,6689,16054,1.8580555555555556,4.459444444444444,2.6013888888888888,44.6,0,0,0,0
38,W,02:00:05,04:27:34,7205,16054,2.001388888888889,4.459444444444444,2.4580555555555557,27.4,1,0,0,0
29,M,01:55:18,04:27:35,6918,16055,1.9216666666666666,4.459722222222222,2.5380555555555557,36.983333333333334,0,0,0,0
43,M,01:56:18,04:27:36,6978,16056,1.9383333333333332,4.46,2.5216666666666665,35.0,0,0,0,0
47,M,01:50:49,04:27:37,6649,16057,1.8469444444444445,4.460277777777778,2.6133333333333333,45.983333333333334,0,0,0,0
45,W,01:57:07,04:27:37,7027,16057,1.9519444444444445,4.460277777777778,2.5083333333333333,33.38333333333333,1,0,0,0
67,M,01:57:41,04:27:38,7061,16058,1.9613888888888888,4.460555555555556,2.4991666666666665,32.266666666666666,0,0,0,0
44,M,01:51:59,04:27:39,6719,16059,1.8663888888888889,4.460833333333333,2.5944444444444446,43.68333333333333,0,0,0,0
49,M,01:50:33,04:27:39,6633,16059,1.8425,4.460833333333333,2.618333333333333,46.55,0,0,0,0
24,M,01:48:06,04:27:43,6486,16063,1.8016666666666667,4.461944444444445,2.660277777777778,51.516666666666666,0,0,0,0
39,W,02:00:46,04:27:44,7246,16064,2.012777777777778,4.4622222222222225,2.4494444444444445,26.2,1,0,0,0
43,M,02:01:06,04:27:45,7266,16065,2.0183333333333335,4.4625,2.444166666666667,25.55,0,0,0,0
32,M,02:01:08,04:27:47,7268,16067,2.0188888888888887,4.463055555555556,2.444166666666667,25.516666666666666,0,0,0,0
24,M,01:56:25,04:27:53,6985,16073,1.9402777777777778,4.464722222222222,2.5244444444444443,35.05,0,0,0,0
32,M,01:53:26,04:27:54,6806,16074,1.8905555555555555,4.465,2.5744444444444445,41.03333333333333,0,0,0,0
54,M,01:55:09,04:27:56,6909,16076,1.9191666666666667,4.4655555555555555,2.546388888888889,37.63333333333333,0,0,0,0
41,W,02:01:20,04:27:57,7280,16077,2.022222222222222,4.465833333333333,2.443611111111111,25.283333333333335,1,0,0,0
53,M,02:04:32,04:27:57,7472,16077,2.0755555555555554,4.465833333333333,2.390277777777778,18.883333333333333,0,0,0,0
27,W,02:03:20,04:27:58,7400,16078,2.0555555555555554,4.466111111111111,2.4105555555555553,21.3,1,0,0,0
45,M,02:02:47,04:27:58,7367,16078,2.046388888888889,4.466111111111111,2.419722222222222,22.4,0,0,0,0
49,M,01:57:20,04:28:01,7040,16081,1.9555555555555555,4.466944444444445,2.511388888888889,33.35,0,0,0,0
42,M,01:57:45,04:28:02,7065,16082,1.9625,4.467222222222222,2.504722222222222,32.53333333333333,0,0,0,0
34,M,02:00:10,04:28:03,7210,16083,2.0027777777777778,4.4675,2.464722222222222,27.716666666666665,0,0,0,0
43,M,01:44:57,04:28:04,6297,16084,1.7491666666666668,4.467777777777778,2.718611111111111,58.166666666666664,0,0,0,0
45,M,02:01:52,04:28:06,7312,16086,2.031111111111111,4.468333333333334,2.437222222222222,24.366666666666667,0,0,0,0
55,M,02:07:43,04:28:07,7663,16087,2.1286111111111112,4.4686111111111115,2.34,12.683333333333334,0,0,0,0
30,M,01:57:08,04:28:17,7028,16097,1.9522222222222223,4.471388888888889,2.5191666666666666,34.016666666666666,0,0,0,0
45,W,01:59:04,04:28:17,7144,16097,1.9844444444444445,4.471388888888889,2.4869444444444446,30.15,1,0,0,0
29,W,01:55:15,04:28:18,6915,16098,1.9208333333333334,4.471666666666667,2.5508333333333333,37.8,1,0,0,0
40,W,02:01:51,04:28:19,7311,16099,2.0308333333333333,4.4719444444444445,2.4411111111111112,24.616666666666667,1,0,0,0
45,W,02:07:01,04:28:19,7621,16099,2.1169444444444445,4.4719444444444445,2.355,14.283333333333333,1,0,0,0
31,M,01:46:23,04:28:19,6383,16099,1.7730555555555556,4.4719444444444445,2.698888888888889,55.55,0,0,0,0
24,M,01:47:05,04:28:20,6425,16100,1.7847222222222223,4.472222222222222,2.6875,54.166666666666664,0,0,0,0
41,M,01:57:17,04:28:22,7037,16102,1.9547222222222222,4.472777777777778,2.5180555555555557,33.8,0,0,0,0
56,M,01:57:11,04:28:23,7031,16103,1.9530555555555555,4.473055555555556,2.52,34.016666666666666,0,0,0,0
46,W,01:59:11,04:28:23,7151,16103,1.986388888888889,4.473055555555556,2.486666666666667,30.016666666666666,1,0,0,0
49,M,01:54:15,04:28:24,6855,16104,1.9041666666666666,4.473333333333334,2.569166666666667,39.9,0,0,0,0
46,M,01:46:21,04:28:26,6381,16106,1.7725,4.473888888888889,2.701388888888889,55.733333333333334,0,0,0,0
48,M,01:59:27,04:28:29,7167,16109,1.9908333333333332,4.474722222222222,2.483888888888889,29.583333333333332,0,0,0,0
43,W,01:54:56,04:28:32,6896,16112,1.9155555555555555,4.475555555555555,2.56,38.666666666666664,1,0,0,0
34,M,01:53:44,04:28:33,6824,16113,1.8955555555555557,4.475833333333333,2.580277777777778,41.083333333333336,0,0,0,0
28,M,01:52:52,04:28:34,6772,16114,1.8811111111111112,4.476111111111111,2.595,42.833333333333336,0,0,0,0
38,M,02:08:15,04:28:40,7695,16120,2.1375,4.477777777777778,2.3402777777777777,12.166666666666666,0,0,0,0
26,M,01:59:59,04:28:41,7199,16121,1.9997222222222222,4.478055555555556,2.4783333333333335,28.716666666666665,0,0,0,0
43,M,01:58:06,04:28:42,7086,16122,1.9683333333333333,4.4783333333333335,2.51,32.5,0,0,0,0
52,M,01:57:17,04:28:46,7037,16126,1.9547222222222222,4.479444444444445,2.524722222222222,34.2,0,0,0,0
31,W,01:54:51,04:28:53,6891,16133,1.9141666666666666,4.481388888888889,2.567222222222222,39.18333333333333,1,0,0,0
36,M,01:57:03,04:28:54,7023,16134,1.9508333333333334,4.4816666666666665,2.5308333333333333,34.8,0,0,0,0
42,M,01:55:58,04:28:56,6958,16136,1.9327777777777777,4.482222222222222,2.5494444444444446,37.0,0,0,0,0
41,W,02:04:55,04:29:11,7495,16151,2.0819444444444444,4.4863888888888885,2.4044444444444446,19.35,1,0,0,0
38,M,02:00:30,04:29:13,7230,16153,2.0083333333333333,4.486944444444444,2.4786111111111113,28.216666666666665,0,0,0,0
26,W,01:52:25,04:29:13,6745,16153,1.8736111111111111,4.486944444444444,2.6133333333333333,44.38333333333333,1,0,0,0
40,M,01:54:52,04:29:14,6892,16154,1.9144444444444444,4.487222222222222,2.5727777777777776,39.5,0,0,0,0
56,M,02:00:38,04:29:14,7238,16154,2.0105555555555554,4.487222222222222,2.4766666666666666,27.966666666666665,0,0,0,0
25,M,02:04:57,04:29:16,7497,16156,2.0825,4.487777777777778,2.4052777777777776,19.366666666666667,0,0,0,0
32,W,01:58:05,04:29:19,7085,16159,1.9680555555555554,4.488611111111111,2.5205555555555557,33.15,1,0,0,0
32,M,01:53:39,04:29:20,6819,16160,1.8941666666666668,4.488888888888889,2.5947222222222224,42.03333333333333,0,0,0,0
34,M,02:08:50,04:29:26,7730,16166,2.147222222222222,4.490555555555556,2.3433333333333333,11.766666666666667,0,0,0,0
43,W,01:58:10,04:29:27,7090,16167,1.9694444444444446,4.490833333333334,2.5213888888888887,33.11666666666667,1,0,0,0
30,W,01:57:22,04:29:29,7042,16169,1.9561111111111111,4.491388888888889,2.535277777777778,34.75,1,0,0,0
32,W,02:03:21,04:29:31,7401,16171,2.055833333333333,4.491944444444444,2.436111111111111,22.816666666666666,1,0,0,0
42,M,01:59:39,04:29:32,7179,16172,1.9941666666666666,4.492222222222222,2.4980555555555557,30.233333333333334,0,0,0,0
31,M,02:02:39,04:29:32,7359,16172,2.0441666666666665,4.492222222222222,2.4480555555555554,24.233333333333334,0,0,0,0
44,W,01:58:22,04:29:34,7102,16174,1.9727777777777777,4.4927777777777775,2.52,32.833333333333336,1,0,0,0
36,W,01:59:34,04:29:35,7174,16175,1.9927777777777778,4.493055555555555,2.500277777777778,30.45,1,0,0,0
47,M,02:00:55,04:29:36,7255,16176,2.015277777777778,4.493333333333333,2.4780555555555557,27.766666666666666,0,0,0,0
47,M,01:51:20,04:29:37,6680,16177,1.8555555555555556,4.493611111111111,2.6380555555555554,46.95,0,0,0,0
33,M,01:47:22,04:29:39,6442,16179,1.7894444444444444,4.494166666666667,2.7047222222222222,54.916666666666664,0,0,0,0
50,M,01:56:30,04:29:43,6990,16183,1.9416666666666667,4.495277777777778,2.553611111111111,36.71666666666667,0,0,0,0
49,W,01:58:56,04:29:45,7136,16185,1.9822222222222223,4.495833333333334,2.513611111111111,31.883333333333333,1,0,0,0
24,W,02:00:02,04:29:47,7202,16187,2.0005555555555556,4.496388888888889,2.495833333333333,29.716666666666665,1,0,0,0
35,M,02:05:57,04:29:47,7557,16187,2.0991666666666666,4.496388888888889,2.397222222222222,17.883333333333333,0,0,0,0
44,M,01:51:10,04:29:52,6670,16192,1.8527777777777779,4.497777777777777,2.645,47.53333333333333,0,0,0,0
39,M,01:53:08,04:29:55,6788,16195,1.8855555555555557,4.498611111111111,2.6130555555555555,43.65,0,0,0,0
32,M,01:56:47,04:29:55,7007,16195,1.946388888888889,4.498611111111111,2.5522222222222224,36.35,0,0,0,0
30,M,01:48:18,04:29:59,6498,16199,1.805,4.499722222222222,2.694722222222222,53.38333333333333,0,0,0,0
46,M,01:59:39,04:30:01,7179,16201,1.9941666666666666,4.500277777777778,2.506111111111111,30.716666666666665,0,0,0,0
24,W,02:03:10,04:30:02,7390,16202,2.0527777777777776,4.500555555555556,2.4477777777777776,23.7,1,0,0,0
48,M,02:00:55,04:30:04,7255,16204,2.015277777777778,4.501111111111111,2.4858333333333333,28.233333333333334,0,0,0,0
25,M,01:43:10,04:30:05,6190,16205,1.7194444444444446,4.501388888888889,2.7819444444444446,63.75,0,0,0,0
26,M,01:58:25,04:30:05,7105,16205,1.9736111111111112,4.501388888888889,2.5277777777777777,33.25,0,0,0,0
54,W,02:00:27,04:30:07,7227,16207,2.0075,4.501944444444445,2.4944444444444445,29.216666666666665,1,0,0,0
53,W,01:58:02,04:30:08,7082,16208,1.9672222222222222,4.502222222222223,2.535,34.06666666666667,1,0,0,0
39,M,01:56:06,04:30:08,6966,16208,1.935,4.502222222222223,2.567222222222222,37.93333333333333,0,0,0,0
37,M,02:02:59,04:30:11,7379,16211,2.049722222222222,4.503055555555555,2.453333333333333,24.216666666666665,0,0,0,0
22,M,01:59:43,04:30:11,7183,16211,1.9952777777777777,4.503055555555555,2.5077777777777777,30.75,0,0,0,0
38,W,02:02:33,04:30:11,7353,16211,2.0425,4.503055555555555,2.4605555555555556,25.083333333333332,1,0,0,0
26,W,02:01:07,04:30:13,7267,16213,2.018611111111111,4.503611111111111,2.485,27.983333333333334,1,0,0,0
48,M,02:01:28,04:30:14,7288,16214,2.0244444444444443,4.503888888888889,2.4794444444444443,27.3,0,0,0,0
29,M,02:01:20,04:30:15,7280,16215,2.022222222222222,4.504166666666666,2.4819444444444443,27.583333333333332,0,0,0,0
44,M,01:54:47,04:30:16,6887,16216,1.9130555555555555,4.504444444444444,2.591388888888889,40.7,0,0,0,0
36,W,01:57:46,04:30:17,7066,16217,1.9627777777777777,4.504722222222222,2.5419444444444443,34.75,1,0,0,0
36,M,01:55:58,04:30:21,6958,16221,1.9327777777777777,4.505833333333333,2.5730555555555554,38.416666666666664,0,0,0,0
24,M,01:59:16,04:30:21,7156,16221,1.9877777777777779,4.505833333333333,2.5180555555555557,31.816666666666666,0,0,0,0
34,M,01:54:10,04:30:25,6850,16225,1.9027777777777777,4.506944444444445,2.6041666666666665,42.083333333333336,0,0,0,0
29,M,02:14:25,04:30:25,8065,16225,2.2402777777777776,4.506944444444445,2.2666666666666666,1.5833333333333333,0,0,0,0
36,M,01:58:10,04:30:28,7090,16228,1.9694444444444446,4.507777777777778,2.5383333333333336,34.13333333333333,0,0,0,0
44,W,01:58:06,04:30:31,7086,16231,1.9683333333333333,4.508611111111111,2.540277777777778,34.31666666666667,1,0,0,0
39,M,02:01:12,04:30:31,7272,16231,2.02,4.508611111111111,2.488611111111111,28.116666666666667,0,0,0,0
43,M,01:58:32,04:30:34,7112,16234,1.9755555555555555,4.509444444444444,2.533888888888889,33.5,0,0,0,0
42,M,02:01:20,04:30:38,7280,16238,2.022222222222222,4.510555555555555,2.4883333333333333,27.966666666666665,0,0,0,0
32,M,01:54:26,04:30:41,6866,16241,1.9072222222222222,4.511388888888889,2.6041666666666665,41.81666666666667,0,0,0,0
38,M,02:04:24,04:30:41,7464,16241,2.0733333333333333,4.511388888888889,2.4380555555555556,21.883333333333333,0,0,0,0
22,M,02:06:38,04:30:42,7598,16242,2.1105555555555555,4.511666666666667,2.401111111111111,17.433333333333334,0,0,0,0
33,M,01:56:50,04:30:43,7010,16243,1.9472222222222222,4.5119444444444445,2.564722222222222,37.05,0,0,0,0
33,M,01:54:02,04:30:45,6842,16245,1.9005555555555556,4.5125,2.6119444444444446,42.68333333333333,0,0,0,0
44,W,02:04:08,04:30:50,7448,16250,2.068888888888889,4.513888888888889,2.445,22.566666666666666,1,0,0,0
44,M,01:45:04,04:30:52,6304,16252,1.751111111111111,4.514444444444444,2.763333333333333,60.733333333333334,0,0,0,0
31,M,01:57:34,04:30:52,7054,16252,1.9594444444444445,4.514444444444444,2.555,35.733333333333334,0,0,0,0
39,M,02:00:53,04:30:57,7253,16257,2.0147222222222223,4.515833333333333,2.5011111111111113,29.183333333333334,0,0,0,0
26,M,02:02:40,04:31:03,7360,16263,2.0444444444444443,4.5175,2.4730555555555553,25.716666666666665,0,0,0,0
55,W,02:08:50,04:31:07,7730,16267,2.147222222222222,4.518611111111111,2.3713888888888888,13.45,1,0,0,0
37,W,01:56:50,04:31:10,7010,16270,1.9472222222222222,4.519444444444445,2.5722222222222224,37.5,1,0,0,0
40,M,01:57:23,04:31:12,7043,16272,1.956388888888889,4.52,2.5636111111111113,36.43333333333333,0,0,0,0
30,M,02:05:36,04:31:13,7536,16273,2.0933333333333333,4.520277777777777,2.4269444444444446,20.016666666666666,0,0,0,0
31,M,01:49:46,04:31:17,6586,16277,1.8294444444444444,4.521388888888889,2.6919444444444443,51.75,0,0,0,0
29,M,01:49:38,04:31:18,6578,16278,1.8272222222222223,4.5216666666666665,2.6944444444444446,52.03333333333333,0,0,0,0
46,M,01:59:43,04:31:22,7183,16282,1.9952777777777777,4.522777777777778,2.5275,31.933333333333334,0,0,0,0
29,W,01:55:26,04:31:24,6926,16284,1.923888888888889,4.523333333333333,2.5994444444444444,40.53333333333333,1,0,0,0
33,W,02:04:42,04:31:30,7482,16290,2.078333333333333,4.525,2.4466666666666668,22.1,1,0,0,0
26,W,01:56:57,04:31:31,7017,16291,1.9491666666666667,4.525277777777778,2.576111111111111,37.61666666666667,1,0,0,0
46,M,01:53:55,04:31:33,6835,16293,1.898611111111111,4.525833333333333,2.627222222222222,43.71666666666667,0,0,0,0
34,M,01:59:37,04:31:42,7177,16302,1.993611111111111,4.528333333333333,2.5347222222222223,32.46666666666667,0,0,0,0
46,M,01:49:29,04:31:44,6569,16304,1.8247222222222221,4.528888888888889,2.7041666666666666,52.766666666666666,0,0,0,0
34,M,01:54:16,04:31:44,6856,16304,1.9044444444444444,4.528888888888889,2.6244444444444444,43.2,0,0,0,0
31,W,02:00:30,04:31:51,7230,16311,2.0083333333333333,4.530833333333334,2.5225,30.85,1,0,0,0
43,M,01:59:23,04:31:56,7163,16316,1.9897222222222222,4.532222222222222,2.5425,33.166666666666664,0,0,0,0
39,M,01:50:51,04:31:56,6651,16316,1.8475,4.532222222222222,2.6847222222222222,50.233333333333334,0,0,0,0
42,M,01:50:01,04:32:00,6601,16320,1.833611111111111,4.533333333333333,2.6997222222222224,51.96666666666667,0,0,0,0
24,M,02:05:33,04:32:00,7533,16320,2.0925,4.533333333333333,2.4408333333333334,20.9,0,0,0,0
36,M,01:24:13,04:32:06,5053,16326,1.4036111111111111,4.535,3.131388888888889,103.66666666666667,0,0,0,0
39,M,01:57:40,04:32:09,7060,16329,1.961111111111111,4.535833333333334,2.5747222222222224,36.81666666666667,0,0,0,0
36,W,01:53:49,04:32:09,6829,16329,1.8969444444444445,4.535833333333334,2.638888888888889,44.516666666666666,1,0,0,0
30,M,01:54:25,04:32:11,6865,16331,1.9069444444444446,4.536388888888889,2.6294444444444443,43.35,0,0,0,0
40,M,01:58:28,04:32:11,7108,16331,1.9744444444444444,4.536388888888889,2.5619444444444444,35.25,0,0,0,0
60,M,02:04:40,04:32:12,7480,16332,2.077777777777778,4.536666666666667,2.4588888888888887,22.866666666666667,0,0,0,0
44,M,02:00:30,04:32:12,7230,16332,2.0083333333333333,4.536666666666667,2.5283333333333333,31.2,0,0,0,0
41,M,01:59:51,04:32:16,7191,16336,1.9975,4.5377777777777775,2.540277777777778,32.56666666666667,0,0,0,0
47,W,01:59:58,04:32:17,7198,16337,1.9994444444444444,4.538055555555555,2.538611111111111,32.35,1,0,0,0
56,M,02:00:59,04:32:17,7259,16337,2.016388888888889,4.538055555555555,2.5216666666666665,30.316666666666666,0,0,0,0
34,M,02:04:49,04:32:20,7489,16340,2.080277777777778,4.538888888888889,2.4586111111111113,22.7,0,0,0,0
40,W,01:59:59,04:32:20,7199,16340,1.9997222222222222,4.538888888888889,2.5391666666666666,32.36666666666667,1,0,0,0
23,M,01:43:58,04:32:22,6238,16342,1.7327777777777778,4.539444444444444,2.8066666666666666,64.43333333333334,0,0,0,0
45,M,02:01:44,04:32:22,7304,16342,2.028888888888889,4.539444444444444,2.5105555555555554,28.9,0,0,0,0
31,M,02:01:07,04:32:23,7267,16343,2.018611111111111,4.539722222222222,2.5211111111111113,30.15,0,0,0,0
44,W,02:03:41,04:32:26,7421,16346,2.0613888888888887,4.540555555555556,2.4791666666666665,25.066666666666666,1,0,0,0
53,M,01:51:30,04:32:27,6690,16347,1.8583333333333334,4.5408333333333335,2.6825,49.45,0,0,0,0
27,M,01:48:25,04:32:28,6505,16348,1.8069444444444445,4.541111111111111,2.734166666666667,55.63333333333333,0,0,0,0
46,M,01:53:40,04:32:29,6820,16349,1.8944444444444444,4.541388888888889,2.6469444444444443,45.15,0,0,0,0
35,M,01:52:12,04:32:30,6732,16350,1.87,4.541666666666667,2.671666666666667,48.1,0,0,0,0
34,W,02:04:19,04:32:33,7459,16353,2.0719444444444446,4.5425,2.4705555555555554,23.916666666666668,1,0,0,0
39,M,01:56:44,04:32:36,7004,16356,1.9455555555555555,4.543333333333333,2.597777777777778,39.13333333333333,0,0,0,0
40,W,02:01:48,04:32:36,7308,16356,2.03,4.543333333333333,2.513333333333333,29.0,1,0,0,0
47,W,02:04:31,04:32:40,7471,16360,2.075277777777778,4.544444444444444,2.4691666666666667,23.633333333333333,1,0,0,0
56,M,01:55:11,04:32:43,6911,16363,1.9197222222222223,4.545277777777778,2.6255555555555556,42.35,0,0,0,0
26,M,01:58:13,04:32:43,7093,16363,1.9702777777777778,4.545277777777778,2.575,36.28333333333333,0,0,0,0
35,M,01:52:03,04:32:45,6723,16365,1.8675,4.545833333333333,2.6783333333333332,48.65,0,0,0,0
51,M,01:59:20,04:32:45,7160,16365,1.988888888888889,4.545833333333333,2.5569444444444445,34.083333333333336,0,0,0,0
41,W,02:01:22,04:32:47,7282,16367,2.022777777777778,4.546388888888889,2.5236111111111112,30.05,1,0,0,0
47,M,01:53:22,04:32:49,6802,16369,1.8894444444444445,4.546944444444445,2.6575,46.083333333333336,0,0,0,0
38,M,01:45:59,04:32:50,6359,16370,1.7663888888888888,4.5472222222222225,2.7808333333333333,60.86666666666667,0,0,0,0
32,M,01:54:03,04:32:53,6843,16373,1.9008333333333334,4.548055555555556,2.647222222222222,44.78333333333333,0,0,0,0
33,M,02:04:03,04:32:55,7443,16375,2.0675,4.548611111111111,2.4811111111111113,24.816666666666666,0,0,0,0
45,M,02:06:28,04:33:00,7588,16380,2.1077777777777778,4.55,2.442222222222222,20.066666666666666,0,0,0,0
47,M,01:59:33,04:33:01,7173,16381,1.9925,4.550277777777778,2.557777777777778,33.916666666666664,0,0,0,0
37,M,01:54:52,04:33:03,6892,16383,1.9144444444444444,4.550833333333333,2.636388888888889,43.31666666666667,0,0,0,0
29,W,02:02:51,04:33:04,7371,16384,2.0475,4.551111111111111,2.5036111111111112,27.366666666666667,1,0,0,0
36,W,01:57:11,04:33:06,7031,16386,1.9530555555555555,4.551666666666667,2.598611111111111,38.733333333333334,1,0,0,0
36,W,01:59:48,04:33:13,7188,16393,1.9966666666666666,4.5536111111111115,2.5569444444444445,33.61666666666667,1,0,0,0
38,M,02:02:23,04:33:14,7343,16394,2.039722222222222,4.553888888888889,2.5141666666666667,28.466666666666665,0,0,0,0
50,M,01:59:41,04:33:16,7181,16396,1.9947222222222223,4.554444444444444,2.5597222222222222,33.9,0,0,0,0
49,M,01:56:23,04:33:17,6983,16397,1.9397222222222221,4.554722222222222,2.615,40.516666666666666,0,0,0,0
48,M,02:02:56,04:33:18,7376,16398,2.048888888888889,4.555,2.506111111111111,27.433333333333334,0,0,0,0
37,W,02:04:24,04:33:21,7464,16401,2.0733333333333333,4.555833333333333,2.4825,24.55,1,0,0,0
65,M,01:59:07,04:33:22,7147,16402,1.9852777777777777,4.556111111111111,2.5708333333333333,35.13333333333333,0,0,0,0
58,M,01:57:18,04:33:22,7038,16402,1.955,4.556111111111111,2.601111111111111,38.766666666666666,0,0,0,0
31,M,01:54:49,04:33:25,6889,16405,1.9136111111111112,4.5569444444444445,2.6433333333333335,43.78333333333333,0,0,0,0
37,W,01:56:53,04:33:25,7013,16405,1.9480555555555557,4.5569444444444445,2.608888888888889,39.65,1,0,0,0
34,M,02:04:28,04:33:26,7468,16406,2.0744444444444445,4.557222222222222,2.4827777777777778,24.5,0,0,0,0
39,M,02:05:55,04:33:28,7555,16408,2.098611111111111,4.557777777777778,2.4591666666666665,21.633333333333333,0,0,0,0
32,M,01:59:02,04:33:31,7142,16411,1.9838888888888888,4.558611111111111,2.5747222222222224,35.45,0,0,0,0
56,M,02:06:03,04:33:44,7563,16424,2.1008333333333336,4.562222222222222,2.461388888888889,21.633333333333333,0,0,0,0
37,M,01:58:48,04:33:45,7128,16425,1.98,4.5625,2.5825,36.15,0,0,0,0
36,W,01:58:13,04:33:50,7093,16430,1.9702777777777778,4.563888888888889,2.593611111111111,37.4,1,0,0,0
64,M,01:54:27,04:33:51,6867,16431,1.9075,4.564166666666667,2.6566666666666667,44.95,0,0,0,0
28,M,01:59:04,04:33:55,7144,16435,1.9844444444444445,4.565277777777778,2.5808333333333335,35.78333333333333,0,0,0,0
25,M,02:04:00,04:33:58,7440,16438,2.066666666666667,4.566111111111111,2.4994444444444444,25.966666666666665,0,0,0,0
43,M,01:49:03,04:34:01,6543,16441,1.8175,4.566944444444444,2.7494444444444444,55.916666666666664,0,0,0,0
49,M,01:58:25,04:34:02,7105,16442,1.9736111111111112,4.567222222222222,2.593611111111111,37.2,0,0,0,0
23,W,02:07:48,04:34:02,7668,16442,2.13,4.567222222222222,2.437222222222222,18.433333333333334,1,0,0,0
51,M,01:57:11,04:34:02,7031,16442,1.9530555555555555,4.567222222222222,2.6141666666666667,39.666666666666664,0,0,0,0
42,W,01:52:03,04:34:04,6723,16444,1.8675,4.567777777777778,2.700277777777778,49.96666666666667,1,0,0,0
26,M,01:51:27,04:34:05,6687,16445,1.8575,4.5680555555555555,2.7105555555555556,51.18333333333333,0,0,0,0
56,M,01:57:11,04:34:06,7031,16446,1.9530555555555555,4.568333333333333,2.6152777777777776,39.733333333333334,0,0,0,0
37,M,01:58:03,04:34:06,7083,16446,1.9675,4.568333333333333,2.6008333333333336,38.0,0,0,0,0
26,W,01:57:34,04:34:07,7054,16447,1.9594444444444445,4.568611111111111,2.609166666666667,38.983333333333334,1,0,0,0
49,M,01:58:22,04:34:08,7102,16448,1.9727777777777777,4.568888888888889,2.596111111111111,37.4,0,0,0,0
52,M,01:56:14,04:34:11,6974,16451,1.9372222222222222,4.5697222222222225,2.6325,41.71666666666667,0,0,0,0
30,W,01:57:19,04:34:14,7039,16454,1.9552777777777777,4.570555555555556,2.6152777777777776,39.6,1,0,0,0
41,W,02:02:48,04:34:14,7368,16454,2.046666666666667,4.570555555555556,2.523888888888889,28.633333333333333,1,0,0,0
39,W,01:50:40,04:34:19,6640,16459,1.8444444444444446,4.571944444444444,2.7275,52.983333333333334,1,0,0,0
29,M,01:46:39,04:34:21,6399,16461,1.7775,4.5725,2.795,61.05,0,0,0,0
46,W,02:03:08,04:34:22,7388,16462,2.0522222222222224,4.572777777777778,2.5205555555555557,28.1,1,0,0,0
41,W,02:01:16,04:34:22,7276,16462,2.0211111111111113,4.572777777777778,2.5516666666666667,31.833333333333332,1,0,0,0
37,W,02:04:11,04:34:23,7451,16463,2.069722222222222,4.573055555555555,2.5033333333333334,26.016666666666666,1,0,0,0
44,M,01:53:17,04:34:25,6797,16465,1.8880555555555556,4.573611111111111,2.6855555555555557,47.85,0,0,0,0
55,W,02:04:02,04:34:25,7442,16465,2.067222222222222,4.573611111111111,2.506388888888889,26.35,1,0,0,0
36,M,01:56:49,04:34:28,7009,16468,1.9469444444444444,4.5744444444444445,2.6275,40.833333333333336,0,0,0,0
41,W,01:58:23,04:34:30,7103,16470,1.9730555555555556,4.575,2.6019444444444444,37.733333333333334,1,0,0,0
27,M,02:00:39,04:34:30,7239,16470,2.0108333333333333,4.575,2.5641666666666665,33.2,0,0,0,0
37,M,01:55:38,04:34:31,6938,16471,1.9272222222222222,4.575277777777778,2.6480555555555556,43.25,0,0,0,0
45,M,01:50:00,04:34:31,6600,16471,1.8333333333333333,4.575277777777778,2.7419444444444445,54.516666666666666,0,0,0,0
51,M,01:57:54,04:34:33,7074,16473,1.965,4.575833333333334,2.6108333333333333,38.75,0,0,0,0
40,W,02:04:00,04:34:33,7440,16473,2.066666666666667,4.575833333333334,2.5091666666666668,26.55,1,0,0,0
36,W,02:03:26,04:34:34,7406,16474,2.0572222222222223,4.5761111111111115,2.5188888888888887,27.7,1,0,0,0
51,M,01:52:35,04:34:35,6755,16475,1.8763888888888889,4.576388888888889,2.7,49.416666666666664,0,0,0,0
27,W,01:57:25,04:34:39,7045,16479,1.9569444444444444,4.5775,2.6205555555555557,39.81666666666667,1,0,0,0
51,M,02:00:05,04:34:39,7205,16479,2.001388888888889,4.5775,2.576111111111111,34.483333333333334,0,0,0,0
42,M,01:55:44,04:34:40,6944,16480,1.9288888888888889,4.5777777777777775,2.648888888888889,43.2,0,0,0,0
51,W,02:06:47,04:34:43,7607,16483,2.1130555555555555,4.578611111111111,2.4655555555555555,21.15,1,0,0,0
30,M,02:04:47,04:34:45,7487,16485,2.0797222222222222,4.579166666666667,2.4994444444444444,25.183333333333334,0,0,0,0
37,M,01:59:15,04:34:46,7155,16486,1.9875,4.579444444444444,2.5919444444444446,36.266666666666666,0,0,0,0
40,M,01:57:58,04:34:47,7078,16487,1.9661111111111111,4.579722222222222,2.613611111111111,38.85,0,0,0,0
45,W,02:00:02,04:34:50,7202,16490,2.0005555555555556,4.580555555555556,2.58,34.766666666666666,1,0,0,0
34,M,02:01:40,04:34:52,7300,16492,2.0277777777777777,4.581111111111111,2.5533333333333332,31.533333333333335,0,0,0,0
39,W,01:59:09,04:35:01,7149,16501,1.9858333333333333,4.583611111111111,2.597777777777778,36.71666666666667,1,0,0,0
62,M,01:52:25,04:35:03,6745,16503,1.8736111111111111,4.5841666666666665,2.7105555555555556,50.21666666666667,0,0,0,0
24,W,01:54:33,04:35:04,6873,16504,1.9091666666666667,4.584444444444444,2.6752777777777776,45.96666666666667,1,0,0,0
31,M,01:49:11,04:35:07,6551,16507,1.8197222222222222,4.585277777777778,2.7655555555555558,56.75,0,0,0,0
28,M,01:53:22,04:35:07,6802,16507,1.8894444444444445,4.585277777777778,2.6958333333333333,48.38333333333333,0,0,0,0
36,M,01:53:20,04:35:11,6800,16511,1.8888888888888888,4.586388888888889,2.6975,48.516666666666666,0,0,0,0
38,M,01:58:18,04:35:13,7098,16513,1.9716666666666667,4.586944444444445,2.6152777777777776,38.61666666666667,0,0,0,0
57,M,01:56:02,04:35:13,6962,16513,1.933888888888889,4.586944444444445,2.6530555555555555,43.15,0,0,0,0
35,M,01:54:05,04:35:15,6845,16515,1.9013888888888888,4.5875,2.686111111111111,47.083333333333336,0,0,0,0
33,W,02:05:12,04:35:15,7512,16515,2.0866666666666664,4.5875,2.5008333333333335,24.85,1,0,0,0
43,M,02:02:14,04:35:16,7334,16516,2.0372222222222223,4.587777777777778,2.5505555555555555,30.8,0,0,0,0
43,M,01:55:36,04:35:16,6936,16516,1.9266666666666667,4.587777777777778,2.661111111111111,44.06666666666667,0,0,0,0
54,M,02:03:40,04:35:17,7420,16517,2.061111111111111,4.588055555555556,2.5269444444444447,27.95,0,0,0,0
26,W,02:02:42,04:35:18,7362,16518,2.045,4.588333333333333,2.5433333333333334,29.9,1,0,0,0
36,W,01:49:34,04:35:18,6574,16518,1.826111111111111,4.588333333333333,2.7622222222222224,56.166666666666664,1,0,0,0
27,M,01:56:06,04:35:18,6966,16518,1.935,4.588333333333333,2.6533333333333333,43.1,0,0,0,0
40,M,02:07:49,04:35:20,7669,16520,2.1302777777777777,4.588888888888889,2.4586111111111113,19.7,0,0,0,0
43,M,01:53:27,04:35:24,6807,16524,1.8908333333333334,4.59,2.6991666666666667,48.5,0,0,0,0
51,W,01:52:35,04:35:26,6755,16526,1.8763888888888889,4.5905555555555555,2.714166666666667,50.266666666666666,1,0,0,0
39,M,02:02:36,04:35:27,7356,16527,2.0433333333333334,4.590833333333333,2.5475,30.25,0,0,0,0
56,M,01:57:59,04:35:27,7079,16527,1.966388888888889,4.590833333333333,2.6244444444444444,39.483333333333334,0,0,0,0
68,M,01:58:49,04:35:28,7129,16528,1.9802777777777778,4.591111111111111,2.6108333333333333,37.833333333333336,0,0,0,0
32,W,02:06:27,04:35:29,7587,16529,2.1075,4.591388888888889,2.483888888888889,22.583333333333332,1,0,0,0
39,M,02:05:18,04:35:31,7518,16531,2.0883333333333334,4.591944444444445,2.5036111111111112,24.916666666666668,0,0,0,0
53,M,01:54:12,04:35:32,6852,16532,1.9033333333333333,4.592222222222222,2.688888888888889,47.13333333333333,0,0,0,0
44,M,01:58:06,04:35:33,7086,16533,1.9683333333333333,4.5925,2.6241666666666665,39.35,0,0,0,0
26,W,02:12:03,04:35:36,7923,16536,2.200833333333333,4.593333333333334,2.3925,11.5,1,0,0,0
52,M,01:57:59,04:35:38,7079,16538,1.966388888888889,4.5938888888888885,2.6275,39.666666666666664,0,0,0,0
24,M,02:00:23,04:35:39,7223,16539,2.006388888888889,4.594166666666666,2.5877777777777777,34.88333333333333,0,0,0,0
37,W,02:01:46,04:35:44,7306,16544,2.0294444444444446,4.595555555555555,2.5661111111111112,32.2,1,0,0,0
29,W,01:54:24,04:35:45,6864,16545,1.9066666666666667,4.595833333333333,2.6891666666666665,46.95,1,0,0,0
23,W,02:04:50,04:35:46,7490,16546,2.0805555555555557,4.596111111111111,2.5155555555555558,26.1,1,0,0,0
35,W,01:55:26,04:35:47,6926,16547,1.923888888888889,4.596388888888889,2.6725,44.916666666666664,1,0,0,0
37,M,02:05:10,04:35:48,7510,16548,2.0861111111111112,4.596666666666667,2.5105555555555554,25.466666666666665,0,0,0,0
38,M,01:52:39,04:35:54,6759,16554,1.8775,4.598333333333334,2.720833333333333,50.6,0,0,0,0
44,M,01:59:48,04:35:57,7188,16557,1.9966666666666666,4.599166666666667,2.6025,36.35,0,0,0,0
43,M,02:00:26,04:35:59,7226,16559,2.007222222222222,4.599722222222222,2.5925,35.11666666666667,0,0,0,0
39,W,02:03:50,04:36:00,7430,16560,2.063888888888889,4.6,2.536111111111111,28.333333333333332,1,0,0,0
40,M,01:52:06,04:36:01,6726,16561,1.8683333333333334,4.6002777777777775,2.7319444444444443,51.81666666666667,0,0,0,0
43,M,01:45:02,04:36:02,6302,16562,1.7505555555555556,4.600555555555555,2.85,65.96666666666667,0,0,0,0
51,M,01:56:34,04:36:03,6994,16563,1.9427777777777777,4.600833333333333,2.6580555555555554,42.916666666666664,0,0,0,0
55,M,01:59:48,04:36:03,7188,16563,1.9966666666666666,4.600833333333333,2.6041666666666665,36.45,0,0,0,0
51,M,02:00:04,04:36:03,7204,16563,2.0011111111111113,4.600833333333333,2.5997222222222223,35.916666666666664,0,0,0,0
30,W,02:06:37,04:36:03,7597,16563,2.1102777777777777,4.600833333333333,2.4905555555555554,22.816666666666666,1,0,0,0
54,W,02:00:37,04:36:05,7237,16565,2.0102777777777776,4.601388888888889,2.591111111111111,34.85,1,0,0,0
32,M,02:03:47,04:36:06,7427,16566,2.0630555555555556,4.601666666666667,2.538611111111111,28.533333333333335,0,0,0,0
33,M,01:52:16,04:36:06,6736,16566,1.8711111111111112,4.601666666666667,2.7305555555555556,51.56666666666667,0,0,0,0
28,M,02:04:59,04:36:07,7499,16567,2.0830555555555557,4.601944444444444,2.5188888888888887,26.15,0,0,0,0
37,W,01:58:40,04:36:12,7120,16572,1.9777777777777779,4.6033333333333335,2.6255555555555556,38.86666666666667,1,0,0,0
47,M,01:47:55,04:36:13,6475,16573,1.7986111111111112,4.603611111111111,2.805,60.38333333333333,0,0,0,0
50,W,01:53:33,04:36:17,6813,16577,1.8925,4.604722222222223,2.712222222222222,49.18333333333333,1,0,0,0
42,W,02:04:06,04:36:18,7446,16578,2.0683333333333334,4.605,2.5366666666666666,28.1,1,0,0,0
40,W,02:01:23,04:36:18,7283,16578,2.0230555555555556,4.605,2.5819444444444444,33.53333333333333,1,0,0,0
30,M,02:01:13,04:36:23,7273,16583,2.020277777777778,4.606388888888889,2.5861111111111112,33.95,0,0,0,0
32,M,02:05:02,04:36:27,7502,16587,2.0838888888888887,4.6075,2.5236111111111112,26.383333333333333,0,0,0,0
36,M,01:59:54,04:36:27,7194,16587,1.9983333333333333,4.6075,2.609166666666667,36.65,0,0,0,0
63,M,01:54:19,04:36:28,6859,16588,1.9052777777777778,4.607777777777778,2.7025,47.833333333333336,0,0,0,0
40,M,01:51:38,04:36:28,6698,16588,1.8605555555555555,4.607777777777778,2.7472222222222222,53.2,0,0,0,0
45,W,02:07:56,04:36:29,7676,16589,2.132222222222222,4.608055555555556,2.4758333333333336,20.616666666666667,1,0,0,0
39,W,01:56:29,04:36:31,6989,16591,1.9413888888888888,4.608611111111111,2.667222222222222,43.55,1,0,0,0
43,M,01:54:25,04:36:34,6865,16594,1.9069444444444446,4.609444444444445,2.7025,47.733333333333334,0,0,0,0
31,M,01:55:38,04:36:35,6938,16595,1.9272222222222222,4.6097222222222225,2.6825,45.31666666666667,0,0,0,0
39,M,01:58:09,04:36:36,7089,16596,1.9691666666666667,4.61,2.640833333333333,40.3,0,0,0,0
26,W,01:59:52,04:36:36,7192,16596,1.9977777777777779,4.61,2.612222222222222,36.86666666666667,1,0,0,0
42,M,02:03:22,04:36:37,7402,16597,2.056111111111111,4.610277777777778,2.5541666666666667,29.883333333333333,0,0,0,0
37,W,01:53:58,04:36:39,6838,16599,1.8994444444444445,4.610833333333333,2.711388888888889,48.71666666666667,1,0,0,0
40,M,01:49:17,04:36:42,6557,16602,1.821388888888889,4.611666666666666,2.790277777777778,58.13333333333333,0,0,0,0
48,W,02:01:18,04:36:45,7278,16605,2.0216666666666665,4.6125,2.5908333333333333,34.15,1,0,0,0
39,M,01:56:06,04:36:47,6966,16607,1.935,4.6130555555555555,2.6780555555555554,44.583333333333336,0,0,0,0
55,M,01:59:26,04:36:50,7166,16610,1.9905555555555556,4.613888888888889,2.6233333333333335,37.96666666666667,0,0,0,0
45,M,02:00:41,04:36:52,7241,16612,2.011388888888889,4.614444444444445,2.6030555555555557,35.5,0,0,0,0
24,M,01:50:07,04:36:53,6607,16613,1.8352777777777778,4.614722222222222,2.7794444444444446,56.65,0,0,0,0
23,W,01:47:40,04:36:53,6460,16613,1.7944444444444445,4.614722222222222,2.8202777777777777,61.55,1,0,0,0
27,W,02:03:52,04:36:54,7432,16614,2.0644444444444443,4.615,2.5505555555555555,29.166666666666668,1,0,0,0
43,W,02:07:15,04:36:57,7635,16617,2.120833333333333,4.615833333333334,2.495,22.45,1,0,0,0
52,M,01:56:37,04:36:57,6997,16617,1.9436111111111112,4.615833333333334,2.672222222222222,43.71666666666667,0,0,0,0
26,W,01:57:20,04:36:57,7040,16617,1.9555555555555555,4.615833333333334,2.660277777777778,42.28333333333333,1,0,0,0
24,W,02:04:12,04:36:58,7452,16618,2.07,4.6161111111111115,2.546111111111111,28.566666666666666,1,0,0,0
56,W,02:02:37,04:37:00,7357,16620,2.0436111111111113,4.616666666666666,2.5730555555555554,31.766666666666666,1,0,0,0
50,M,02:06:29,04:37:02,7589,16622,2.1080555555555556,4.617222222222222,2.5091666666666668,24.066666666666666,0,0,0,0
39,M,02:00:51,04:37:06,7251,16626,2.0141666666666667,4.618333333333333,2.6041666666666665,35.4,0,0,0,0
40,W,02:07:18,04:37:06,7638,16626,2.1216666666666666,4.618333333333333,2.4966666666666666,22.5,1,0,0,0
47,M,01:57:13,04:37:09,7033,16629,1.9536111111111112,4.619166666666667,2.6655555555555557,42.71666666666667,0,0,0,0
41,W,02:00:07,04:37:12,7207,16632,2.0019444444444443,4.62,2.6180555555555554,36.96666666666667,1,0,0,0
39,M,02:00:58,04:37:13,7258,16633,2.016111111111111,4.620277777777778,2.6041666666666665,35.28333333333333,0,0,0,0
29,W,02:03:49,04:37:17,7429,16637,2.0636111111111113,4.621388888888889,2.557777777777778,29.65,1,0,0,0
32,W,01:53:46,04:37:18,6826,16638,1.896111111111111,4.621666666666667,2.7255555555555557,49.766666666666666,1,0,0,0
37,M,01:57:10,04:37:19,7030,16639,1.9527777777777777,4.621944444444445,2.6691666666666665,42.983333333333334,0,0,0,0
31,M,01:59:41,04:37:19,7181,16639,1.9947222222222223,4.621944444444445,2.627222222222222,37.95,0,0,0,0
28,M,02:00:15,04:37:23,7215,16643,2.004166666666667,4.623055555555555,2.618888888888889,36.88333333333333,0,0,0,0
41,M,01:54:21,04:37:26,6861,16646,1.9058333333333333,4.623888888888889,2.7180555555555554,48.733333333333334,0,0,0,0
28,W,01:53:06,04:37:27,6786,16647,1.885,4.6241666666666665,2.7391666666666667,51.25,1,0,0,0
45,M,01:51:08,04:37:32,6668,16652,1.8522222222222222,4.625555555555556,2.7733333333333334,55.266666666666666,0,0,0,0
46,M,01:56:21,04:37:35,6981,16655,1.9391666666666667,4.626388888888889,2.687222222222222,44.88333333333333,0,0,0,0
41,M,02:07:08,04:37:41,7628,16661,2.118888888888889,4.628055555555555,2.5091666666666668,23.416666666666668,0,0,0,0
39,M,02:04:36,04:37:44,7476,16664,2.0766666666666667,4.628888888888889,2.5522222222222224,28.533333333333335,0,0,0,0
42,W,01:57:05,04:37:44,7025,16664,1.9513888888888888,4.628888888888889,2.6775,43.56666666666667,1,0,0,0
37,M,01:55:28,04:37:45,6928,16665,1.9244444444444444,4.629166666666666,2.7047222222222222,46.81666666666667,0,0,0,0
36,W,02:05:03,04:37:53,7503,16673,2.0841666666666665,4.631388888888889,2.547222222222222,27.783333333333335,1,0,0,0
27,M,01:49:52,04:37:53,6592,16673,1.8311111111111111,4.631388888888889,2.8002777777777776,58.15,0,0,0,0
69,M,02:04:14,04:37:54,7454,16674,2.0705555555555555,4.631666666666667,2.561111111111111,29.433333333333334,0,0,0,0
41,M,02:01:17,04:37:56,7277,16676,2.0213888888888887,4.6322222222222225,2.6108333333333333,35.36666666666667,0,0,0,0
41,W,01:55:30,04:37:58,6930,16678,1.925,4.632777777777778,2.707777777777778,46.96666666666667,1,0,0,0
41,M,02:00:01,04:37:59,7201,16679,2.000277777777778,4.633055555555556,2.6327777777777777,37.95,0,0,0,0
52,M,02:01:26,04:38:05,7286,16685,2.023888888888889,4.634722222222222,2.6108333333333333,35.21666666666667,0,0,0,0
26,M,02:07:21,04:38:05,7641,16685,2.1225,4.634722222222222,2.5122222222222224,23.383333333333333,0,0,0,0
48,M,02:11:33,04:38:06,7893,16686,2.1925,4.635,2.4425,15.0,0,0,0,0
22,M,02:09:05,04:38:08,7745,16688,2.151388888888889,4.635555555555555,2.484166666666667,19.966666666666665,0,0,0,0
30,W,01:54:38,04:38:12,6878,16692,1.9105555555555556,4.636666666666667,2.726111111111111,48.93333333333333,1,0,0,0
37,W,02:10:11,04:38:12,7811,16692,2.169722222222222,4.636666666666667,2.4669444444444446,17.833333333333332,1,0,0,0
37,W,02:07:36,04:38:14,7656,16694,2.1266666666666665,4.637222222222222,2.5105555555555554,23.033333333333335,1,0,0,0
32,M,01:59:20,04:38:18,7160,16698,1.988888888888889,4.638333333333334,2.6494444444444443,39.63333333333333,0,0,0,0
33,W,02:05:50,04:38:20,7550,16700,2.0972222222222223,4.638888888888889,2.5416666666666665,26.666666666666668,1,0,0,0
46,M,01:46:51,04:38:20,6411,16700,1.7808333333333333,4.638888888888889,2.8580555555555556,64.63333333333334,0,0,0,0
31,M,01:57:35,04:38:24,7055,16704,1.9597222222222221,4.64,2.680277777777778,43.233333333333334,0,0,0,0
53,M,01:58:04,04:38:27,7084,16707,1.9677777777777778,4.640833333333333,2.6730555555555555,42.31666666666667,0,0,0,0
54,M,01:54:41,04:38:28,6881,16708,1.9113888888888888,4.641111111111111,2.729722222222222,49.1,0,0,0,0
24,W,02:00:15,04:38:34,7215,16714,2.004166666666667,4.642777777777778,2.638611111111111,38.06666666666667,1,0,0,0
45,M,01:55:30,04:38:35,6930,16715,1.925,4.643055555555556,2.7180555555555554,47.583333333333336,0,0,0,0
46,M,01:59:54,04:38:38,7194,16718,1.9983333333333333,4.643888888888889,2.6455555555555557,38.833333333333336,0,0,0,0
34,M,02:05:23,04:38:40,7523,16720,2.089722222222222,4.644444444444445,2.5547222222222223,27.9,0,0,0,0
43,M,01:55:14,04:38:40,6914,16720,1.9205555555555556,4.644444444444445,2.723888888888889,48.2,0,0,0,0
39,M,01:53:15,04:38:41,6795,16721,1.8875,4.644722222222223,2.757222222222222,52.18333333333333,0,0,0,0
52,W,01:57:33,04:38:42,7053,16722,1.9591666666666667,4.645,2.6858333333333335,43.6,1,0,0,0
51,M,01:55:24,04:38:43,6924,16723,1.9233333333333333,4.645277777777777,2.7219444444444445,47.916666666666664,0,0,0,0
45,W,02:10:08,04:38:44,7808,16724,2.168888888888889,4.645555555555555,2.4766666666666666,18.466666666666665,1,0,0,0
26,W,02:07:01,04:38:49,7621,16729,2.1169444444444445,4.646944444444444,2.53,24.783333333333335,1,0,0,0
49,M,01:57:43,04:38:51,7063,16731,1.9619444444444445,4.6475,2.6855555555555557,43.416666666666664,0,0,0,0
19,M,02:02:20,04:38:51,7340,16731,2.0388888888888888,4.6475,2.608611111111111,34.18333333333333,0,0,0,0
33,W,02:02:11,04:38:53,7331,16733,2.036388888888889,4.648055555555556,2.611666666666667,34.516666666666666,1,0,0,0
47,M,01:51:01,04:38:57,6661,16737,1.8502777777777777,4.649166666666667,2.798888888888889,56.916666666666664,0,0,0,0
39,M,01:47:29,04:38:57,6449,16737,1.791388888888889,4.649166666666667,2.8577777777777778,63.983333333333334,0,0,0,0
31,M,02:01:49,04:39:01,7309,16741,2.0302777777777776,4.650277777777778,2.62,35.38333333333333,0,0,0,0
57,M,01:58:47,04:39:02,7127,16742,1.9797222222222222,4.650555555555556,2.6708333333333334,41.46666666666667,0,0,0,0
33,M,02:06:52,04:39:02,7612,16742,2.1144444444444446,4.650555555555556,2.536111111111111,25.3,0,0,0,0
42,W,02:12:59,04:39:04,7979,16744,2.216388888888889,4.651111111111111,2.4347222222222222,13.1,1,0,0,0
35,M,02:09:18,04:39:04,7758,16744,2.155,4.651111111111111,2.496111111111111,20.466666666666665,0,0,0,0
34,M,02:01:09,04:39:04,7269,16744,2.0191666666666666,4.651111111111111,2.6319444444444446,36.766666666666666,0,0,0,0
56,W,02:05:52,04:39:07,7552,16747,2.097777777777778,4.651944444444444,2.5541666666666667,27.383333333333333,1,0,0,0
43,M,01:56:45,04:39:07,7005,16747,1.9458333333333333,4.651944444444444,2.706111111111111,45.61666666666667,0,0,0,0
44,W,02:03:22,04:39:09,7402,16749,2.056111111111111,4.6525,2.596388888888889,32.416666666666664,1,0,0,0
38,M,02:01:54,04:39:10,7314,16750,2.0316666666666667,4.652777777777778,2.621111111111111,35.36666666666667,0,0,0,0
40,M,02:00:11,04:39:10,7211,16750,2.0030555555555556,4.652777777777778,2.649722222222222,38.8,0,0,0,0
33,M,01:53:12,04:39:14,6792,16754,1.8866666666666667,4.653888888888889,2.7672222222222222,52.833333333333336,0,0,0,0
49,W,01:58:29,04:39:15,7109,16755,1.9747222222222223,4.654166666666667,2.6794444444444445,42.28333333333333,1,0,0,0
33,M,02:05:25,04:39:17,7525,16757,2.0902777777777777,4.654722222222222,2.5644444444444443,28.45,0,0,0,0
37,M,02:08:41,04:39:19,7721,16759,2.144722222222222,4.655277777777778,2.5105555555555554,21.95,0,0,0,0
39,M,01:58:22,04:39:22,7102,16762,1.9727777777777777,4.6561111111111115,2.683333333333333,42.63333333333333,0,0,0,0
25,W,02:01:06,04:39:24,7266,16764,2.0183333333333335,4.656666666666666,2.638333333333333,37.2,1,0,0,0
54,M,02:02:58,04:39:25,7378,16765,2.0494444444444446,4.656944444444444,2.6075,33.483333333333334,0,0,0,0
35,M,01:48:00,04:39:25,6480,16765,1.8,4.656944444444444,2.8569444444444443,63.416666666666664,0,0,0,0
38,W,02:13:36,04:39:26,8016,16766,2.2266666666666666,4.657222222222222,2.4305555555555554,12.233333333333333,1,0,0,0
29,W,01:56:26,04:39:29,6986,16769,1.9405555555555556,4.658055555555555,2.7175,46.61666666666667,1,0,0,0
28,W,02:11:54,04:39:29,7914,16769,2.1983333333333333,4.658055555555555,2.459722222222222,15.683333333333334,1,0,0,0
29,M,02:01:24,04:39:32,7284,16772,2.0233333333333334,4.658888888888889,2.6355555555555554,36.733333333333334,0,0,0,0
57,M,02:10:14,04:39:33,7814,16773,2.1705555555555556,4.659166666666667,2.488611111111111,19.083333333333332,0,0,0,0
65,M,01:59:04,04:39:34,7144,16774,1.9844444444444445,4.6594444444444445,2.675,41.43333333333333,0,0,0,0
49,W,02:02:39,04:39:35,7359,16775,2.0441666666666665,4.659722222222222,2.6155555555555554,34.28333333333333,1,0,0,0
35,M,01:56:39,04:39:37,6999,16777,1.9441666666666666,4.660277777777778,2.716111111111111,46.31666666666667,0,0,0,0
43,W,02:03:03,04:39:41,7383,16781,2.0508333333333333,4.661388888888889,2.6105555555555555,33.583333333333336,1,0,0,0
51,M,02:06:04,04:39:43,7564,16783,2.101111111111111,4.661944444444444,2.5608333333333335,27.583333333333332,0,0,0,0
33,W,02:03:52,04:39:48,7432,16788,2.0644444444444443,4.663333333333333,2.598888888888889,32.06666666666667,1,0,0,0
24,M,02:01:44,04:39:51,7304,16791,2.028888888888889,4.664166666666667,2.6352777777777776,36.38333333333333,0,0,0,0
38,M,01:53:08,04:39:52,6788,16792,1.8855555555555557,4.664444444444444,2.778888888888889,53.6,0,0,0,0
49,M,01:53:20,04:39:55,6800,16795,1.8888888888888888,4.665277777777778,2.776388888888889,53.25,0,0,0,0
39,M,02:05:42,04:39:56,7542,16796,2.095,4.665555555555556,2.5705555555555555,28.533333333333335,0,0,0,0
42,M,02:09:28,04:39:59,7768,16799,2.1577777777777776,4.666388888888889,2.508611111111111,21.05,0,0,0,0
33,M,01:55:35,04:40:00,6935,16800,1.926388888888889,4.666666666666667,2.7402777777777776,48.833333333333336,0,0,0,0
33,M,01:53:21,04:40:01,6801,16801,1.8891666666666667,4.666944444444445,2.7777777777777777,53.31666666666667,0,0,0,0
53,W,02:08:07,04:40:16,7687,16816,2.1352777777777776,4.671111111111111,2.535833333333333,24.033333333333335,1,0,0,0
44,M,02:02:47,04:40:18,7367,16818,2.046388888888889,4.671666666666667,2.625277777777778,34.733333333333334,0,0,0,0
30,W,02:02:34,04:40:22,7354,16822,2.042777777777778,4.672777777777778,2.63,35.233333333333334,1,0,0,0
28,M,02:03:58,04:40:22,7438,16822,2.0661111111111112,4.672777777777778,2.6066666666666665,32.43333333333333,0,0,0,0
38,M,01:53:46,04:40:26,6826,16826,1.896111111111111,4.6738888888888885,2.7777777777777777,52.9,0,0,0,0
38,M,02:06:26,04:40:26,7586,16826,2.107222222222222,4.6738888888888885,2.566666666666667,27.566666666666666,0,0,0,0
32,M,02:05:34,04:40:28,7534,16828,2.0927777777777776,4.674444444444444,2.5816666666666666,29.333333333333332,0,0,0,0
30,W,01:53:57,04:40:29,6837,16829,1.8991666666666667,4.674722222222222,2.7755555555555556,52.583333333333336,1,0,0,0
40,M,02:06:05,04:40:34,7565,16834,2.1013888888888888,4.676111111111111,2.5747222222222224,28.4,0,0,0,0
36,M,01:55:58,04:40:34,6958,16834,1.9327777777777777,4.676111111111111,2.743333333333333,48.63333333333333,0,0,0,0
51,M,02:05:01,04:40:34,7501,16834,2.0836111111111113,4.676111111111111,2.5925,30.533333333333335,0,0,0,0
48,M,02:07:38,04:40:35,7658,16835,2.127222222222222,4.676388888888889,2.549166666666667,25.316666666666666,0,0,0,0
30,W,01:58:32,04:40:39,7112,16839,1.9755555555555555,4.6775,2.7019444444444445,43.583333333333336,1,0,0,0
29,M,01:56:17,04:40:39,6977,16839,1.9380555555555556,4.6775,2.7394444444444446,48.083333333333336,0,0,0,0
46,M,02:03:49,04:40:43,7429,16843,2.0636111111111113,4.6786111111111115,2.615,33.083333333333336,0,0,0,0
29,W,02:01:33,04:40:45,7293,16845,2.0258333333333334,4.679166666666666,2.6533333333333333,37.65,1,0,0,0
48,M,01:51:22,04:40:48,6682,16848,1.856111111111111,4.68,2.823888888888889,58.06666666666667,0,0,0,0
46,M,02:02:35,04:40:49,7355,16849,2.0430555555555556,4.6802777777777775,2.6372222222222224,35.65,0,0,0,0
31,M,02:03:44,04:40:53,7424,16853,2.062222222222222,4.681388888888889,2.6191666666666666,33.416666666666664,0,0,0,0
35,M,01:56:02,04:40:56,6962,16856,1.933888888888889,4.682222222222222,2.7483333333333335,48.86666666666667,0,0,0,0
50,M,01:59:29,04:41:03,7169,16863,1.9913888888888889,4.684166666666667,2.6927777777777777,42.083333333333336,0,0,0,0
17,M,02:13:27,04:41:03,8007,16863,2.2241666666666666,4.684166666666667,2.46,14.15,0,0,0,0
49,M,01:57:28,04:41:03,7048,16863,1.9577777777777778,4.684166666666667,2.7263888888888888,46.11666666666667,0,0,0,0
49,M,01:53:17,04:41:04,6797,16864,1.8880555555555556,4.684444444444445,2.796388888888889,54.5,0,0,0,0
41,W,02:00:16,04:41:12,7216,16872,2.0044444444444443,4.6866666666666665,2.6822222222222223,40.666666666666664,1,0,0,0
31,M,02:06:14,04:41:14,7574,16874,2.1038888888888887,4.687222222222222,2.5833333333333335,28.766666666666666,0,0,0,0
45,M,01:51:11,04:41:16,6671,16876,1.8530555555555555,4.687777777777778,2.834722222222222,58.9,0,0,0,0
37,M,02:00:49,04:41:18,7249,16878,2.013611111111111,4.6883333333333335,2.674722222222222,39.666666666666664,0,0,0,0
41,M,01:54:22,04:41:21,6862,16881,1.906111111111111,4.689166666666667,2.7830555555555554,52.61666666666667,0,0,0,0
33,W,02:05:56,04:41:28,7556,16888,2.098888888888889,4.691111111111111,2.5922222222222224,29.6,1,0,0,0
47,M,01:56:06,04:41:29,6966,16889,1.935,4.691388888888889,2.756388888888889,49.28333333333333,0,0,0,0
32,W,02:00:25,04:41:30,7225,16890,2.0069444444444446,4.691666666666666,2.6847222222222222,40.666666666666664,1,0,0,0
35,W,01:59:44,04:41:31,7184,16891,1.9955555555555555,4.691944444444444,2.696388888888889,42.05,1,0,0,0
50,M,02:03:58,04:41:31,7438,16891,2.0661111111111112,4.691944444444444,2.6258333333333335,33.583333333333336,0,0,0,0
49,M,01:42:55,04:41:31,6175,16891,1.7152777777777777,4.691944444444444,2.9766666666666666,75.68333333333334,0,0,0,0
52,W,02:02:02,04:41:32,7322,16892,2.033888888888889,4.692222222222222,2.658333333333333,37.46666666666667,1,0,0,0
52,M,01:59:16,04:41:33,7156,16893,1.9877777777777779,4.6925,2.7047222222222222,43.016666666666666,0,0,0,0
78,M,01:59:38,04:41:33,7178,16893,1.9938888888888888,4.6925,2.698611111111111,42.28333333333333,0,0,0,0
61,M,01:57:55,04:41:34,7075,16894,1.9652777777777777,4.692777777777778,2.7275,45.733333333333334,0,0,0,0
47,W,02:06:04,04:41:34,7564,16894,2.101111111111111,4.692777777777778,2.591666666666667,29.433333333333334,1,0,0,0
36,M,02:06:01,04:41:35,7561,16895,2.100277777777778,4.6930555555555555,2.5927777777777776,29.55,0,0,0,0
50,M,02:06:46,04:41:39,7606,16899,2.1127777777777776,4.694166666666667,2.5813888888888887,28.116666666666667,0,0,0,0
45,M,01:55:48,04:41:42,6948,16902,1.93,4.695,2.765,50.1,0,0,0,0
45,M,01:56:06,04:41:42,6966,16902,1.935,4.695,2.76,49.5,0,0,0,0
39,M,02:02:20,04:41:42,7340,16902,2.0388888888888888,4.695,2.656111111111111,37.03333333333333,0,0,0,0
45,M,01:59:18,04:41:46,7158,16906,1.9883333333333333,4.696111111111111,2.707777777777778,43.166666666666664,0,0,0,0
41,W,02:05:14,04:41:46,7514,16906,2.087222222222222,4.696111111111111,2.608888888888889,31.3,1,0,0,0
39,M,02:03:24,04:41:47,7404,16907,2.0566666666666666,4.6963888888888885,2.6397222222222223,34.983333333333334,0,0,0,0
49,M,01:59:31,04:41:49,7171,16909,1.9919444444444445,4.696944444444444,2.705,42.78333333333333,0,0,0,0
35,M,02:10:20,04:41:50,7820,16910,2.172222222222222,4.697222222222222,2.525,21.166666666666668,0,0,0,0
43,M,02:00:51,04:41:51,7251,16911,2.0141666666666667,4.6975,2.683333333333333,40.15,0,0,0,0
30,W,02:04:31,04:41:51,7471,16911,2.075277777777778,4.6975,2.6222222222222222,32.81666666666667,1,0,0,0
31,W,02:00:43,04:41:53,7243,16913,2.0119444444444445,4.698055555555555,2.686111111111111,40.45,1,0,0,0
44,M,02:11:56,04:41:53,7916,16913,2.198888888888889,4.698055555555555,2.4991666666666665,18.016666666666666,0,0,0,0
29,W,01:59:26,04:41:56,7166,16916,1.9905555555555556,4.698888888888889,2.7083333333333335,43.06666666666667,1,0,0,0
33,W,01:51:18,04:41:58,6678,16918,1.855,4.6994444444444445,2.8444444444444446,59.36666666666667,1,0,0,0
47,M,01:58:48,04:42:00,7128,16920,1.98,4.7,2.72,44.4,0,0,0,0
38,M,01:52:48,04:42:04,6768,16924,1.88,4.7011111111111115,2.821111111111111,56.46666666666667,0,0,0,0
36,W,01:56:17,04:42:08,6977,16928,1.9380555555555556,4.702222222222222,2.7641666666666667,49.56666666666667,1,0,0,0
32,M,01:47:11,04:42:10,6431,16930,1.7863888888888888,4.7027777777777775,2.9163888888888887,67.8,0,0,0,0
46,M,02:07:21,04:42:14,7641,16934,2.1225,4.703888888888889,2.5813888888888887,27.533333333333335,0,0,0,0
40,W,02:07:25,04:42:16,7645,16936,2.123611111111111,4.704444444444444,2.5808333333333335,27.433333333333334,1,0,0,0
56,W,02:08:24,04:42:17,7704,16937,2.14,4.704722222222222,2.564722222222222,25.483333333333334,1,0,0,0
33,M,01:58:13,04:42:23,7093,16943,1.9702777777777778,4.706388888888889,2.736111111111111,45.95,0,0,0,0
46,M,02:07:30,04:42:23,7650,16943,2.125,4.706388888888889,2.5813888888888887,27.383333333333333,0,0,0,0
40,M,01:56:49,04:42:27,7009,16947,1.9469444444444444,4.7075,2.7605555555555554,48.81666666666667,0,0,0,0
34,W,02:04:19,04:42:27,7459,16947,2.0719444444444446,4.7075,2.6355555555555554,33.81666666666667,1,0,0,0
53,W,01:58:23,04:42:29,7103,16949,1.9730555555555556,4.708055555555555,2.735,45.71666666666667,1,0,0,0
40,W,01:54:10,04:42:31,6850,16951,1.9027777777777777,4.708611111111111,2.805833333333333,54.18333333333333,1,0,0,0
42,M,01:55:24,04:42:32,6924,16952,1.9233333333333333,4.708888888888889,2.7855555555555553,51.733333333333334,0,0,0,0
30,M,02:01:52,04:42:33,7312,16953,2.031111111111111,4.7091666666666665,2.6780555555555554,38.81666666666667,0,0,0,0
47,M,02:04:41,04:42:43,7481,16963,2.0780555555555558,4.711944444444445,2.633888888888889,33.35,0,0,0,0
25,W,02:07:56,04:42:47,7676,16967,2.132222222222222,4.713055555555556,2.5808333333333335,26.916666666666668,1,0,0,0
35,W,02:04:34,04:42:49,7474,16969,2.076111111111111,4.713611111111111,2.6375,33.68333333333333,1,0,0,0
23,M,02:26:59,04:42:49,8819,16969,2.4497222222222224,4.713611111111111,2.263888888888889,-11.15,0,0,0,1
40,M,01:59:29,04:42:54,7169,16974,1.9913888888888889,4.715,2.723611111111111,43.93333333333333,0,0,0,0
42,W,02:05:41,04:42:56,7541,16976,2.0947222222222224,4.7155555555555555,2.620833333333333,31.566666666666666,1,0,0,0
32,M,02:06:25,04:42:56,7585,16976,2.1069444444444443,4.7155555555555555,2.608611111111111,30.1,0,0,0,0
51,W,02:08:10,04:42:57,7690,16977,2.136111111111111,4.715833333333333,2.5797222222222222,26.616666666666667,1,0,0,0
43,M,02:00:13,04:42:58,7213,16978,2.0036111111111112,4.716111111111111,2.7125,42.53333333333333,0,0,0,0
38,M,01:54:11,04:43:02,6851,16982,1.9030555555555555,4.717222222222222,2.8141666666666665,54.666666666666664,0,0,0,0
35,W,02:02:15,04:43:04,7335,16984,2.0375,4.717777777777778,2.680277777777778,38.56666666666667,1,0,0,0
26,W,02:01:52,04:43:06,7312,16986,2.031111111111111,4.718333333333334,2.687222222222222,39.36666666666667,1,0,0,0
41,M,01:54:34,04:43:06,6874,16986,1.9094444444444445,4.718333333333334,2.8088888888888888,53.96666666666667,0,0,0,0
39,W,02:09:41,04:43:08,7781,16988,2.161388888888889,4.7188888888888885,2.5575,23.766666666666666,1,0,0,0
44,M,02:01:45,04:43:09,7305,16989,2.029166666666667,4.719166666666666,2.69,39.65,0,0,0,0
30,M,01:59:13,04:43:10,7153,16990,1.9869444444444444,4.719444444444444,2.7325,44.733333333333334,0,0,0,0
54,M,02:08:19,04:43:12,7699,16992,2.138611111111111,4.72,2.5813888888888887,26.566666666666666,0,0,0,0
41,M,02:16:08,04:43:12,8168,16992,2.2688888888888887,4.72,2.451111111111111,10.933333333333334,0,0,0,0
38,M,02:18:00,04:43:14,8280,16994,2.3,4.720555555555555,2.4205555555555556,7.233333333333333,0,0,0,0
38,M,01:56:34,04:43:15,6994,16995,1.9427777777777777,4.720833333333333,2.7780555555555555,50.11666666666667,0,0,0,0
33,M,01:52:44,04:43:17,6764,16997,1.8788888888888888,4.721388888888889,2.8425,57.81666666666667,0,0,0,0
30,M,02:07:48,04:43:17,7668,16997,2.13,4.721388888888889,2.591388888888889,27.683333333333334,0,0,0,0
44,W,01:51:34,04:43:22,6694,17002,1.8594444444444445,4.722777777777778,2.8633333333333333,60.233333333333334,1,0,0,0
46,M,02:03:57,04:43:22,7437,17002,2.0658333333333334,4.722777777777778,2.6569444444444446,35.46666666666667,0,0,0,0
38,W,02:06:12,04:43:22,7572,17002,2.1033333333333335,4.722777777777778,2.6194444444444445,30.966666666666665,1,0,0,0
39,M,01:53:20,04:43:23,6800,17003,1.8888888888888888,4.723055555555556,2.8341666666666665,56.71666666666667,0,0,0,0
53,M,02:06:32,04:43:24,7592,17004,2.108888888888889,4.723333333333334,2.6144444444444446,30.333333333333332,0,0,0,0
28,M,02:04:00,04:43:24,7440,17004,2.066666666666667,4.723333333333334,2.6566666666666667,35.4,0,0,0,0
32,M,02:03:41,04:43:26,7421,17006,2.0613888888888887,4.723888888888889,2.6625,36.06666666666667,0,0,0,0
33,M,01:58:14,04:43:26,7094,17006,1.9705555555555556,4.723888888888889,2.7533333333333334,46.96666666666667,0,0,0,0
45,M,01:59:55,04:43:27,7195,17007,1.9986111111111111,4.724166666666667,2.7255555555555557,43.61666666666667,0,0,0,0
26,M,01:54:03,04:43:28,6843,17008,1.9008333333333334,4.724444444444444,2.823611111111111,55.36666666666667,0,0,0,0
47,M,02:03:12,04:43:29,7392,17009,2.0533333333333332,4.724722222222222,2.671388888888889,37.083333333333336,0,0,0,0
43,M,01:59:27,04:43:29,7167,17009,1.9908333333333332,4.724722222222222,2.733888888888889,44.583333333333336,0,0,0,0
26,W,01:57:04,04:43:32,7024,17012,1.951111111111111,4.725555555555555,2.7744444444444443,49.4,1,0,0,0
37,W,02:03:20,04:43:32,7400,17012,2.0555555555555554,4.725555555555555,2.67,36.86666666666667,1,0,0,0
32,W,02:08:47,04:43:36,7727,17016,2.1463888888888887,4.726666666666667,2.580277777777778,26.033333333333335,1,0,0,0
42,W,02:06:29,04:43:36,7589,17016,2.1080555555555556,4.726666666666667,2.618611111111111,30.633333333333333,1,0,0,0
30,M,02:06:57,04:43:36,7617,17016,2.1158333333333332,4.726666666666667,2.6108333333333333,29.7,0,0,0,0
37,M,02:04:32,04:43:36,7472,17016,2.0755555555555554,4.726666666666667,2.651111111111111,34.53333333333333,0,0,0,0
49,M,02:01:12,04:43:37,7272,17017,2.02,4.726944444444444,2.7069444444444444,41.21666666666667,0,0,0,0
38,M,01:52:47,04:43:39,6767,17019,1.8797222222222223,4.7275,2.847777777777778,58.083333333333336,0,0,0,0
54,M,02:07:36,04:43:41,7656,17021,2.1266666666666665,4.728055555555556,2.6013888888888888,28.483333333333334,0,0,0,0
46,W,02:08:17,04:43:41,7697,17021,2.1380555555555554,4.728055555555556,2.59,27.116666666666667,1,0,0,0
30,M,01:59:54,04:43:43,7194,17023,1.9983333333333333,4.728611111111111,2.730277777777778,43.916666666666664,0,0,0,0
23,M,02:03:11,04:43:44,7391,17024,2.0530555555555554,4.728888888888889,2.6758333333333333,37.36666666666667,0,0,0,0
48,W,01:58:40,04:43:44,7120,17024,1.9777777777777779,4.728888888888889,2.7511111111111113,46.4,1,0,0,0
35,M,01:59:39,04:43:46,7179,17026,1.9941666666666666,4.729444444444445,2.7352777777777777,44.46666666666667,0,0,0,0
38,M,02:03:50,04:43:46,7430,17026,2.063888888888889,4.729444444444445,2.6655555555555557,36.1,0,0,0,0
33,M,01:53:53,04:43:48,6833,17028,1.8980555555555556,4.73,2.8319444444444444,56.03333333333333,0,0,0,0
26,M,01:51:21,04:43:50,6681,17030,1.8558333333333332,4.730555555555555,2.874722222222222,61.13333333333333,0,0,0,0
29,W,02:07:16,04:43:52,7636,17032,2.121111111111111,4.731111111111111,2.61,29.333333333333332,1,0,0,0
30,M,01:54:30,04:43:53,6870,17033,1.9083333333333334,4.731388888888889,2.8230555555555554,54.88333333333333,0,0,0,0
24,W,02:04:29,04:43:53,7469,17033,2.0747222222222224,4.731388888888889,2.6566666666666667,34.916666666666664,1,0,0,0
37,W,02:04:47,04:43:53,7487,17033,2.0797222222222222,4.731388888888889,2.651666666666667,34.31666666666667,1,0,0,0
34,M,02:05:31,04:43:53,7531,17033,2.0919444444444446,4.731388888888889,2.6394444444444445,32.85,0,0,0,0
62,M,02:01:54,04:43:57,7314,17037,2.0316666666666667,4.7325,2.700833333333333,40.15,0,0,0,0
43,M,01:57:17,04:43:59,7037,17039,1.9547222222222222,4.733055555555556,2.7783333333333333,49.416666666666664,0,0,0,0
30,M,01:57:18,04:44:01,7038,17041,1.955,4.733611111111111,2.778611111111111,49.416666666666664,0,0,0,0
44,W,02:00:23,04:44:02,7223,17042,2.006388888888889,4.733888888888889,2.7275,43.266666666666666,1,0,0,0
25,M,02:03:23,04:44:02,7403,17042,2.056388888888889,4.733888888888889,2.6775,37.266666666666666,0,0,0,0
41,M,02:05:40,04:44:02,7540,17042,2.0944444444444446,4.733888888888889,2.6394444444444445,32.7,0,0,0,0
49,M,02:01:00,04:44:05,7260,17045,2.0166666666666666,4.7347222222222225,2.7180555555555554,42.083333333333336,0,0,0,0
34,M,02:01:03,04:44:07,7263,17047,2.0175,4.735277777777778,2.7177777777777776,42.016666666666666,0,0,0,0
29,M,01:55:10,04:44:08,6910,17048,1.9194444444444445,4.735555555555556,2.8161111111111112,53.8,0,0,0,0
26,M,02:01:43,04:44:10,7303,17050,2.028611111111111,4.736111111111111,2.7075,40.733333333333334,0,0,0,0
46,M,02:04:24,04:44:10,7464,17050,2.0733333333333333,4.736111111111111,2.662777777777778,35.36666666666667,0,0,0,0
43,M,01:50:59,04:44:12,6659,17052,1.8497222222222223,4.736666666666666,2.8869444444444445,62.233333333333334,0,0,0,0
38,M,02:02:36,04:44:12,7356,17052,2.0433333333333334,4.736666666666666,2.6933333333333334,39.0,0,0,0,0
33,M,02:06:06,04:44:16,7566,17056,2.1016666666666666,4.737777777777778,2.636111111111111,32.06666666666667,0,0,0,0
27,M,02:09:04,04:44:16,7744,17056,2.151111111111111,4.737777777777778,2.5866666666666664,26.133333333333333,0,0,0,0
36,M,01:54:17,04:44:16,6857,17056,1.9047222222222222,4.737777777777778,2.8330555555555557,55.7,0,0,0,0
53,M,02:07:54,04:44:22,7674,17062,2.131666666666667,4.739444444444445,2.6077777777777778,28.566666666666666,0,0,0,0
30,W,01:59:51,04:44:30,7191,17070,1.9975,4.741666666666666,2.7441666666666666,44.8,1,0,0,0
41,M,01:56:40,04:44:31,7000,17071,1.9444444444444444,4.741944444444444,2.7975,51.18333333333333,0,0,0,0
45,M,01:59:07,04:44:32,7147,17072,1.9852777777777777,4.742222222222222,2.7569444444444446,46.3,0,0,0,0
28,M,01:57:40,04:44:32,7060,17072,1.961111111111111,4.742222222222222,2.781111111111111,49.2,0,0,0,0
24,W,02:04:55,04:44:38,7495,17078,2.0819444444444444,4.743888888888889,2.6619444444444444,34.8,1,0,0,0
28,W,02:07:21,04:44:40,7641,17080,2.1225,4.7444444444444445,2.6219444444444444,29.966666666666665,1,0,0,0
33,M,02:07:38,04:44:44,7658,17084,2.127222222222222,4.745555555555556,2.618333333333333,29.466666666666665,0,0,0,0
48,M,01:56:45,04:44:46,7005,17086,1.9458333333333333,4.746111111111111,2.8002777777777776,51.266666666666666,0,0,0,0
50,M,01:59:06,04:44:46,7146,17086,1.985,4.746111111111111,2.761111111111111,46.56666666666667,0,0,0,0
54,M,01:54:19,04:44:46,6859,17086,1.9052777777777778,4.746111111111111,2.8408333333333333,56.13333333333333,0,0,0,0
50,W,02:01:01,04:44:48,7261,17088,2.0169444444444444,4.746666666666667,2.729722222222222,42.766666666666666,1,0,0,0
56,M,02:10:08,04:44:51,7808,17091,2.168888888888889,4.7475,2.578611111111111,24.583333333333332,0,0,0,0
54,M,02:06:21,04:44:51,7581,17091,2.1058333333333334,4.7475,2.6416666666666666,32.15,0,0,0,0
49,M,01:56:58,04:44:51,7018,17091,1.9494444444444445,4.7475,2.7980555555555555,50.916666666666664,0,0,0,0
43,M,02:10:30,04:44:59,7830,17099,2.175,4.749722222222222,2.5747222222222224,23.983333333333334,0,0,0,0
43,M,02:05:17,04:45:02,7517,17102,2.0880555555555556,4.750555555555556,2.6625,34.46666666666667,0,0,0,0
52,M,02:02:07,04:45:02,7327,17102,2.035277777777778,4.750555555555556,2.7152777777777777,40.8,0,0,0,0
61,M,02:06:27,04:45:03,7587,17103,2.1075,4.7508333333333335,2.6433333333333335,32.15,0,0,0,0
37,M,01:57:12,04:45:04,7032,17104,1.9533333333333334,4.751111111111111,2.7977777777777777,50.666666666666664,0,0,0,0
37,M,02:08:52,04:45:05,7732,17105,2.147777777777778,4.751388888888889,2.6036111111111113,27.35,0,0,0,0
51,W,02:04:26,04:45:07,7466,17107,2.073888888888889,4.751944444444445,2.6780555555555554,36.25,1,0,0,0
37,M,01:58:38,04:45:08,7118,17108,1.9772222222222222,4.752222222222223,2.775,47.86666666666667,0,0,0,0
43,M,01:56:52,04:45:11,7012,17111,1.9477777777777778,4.753055555555555,2.805277777777778,51.45,0,0,0,0
44,M,02:10:37,04:45:12,7837,17112,2.1769444444444446,4.753333333333333,2.576388888888889,23.966666666666665,0,0,0,0
37,W,02:08:04,04:45:15,7684,17115,2.1344444444444446,4.754166666666666,2.6197222222222223,29.116666666666667,1,0,0,0
54,M,02:04:31,04:45:17,7471,17117,2.075277777777778,4.754722222222222,2.6794444444444445,36.25,0,0,0,0
30,M,02:07:08,04:45:17,7628,17117,2.118888888888889,4.754722222222222,2.6358333333333333,31.016666666666666,0,0,0,0
26,W,01:58:55,04:45:18,7135,17118,1.9819444444444445,4.755,2.7730555555555556,47.46666666666667,1,0,0,0
35,M,01:53:36,04:45:20,6816,17120,1.8933333333333333,4.7555555555555555,2.862222222222222,58.13333333333333,0,0,0,0
38,M,01:54:45,04:45:22,6885,17122,1.9125,4.756111111111111,2.843611111111111,55.86666666666667,0,0,0,0
51,M,01:58:41,04:45:24,7121,17124,1.9780555555555555,4.756666666666667,2.778611111111111,48.03333333333333,0,0,0,0
39,W,02:02:21,04:45:28,7341,17128,2.0391666666666666,4.757777777777778,2.718611111111111,40.766666666666666,1,0,0,0
62,M,02:09:21,04:45:28,7761,17128,2.1558333333333333,4.757777777777778,2.6019444444444444,26.766666666666666,0,0,0,0
19,M,01:49:46,04:45:29,6586,17129,1.8294444444444444,4.758055555555556,2.928611111111111,65.95,0,0,0,0
41,M,02:06:12,04:45:30,7572,17130,2.1033333333333335,4.758333333333334,2.655,33.1,0,0,0,0
39,M,01:57:24,04:45:39,7044,17139,1.9566666666666668,4.760833333333333,2.8041666666666667,50.85,0,0,0,0
44,M,02:03:38,04:45:39,7418,17139,2.0605555555555557,4.760833333333333,2.700277777777778,38.38333333333333,0,0,0,0
43,M,01:59:04,04:45:40,7144,17140,1.9844444444444445,4.761111111111111,2.776666666666667,47.53333333333333,0,0,0,0
51,W,02:05:13,04:45:42,7513,17142,2.0869444444444443,4.761666666666667,2.674722222222222,35.266666666666666,1,0,0,0
45,M,02:07:24,04:45:45,7644,17145,2.1233333333333335,4.7625,2.6391666666666667,30.95,0,0,0,0
25,W,02:06:18,04:45:48,7578,17148,2.105,4.763333333333334,2.658333333333333,33.2,1,0,0,0
39,W,01:56:23,04:45:49,6983,17149,1.9397222222222221,4.7636111111111115,2.823888888888889,53.05,1,0,0,0
30,M,02:02:18,04:45:50,7338,17150,2.0383333333333336,4.763888888888889,2.7255555555555557,41.233333333333334,0,0,0,0
29,W,01:58:46,04:45:53,7126,17153,1.9794444444444443,4.764722222222222,2.785277777777778,48.35,1,0,0,0
54,M,02:08:11,04:45:54,7691,17154,2.136388888888889,4.765,2.6286111111111112,29.533333333333335,0,0,0,0
52,M,02:11:40,04:45:57,7900,17157,2.1944444444444446,4.765833333333333,2.571388888888889,22.616666666666667,0,0,0,0
44,M,01:50:07,04:45:59,6607,17159,1.8352777777777778,4.766388888888889,2.931111111111111,65.75,0,0,0,0
31,M,01:56:54,04:46:01,7014,17161,1.9483333333333333,4.766944444444444,2.818611111111111,52.21666666666667,0,0,0,0
29,M,01:59:48,04:46:02,7188,17162,1.9966666666666666,4.767222222222222,2.7705555555555557,46.43333333333333,0,0,0,0
35,W,01:56:28,04:46:02,6988,17162,1.941111111111111,4.767222222222222,2.826111111111111,53.1,1,0,0,0
60,W,02:07:11,04:46:04,7631,17164,2.1197222222222223,4.767777777777778,2.6480555555555556,31.7,1,0,0,0
43,M,02:08:56,04:46:04,7736,17164,2.148888888888889,4.767777777777778,2.618888888888889,28.2,0,0,0,0
49,M,02:01:01,04:46:08,7261,17168,2.0169444444444444,4.768888888888889,2.7519444444444443,44.1,0,0,0,0
61,W,02:08:22,04:46:10,7702,17170,2.1394444444444445,4.769444444444445,2.63,29.433333333333334,1,0,0,0
29,M,01:46:23,04:46:12,6383,17172,1.7730555555555556,4.77,2.9969444444444444,73.43333333333334,0,0,0,0
35,W,02:07:37,04:46:13,7657,17173,2.1269444444444443,4.770277777777777,2.6433333333333335,30.983333333333334,1,0,0,0
43,M,02:02:27,04:46:15,7347,17175,2.0408333333333335,4.770833333333333,2.73,41.35,0,0,0,0
27,M,02:07:10,04:46:16,7630,17176,2.1194444444444445,4.771111111111111,2.651666666666667,31.933333333333334,0,0,0,0
40,M,01:58:26,04:46:19,7106,17179,1.9738888888888888,4.771944444444444,2.7980555555555555,49.45,0,0,0,0
43,W,02:04:50,04:46:21,7490,17181,2.0805555555555557,4.7725,2.6919444444444443,36.68333333333333,1,0,0,0
49,W,01:59:19,04:46:28,7159,17188,1.988611111111111,4.774444444444445,2.785833333333333,47.833333333333336,1,0,0,0
32,M,02:00:31,04:46:34,7231,17194,2.008611111111111,4.776111111111111,2.7675,45.53333333333333,0,0,0,0
37,M,01:57:37,04:46:35,7057,17195,1.9602777777777778,4.776388888888889,2.8161111111111112,51.35,0,0,0,0
30,W,02:01:39,04:46:38,7299,17198,2.0275,4.777222222222222,2.749722222222222,43.333333333333336,1,0,0,0
28,W,01:56:25,04:46:42,6985,17202,1.9402777777777778,4.778333333333333,2.8380555555555556,53.86666666666667,1,0,0,0
52,M,02:07:33,04:46:44,7653,17204,2.1258333333333335,4.778888888888889,2.6530555555555555,31.633333333333333,0,0,0,0
36,M,02:10:32,04:46:44,7832,17204,2.1755555555555555,4.778888888888889,2.6033333333333335,25.666666666666668,0,0,0,0
37,M,02:02:29,04:46:46,7349,17206,2.0413888888888887,4.779444444444445,2.7380555555555555,41.8,0,0,0,0
46,M,02:11:17,04:46:48,7877,17208,2.1880555555555556,4.78,2.5919444444444446,24.233333333333334,0,0,0,0
42,W,02:05:12,04:46:50,7512,17210,2.0866666666666664,4.780555555555556,2.693888888888889,36.43333333333333,1,0,0,0
34,W,01:57:20,04:46:56,7040,17216,1.9555555555555555,4.782222222222222,2.8266666666666667,52.266666666666666,1,0,0,0
63,M,01:54:48,04:46:56,6888,17216,1.9133333333333333,4.782222222222222,2.868888888888889,57.333333333333336,0,0,0,0
38,M,02:06:46,04:46:59,7606,17219,2.1127777777777776,4.783055555555555,2.6702777777777778,33.45,0,0,0,0
38,M,02:00:33,04:46:59,7233,17219,2.0091666666666668,4.783055555555555,2.773888888888889,45.88333333333333,0,0,0,0
33,W,01:58:00,04:47:11,7080,17231,1.9666666666666666,4.786388888888889,2.819722222222222,51.18333333333333,1,0,0,0
43,M,02:01:34,04:47:13,7294,17233,2.026111111111111,4.786944444444444,2.7608333333333333,44.083333333333336,0,0,0,0
59,M,02:09:54,04:47:14,7794,17234,2.165,4.787222222222222,2.6222222222222222,27.433333333333334,0,0,0,0
36,W,02:11:48,04:47:18,7908,17238,2.1966666666666668,4.788333333333333,2.591666666666667,23.7,1,0,0,0
40,M,02:06:11,04:47:26,7571,17246,2.1030555555555557,4.790555555555556,2.6875,35.06666666666667,0,0,0,0
43,W,01:57:14,04:47:26,7034,17246,1.9538888888888888,4.790555555555556,2.8366666666666664,52.96666666666667,1,0,0,0
30,W,02:07:57,04:47:27,7677,17247,2.1325,4.7908333333333335,2.658333333333333,31.55,1,0,0,0
30,W,01:55:25,04:47:32,6925,17252,1.9236111111111112,4.792222222222223,2.868611111111111,56.7,1,0,0,0
32,M,02:01:09,04:47:34,7269,17254,2.0191666666666666,4.792777777777777,2.7736111111111112,45.266666666666666,0,0,0,0
46,M,01:57:57,04:47:34,7077,17254,1.9658333333333333,4.792777777777777,2.8269444444444445,51.666666666666664,0,0,0,0
29,W,02:05:21,04:47:36,7521,17256,2.089166666666667,4.793333333333333,2.7041666666666666,36.9,1,0,0,0
40,W,02:11:04,04:47:37,7864,17257,2.1844444444444444,4.793611111111111,2.609166666666667,25.483333333333334,1,0,0,0
36,M,02:01:20,04:47:41,7280,17261,2.022222222222222,4.794722222222222,2.7725,45.016666666666666,0,0,0,0
50,M,02:02:00,04:47:45,7320,17265,2.033333333333333,4.795833333333333,2.7625,43.75,0,0,0,0
46,M,02:00:18,04:47:46,7218,17266,2.005,4.796111111111111,2.7911111111111113,47.166666666666664,0,0,0,0
50,M,02:07:43,04:47:50,7663,17270,2.1286111111111112,4.7972222222222225,2.6686111111111113,32.4,0,0,0,0
39,M,01:57:57,04:47:50,7077,17270,1.9658333333333333,4.7972222222222225,2.8313888888888887,51.93333333333333,0,0,0,0
41,M,02:06:56,04:47:51,7616,17271,2.1155555555555554,4.7975,2.6819444444444445,33.983333333333334,0,0,0,0
46,M,02:02:34,04:47:51,7354,17271,2.042777777777778,4.7975,2.754722222222222,42.71666666666667,0,0,0,0
49,M,02:02:36,04:47:51,7356,17271,2.0433333333333334,4.7975,2.754166666666667,42.65,0,0,0,0
22,W,02:14:10,04:47:53,8050,17273,2.236111111111111,4.798055555555556,2.5619444444444444,19.55,1,0,0,0
38,M,01:58:55,04:47:54,7135,17274,1.9819444444444445,4.798333333333333,2.816388888888889,50.06666666666667,0,0,0,0
47,M,01:59:30,04:47:57,7170,17277,1.9916666666666667,4.799166666666666,2.8075,48.95,0,0,0,0
55,M,01:58:10,04:48:02,7090,17282,1.9694444444444446,4.8005555555555555,2.831111111111111,51.7,0,0,0,0
40,W,02:09:37,04:48:04,7777,17284,2.160277777777778,4.801111111111111,2.640833333333333,28.833333333333332,1,0,0,0
62,M,02:02:42,04:48:06,7362,17286,2.045,4.801666666666667,2.756666666666667,42.7,0,0,0,0
36,M,02:00:26,04:48:07,7226,17287,2.007222222222222,4.801944444444445,2.794722222222222,47.25,0,0,0,0
28,W,01:58:34,04:48:07,7114,17287,1.9761111111111112,4.801944444444445,2.825833333333333,50.983333333333334,1,0,0,0
43,M,01:58:59,04:48:08,7139,17288,1.9830555555555556,4.802222222222222,2.819166666666667,50.166666666666664,0,0,0,0
43,W,02:05:54,04:48:11,7554,17291,2.098333333333333,4.803055555555556,2.7047222222222222,36.38333333333333,1,0,0,0
54,M,02:00:04,04:48:12,7204,17292,2.0011111111111113,4.803333333333334,2.8022222222222224,48.06666666666667,0,0,0,0
37,M,02:12:02,04:48:17,7922,17297,2.2005555555555554,4.804722222222222,2.6041666666666665,24.216666666666665,0,0,0,0
50,M,02:05:01,04:48:19,7501,17299,2.0836111111111113,4.8052777777777775,2.7216666666666667,38.28333333333333,0,0,0,0
48,M,02:05:01,04:48:21,7501,17301,2.0836111111111113,4.805833333333333,2.7222222222222223,38.31666666666667,0,0,0,0
52,W,02:04:16,04:48:23,7456,17303,2.071111111111111,4.806388888888889,2.7352777777777777,39.85,1,0,0,0
40,M,02:05:15,04:48:27,7515,17307,2.0875,4.8075,2.72,37.95,0,0,0,0
60,M,01:57:22,04:48:30,7042,17310,1.9561111111111111,4.808333333333334,2.852222222222222,53.766666666666666,0,0,0,0
30,W,02:13:12,04:48:32,7992,17312,2.22,4.808888888888889,2.588888888888889,22.133333333333333,1,0,0,0
65,M,02:01:23,04:48:33,7283,17313,2.0230555555555556,4.809166666666667,2.786111111111111,45.78333333333333,0,0,0,0
54,M,01:57:27,04:48:37,7047,17317,1.9575,4.810277777777777,2.852777777777778,53.71666666666667,0,0,0,0
29,W,02:11:30,04:48:39,7890,17319,2.191666666666667,4.810833333333333,2.6191666666666666,25.65,1,0,0,0
48,M,02:06:42,04:48:39,7602,17319,2.111666666666667,4.810833333333333,2.6991666666666667,35.25,0,0,0,0
41,M,01:59:00,04:48:45,7140,17325,1.9833333333333334,4.8125,2.8291666666666666,50.75,0,0,0,0
33,M,02:09:40,04:48:49,7780,17329,2.161111111111111,4.813611111111111,2.6525,29.483333333333334,0,0,0,0
36,M,02:04:25,04:48:51,7465,17331,2.073611111111111,4.814166666666667,2.7405555555555554,40.016666666666666,0,0,0,0
64,M,02:01:52,04:48:51,7312,17331,2.031111111111111,4.814166666666667,2.7830555555555554,45.11666666666667,0,0,0,0
36,M,01:52:16,04:48:54,6736,17334,1.8711111111111112,4.815,2.943888888888889,64.36666666666666,0,0,0,0
59,M,01:55:29,04:48:55,6929,17335,1.9247222222222222,4.815277777777778,2.8905555555555558,57.95,0,0,0,0
56,M,01:54:19,04:49:00,6859,17340,1.9052777777777778,4.816666666666666,2.911388888888889,60.36666666666667,0,0,0,0
32,W,01:50:34,04:49:01,6634,17341,1.8427777777777778,4.816944444444444,2.9741666666666666,67.88333333333334,1,0,0,0
47,W,02:22:55,04:49:01,8575,17341,2.3819444444444446,4.816944444444444,2.435,3.183333333333333,1,0,0,0
24,W,01:57:56,04:49:01,7076,17341,1.9655555555555555,4.816944444444444,2.8513888888888888,53.15,1,0,0,0
51,M,02:01:58,04:49:01,7318,17341,2.0327777777777776,4.816944444444444,2.7841666666666667,45.083333333333336,0,0,0,0
55,M,01:56:43,04:49:02,7003,17342,1.9452777777777779,4.817222222222222,2.8719444444444444,55.6,0,0,0,0
34,W,02:07:14,04:49:08,7634,17348,2.1205555555555557,4.818888888888889,2.6983333333333333,34.666666666666664,1,0,0,0
38,M,02:01:20,04:49:10,7280,17350,2.022222222222222,4.819444444444445,2.797222222222222,46.5,0,0,0,0
43,M,01:59:46,04:49:10,7186,17350,1.9961111111111112,4.819444444444445,2.8233333333333333,49.63333333333333,0,0,0,0
26,M,01:50:50,04:49:12,6650,17352,1.8472222222222223,4.82,2.972777777777778,67.53333333333333,0,0,0,0
42,M,01:57:28,04:49:14,7048,17354,1.9577777777777778,4.820555555555556,2.8627777777777776,54.3,0,0,0,0
34,M,01:57:44,04:49:16,7064,17356,1.9622222222222223,4.821111111111111,2.858888888888889,53.8,0,0,0,0
53,M,02:00:39,04:49:20,7239,17360,2.0108333333333333,4.822222222222222,2.8113888888888887,48.03333333333333,0,0,0,0
29,W,02:08:46,04:49:23,7726,17363,2.1461111111111113,4.823055555555555,2.6769444444444446,31.85,1,0,0,0
18,M,01:57:55,04:49:25,7075,17365,1.9652777777777777,4.823611111111111,2.8583333333333334,53.583333333333336,0,0,0,0
41,M,02:03:34,04:49:25,7414,17365,2.0594444444444444,4.823611111111111,2.7641666666666667,42.28333333333333,0,0,0,0
36,M,02:02:30,04:49:26,7350,17366,2.0416666666666665,4.823888888888889,2.7822222222222224,44.43333333333333,0,0,0,0
52,M,02:08:32,04:49:26,7712,17366,2.1422222222222222,4.823888888888889,2.6816666666666666,32.36666666666667,0,0,0,0
49,M,01:58:35,04:49:27,7115,17367,1.976388888888889,4.824166666666667,2.847777777777778,52.28333333333333,0,0,0,0
54,M,02:01:13,04:49:31,7273,17371,2.020277777777778,4.825277777777778,2.805,47.083333333333336,0,0,0,0
49,M,01:57:07,04:49:32,7027,17372,1.9519444444444445,4.825555555555556,2.873611111111111,55.3,0,0,0,0
40,M,02:05:00,04:49:34,7500,17374,2.0833333333333335,4.8261111111111115,2.742777777777778,39.56666666666667,0,0,0,0
53,M,02:07:56,04:49:35,7676,17375,2.132222222222222,4.826388888888889,2.694166666666667,33.71666666666667,0,0,0,0
41,W,02:14:25,04:49:38,8065,17378,2.2402777777777776,4.827222222222222,2.5869444444444443,20.8,1,0,0,0
51,M,01:55:21,04:49:39,6921,17379,1.9225,4.8275,2.905,58.95,0,0,0,0
27,W,01:59:53,04:49:39,7193,17379,1.9980555555555555,4.8275,2.8294444444444444,49.88333333333333,1,0,0,0
26,W,01:59:38,04:49:40,7178,17380,1.9938888888888888,4.8277777777777775,2.8338888888888887,50.4,1,0,0,0
49,M,01:59:56,04:49:41,7196,17381,1.998888888888889,4.828055555555555,2.8291666666666666,49.81666666666667,0,0,0,0
50,W,02:03:36,04:49:44,7416,17384,2.06,4.828888888888889,2.7688888888888887,42.53333333333333,1,0,0,0
43,M,01:59:43,04:49:45,7183,17385,1.9952777777777777,4.829166666666667,2.8338888888888887,50.31666666666667,0,0,0,0
37,M,01:55:04,04:49:46,6904,17386,1.9177777777777778,4.829444444444444,2.9116666666666666,59.63333333333333,0,0,0,0
67,M,02:04:19,04:49:47,7459,17387,2.0719444444444446,4.829722222222222,2.7577777777777777,41.15,0,0,0,0
44,M,01:56:18,04:49:48,6978,17388,1.9383333333333332,4.83,2.8916666666666666,57.2,0,0,0,0
30,M,02:02:29,04:49:50,7349,17390,2.0413888888888887,4.830555555555556,2.7891666666666666,44.86666666666667,0,0,0,0
33,W,02:05:21,04:49:52,7521,17392,2.089166666666667,4.831111111111111,2.7419444444444445,39.166666666666664,1,0,0,0
34,M,02:06:01,04:49:53,7561,17393,2.100277777777778,4.831388888888889,2.7311111111111113,37.85,0,0,0,0
56,M,02:02:12,04:49:55,7332,17395,2.0366666666666666,4.831944444444445,2.7952777777777778,45.516666666666666,0,0,0,0
24,M,01:58:45,04:49:57,7125,17397,1.9791666666666667,4.8325,2.8533333333333335,52.45,0,0,0,0
52,W,02:00:36,04:49:57,7236,17397,2.01,4.8325,2.8225,48.75,1,0,0,0
43,M,02:02:04,04:49:57,7324,17397,2.0344444444444445,4.8325,2.7980555555555555,45.81666666666667,0,0,0,0
45,M,02:11:57,04:49:58,7917,17398,2.1991666666666667,4.832777777777777,2.633611111111111,26.066666666666666,0,0,0,0
53,W,02:18:18,04:49:58,8298,17398,2.305,4.832777777777777,2.5277777777777777,13.366666666666667,1,0,0,0
42,M,01:56:05,04:50:00,6965,17400,1.9347222222222222,4.833333333333333,2.8986111111111112,57.833333333333336,0,0,0,0
45,W,02:13:43,04:50:01,8023,17401,2.2286111111111113,4.833611111111111,2.605,22.583333333333332,1,0,0,0
34,M,01:55:25,04:50:03,6925,17403,1.9236111111111112,4.8341666666666665,2.9105555555555553,59.21666666666667,0,0,0,0
43,W,02:05:38,04:50:04,7538,17404,2.093888888888889,4.834444444444444,2.7405555555555554,38.8,1,0,0,0
30,W,02:02:47,04:50:05,7367,17405,2.046388888888889,4.834722222222222,2.7883333333333336,44.516666666666666,1,0,0,0
42,M,02:02:11,04:50:07,7331,17407,2.036388888888889,4.835277777777778,2.798888888888889,45.75,0,0,0,0
35,M,02:07:15,04:50:07,7635,17407,2.120833333333333,4.835277777777778,2.7144444444444447,35.61666666666667,0,0,0,0
62,M,01:57:52,04:50:11,7072,17411,1.9644444444444444,4.836388888888889,2.8719444444444444,54.45,0,0,0,0
38,W,02:02:07,04:50:11,7327,17411,2.035277777777778,4.836388888888889,2.801111111111111,45.95,1,0,0,0
25,M,01:49:50,04:50:12,6590,17412,1.8305555555555555,4.836666666666667,3.006111111111111,70.53333333333333,0,0,0,0
36,M,01:52:48,04:50:13,6768,17413,1.88,4.836944444444445,2.9569444444444444,64.61666666666666,0,0,0,0
46,W,02:12:25,04:50:17,7945,17417,2.2069444444444444,4.838055555555556,2.631111111111111,25.45,1,0,0,0
37,W,02:02:23,04:50:17,7343,17417,2.039722222222222,4.838055555555556,2.7983333333333333,45.516666666666666,1,0,0,0
49,M,02:09:40,04:50:17,7780,17417,2.161111111111111,4.838055555555556,2.6769444444444446,30.95,0,0,0,0
28,W,01:49:40,04:50:20,6580,17420,1.8277777777777777,4.838888888888889,3.011111111111111,71.0,1,0,0,0
29,W,02:05:13,04:50:21,7513,17421,2.0869444444444443,4.839166666666666,2.752222222222222,39.916666666666664,1,0,0,0
29,M,01:58:43,04:50:21,7123,17421,1.978611111111111,4.839166666666666,2.8605555555555555,52.916666666666664,0,0,0,0
55,M,01:57:05,04:50:23,7025,17423,1.9513888888888888,4.839722222222222,2.888333333333333,56.21666666666667,0,0,0,0
36,W,02:02:12,04:50:23,7332,17423,2.0366666666666666,4.839722222222222,2.8030555555555554,45.983333333333334,1,0,0,0
32,W,02:01:27,04:50:26,7287,17426,2.0241666666666664,4.8405555555555555,2.816388888888889,47.53333333333333,1,0,0,0
38,M,01:54:12,04:50:30,6852,17430,1.9033333333333333,4.841666666666667,2.9383333333333335,62.1,0,0,0,0
44,M,02:03:11,04:50:31,7391,17431,2.0530555555555554,4.841944444444445,2.7888888888888888,44.15,0,0,0,0
43,M,02:07:44,04:50:33,7664,17433,2.128888888888889,4.8425,2.713611111111111,35.083333333333336,0,0,0,0
46,W,02:07:43,04:50:35,7663,17435,2.1286111111111112,4.843055555555556,2.7144444444444447,35.15,1,0,0,0
39,M,01:53:49,04:50:37,6829,17437,1.8969444444444445,4.8436111111111115,2.9466666666666668,62.983333333333334,0,0,0,0
55,M,01:56:30,04:50:45,6990,17445,1.9416666666666667,4.845833333333333,2.904166666666667,57.75,0,0,0,0
64,W,02:03:13,04:50:48,7393,17448,2.053611111111111,4.846666666666667,2.7930555555555556,44.36666666666667,1,0,0,0
53,M,02:12:03,04:50:48,7923,17448,2.200833333333333,4.846666666666667,2.6458333333333335,26.7,0,0,0,0
57,M,01:59:32,04:50:51,7172,17451,1.9922222222222221,4.8475,2.855277777777778,51.78333333333333,0,0,0,0
44,M,02:01:01,04:50:51,7261,17451,2.0169444444444444,4.8475,2.8305555555555557,48.81666666666667,0,0,0,0
37,M,01:56:08,04:50:51,6968,17451,1.9355555555555555,4.8475,2.9119444444444444,58.583333333333336,0,0,0,0
41,M,01:53:07,04:50:52,6787,17452,1.8852777777777778,4.847777777777778,2.9625,64.63333333333334,0,0,0,0
38,M,02:00:43,04:50:55,7243,17455,2.0119444444444445,4.848611111111111,2.8366666666666664,49.483333333333334,0,0,0,0
35,M,01:58:53,04:50:55,7133,17455,1.9813888888888889,4.848611111111111,2.8672222222222223,53.15,0,0,0,0
19,W,02:15:09,04:50:56,8109,17456,2.2525,4.848888888888889,2.596388888888889,20.633333333333333,1,0,0,0
22,W,01:55:29,04:50:56,6929,17456,1.9247222222222222,4.848888888888889,2.924166666666667,59.96666666666667,1,0,0,0
37,W,02:02:30,04:50:57,7350,17457,2.0416666666666665,4.849166666666667,2.8075,45.95,1,0,0,0
31,M,01:57:34,04:51:06,7054,17466,1.9594444444444445,4.851666666666667,2.8922222222222222,55.96666666666667,0,0,0,0
36,W,02:07:46,04:51:06,7666,17466,2.1294444444444443,4.851666666666667,2.7222222222222223,35.56666666666667,1,0,0,0
37,M,01:58:29,04:51:06,7109,17466,1.9747222222222223,4.851666666666667,2.8769444444444443,54.13333333333333,0,0,0,0
53,W,02:05:43,04:51:06,7543,17466,2.0952777777777776,4.851666666666667,2.756388888888889,39.666666666666664,1,0,0,0
49,M,02:02:25,04:51:08,7345,17468,2.040277777777778,4.852222222222222,2.8119444444444444,46.3,0,0,0,0
57,W,01:57:29,04:51:08,7049,17468,1.9580555555555557,4.852222222222222,2.8941666666666666,56.166666666666664,1,0,0,0
30,M,02:03:54,04:51:09,7434,17469,2.065,4.8525,2.7875,43.35,0,0,0,0
49,M,01:57:15,04:51:09,7035,17469,1.9541666666666666,4.8525,2.8983333333333334,56.65,0,0,0,0
36,M,02:07:26,04:51:09,7646,17469,2.1238888888888887,4.8525,2.7286111111111113,36.28333333333333,0,0,0,0
43,M,01:58:16,04:51:10,7096,17470,1.971111111111111,4.852777777777778,2.881666666666667,54.63333333333333,0,0,0,0
45,W,02:08:10,04:51:10,7690,17470,2.136111111111111,4.852777777777778,2.716666666666667,34.833333333333336,1,0,0,0
49,W,02:13:45,04:51:10,8025,17470,2.2291666666666665,4.852777777777778,2.623611111111111,23.666666666666668,1,0,0,0
34,M,01:55:52,04:51:13,6952,17473,1.931111111111111,4.853611111111111,2.9225,59.483333333333334,0,0,0,0
43,M,02:00:50,04:51:20,7250,17480,2.013888888888889,4.855555555555555,2.841666666666667,49.666666666666664,0,0,0,0
45,M,01:59:16,04:51:25,7156,17485,1.9877777777777779,4.856944444444444,2.8691666666666666,52.88333333333333,0,0,0,0
47,M,01:57:30,04:51:26,7050,17486,1.9583333333333333,4.857222222222222,2.898888888888889,56.43333333333333,0,0,0,0
37,M,01:52:39,04:51:27,6759,17487,1.8775,4.8575,2.98,66.15,0,0,0,0
29,M,02:06:33,04:51:30,7593,17490,2.109166666666667,4.858333333333333,2.7491666666666665,38.4,0,0,0,0
34,M,02:03:22,04:51:32,7402,17492,2.056111111111111,4.858888888888889,2.8027777777777776,44.8,0,0,0,0
49,M,02:05:32,04:51:36,7532,17496,2.0922222222222224,4.86,2.767777777777778,40.53333333333333,0,0,0,0
41,M,01:50:32,04:51:37,6632,17497,1.8422222222222222,4.860277777777778,3.0180555555555557,70.55,0,0,0,0
43,M,02:02:13,04:51:42,7333,17502,2.0369444444444444,4.861666666666666,2.8247222222222224,47.266666666666666,0,0,0,0
32,M,02:04:55,04:51:50,7495,17510,2.0819444444444444,4.863888888888889,2.7819444444444446,42.0,0,0,0,0
42,M,02:09:00,04:51:54,7740,17514,2.15,4.865,2.715,33.9,0,0,0,0
35,W,02:08:30,04:52:00,7710,17520,2.1416666666666666,4.866666666666666,2.725,35.0,1,0,0,0
53,M,02:01:02,04:52:07,7262,17527,2.0172222222222222,4.868611111111111,2.8513888888888888,50.05,0,0,0,0
36,M,01:56:05,04:52:08,6965,17528,1.9347222222222222,4.868888888888889,2.9341666666666666,59.96666666666667,0,0,0,0
25,W,01:59:15,04:52:10,7155,17530,1.9875,4.8694444444444445,2.8819444444444446,53.666666666666664,1,0,0,0
52,W,02:00:09,04:52:13,7209,17533,2.0025,4.870277777777778,2.867777777777778,51.916666666666664,1,0,0,0
38,W,02:04:04,04:52:13,7444,17533,2.0677777777777777,4.870277777777778,2.8025,44.083333333333336,1,0,0,0
25,M,02:04:34,04:52:14,7474,17534,2.076111111111111,4.870555555555556,2.7944444444444443,43.1,0,0,0,0
39,M,01:54:41,04:52:16,6881,17536,1.9113888888888888,4.871111111111111,2.959722222222222,62.9,0,0,0,0
40,W,01:57:48,04:52:16,7068,17536,1.9633333333333334,4.871111111111111,2.9077777777777776,56.666666666666664,1,0,0,0
40,M,02:10:07,04:52:18,7807,17538,2.1686111111111113,4.871666666666667,2.7030555555555558,32.06666666666667,0,0,0,0
26,M,02:10:13,04:52:19,7813,17539,2.1702777777777778,4.871944444444445,2.7016666666666667,31.883333333333333,0,0,0,0
40,W,02:01:42,04:52:25,7302,17545,2.0283333333333333,4.873611111111111,2.8452777777777776,49.016666666666666,1,0,0,0
29,W,02:02:50,04:52:27,7370,17547,2.047222222222222,4.8741666666666665,2.8269444444444445,46.78333333333333,1,0,0,0
51,M,02:07:54,04:52:32,7674,17552,2.131666666666667,4.875555555555556,2.743888888888889,36.733333333333334,0,0,0,0
53,W,02:11:56,04:52:35,7916,17555,2.198888888888889,4.876388888888889,2.6775,28.716666666666665,1,0,0,0
60,M,02:08:45,04:52:36,7725,17556,2.1458333333333335,4.876666666666667,2.7308333333333334,35.1,0,0,0,0
62,M,01:57:55,04:52:39,7075,17559,1.9652777777777777,4.8775,2.9122222222222223,56.81666666666667,0,0,0,0
31,M,01:52:11,04:52:41,6731,17561,1.8697222222222223,4.878055555555555,3.0083333333333333,68.31666666666666,0,0,0,0
42,M,02:05:58,04:52:42,7558,17562,2.0994444444444444,4.878333333333333,2.778888888888889,40.766666666666666,0,0,0,0
23,M,02:18:31,04:52:47,8311,17567,2.308611111111111,4.879722222222222,2.571111111111111,15.75,0,0,0,0
53,M,01:52:00,04:52:54,6720,17574,1.8666666666666667,4.881666666666667,3.015,68.9,0,0,0,0
32,W,02:12:05,04:52:55,7925,17575,2.201388888888889,4.881944444444445,2.6805555555555554,28.75,1,0,0,0
37,M,02:00:19,04:52:56,7219,17576,2.0052777777777777,4.8822222222222225,2.8769444444444443,52.3,0,0,0,0
34,W,02:05:23,04:53:02,7523,17582,2.089722222222222,4.8838888888888885,2.7941666666666665,42.266666666666666,1,0,0,0
42,M,02:04:38,04:53:03,7478,17583,2.0772222222222223,4.884166666666666,2.8069444444444445,43.78333333333333,0,0,0,0
57,W,01:53:32,04:53:03,6812,17583,1.8922222222222222,4.884166666666666,2.9919444444444445,65.98333333333333,1,0,0,0
37,W,01:58:31,04:53:05,7111,17585,1.9752777777777777,4.884722222222222,2.9094444444444445,56.05,1,0,0,0
35,W,02:10:44,04:53:06,7844,17586,2.178888888888889,4.885,2.706111111111111,31.633333333333333,1,0,0,0
39,W,02:11:04,04:53:06,7864,17586,2.1844444444444444,4.885,2.7005555555555554,30.966666666666665,1,0,0,0
41,M,01:59:23,04:53:09,7163,17589,1.9897222222222222,4.885833333333333,2.8961111111111113,54.38333333333333,0,0,0,0
41,W,01:58:09,04:53:09,7089,17589,1.9691666666666667,4.885833333333333,2.9166666666666665,56.85,1,0,0,0
43,W,02:05:12,04:53:16,7512,17596,2.0866666666666664,4.887777777777778,2.801111111111111,42.86666666666667,1,0,0,0
32,M,02:03:33,04:53:19,7413,17599,2.0591666666666666,4.8886111111111115,2.8294444444444444,46.21666666666667,0,0,0,0
56,M,02:13:25,04:53:23,8005,17603,2.223611111111111,4.889722222222222,2.6661111111111113,26.55,0,0,0,0
48,W,02:14:46,04:53:23,8086,17603,2.246111111111111,4.889722222222222,2.643611111111111,23.85,1,0,0,0
33,W,01:55:21,04:53:25,6921,17605,1.9225,4.8902777777777775,2.9677777777777776,62.71666666666667,1,0,0,0
26,M,02:04:22,04:53:27,7462,17607,2.0727777777777776,4.890833333333333,2.8180555555555555,44.71666666666667,0,0,0,0
43,W,02:02:31,04:53:29,7351,17609,2.0419444444444443,4.891388888888889,2.8494444444444444,48.45,1,0,0,0
63,M,02:07:50,04:53:32,7670,17612,2.1305555555555555,4.892222222222222,2.7616666666666667,37.86666666666667,0,0,0,0
26,W,02:12:52,04:53:34,7972,17614,2.2144444444444447,4.892777777777778,2.6783333333333332,27.833333333333332,1,0,0,0
51,M,02:13:27,04:53:34,8007,17614,2.2241666666666666,4.892777777777778,2.6686111111111113,26.666666666666668,0,0,0,0
42,W,02:13:40,04:53:37,8020,17617,2.227777777777778,4.893611111111111,2.6658333333333335,26.283333333333335,1,0,0,0
24,W,02:14:51,04:53:41,8091,17621,2.2475,4.894722222222223,2.647222222222222,23.983333333333334,1,0,0,0
68,M,02:12:49,04:53:43,7969,17623,2.213611111111111,4.895277777777777,2.6816666666666666,28.083333333333332,0,0,0,0
31,W,02:10:48,04:53:44,7848,17624,2.18,4.895555555555555,2.7155555555555555,32.13333333333333,1,0,0,0
45,W,02:03:17,04:53:46,7397,17626,2.0547222222222223,4.896111111111111,2.841388888888889,47.2,1,0,0,0
44,M,01:57:17,04:53:49,7037,17629,1.9547222222222222,4.896944444444444,2.942222222222222,59.25,0,0,0,0
44,M,02:01:42,04:53:50,7302,17630,2.0283333333333333,4.897222222222222,2.868888888888889,50.43333333333333,0,0,0,0
45,W,02:16:19,04:53:51,8179,17631,2.2719444444444443,4.8975,2.6255555555555556,21.216666666666665,1,0,0,0
35,M,01:47:33,04:54:00,6453,17640,1.7925,4.9,3.1075,78.9,0,0,0,0
47,M,02:01:56,04:54:00,7316,17640,2.0322222222222224,4.9,2.867777777777778,50.13333333333333,0,0,0,0
48,W,01:53:58,04:54:02,6838,17642,1.8994444444444445,4.900555555555556,3.0011111111111113,66.1,1,0,0,0
34,W,02:04:39,04:54:03,7479,17643,2.0775,4.900833333333333,2.8233333333333333,44.75,1,0,0,0
47,M,01:55:50,04:54:05,6950,17645,1.9305555555555556,4.901388888888889,2.970833333333333,62.416666666666664,0,0,0,0
69,M,02:10:53,04:54:06,7853,17646,2.181388888888889,4.901666666666666,2.7202777777777776,32.333333333333336,0,0,0,0
46,W,02:07:15,04:54:11,7635,17651,2.120833333333333,4.9030555555555555,2.7822222222222224,39.68333333333333,1,0,0,0
50,W,02:04:27,04:54:15,7467,17655,2.0741666666666667,4.904166666666667,2.83,45.35,1,0,0,0
41,W,02:03:05,04:54:16,7385,17656,2.051388888888889,4.904444444444445,2.8530555555555557,48.1,1,0,0,0
35,M,02:05:40,04:54:16,7540,17656,2.0944444444444446,4.904444444444445,2.81,42.93333333333333,0,0,0,0
50,W,02:05:00,04:54:18,7500,17658,2.0833333333333335,4.905,2.8216666666666668,44.3,1,0,0,0
56,W,02:10:36,04:54:18,7836,17658,2.1766666666666667,4.905,2.7283333333333335,33.1,1,0,0,0
35,M,02:14:39,04:54:20,8079,17660,2.2441666666666666,4.905555555555556,2.661388888888889,25.033333333333335,0,0,0,0
43,M,01:56:59,04:54:21,7019,17661,1.9497222222222221,4.905833333333334,2.956111111111111,60.38333333333333,0,0,0,0
32,M,02:00:53,04:54:22,7253,17662,2.0147222222222223,4.9061111111111115,2.891388888888889,52.6,0,0,0,0
41,W,02:06:25,04:54:23,7585,17663,2.1069444444444443,4.9063888888888885,2.7994444444444446,41.55,1,0,0,0
43,W,02:10:19,04:54:26,7819,17666,2.1719444444444442,4.907222222222222,2.7352777777777777,33.8,1,0,0,0
50,W,02:08:47,04:54:26,7727,17666,2.1463888888888887,4.907222222222222,2.7608333333333333,36.86666666666667,1,0,0,0
34,W,02:04:01,04:54:27,7441,17667,2.0669444444444443,4.9075,2.8405555555555555,46.416666666666664,1,0,0,0
50,M,01:57:43,04:54:28,7063,17668,1.9619444444444445,4.907777777777778,2.9458333333333333,59.03333333333333,0,0,0,0
35,W,02:00:00,04:54:30,7200,17670,2.0,4.908333333333333,2.908333333333333,54.5,1,0,0,0
44,M,02:06:58,04:54:31,7618,17671,2.116111111111111,4.908611111111111,2.7925,40.583333333333336,0,0,0,0
55,M,01:59:22,04:54:34,7162,17674,1.9894444444444443,4.9094444444444445,2.92,55.833333333333336,0,0,0,0
58,M,01:59:19,04:54:36,7159,17676,1.988611111111111,4.91,2.921388888888889,55.96666666666667,0,0,0,0
24,W,02:14:54,04:54:38,8094,17678,2.2483333333333335,4.910555555555556,2.6622222222222223,24.833333333333332,1,0,0,0
27,M,01:59:18,04:54:42,7158,17682,1.9883333333333333,4.911666666666667,2.9233333333333333,56.1,0,0,0,0
47,M,02:02:25,04:54:46,7345,17686,2.040277777777778,4.9127777777777775,2.8725,49.93333333333333,0,0,0,0
27,M,02:06:29,04:54:46,7589,17686,2.1080555555555556,4.9127777777777775,2.8047222222222223,41.8,0,0,0,0
44,M,02:02:22,04:54:47,7342,17687,2.0394444444444444,4.913055555555555,2.873611111111111,50.05,0,0,0,0
28,W,02:01:11,04:54:47,7271,17687,2.019722222222222,4.913055555555555,2.8933333333333335,52.416666666666664,1,0,0,0
50,M,02:04:27,04:54:51,7467,17691,2.0741666666666667,4.914166666666667,2.84,45.95,0,0,0,0
46,M,02:11:25,04:54:54,7885,17694,2.1902777777777778,4.915,2.7247222222222223,32.06666666666667,0,0,0,0
43,W,01:57:52,04:54:58,7072,17698,1.9644444444444444,4.916111111111111,2.9516666666666667,59.233333333333334,1,0,0,0
32,M,01:59:48,04:54:58,7188,17698,1.9966666666666666,4.916111111111111,2.9194444444444443,55.36666666666667,0,0,0,0
43,W,01:59:43,04:55:02,7183,17702,1.9952777777777777,4.917222222222223,2.9219444444444442,55.6,1,0,0,0
52,W,02:11:50,04:55:02,7910,17702,2.1972222222222224,4.917222222222223,2.72,31.366666666666667,1,0,0,0
42,M,02:01:50,04:55:03,7310,17703,2.0305555555555554,4.9175,2.8869444444444445,51.38333333333333,0,0,0,0
31,M,01:50:58,04:55:05,6658,17705,1.8494444444444444,4.918055555555555,3.068611111111111,73.15,0,0,0,0
38,W,01:58:24,04:55:06,7104,17706,1.9733333333333334,4.918333333333333,2.945,58.3,1,0,0,0
32,W,01:55:26,04:55:10,6926,17710,1.923888888888889,4.919444444444444,2.9955555555555557,64.3,1,0,0,0
37,M,01:57:00,04:55:11,7020,17711,1.95,4.919722222222222,2.9697222222222224,61.18333333333333,0,0,0,0
25,W,01:55:16,04:55:13,6916,17713,1.9211111111111112,4.920277777777778,2.9991666666666665,64.68333333333334,1,0,0,0
39,W,02:09:05,04:55:17,7745,17717,2.151388888888889,4.921388888888889,2.77,37.11666666666667,1,0,0,0
48,M,02:08:08,04:55:18,7688,17718,2.1355555555555554,4.921666666666667,2.786111111111111,39.03333333333333,0,0,0,0
54,M,02:15:07,04:55:19,8107,17719,2.2519444444444443,4.921944444444445,2.67,25.083333333333332,0,0,0,0
26,W,02:07:38,04:55:23,7658,17723,2.127222222222222,4.923055555555556,2.7958333333333334,40.11666666666667,1,0,0,0
59,M,01:58:52,04:55:27,7132,17727,1.981111111111111,4.924166666666666,2.9430555555555555,57.71666666666667,0,0,0,0
45,M,02:00:08,04:55:28,7208,17728,2.002222222222222,4.924444444444444,2.922222222222222,55.2,0,0,0,0
27,W,02:13:54,04:55:28,8034,17728,2.2316666666666665,4.924444444444444,2.6927777777777777,27.666666666666668,1,0,0,0
30,W,02:11:11,04:55:30,7871,17730,2.1863888888888887,4.925,2.738611111111111,33.13333333333333,1,0,0,0
30,W,02:14:33,04:55:33,8073,17733,2.2425,4.925833333333333,2.683333333333333,26.45,1,0,0,0
35,M,02:11:55,04:55:34,7915,17734,2.198611111111111,4.926111111111111,2.7275,31.733333333333334,0,0,0,0
41,M,02:02:22,04:55:35,7342,17735,2.0394444444444444,4.926388888888889,2.8869444444444445,50.85,0,0,0,0
36,M,02:09:37,04:55:37,7777,17737,2.160277777777778,4.926944444444445,2.7666666666666666,36.38333333333333,0,0,0,0
70,M,02:13:43,04:55:39,8023,17739,2.2286111111111113,4.9275,2.698888888888889,28.216666666666665,0,0,0,0
51,M,02:00:20,04:55:44,7220,17744,2.0055555555555555,4.928888888888889,2.9233333333333333,55.06666666666667,0,0,0,0
54,M,02:05:18,04:55:45,7518,17745,2.0883333333333334,4.929166666666666,2.8408333333333333,45.15,0,0,0,0
32,M,02:08:10,04:55:46,7690,17746,2.136111111111111,4.929444444444444,2.7933333333333334,39.43333333333333,0,0,0,0
47,W,02:06:14,04:55:49,7574,17749,2.1038888888888887,4.9302777777777775,2.826388888888889,43.35,1,0,0,0
45,M,02:09:35,04:55:55,7775,17755,2.1597222222222223,4.9319444444444445,2.772222222222222,36.75,0,0,0,0
25,W,02:02:00,04:56:00,7320,17760,2.033333333333333,4.933333333333334,2.9,52.0,1,0,0,0
43,W,01:59:48,04:56:03,7188,17763,1.9966666666666666,4.934166666666667,2.9375,56.45,1,0,0,0
28,W,02:03:14,04:56:05,7394,17765,2.053888888888889,4.934722222222222,2.8808333333333334,49.61666666666667,1,0,0,0
42,M,02:01:48,04:56:09,7308,17769,2.03,4.935833333333333,2.9058333333333333,52.55,0,0,0,0
62,M,02:02:25,04:56:10,7345,17770,2.040277777777778,4.936111111111111,2.8958333333333335,51.333333333333336,0,0,0,0
45,M,01:53:45,04:56:11,6825,17771,1.8958333333333333,4.936388888888889,3.0405555555555557,68.68333333333334,0,0,0,0
36,M,02:05:16,04:56:11,7516,17771,2.0877777777777777,4.936388888888889,2.848611111111111,45.65,0,0,0,0
35,M,02:13:01,04:56:14,7981,17774,2.2169444444444446,4.937222222222222,2.7202777777777776,30.2,0,0,0,0
35,M,02:06:12,04:56:15,7572,17775,2.1033333333333335,4.9375,2.8341666666666665,43.85,0,0,0,0
35,M,02:07:09,04:56:15,7629,17775,2.1191666666666666,4.9375,2.8183333333333334,41.95,0,0,0,0
56,M,02:03:18,04:56:16,7398,17776,2.055,4.937777777777778,2.8827777777777777,49.666666666666664,0,0,0,0
42,M,01:58:59,04:56:18,7139,17778,1.9830555555555556,4.9383333333333335,2.955277777777778,58.333333333333336,0,0,0,0
29,M,02:05:35,04:56:18,7535,17778,2.0930555555555554,4.9383333333333335,2.8452777777777776,45.13333333333333,0,0,0,0
28,W,02:00:28,04:56:19,7228,17779,2.0077777777777777,4.938611111111111,2.930833333333333,55.38333333333333,1,0,0,0
29,M,01:49:29,04:56:21,6569,17781,1.8247222222222221,4.939166666666667,3.1144444444444446,77.38333333333334,0,0,0,0
34,W,02:07:16,04:56:23,7636,17783,2.121111111111111,4.939722222222223,2.818611111111111,41.85,1,0,0,0
46,W,02:00:18,04:56:24,7218,17784,2.005,4.94,2.935,55.8,1,0,0,0
30,W,02:06:01,04:56:24,7561,17784,2.100277777777778,4.94,2.839722222222222,44.36666666666667,1,0,0,0
27,M,01:45:41,04:56:29,6341,17789,1.761388888888889,4.941388888888889,3.18,85.11666666666666,0,0,0,0
45,W,02:12:06,04:56:31,7926,17791,2.2016666666666667,4.941944444444444,2.7402777777777776,32.31666666666667,1,0,0,0
60,M,02:08:43,04:56:34,7723,17794,2.145277777777778,4.942777777777778,2.7975,39.13333333333333,0,0,0,0
38,M,02:06:49,04:56:37,7609,17797,2.113611111111111,4.943611111111111,2.83,42.983333333333334,0,0,0,0
28,W,02:18:54,04:56:38,8334,17798,2.315,4.943888888888889,2.628888888888889,18.833333333333332,1,0,0,0
44,M,01:57:48,04:56:38,7068,17798,1.9633333333333334,4.943888888888889,2.9805555555555556,61.03333333333333,0,0,0,0
47,M,02:05:48,04:56:39,7548,17799,2.0966666666666667,4.944166666666667,2.8475,45.05,0,0,0,0
55,W,01:57:41,04:56:40,7061,17800,1.9613888888888888,4.944444444444445,2.9830555555555556,61.3,1,0,0,0
32,M,01:59:42,04:56:41,7182,17801,1.995,4.9447222222222225,2.9497222222222224,57.28333333333333,0,0,0,0
38,W,02:06:58,04:56:45,7618,17805,2.116111111111111,4.945833333333334,2.8297222222222222,42.81666666666667,1,0,0,0
47,M,02:05:01,04:56:46,7501,17806,2.0836111111111113,4.946111111111111,2.8625,46.733333333333334,0,0,0,0
53,M,01:51:58,04:56:54,6718,17814,1.866111111111111,4.948333333333333,3.082222222222222,72.96666666666667,0,0,0,0
25,W,02:01:32,04:56:54,7292,17814,2.0255555555555556,4.948333333333333,2.9227777777777777,53.833333333333336,1,0,0,0
41,W,01:59:54,04:56:56,7194,17816,1.9983333333333333,4.948888888888889,2.9505555555555554,57.13333333333333,1,0,0,0
30,W,02:05:10,04:56:59,7510,17819,2.0861111111111112,4.949722222222222,2.863611111111111,46.65,1,0,0,0
58,M,01:51:55,04:56:59,6715,17819,1.8652777777777778,4.949722222222222,3.0844444444444443,73.15,0,0,0,0
27,M,01:58:46,04:57:00,7126,17820,1.9794444444444443,4.95,2.9705555555555554,59.46666666666667,0,0,0,0
41,W,02:07:21,04:57:01,7641,17821,2.1225,4.950277777777778,2.827777777777778,42.31666666666667,1,0,0,0
25,W,02:01:49,04:57:02,7309,17822,2.0302777777777776,4.950555555555556,2.9202777777777778,53.4,1,0,0,0
42,W,02:06:19,04:57:02,7579,17822,2.105277777777778,4.950555555555556,2.8452777777777776,44.4,1,0,0,0
33,M,02:11:43,04:57:05,7903,17825,2.1952777777777777,4.951388888888889,2.756111111111111,33.65,0,0,0,0
49,M,02:04:23,04:57:07,7463,17827,2.0730555555555554,4.951944444444444,2.878888888888889,48.35,0,0,0,0
41,W,02:11:03,04:57:11,7863,17831,2.1841666666666666,4.953055555555555,2.7688888888888887,35.083333333333336,1,0,0,0
36,M,02:11:17,04:57:11,7877,17831,2.1880555555555556,4.953055555555555,2.765,34.61666666666667,0,0,0,0
34,W,02:11:44,04:57:13,7904,17833,2.1955555555555555,4.953611111111111,2.7580555555555555,33.75,1,0,0,0
34,W,02:06:38,04:57:14,7598,17834,2.1105555555555555,4.953888888888889,2.8433333333333333,43.96666666666667,1,0,0,0
44,M,02:08:04,04:57:16,7684,17836,2.1344444444444446,4.954444444444444,2.82,41.13333333333333,0,0,0,0
28,W,02:11:28,04:57:16,7888,17836,2.1911111111111112,4.954444444444444,2.763333333333333,34.333333333333336,1,0,0,0
46,M,02:04:10,04:57:24,7450,17844,2.0694444444444446,4.956666666666667,2.8872222222222224,49.06666666666667,0,0,0,0
51,M,02:11:27,04:57:26,7887,17846,2.1908333333333334,4.957222222222223,2.766388888888889,34.53333333333333,0,0,0,0
45,W,02:08:04,04:57:28,7684,17848,2.1344444444444446,4.957777777777777,2.8233333333333333,41.333333333333336,1,0,0,0
37,W,01:57:29,04:57:35,7049,17855,1.9580555555555557,4.959722222222222,3.0016666666666665,62.61666666666667,1,0,0,0
55,W,02:13:06,04:57:35,7986,17855,2.2183333333333333,4.959722222222222,2.741388888888889,31.383333333333333,1,0,0,0
50,M,01:55:57,04:57:37,6957,17857,1.9325,4.960277777777778,3.0277777777777777,65.71666666666667,0,0,0,0
41,M,01:54:23,04:57:39,6863,17859,1.906388888888889,4.960833333333333,3.0544444444444445,68.88333333333334,0,0,0,0
25,W,02:05:27,04:57:40,7527,17860,2.0908333333333333,4.961111111111111,2.870277777777778,46.766666666666666,1,0,0,0
47,W,01:57:32,04:57:41,7052,17861,1.958888888888889,4.961388888888889,3.0025,62.61666666666667,1,0,0,0
50,M,02:08:47,04:57:43,7727,17863,2.1463888888888887,4.961944444444445,2.8155555555555556,40.15,0,0,0,0
31,W,02:17:13,04:57:44,8233,17864,2.2869444444444444,4.9622222222222225,2.6752777777777776,23.3,1,0,0,0
24,M,02:07:36,04:57:44,7656,17864,2.1266666666666665,4.9622222222222225,2.8355555555555556,42.53333333333333,0,0,0,0
41,W,02:03:48,04:57:45,7428,17865,2.0633333333333335,4.9625,2.8991666666666664,50.15,1,0,0,0
42,M,02:08:15,04:57:46,7695,17866,2.1375,4.962777777777778,2.825277777777778,41.266666666666666,0,0,0,0
22,M,02:02:33,04:57:51,7353,17871,2.0425,4.964166666666666,2.921666666666667,52.75,0,0,0,0
39,W,02:08:20,04:57:52,7700,17872,2.138888888888889,4.964444444444444,2.8255555555555554,41.2,1,0,0,0
39,M,02:05:51,04:57:53,7551,17873,2.0975,4.964722222222222,2.8672222222222223,46.18333333333333,0,0,0,0
31,M,01:59:49,04:57:55,7189,17875,1.9969444444444444,4.965277777777778,2.9683333333333333,58.28333333333333,0,0,0,0
48,M,01:59:05,04:57:59,7145,17879,1.9847222222222223,4.966388888888889,2.9816666666666665,59.81666666666667,0,0,0,0
35,W,02:19:22,04:57:59,8362,17879,2.3227777777777776,4.966388888888889,2.643611111111111,19.25,1,0,0,0
49,W,02:06:26,04:58:00,7586,17880,2.107222222222222,4.966666666666667,2.8594444444444442,45.13333333333333,1,0,0,0
27,W,02:11:28,04:58:02,7888,17882,2.1911111111111112,4.967222222222222,2.776111111111111,35.1,1,0,0,0
43,M,02:13:19,04:58:04,7999,17884,2.2219444444444445,4.967777777777778,2.745833333333333,31.433333333333334,0,0,0,0
30,W,02:11:25,04:58:06,7885,17886,2.1902777777777778,4.968333333333334,2.7780555555555555,35.266666666666666,1,0,0,0
45,M,02:10:49,04:58:07,7849,17887,2.180277777777778,4.9686111111111115,2.7883333333333336,36.483333333333334,0,0,0,0
44,M,02:00:15,04:58:07,7215,17887,2.004166666666667,4.9686111111111115,2.9644444444444447,57.61666666666667,0,0,0,0
54,M,02:00:16,04:58:08,7216,17888,2.0044444444444443,4.9688888888888885,2.9644444444444447,57.6,0,0,0,0
33,W,02:04:00,04:58:09,7440,17889,2.066666666666667,4.969166666666666,2.9025,50.15,1,0,0,0
39,W,02:00:15,04:58:11,7215,17891,2.004166666666667,4.969722222222222,2.9655555555555555,57.68333333333333,1,0,0,0
40,M,02:11:40,04:58:11,7900,17891,2.1944444444444446,4.969722222222222,2.7752777777777777,34.85,0,0,0,0
34,W,02:10:28,04:58:13,7828,17893,2.1744444444444446,4.970277777777778,2.7958333333333334,37.28333333333333,1,0,0,0
29,W,02:09:17,04:58:17,7757,17897,2.1547222222222224,4.971388888888889,2.816666666666667,39.71666666666667,1,0,0,0
46,W,02:09:27,04:58:18,7767,17898,2.1575,4.971666666666667,2.8141666666666665,39.4,1,0,0,0
40,M,01:57:10,04:58:18,7030,17898,1.9527777777777777,4.971666666666667,3.0188888888888887,63.96666666666667,0,0,0,0
39,W,02:16:50,04:58:19,8210,17899,2.2805555555555554,4.9719444444444445,2.691388888888889,24.65,1,0,0,0
61,M,02:09:44,04:58:23,7784,17903,2.1622222222222223,4.973055555555556,2.8108333333333335,38.916666666666664,0,0,0,0
48,M,02:00:21,04:58:29,7221,17909,2.0058333333333334,4.974722222222222,2.968888888888889,57.78333333333333,0,0,0,0
30,W,02:05:09,04:58:30,7509,17910,2.0858333333333334,4.975,2.8891666666666667,48.2,1,0,0,0
52,M,02:02:30,04:58:33,7350,17913,2.0416666666666665,4.975833333333333,2.9341666666666666,53.55,0,0,0,0
33,M,01:52:18,04:58:36,6738,17916,1.8716666666666666,4.976666666666667,3.105,74.0,0,0,0,0
30,W,02:04:08,04:58:36,7448,17916,2.068888888888889,4.976666666666667,2.9077777777777776,50.333333333333336,1,0,0,0
47,M,02:05:49,04:58:37,7549,17917,2.0969444444444445,4.976944444444444,2.88,46.983333333333334,0,0,0,0
46,M,02:02:48,04:58:38,7368,17918,2.046666666666667,4.977222222222222,2.9305555555555554,53.03333333333333,0,0,0,0
34,W,02:09:01,04:58:38,7741,17918,2.1502777777777777,4.977222222222222,2.8269444444444445,40.6,1,0,0,0
46,M,01:59:58,04:58:38,7198,17918,1.9994444444444444,4.977222222222222,2.977777777777778,58.7,0,0,0,0
24,W,01:59:52,04:58:39,7192,17919,1.9977777777777779,4.9775,2.979722222222222,58.916666666666664,1,0,0,0
31,W,02:21:33,04:58:40,8493,17920,2.359166666666667,4.977777777777778,2.618611111111111,15.566666666666666,1,0,0,0
36,W,02:01:29,04:58:42,7289,17922,2.024722222222222,4.9783333333333335,2.953611111111111,55.733333333333334,1,0,0,0
50,W,02:04:29,04:58:43,7469,17923,2.0747222222222224,4.978611111111111,2.903888888888889,49.75,1,0,0,0
47,W,02:13:15,04:58:45,7995,17925,2.220833333333333,4.979166666666667,2.7583333333333333,32.25,1,0,0,0
30,W,02:08:48,04:58:48,7728,17928,2.1466666666666665,4.98,2.8333333333333335,41.2,1,0,0,0
27,W,01:57:36,04:58:50,7056,17930,1.96,4.980555555555555,3.0205555555555557,63.63333333333333,1,0,0,0
42,M,02:08:19,04:58:51,7699,17931,2.138611111111111,4.980833333333333,2.8422222222222224,42.21666666666667,0,0,0,0
39,M,02:00:21,04:58:52,7221,17932,2.0058333333333334,4.981111111111111,2.975277777777778,58.166666666666664,0,0,0,0
42,W,02:06:01,04:58:52,7561,17932,2.100277777777778,4.981111111111111,2.8808333333333334,46.833333333333336,1,0,0,0
32,M,02:17:22,04:58:56,8242,17936,2.2894444444444444,4.982222222222222,2.6927777777777777,24.2,0,0,0,0
35,W,02:15:03,04:58:56,8103,17936,2.2508333333333335,4.982222222222222,2.731388888888889,28.833333333333332,1,0,0,0
42,M,02:01:16,04:59:02,7276,17942,2.0211111111111113,4.983888888888889,2.9627777777777777,56.5,0,0,0,0
42,W,02:05:03,04:59:04,7503,17944,2.0841666666666665,4.984444444444445,2.9002777777777777,48.96666666666667,1,0,0,0
33,M,02:06:10,04:59:07,7570,17947,2.102777777777778,4.985277777777778,2.8825,46.78333333333333,0,0,0,0
30,M,01:55:39,04:59:10,6939,17950,1.9275,4.986111111111111,3.058611111111111,67.86666666666666,0,0,0,0
36,W,02:11:07,04:59:10,7867,17950,2.185277777777778,4.986111111111111,2.8008333333333333,36.93333333333333,1,0,0,0
35,W,02:01:55,04:59:11,7315,17951,2.0319444444444446,4.9863888888888885,2.9544444444444444,55.35,1,0,0,0
42,M,01:57:24,04:59:13,7044,17953,1.9566666666666668,4.986944444444444,3.0302777777777776,64.41666666666667,0,0,0,0
51,W,02:14:52,04:59:15,8092,17955,2.247777777777778,4.9875,2.7397222222222224,29.516666666666666,1,0,0,0
32,W,02:14:45,04:59:23,8085,17963,2.245833333333333,4.989722222222222,2.743888888888889,29.883333333333333,1,0,0,0
53,W,02:02:33,04:59:26,7353,17966,2.0425,4.990555555555556,2.9480555555555554,54.333333333333336,1,0,0,0
34,W,02:06:46,04:59:27,7606,17967,2.1127777777777776,4.990833333333334,2.8780555555555556,45.916666666666664,1,0,0,0
51,M,02:08:45,04:59:28,7725,17968,2.1458333333333335,4.9911111111111115,2.8452777777777776,41.96666666666667,0,0,0,0
41,M,02:01:56,04:59:28,7316,17968,2.0322222222222224,4.9911111111111115,2.9588888888888887,55.6,0,0,0,0
20,M,02:04:24,04:59:30,7464,17970,2.0733333333333333,4.991666666666666,2.9183333333333334,50.7,0,0,0,0
38,M,01:55:42,04:59:30,6942,17970,1.9283333333333332,4.991666666666666,3.0633333333333335,68.1,0,0,0,0
64,W,02:00:07,04:59:31,7207,17971,2.0019444444444443,4.991944444444444,2.99,59.28333333333333,1,0,0,0
51,M,02:12:44,04:59:33,7964,17973,2.212222222222222,4.9925,2.7802777777777776,34.083333333333336,0,0,0,0
50,W,02:10:08,04:59:35,7808,17975,2.168888888888889,4.993055555555555,2.8241666666666667,39.31666666666667,1,0,0,0
33,W,02:02:34,04:59:36,7354,17976,2.042777777777778,4.993333333333333,2.9505555555555554,54.46666666666667,1,0,0,0
41,M,02:15:57,04:59:37,8157,17977,2.265833333333333,4.993611111111111,2.727777777777778,27.716666666666665,0,0,0,0
28,W,02:09:13,04:59:42,7753,17982,2.153611111111111,4.995,2.841388888888889,41.266666666666666,1,0,0,0
44,M,02:07:13,04:59:45,7633,17985,2.120277777777778,4.995833333333334,2.8755555555555556,45.31666666666667,0,0,0,0
37,W,02:03:14,04:59:45,7394,17985,2.053888888888889,4.995833333333334,2.9419444444444443,53.28333333333333,1,0,0,0
27,M,01:57:55,04:59:45,7075,17985,1.9652777777777777,4.995833333333334,3.0305555555555554,63.916666666666664,0,0,0,0
37,M,02:08:37,04:59:48,7717,17988,2.143611111111111,4.996666666666667,2.8530555555555557,42.56666666666667,0,0,0,0
33,W,02:08:20,04:59:49,7700,17989,2.138888888888889,4.996944444444445,2.8580555555555556,43.15,1,0,0,0
42,W,02:08:21,04:59:50,7701,17990,2.1391666666666667,4.997222222222222,2.8580555555555556,43.13333333333333,1,0,0,0
41,M,02:08:26,04:59:51,7706,17991,2.1405555555555558,4.9975,2.8569444444444443,42.983333333333334,0,0,0,0
38,M,02:12:55,04:59:53,7975,17993,2.2152777777777777,4.998055555555555,2.7827777777777776,34.05,0,0,0,0
45,M,02:15:46,04:59:59,8146,17999,2.262777777777778,4.999722222222222,2.7369444444444446,28.45,0,0,0,0
50,W,02:04:07,05:00:04,7447,18004,2.068611111111111,5.001111111111111,2.9325,51.833333333333336,1,0,0,0
26,M,02:13:38,05:00:08,8018,18008,2.227222222222222,5.002222222222223,2.775,32.86666666666667,0,0,0,0
25,W,02:06:18,05:00:08,7578,18008,2.105,5.002222222222223,2.897222222222222,47.53333333333333,1,0,0,0
42,W,02:05:32,05:00:10,7532,18010,2.0922222222222224,5.002777777777778,2.9105555555555553,49.1,1,0,0,0
22,M,02:07:40,05:00:10,7660,18010,2.1277777777777778,5.002777777777778,2.875,44.833333333333336,0,0,0,0
40,W,02:00:52,05:00:11,7252,18011,2.0144444444444445,5.003055555555555,2.988611111111111,58.45,1,0,0,0
35,M,02:06:47,05:00:15,7607,18015,2.1130555555555555,5.004166666666666,2.891111111111111,46.68333333333333,0,0,0,0
40,M,01:53:26,05:00:16,6806,18016,1.8905555555555555,5.004444444444444,3.113888888888889,73.4,0,0,0,0
33,W,02:04:31,05:00:19,7471,18019,2.075277777777778,5.005277777777778,2.93,51.28333333333333,1,0,0,0
33,M,01:56:01,05:00:20,6961,18020,1.9336111111111112,5.0055555555555555,3.0719444444444446,68.3,0,0,0,0
42,M,02:04:06,05:00:25,7446,18025,2.0683333333333334,5.006944444444445,2.9386111111111113,52.21666666666667,0,0,0,0
51,W,02:01:28,05:00:26,7288,18026,2.0244444444444443,5.0072222222222225,2.9827777777777778,57.5,1,0,0,0
51,M,02:07:34,05:00:29,7654,18029,2.1261111111111113,5.008055555555556,2.8819444444444446,45.35,0,0,0,0
25,M,02:06:56,05:00:29,7616,18029,2.1155555555555554,5.008055555555556,2.8925,46.61666666666667,0,0,0,0
41,W,02:01:43,05:00:32,7303,18032,2.028611111111111,5.0088888888888885,2.980277777777778,57.1,1,0,0,0
41,M,02:03:07,05:00:34,7387,18034,2.0519444444444446,5.009444444444444,2.9575,54.333333333333336,0,0,0,0
51,M,02:03:15,05:00:34,7395,18034,2.0541666666666667,5.009444444444444,2.955277777777778,54.06666666666667,0,0,0,0
49,M,02:10:12,05:00:35,7812,18035,2.17,5.009722222222222,2.839722222222222,40.18333333333333,0,0,0,0
41,M,01:59:01,05:00:42,7141,18042,1.9836111111111112,5.011666666666667,3.0280555555555555,62.666666666666664,0,0,0,0
39,W,02:03:52,05:00:44,7432,18044,2.0644444444444443,5.012222222222222,2.9477777777777776,53.0,1,0,0,0
49,M,02:13:36,05:00:48,8016,18048,2.2266666666666666,5.013333333333334,2.7866666666666666,33.6,0,0,0,0
47,M,02:03:48,05:00:53,7428,18053,2.0633333333333335,5.014722222222222,2.951388888888889,53.28333333333333,0,0,0,0
59,M,02:07:31,05:00:53,7651,18053,2.125277777777778,5.014722222222222,2.8894444444444445,45.85,0,0,0,0
29,W,02:09:43,05:00:54,7783,18054,2.1619444444444444,5.015,2.8530555555555557,41.46666666666667,1,0,0,0
33,M,02:13:23,05:00:58,8003,18058,2.2230555555555553,5.016111111111111,2.7930555555555556,34.2,0,0,0,0
38,M,02:02:20,05:01:01,7340,18061,2.0388888888888888,5.016944444444444,2.9780555555555557,56.35,0,0,0,0
41,M,02:09:00,05:01:03,7740,18063,2.15,5.0175,2.8675,43.05,0,0,0,0
40,M,02:11:26,05:01:04,7886,18064,2.1905555555555556,5.017777777777778,2.8272222222222223,38.2,0,0,0,0
59,M,02:06:53,05:01:04,7613,18064,2.1147222222222224,5.017777777777778,2.9030555555555555,47.3,0,0,0,0
28,W,02:03:30,05:01:05,7410,18065,2.058333333333333,5.018055555555556,2.959722222222222,54.083333333333336,1,0,0,0
40,W,02:05:31,05:01:07,7531,18067,2.0919444444444446,5.018611111111111,2.9266666666666667,50.083333333333336,1,0,0,0
49,M,02:00:50,05:01:08,7250,18068,2.013888888888889,5.018888888888889,3.005,59.46666666666667,0,0,0,0
49,W,02:12:04,05:01:09,7924,18069,2.201111111111111,5.019166666666667,2.8180555555555555,37.016666666666666,1,0,0,0
41,M,02:07:10,05:01:12,7630,18072,2.1194444444444445,5.02,2.9005555555555556,46.86666666666667,0,0,0,0
39,M,02:05:07,05:01:14,7507,18074,2.085277777777778,5.020555555555555,2.935277777777778,51.0,0,0,0,0
38,M,01:59:01,05:01:14,7141,18074,1.9836111111111112,5.020555555555555,3.0369444444444444,63.2,0,0,0,0
43,W,02:10:45,05:01:19,7845,18079,2.1791666666666667,5.021944444444444,2.8427777777777776,39.81666666666667,1,0,0,0
49,W,02:08:52,05:01:20,7732,18080,2.147777777777778,5.022222222222222,2.8744444444444444,43.6,1,0,0,0
30,W,02:00:19,05:01:22,7219,18082,2.0052777777777777,5.022777777777778,3.0175,60.733333333333334,1,0,0,0
31,M,02:00:07,05:01:23,7207,18083,2.0019444444444443,5.023055555555556,3.0211111111111113,61.15,0,0,0,0
39,M,02:07:29,05:01:25,7649,18085,2.124722222222222,5.023611111111111,2.898888888888889,46.45,0,0,0,0
41,W,02:14:46,05:01:29,8086,18089,2.246111111111111,5.0247222222222225,2.778611111111111,31.95,1,0,0,0
48,M,01:58:42,05:01:32,7122,18092,1.9783333333333333,5.025555555555556,3.047222222222222,64.13333333333334,0,0,0,0
45,M,02:07:11,05:01:34,7631,18094,2.1197222222222223,5.026111111111111,2.906388888888889,47.2,0,0,0,0
40,W,02:11:36,05:01:35,7896,18095,2.1933333333333334,5.026388888888889,2.8330555555555557,38.38333333333333,1,0,0,0
37,M,02:02:39,05:01:38,7359,18098,2.0441666666666665,5.027222222222222,2.9830555555555556,56.333333333333336,0,0,0,0
58,M,02:15:24,05:01:39,8124,18099,2.256666666666667,5.0275,2.7708333333333335,30.85,0,0,0,0
57,M,02:00:15,05:01:40,7215,18100,2.004166666666667,5.027777777777778,3.0236111111111112,61.166666666666664,0,0,0,0
43,M,01:58:51,05:01:40,7131,18100,1.9808333333333332,5.027777777777778,3.0469444444444442,63.96666666666667,0,0,0,0
50,W,02:05:20,05:01:47,7520,18107,2.088888888888889,5.029722222222222,2.9408333333333334,51.11666666666667,1,0,0,0
37,M,02:02:47,05:01:48,7367,18108,2.046388888888889,5.03,2.983611111111111,56.233333333333334,0,0,0,0
41,M,02:02:10,05:01:51,7330,18111,2.036111111111111,5.030833333333334,2.9947222222222223,57.516666666666666,0,0,0,0
28,M,02:04:33,05:01:51,7473,18111,2.075833333333333,5.030833333333334,2.955,52.75,0,0,0,0
49,M,02:12:25,05:01:52,7945,18112,2.2069444444444444,5.0311111111111115,2.8241666666666667,37.03333333333333,0,0,0,0
34,W,01:59:40,05:01:52,7180,18112,1.9944444444444445,5.0311111111111115,3.0366666666666666,62.53333333333333,1,0,0,0
30,M,02:03:54,05:02:00,7434,18120,2.065,5.033333333333333,2.9683333333333333,54.2,0,0,0,0
50,M,02:15:56,05:02:01,8156,18121,2.2655555555555558,5.033611111111111,2.7680555555555557,30.15,0,0,0,0
33,W,02:17:32,05:02:04,8252,18124,2.292222222222222,5.0344444444444445,2.7422222222222223,27.0,1,0,0,0
37,M,02:03:50,05:02:05,7430,18125,2.063888888888889,5.034722222222222,2.970833333333333,54.416666666666664,0,0,0,0
55,M,02:22:03,05:02:07,8523,18127,2.3675,5.035277777777778,2.667777777777778,18.016666666666666,0,0,0,0
57,M,02:04:23,05:02:07,7463,18127,2.0730555555555554,5.035277777777778,2.962222222222222,53.35,0,0,0,0
28,M,02:03:08,05:02:07,7388,18127,2.0522222222222224,5.035277777777778,2.9830555555555556,55.85,0,0,0,0
42,M,02:09:48,05:02:07,7788,18127,2.1633333333333336,5.035277777777778,2.8719444444444444,42.516666666666666,0,0,0,0
33,M,01:59:01,05:02:08,7141,18128,1.9836111111111112,5.035555555555556,3.0519444444444446,64.1,0,0,0,0
41,M,02:07:55,05:02:09,7675,18129,2.1319444444444446,5.035833333333334,2.903888888888889,46.31666666666667,0,0,0,0
37,M,02:18:48,05:02:11,8328,18131,2.3133333333333335,5.036388888888889,2.7230555555555553,24.583333333333332,0,0,0,0
52,M,02:11:08,05:02:13,7868,18133,2.1855555555555557,5.036944444444444,2.8513888888888888,39.95,0,0,0,0
29,M,02:01:33,05:02:16,7293,18136,2.0258333333333334,5.0377777777777775,3.0119444444444445,59.166666666666664,0,0,0,0
28,M,02:10:59,05:02:17,7859,18137,2.1830555555555557,5.038055555555555,2.855,40.31666666666667,0,0,0,0
35,M,02:05:58,05:02:18,7558,18138,2.0994444444444444,5.038333333333333,2.938888888888889,50.36666666666667,0,0,0,0
37,W,02:09:59,05:02:20,7799,18140,2.1663888888888887,5.038888888888889,2.8725,42.36666666666667,1,0,0,0
51,W,02:03:34,05:02:23,7414,18143,2.0594444444444444,5.039722222222222,2.980277777777778,55.25,1,0,0,0
57,M,02:14:47,05:02:28,8087,18148,2.2463888888888888,5.041111111111111,2.794722222222222,32.9,0,0,0,0
34,M,02:05:22,05:02:28,7522,18148,2.0894444444444447,5.041111111111111,2.9516666666666667,51.733333333333334,0,0,0,0
32,M,02:03:29,05:02:28,7409,18148,2.0580555555555557,5.041111111111111,2.9830555555555556,55.5,0,0,0,0
44,M,02:08:40,05:02:28,7720,18148,2.1444444444444444,5.041111111111111,2.8966666666666665,45.13333333333333,0,0,0,0
35,M,02:07:00,05:02:29,7620,18149,2.1166666666666667,5.041388888888889,2.924722222222222,48.483333333333334,0,0,0,0
33,M,02:14:07,05:02:34,8047,18154,2.2352777777777777,5.042777777777777,2.8075,34.333333333333336,0,0,0,0
43,M,02:04:49,05:02:35,7489,18155,2.080277777777778,5.043055555555555,2.9627777777777777,52.95,0,0,0,0
34,M,02:03:51,05:02:35,7431,18155,2.0641666666666665,5.043055555555555,2.9788888888888887,54.88333333333333,0,0,0,0
40,M,01:58:00,05:02:36,7080,18156,1.9666666666666666,5.043333333333333,3.0766666666666667,66.6,0,0,0,0
55,M,01:56:46,05:02:36,7006,18156,1.9461111111111111,5.043333333333333,3.0972222222222223,69.06666666666666,0,0,0,0
41,M,02:08:06,05:02:37,7686,18157,2.135,5.043611111111111,2.908611111111111,46.416666666666664,0,0,0,0
43,M,02:10:42,05:02:42,7842,18162,2.1783333333333332,5.045,2.8666666666666667,41.3,0,0,0,0
37,W,02:09:51,05:02:48,7791,18168,2.1641666666666666,5.046666666666667,2.8825,43.1,1,0,0,0
33,M,01:59:36,05:02:49,7176,18169,1.9933333333333334,5.046944444444445,3.053611111111111,63.61666666666667,0,0,0,0
22,W,02:08:01,05:02:51,7681,18171,2.133611111111111,5.0475,2.9138888888888888,46.81666666666667,1,0,0,0
28,W,02:04:38,05:02:56,7478,18176,2.0772222222222223,5.0488888888888885,2.9716666666666667,53.666666666666664,1,0,0,0
52,M,02:05:45,05:02:56,7545,18176,2.095833333333333,5.0488888888888885,2.9530555555555558,51.43333333333333,0,0,0,0
51,M,01:56:53,05:03:00,7013,18180,1.9480555555555557,5.05,3.1019444444444444,69.23333333333333,0,0,0,0
46,M,02:06:38,05:03:06,7598,18186,2.1105555555555555,5.051666666666667,2.9411111111111112,49.833333333333336,0,0,0,0
36,W,02:03:25,05:03:10,7405,18190,2.0569444444444445,5.052777777777778,2.995833333333333,56.333333333333336,1,0,0,0
40,W,02:09:35,05:03:15,7775,18195,2.1597222222222223,5.054166666666666,2.8944444444444444,44.083333333333336,1,0,0,0
54,W,02:13:00,05:03:17,7980,18197,2.216666666666667,5.054722222222222,2.8380555555555556,37.28333333333333,1,0,0,0
29,W,02:03:31,05:03:17,7411,18197,2.058611111111111,5.054722222222222,2.996111111111111,56.25,1,0,0,0
28,W,02:09:02,05:03:18,7742,18198,2.1505555555555556,5.055,2.9044444444444446,45.233333333333334,1,0,0,0
57,W,02:05:41,05:03:21,7541,18201,2.0947222222222224,5.055833333333333,2.9611111111111112,51.983333333333334,1,0,0,0
35,M,02:03:53,05:03:21,7433,18201,2.064722222222222,5.055833333333333,2.991111111111111,55.583333333333336,0,0,0,0
51,M,02:07:22,05:03:23,7642,18203,2.122777777777778,5.056388888888889,2.933611111111111,48.65,0,0,0,0
46,W,02:06:14,05:03:25,7574,18205,2.1038888888888887,5.0569444444444445,2.9530555555555558,50.95,1,0,0,0
38,W,02:07:24,05:03:28,7644,18208,2.1233333333333335,5.057777777777778,2.9344444444444444,48.666666666666664,1,0,0,0
46,M,02:00:34,05:03:33,7234,18213,2.0094444444444446,5.059166666666667,3.049722222222222,62.416666666666664,0,0,0,0
40,M,02:09:40,05:03:34,7780,18214,2.161111111111111,5.059444444444445,2.8983333333333334,44.233333333333334,0,0,0,0
52,M,02:04:03,05:03:34,7443,18214,2.0675,5.059444444444445,2.9919444444444445,55.46666666666667,0,0,0,0
35,W,02:03:38,05:03:35,7418,18215,2.0605555555555557,5.059722222222222,2.9991666666666665,56.31666666666667,1,0,0,0
30,W,02:10:52,05:03:35,7852,18215,2.181111111111111,5.059722222222222,2.8786111111111112,41.85,1,0,0,0
23,M,02:11:53,05:03:36,7913,18216,2.1980555555555554,5.06,2.8619444444444446,39.833333333333336,0,0,0,0
30,W,02:09:59,05:03:37,7799,18217,2.1663888888888887,5.060277777777777,2.8938888888888887,43.65,1,0,0,0
45,W,02:09:15,05:03:39,7755,18219,2.154166666666667,5.060833333333333,2.9066666666666667,45.15,1,0,0,0
48,M,02:09:50,05:03:40,7790,18220,2.1638888888888888,5.061111111111111,2.897222222222222,44.0,0,0,0,0
40,M,02:18:02,05:03:43,8282,18223,2.3005555555555555,5.061944444444444,2.761388888888889,27.65,0,0,0,0
27,M,01:57:18,05:03:45,7038,18225,1.955,5.0625,3.1075,69.15,0,0,0,0
44,M,02:08:11,05:03:45,7691,18225,2.136388888888889,5.0625,2.926111111111111,47.38333333333333,0,0,0,0
41,W,02:13:20,05:03:45,8000,18225,2.2222222222222223,5.0625,2.8402777777777777,37.083333333333336,1,0,0,0
46,M,02:13:06,05:03:46,7986,18226,2.2183333333333333,5.062777777777778,2.8444444444444446,37.56666666666667,0,0,0,0
40,M,02:05:40,05:03:49,7540,18229,2.0944444444444446,5.063611111111111,2.9691666666666667,52.483333333333334,0,0,0,0
38,W,02:11:47,05:03:51,7907,18231,2.196388888888889,5.064166666666667,2.867777777777778,40.28333333333333,1,0,0,0
29,W,02:03:59,05:03:54,7439,18234,2.066388888888889,5.065,2.998611111111111,55.93333333333333,1,0,0,0
54,W,02:15:04,05:03:58,8104,18238,2.2511111111111113,5.066111111111111,2.815,33.833333333333336,1,0,0,0
43,M,02:14:00,05:03:59,8040,18239,2.2333333333333334,5.066388888888889,2.8330555555555557,35.983333333333334,0,0,0,0
47,W,01:59:40,05:04:00,7180,18240,1.9944444444444445,5.066666666666666,3.0722222222222224,64.66666666666667,1,0,0,0
44,W,01:59:38,05:04:06,7178,18246,1.9938888888888888,5.068333333333333,3.0744444444444445,64.83333333333333,1,0,0,0
61,M,02:09:14,05:04:12,7754,18252,2.153888888888889,5.07,2.9161111111111113,45.733333333333334,0,0,0,0
56,M,02:09:50,05:04:15,7790,18255,2.1638888888888888,5.070833333333334,2.9069444444444446,44.583333333333336,0,0,0,0
45,M,02:10:06,05:04:17,7806,18257,2.1683333333333334,5.0713888888888885,2.9030555555555555,44.083333333333336,0,0,0,0
42,M,02:14:11,05:04:19,8051,18259,2.236388888888889,5.071944444444444,2.8355555555555556,35.95,0,0,0,0
42,W,02:09:49,05:04:23,7789,18263,2.163611111111111,5.073055555555555,2.9094444444444445,44.75,1,0,0,0
52,M,02:09:18,05:04:32,7758,18272,2.155,5.075555555555556,2.9205555555555556,45.93333333333333,0,0,0,0
51,W,02:10:50,05:04:35,7850,18275,2.1805555555555554,5.076388888888889,2.8958333333333335,42.916666666666664,1,0,0,0
42,M,02:05:35,05:04:39,7535,18279,2.0930555555555554,5.0775,2.9844444444444442,53.483333333333334,0,0,0,0
26,W,02:02:37,05:04:40,7357,18280,2.0436111111111113,5.0777777777777775,3.0341666666666667,59.43333333333333,1,0,0,0
27,W,02:17:44,05:04:41,8264,18281,2.2955555555555556,5.078055555555555,2.7825,29.216666666666665,1,0,0,0
39,M,02:09:00,05:04:42,7740,18282,2.15,5.078333333333333,2.9283333333333332,46.7,0,0,0,0
29,M,02:05:10,05:04:42,7510,18282,2.0861111111111112,5.078333333333333,2.9922222222222223,54.36666666666667,0,0,0,0
36,M,02:04:22,05:04:43,7462,18283,2.0727777777777776,5.078611111111111,3.0058333333333334,55.983333333333334,0,0,0,0
49,W,02:03:14,05:04:49,7394,18289,2.053888888888889,5.080277777777778,3.026388888888889,58.35,1,0,0,0
49,M,02:08:56,05:04:50,7736,18290,2.148888888888889,5.080555555555556,2.9316666666666666,46.96666666666667,0,0,0,0
48,M,01:58:56,05:04:59,7136,18299,1.9822222222222223,5.083055555555555,3.1008333333333336,67.11666666666666,0,0,0,0
36,W,02:21:34,05:05:00,8494,18300,2.3594444444444442,5.083333333333333,2.723888888888889,21.866666666666667,1,0,0,0
37,M,01:59:16,05:05:01,7156,18301,1.9877777777777779,5.083611111111111,3.095833333333333,66.48333333333333,0,0,0,0
48,M,02:15:21,05:05:02,8121,18302,2.2558333333333334,5.083888888888889,2.8280555555555558,34.333333333333336,0,0,0,0
25,M,02:00:37,05:05:05,7237,18305,2.0102777777777776,5.084722222222222,3.0744444444444445,63.85,0,0,0,0
25,W,01:53:17,05:05:15,6797,18315,1.8880555555555556,5.0875,3.1994444444444445,78.68333333333334,1,0,0,0
28,W,02:14:19,05:05:18,8059,18318,2.238611111111111,5.088333333333333,2.8497222222222223,36.666666666666664,1,0,0,0
40,M,01:56:14,05:05:19,6974,18319,1.9372222222222222,5.088611111111111,3.151388888888889,72.85,0,0,0,0
36,M,01:58:49,05:05:20,7129,18320,1.9802777777777778,5.088888888888889,3.108611111111111,67.7,0,0,0,0
53,M,02:10:00,05:05:21,7800,18321,2.1666666666666665,5.089166666666666,2.9225,45.35,0,0,0,0
35,W,02:14:10,05:05:22,8050,18322,2.236111111111111,5.089444444444444,2.8533333333333335,37.03333333333333,1,0,0,0
28,M,01:57:31,05:05:23,7051,18323,1.958611111111111,5.089722222222222,3.131111111111111,70.35,0,0,0,0
48,W,02:01:53,05:05:23,7313,18323,2.031388888888889,5.089722222222222,3.058333333333333,61.61666666666667,1,0,0,0
34,M,02:10:21,05:05:24,7821,18324,2.1725,5.09,2.9175,44.7,0,0,0,0
36,M,02:12:46,05:05:25,7966,18325,2.2127777777777777,5.090277777777778,2.8775,39.88333333333333,0,0,0,0
38,M,02:04:55,05:05:27,7495,18327,2.0819444444444444,5.090833333333333,3.008888888888889,55.61666666666667,0,0,0,0
57,M,02:13:59,05:05:29,8039,18329,2.2330555555555556,5.091388888888889,2.8583333333333334,37.516666666666666,0,0,0,0
26,W,02:19:18,05:05:34,8358,18334,2.3216666666666668,5.092777777777778,2.7711111111111113,26.966666666666665,1,0,0,0
38,M,02:22:05,05:05:34,8525,18334,2.3680555555555554,5.092777777777778,2.7247222222222223,21.4,0,0,0,0
26,M,02:08:09,05:05:36,7689,18336,2.1358333333333333,5.093333333333334,2.9575,49.3,0,0,0,0
50,W,02:14:55,05:05:37,8095,18337,2.248611111111111,5.0936111111111115,2.845,35.78333333333333,1,0,0,0
37,W,02:08:20,05:05:40,7700,18340,2.138888888888889,5.094444444444444,2.9555555555555557,49.0,1,0,0,0
44,M,02:06:30,05:05:40,7590,18340,2.1083333333333334,5.094444444444444,2.986111111111111,52.666666666666664,0,0,0,0
31,W,02:10:37,05:05:44,7837,18344,2.1769444444444446,5.095555555555555,2.9186111111111113,44.5,1,0,0,0
51,W,02:11:37,05:05:46,7897,18346,2.193611111111111,5.096111111111111,2.9025,42.53333333333333,1,0,0,0
35,M,02:05:34,05:05:49,7534,18349,2.0927777777777776,5.0969444444444445,3.004166666666667,54.68333333333333,0,0,0,0
37,M,02:07:53,05:05:49,7673,18349,2.131388888888889,5.0969444444444445,2.9655555555555555,50.05,0,0,0,0
28,W,02:06:33,05:05:54,7593,18354,2.109166666666667,5.098333333333334,2.9891666666666667,52.8,1,0,0,0
57,M,02:16:04,05:05:55,8164,18355,2.267777777777778,5.098611111111111,2.8308333333333335,33.78333333333333,0,0,0,0
44,M,02:06:49,05:05:55,7609,18355,2.113611111111111,5.098611111111111,2.985,52.28333333333333,0,0,0,0
54,M,02:09:18,05:05:57,7758,18357,2.155,5.099166666666667,2.944166666666667,47.35,0,0,0,0
46,W,02:06:46,05:05:57,7606,18357,2.1127777777777776,5.099166666666667,2.986388888888889,52.416666666666664,1,0,0,0
48,M,01:59:41,05:06:01,7181,18361,1.9947222222222223,5.1002777777777775,3.1055555555555556,66.65,0,0,0,0
58,M,02:07:35,05:06:04,7655,18364,2.126388888888889,5.101111111111111,2.9747222222222223,50.9,0,0,0,0
32,M,02:09:35,05:06:06,7775,18366,2.1597222222222223,5.101666666666667,2.9419444444444443,46.93333333333333,0,0,0,0
40,M,02:05:02,05:06:10,7502,18370,2.0838888888888887,5.102777777777778,3.0188888888888887,56.1,0,0,0,0
25,M,01:50:30,05:06:13,6630,18373,1.8416666666666666,5.103611111111111,3.2619444444444445,85.21666666666667,0,0,0,0
41,M,01:59:42,05:06:14,7182,18374,1.995,5.103888888888889,3.108888888888889,66.83333333333333,0,0,0,0
44,W,02:00:32,05:06:16,7232,18376,2.008888888888889,5.104444444444445,3.0955555555555554,65.2,1,0,0,0
22,W,02:15:27,05:06:17,8127,18377,2.2575,5.104722222222223,2.8472222222222223,35.38333333333333,1,0,0,0
29,W,02:10:09,05:06:18,7809,18378,2.1691666666666665,5.105,2.9358333333333335,46.0,1,0,0,0
37,W,02:08:28,05:06:18,7708,18378,2.141111111111111,5.105,2.963888888888889,49.36666666666667,1,0,0,0
61,W,02:04:15,05:06:19,7455,18379,2.0708333333333333,5.105277777777777,3.0344444444444445,57.81666666666667,1,0,0,0
62,M,02:02:26,05:06:21,7346,18381,2.0405555555555557,5.105833333333333,3.0652777777777778,61.483333333333334,0,0,0,0
55,M,02:08:34,05:06:37,7714,18397,2.142777777777778,5.110277777777778,2.9675,49.483333333333334,0,0,0,0
27,W,02:09:44,05:06:41,7784,18401,2.1622222222222223,5.1113888888888885,2.9491666666666667,47.21666666666667,1,0,0,0
23,M,02:05:47,05:06:42,7547,18402,2.096388888888889,5.111666666666666,3.015277777777778,55.13333333333333,0,0,0,0
28,W,02:14:58,05:06:43,8098,18403,2.2494444444444444,5.111944444444444,2.8625,36.78333333333333,1,0,0,0
50,W,02:07:01,05:06:43,7621,18403,2.1169444444444445,5.111944444444444,2.995,52.68333333333333,1,0,0,0
35,M,02:02:40,05:06:44,7360,18404,2.0444444444444443,5.112222222222222,3.0677777777777777,61.4,0,0,0,0
29,W,02:06:16,05:06:45,7576,18405,2.1044444444444443,5.1125,3.0080555555555555,54.21666666666667,1,0,0,0
27,W,02:14:46,05:06:47,8086,18407,2.246111111111111,5.1130555555555555,2.8669444444444445,37.25,1,0,0,0
36,W,02:04:24,05:06:48,7464,18408,2.0733333333333333,5.113333333333333,3.04,58.0,1,0,0,0
48,M,02:08:49,05:06:50,7729,18410,2.1469444444444443,5.113888888888889,2.9669444444444446,49.2,0,0,0,0
40,W,02:07:00,05:06:50,7620,18410,2.1166666666666667,5.113888888888889,2.9972222222222222,52.833333333333336,1,0,0,0
34,M,02:05:35,05:06:54,7535,18414,2.0930555555555554,5.115,3.0219444444444443,55.733333333333334,0,0,0,0
36,M,02:04:19,05:06:59,7459,18419,2.0719444444444446,5.116388888888889,3.0444444444444443,58.35,0,0,0,0
44,W,02:04:36,05:07:02,7476,18422,2.0766666666666667,5.117222222222222,3.0405555555555557,57.833333333333336,1,0,0,0
32,M,02:06:04,05:07:03,7564,18423,2.101111111111111,5.1175,3.016388888888889,54.916666666666664,0,0,0,0
34,W,02:08:42,05:07:05,7722,18425,2.145,5.118055555555555,2.9730555555555553,49.68333333333333,1,0,0,0
30,W,01:57:21,05:07:05,7041,18425,1.9558333333333333,5.118055555555555,3.1622222222222223,72.38333333333334,1,0,0,0
36,M,02:13:12,05:07:14,7992,18434,2.22,5.120555555555556,2.9005555555555556,40.833333333333336,0,0,0,0
43,W,02:16:19,05:07:14,8179,18434,2.2719444444444443,5.120555555555556,2.848611111111111,34.6,1,0,0,0
51,W,02:07:38,05:07:17,7658,18437,2.127222222222222,5.121388888888889,2.9941666666666666,52.016666666666666,1,0,0,0
58,M,02:09:43,05:07:19,7783,18439,2.1619444444444444,5.121944444444445,2.96,47.88333333333333,0,0,0,0
45,M,02:04:47,05:07:19,7487,18439,2.0797222222222222,5.121944444444445,3.042222222222222,57.75,0,0,0,0
45,W,02:08:33,05:07:23,7713,18443,2.1425,5.123055555555555,2.9805555555555556,50.28333333333333,1,0,0,0
43,W,02:11:27,05:07:24,7887,18444,2.1908333333333334,5.123333333333333,2.9325,44.5,1,0,0,0
58,M,02:07:44,05:07:28,7664,18448,2.128888888888889,5.124444444444444,2.9955555555555557,52.0,0,0,0,0
57,M,02:10:25,05:07:29,7825,18449,2.173611111111111,5.124722222222222,2.951111111111111,46.65,0,0,0,0
46,M,02:14:44,05:07:29,8084,18449,2.2455555555555557,5.124722222222222,2.879166666666667,38.016666666666666,0,0,0,0
40,M,01:56:13,05:07:32,6973,18452,1.9369444444444444,5.125555555555556,3.1886111111111113,75.1,0,0,0,0
47,M,02:06:44,05:07:33,7604,18453,2.112222222222222,5.1258333333333335,3.013611111111111,54.083333333333336,0,0,0,0
49,M,02:08:36,05:07:33,7716,18453,2.1433333333333335,5.1258333333333335,2.9825,50.35,0,0,0,0
38,M,02:10:56,05:07:33,7856,18453,2.1822222222222223,5.1258333333333335,2.943611111111111,45.68333333333333,0,0,0,0
43,W,02:07:51,05:07:35,7671,18455,2.1308333333333334,5.126388888888889,2.9955555555555557,51.88333333333333,1,0,0,0
32,W,02:12:14,05:07:36,7934,18456,2.203888888888889,5.126666666666667,2.9227777777777777,43.13333333333333,1,0,0,0
42,M,02:10:28,05:07:37,7828,18457,2.1744444444444446,5.126944444444445,2.9525,46.68333333333333,0,0,0,0
44,M,02:05:18,05:07:37,7518,18457,2.0883333333333334,5.126944444444445,3.038611111111111,57.016666666666666,0,0,0,0
42,W,02:08:05,05:07:38,7685,18458,2.1347222222222224,5.127222222222223,2.9925,51.46666666666667,1,0,0,0
49,W,02:08:11,05:07:44,7691,18464,2.136388888888889,5.128888888888889,2.9925,51.36666666666667,1,0,0,0
39,W,02:14:32,05:07:44,8072,18464,2.2422222222222223,5.128888888888889,2.8866666666666667,38.666666666666664,1,0,0,0
52,W,02:15:33,05:07:45,8133,18465,2.2591666666666668,5.129166666666666,2.87,36.65,1,0,0,0
76,M,02:15:19,05:07:46,8119,18466,2.2552777777777777,5.129444444444444,2.8741666666666665,37.13333333333333,0,0,0,0
53,W,02:12:27,05:07:50,7947,18470,2.2075,5.1305555555555555,2.9230555555555555,42.93333333333333,1,0,0,0
64,M,02:07:14,05:07:52,7634,18472,2.1205555555555557,5.131111111111111,3.0105555555555554,53.4,0,0,0,0
53,M,02:13:05,05:07:53,7985,18473,2.2180555555555554,5.131388888888889,2.9133333333333336,41.71666666666667,0,0,0,0
51,M,02:40:37,05:07:55,9637,18475,2.6769444444444446,5.131944444444445,2.455,-13.316666666666666,0,0,0,1
25,W,02:01:12,05:07:56,7272,18476,2.02,5.1322222222222225,3.112222222222222,65.53333333333333,1,0,0,0
49,M,02:04:11,05:07:58,7451,18478,2.069722222222222,5.132777777777778,3.0630555555555556,59.6,0,0,0,0
42,W,02:11:28,05:08:05,7888,18485,2.1911111111111112,5.134722222222222,2.943611111111111,45.15,1,0,0,0
30,M,02:08:00,05:08:05,7680,18485,2.1333333333333333,5.134722222222222,3.001388888888889,52.083333333333336,0,0,0,0
53,M,02:08:43,05:08:08,7723,18488,2.145277777777778,5.135555555555555,2.9902777777777776,50.7,0,0,0,0
45,W,02:08:59,05:08:09,7739,18489,2.149722222222222,5.135833333333333,2.986111111111111,50.18333333333333,1,0,0,0
33,M,02:10:23,05:08:09,7823,18489,2.1730555555555555,5.135833333333333,2.9627777777777777,47.38333333333333,0,0,0,0
31,M,02:14:46,05:08:11,8086,18491,2.246111111111111,5.136388888888889,2.890277777777778,38.65,0,0,0,0
43,M,01:58:36,05:08:14,7116,18494,1.9766666666666666,5.137222222222222,3.1605555555555553,71.03333333333333,0,0,0,0
62,M,02:04:55,05:08:22,7495,18502,2.0819444444444444,5.139444444444444,3.0575,58.53333333333333,0,0,0,0
33,M,02:05:34,05:08:26,7534,18506,2.0927777777777776,5.140555555555555,3.0477777777777777,57.3,0,0,0,0
29,W,01:59:47,05:08:27,7187,18507,1.996388888888889,5.140833333333333,3.1444444444444444,68.88333333333334,1,0,0,0
39,W,02:13:47,05:08:31,8027,18511,2.229722222222222,5.141944444444444,2.9122222222222223,40.95,1,0,0,0
43,M,01:59:03,05:08:31,7143,18511,1.9841666666666666,5.141944444444444,3.1577777777777776,70.41666666666667,0,0,0,0
57,M,02:11:49,05:08:33,7909,18513,2.1969444444444446,5.1425,2.9455555555555555,44.916666666666664,0,0,0,0
30,M,02:01:51,05:08:34,7311,18514,2.0308333333333333,5.142777777777778,3.1119444444444446,64.86666666666666,0,0,0,0
51,M,02:05:38,05:08:35,7538,18515,2.093888888888889,5.143055555555556,3.049166666666667,57.31666666666667,0,0,0,0
48,M,02:05:57,05:08:36,7557,18516,2.0991666666666666,5.1433333333333335,3.0441666666666665,56.7,0,0,0,0
66,M,02:09:25,05:08:38,7765,18518,2.1569444444444446,5.143888888888889,2.9869444444444446,49.8,0,0,0,0
57,M,02:05:21,05:08:39,7521,18519,2.089166666666667,5.144166666666667,3.055,57.95,0,0,0,0
39,W,02:10:36,05:08:40,7836,18520,2.1766666666666667,5.144444444444445,2.9677777777777776,47.46666666666667,1,0,0,0
46,M,01:54:06,05:08:47,6846,18527,1.9016666666666666,5.146388888888889,3.2447222222222223,80.58333333333333,0,0,0,0
46,M,02:11:22,05:08:58,7882,18538,2.1894444444444443,5.149444444444445,2.96,46.233333333333334,0,0,0,0
42,M,02:00:26,05:09:01,7226,18541,2.007222222222222,5.150277777777778,3.1430555555555557,68.15,0,0,0,0
29,W,02:06:53,05:09:01,7613,18541,2.1147222222222224,5.150277777777778,3.0355555555555553,55.25,1,0,0,0
44,M,02:11:32,05:09:02,7892,18542,2.192222222222222,5.150555555555556,2.9583333333333335,45.96666666666667,0,0,0,0
55,M,02:12:44,05:09:03,7964,18543,2.212222222222222,5.150833333333333,2.9386111111111113,43.583333333333336,0,0,0,0
40,W,02:08:49,05:09:05,7729,18545,2.1469444444444443,5.151388888888889,3.0044444444444443,51.45,1,0,0,0
55,M,02:14:13,05:09:06,8053,18546,2.2369444444444446,5.151666666666666,2.914722222222222,40.666666666666664,0,0,0,0
38,M,02:10:19,05:09:07,7819,18547,2.1719444444444442,5.151944444444444,2.98,48.483333333333334,0,0,0,0
45,M,02:15:59,05:09:13,8159,18553,2.266388888888889,5.153611111111111,2.8872222222222224,37.25,0,0,0,0
53,M,02:05:58,05:09:15,7558,18555,2.0994444444444444,5.154166666666667,3.0547222222222223,57.31666666666667,0,0,0,0
45,M,02:12:14,05:09:17,7934,18557,2.203888888888889,5.154722222222222,2.950833333333333,44.81666666666667,0,0,0,0
36,M,02:05:08,05:09:18,7508,18558,2.0855555555555556,5.155,3.0694444444444446,59.03333333333333,0,0,0,0
42,W,02:10:52,05:09:20,7852,18560,2.181111111111111,5.155555555555556,2.9744444444444444,47.6,1,0,0,0
32,W,02:15:33,05:09:20,8133,18560,2.2591666666666668,5.155555555555556,2.8963888888888887,38.233333333333334,1,0,0,0
50,M,02:09:40,05:09:21,7780,18561,2.161111111111111,5.155833333333334,2.9947222222222223,50.016666666666666,0,0,0,0
40,W,02:12:11,05:09:22,7931,18562,2.2030555555555558,5.1561111111111115,2.9530555555555558,45.0,1,0,0,0
38,W,02:07:41,05:09:33,7661,18573,2.1280555555555556,5.159166666666667,3.031111111111111,54.18333333333333,1,0,0,0
29,M,02:19:27,05:09:35,8367,18575,2.3241666666666667,5.159722222222222,2.8355555555555556,30.683333333333334,0,0,0,0
39,M,02:00:58,05:09:37,7258,18577,2.016111111111111,5.160277777777778,3.1441666666666666,67.68333333333334,0,0,0,0
42,M,01:57:14,05:09:37,7034,18577,1.9538888888888888,5.160277777777778,3.2063888888888887,75.15,0,0,0,0
32,M,02:04:35,05:09:39,7475,18579,2.076388888888889,5.160833333333334,3.0844444444444443,60.483333333333334,0,0,0,0
41,W,02:08:56,05:09:42,7736,18582,2.148888888888889,5.161666666666667,3.012777777777778,51.833333333333336,1,0,0,0
54,M,02:08:27,05:09:44,7707,18584,2.140833333333333,5.162222222222222,3.0213888888888887,52.833333333333336,0,0,0,0
41,W,02:10:14,05:09:45,7814,18585,2.1705555555555556,5.1625,2.9919444444444445,49.28333333333333,1,0,0,0
44,M,02:09:37,05:09:46,7777,18586,2.160277777777778,5.1627777777777775,3.0025,50.53333333333333,0,0,0,0
68,M,02:06:42,05:09:48,7602,18588,2.111666666666667,5.163333333333333,3.0516666666666667,56.4,0,0,0,0
27,M,02:08:40,05:09:53,7720,18593,2.1444444444444444,5.164722222222222,3.020277777777778,52.55,0,0,0,0
43,M,02:06:47,05:09:53,7607,18593,2.1130555555555555,5.164722222222222,3.0516666666666667,56.31666666666667,0,0,0,0
46,W,02:16:53,05:09:54,8213,18594,2.281388888888889,5.165,2.883611111111111,36.13333333333333,1,0,0,0
39,M,02:07:02,05:10:00,7622,18600,2.1172222222222223,5.166666666666667,3.0494444444444446,55.93333333333333,0,0,0,0
32,W,02:14:48,05:10:02,8088,18602,2.2466666666666666,5.167222222222223,2.9205555555555556,40.43333333333333,1,0,0,0
51,M,02:02:22,05:10:03,7342,18603,2.0394444444444444,5.1675,3.1280555555555556,65.31666666666666,0,0,0,0
28,M,02:04:33,05:10:06,7473,18606,2.075833333333333,5.168333333333333,3.0925,61.0,0,0,0,0
49,M,02:11:15,05:10:07,7875,18607,2.1875,5.168611111111111,2.9811111111111113,47.61666666666667,0,0,0,0
31,W,02:05:43,05:10:09,7543,18609,2.0952777777777776,5.1691666666666665,3.073888888888889,58.71666666666667,1,0,0,0
37,W,02:09:53,05:10:10,7793,18610,2.164722222222222,5.169444444444444,3.004722222222222,50.4,1,0,0,0
55,M,02:05:29,05:10:11,7529,18611,2.091388888888889,5.169722222222222,3.078333333333333,59.21666666666667,0,0,0,0
72,M,02:04:04,05:10:12,7444,18612,2.0677777777777777,5.17,3.102222222222222,62.06666666666667,0,0,0,0
59,M,02:06:51,05:10:14,7611,18614,2.1141666666666667,5.170555555555556,3.056388888888889,56.53333333333333,0,0,0,0
35,W,02:03:32,05:10:15,7412,18615,2.0588888888888888,5.170833333333333,3.1119444444444446,63.18333333333333,1,0,0,0
30,W,01:59:20,05:10:22,7160,18622,1.988888888888889,5.172777777777778,3.1838888888888888,71.7,1,0,0,0
49,M,02:12:37,05:10:26,7957,18626,2.210277777777778,5.1738888888888885,2.963611111111111,45.2,0,0,0,0
31,M,02:11:18,05:10:26,7878,18626,2.1883333333333335,5.1738888888888885,2.9855555555555555,47.833333333333336,0,0,0,0
33,M,02:11:46,05:10:35,7906,18635,2.196111111111111,5.176388888888889,2.980277777777778,47.05,0,0,0,0
40,M,02:21:08,05:10:40,8468,18640,2.352222222222222,5.177777777777778,2.8255555555555554,28.4,0,0,0,0
27,M,02:07:24,05:10:41,7644,18641,2.1233333333333335,5.178055555555556,3.0547222222222223,55.88333333333333,0,0,0,0
32,M,02:14:48,05:10:42,8088,18642,2.2466666666666666,5.178333333333334,2.9316666666666666,41.1,0,0,0,0
45,M,02:12:38,05:10:44,7958,18644,2.2105555555555556,5.178888888888889,2.9683333333333333,45.46666666666667,0,0,0,0
35,M,02:12:43,05:10:46,7963,18646,2.2119444444444443,5.179444444444444,2.9675,45.333333333333336,0,0,0,0
44,M,02:09:41,05:10:46,7781,18646,2.161388888888889,5.179444444444444,3.0180555555555557,51.4,0,0,0,0
49,M,02:10:39,05:10:51,7839,18651,2.1775,5.180833333333333,3.0033333333333334,49.55,0,0,0,0
43,W,02:15:11,05:10:55,8111,18655,2.2530555555555556,5.1819444444444445,2.928888888888889,40.55,1,0,0,0
26,W,02:12:41,05:10:56,7961,18656,2.211388888888889,5.182222222222222,2.970833333333333,45.56666666666667,1,0,0,0
36,M,01:51:12,05:10:58,6672,18658,1.8533333333333333,5.182777777777778,3.3294444444444444,88.56666666666666,0,0,0,0
39,W,02:13:24,05:11:07,8004,18667,2.223333333333333,5.185277777777777,2.9619444444444443,44.31666666666667,1,0,0,0
49,M,02:15:06,05:11:08,8106,18668,2.2516666666666665,5.185555555555555,2.9338888888888888,40.93333333333333,0,0,0,0
24,W,02:12:22,05:11:11,7942,18671,2.206111111111111,5.186388888888889,2.980277777777778,46.45,1,0,0,0
30,M,02:12:50,05:11:11,7970,18671,2.213888888888889,5.186388888888889,2.9725,45.516666666666666,0,0,0,0
39,M,02:13:59,05:11:13,8039,18673,2.2330555555555556,5.186944444444444,2.953888888888889,43.25,0,0,0,0
53,W,02:08:37,05:11:14,7717,18674,2.143611111111111,5.187222222222222,3.0436111111111113,54.0,1,0,0,0
41,M,02:07:32,05:11:15,7652,18675,2.1255555555555556,5.1875,3.0619444444444444,56.18333333333333,0,0,0,0
52,M,02:20:50,05:11:16,8450,18676,2.3472222222222223,5.187777777777778,2.8405555555555555,29.6,0,0,0,0
27,M,02:11:45,05:11:20,7905,18680,2.1958333333333333,5.188888888888889,2.9930555555555554,47.833333333333336,0,0,0,0
46,W,02:09:07,05:11:22,7747,18682,2.1519444444444447,5.189444444444445,3.0375,53.13333333333333,1,0,0,0
36,W,02:12:50,05:11:26,7970,18686,2.213888888888889,5.190555555555555,2.9766666666666666,45.766666666666666,1,0,0,0
55,W,02:07:38,05:11:29,7658,18689,2.127222222222222,5.191388888888889,3.0641666666666665,56.21666666666667,1,0,0,0
49,W,02:10:56,05:11:30,7856,18690,2.1822222222222223,5.191666666666666,3.0094444444444446,49.63333333333333,1,0,0,0
58,M,02:08:21,05:11:31,7701,18691,2.1391666666666667,5.191944444444444,3.0527777777777776,54.81666666666667,0,0,0,0
30,W,02:07:12,05:11:33,7632,18693,2.12,5.1925,3.0725,57.15,1,0,0,0
52,M,02:04:45,05:11:33,7485,18693,2.0791666666666666,5.1925,3.1133333333333333,62.05,0,0,0,0
26,M,02:08:36,05:11:39,7716,18699,2.1433333333333335,5.194166666666667,3.0508333333333333,54.45,0,0,0,0
50,W,02:10:44,05:11:40,7844,18700,2.178888888888889,5.194444444444445,3.0155555555555558,50.2,1,0,0,0
51,M,02:00:15,05:11:41,7215,18701,2.004166666666667,5.1947222222222225,3.1905555555555556,71.18333333333334,0,0,0,0
51,M,02:30:03,05:11:41,9003,18701,2.5008333333333335,5.1947222222222225,2.693888888888889,11.583333333333334,0,0,0,0
36,M,02:11:40,05:11:44,7900,18704,2.1944444444444446,5.195555555555556,3.0011111111111113,48.4,0,0,0,0
44,W,02:13:20,05:11:45,8000,18705,2.2222222222222223,5.195833333333334,2.973611111111111,45.083333333333336,1,0,0,0
25,W,02:16:11,05:11:47,8171,18707,2.269722222222222,5.1963888888888885,2.9266666666666667,39.416666666666664,1,0,0,0
31,W,02:13:55,05:11:49,8035,18709,2.2319444444444443,5.196944444444444,2.965,43.983333333333334,1,0,0,0
33,W,02:16:06,05:11:52,8166,18712,2.2683333333333335,5.197777777777778,2.9294444444444445,39.666666666666664,1,0,0,0
32,W,02:11:07,05:11:54,7867,18714,2.185277777777778,5.198333333333333,3.0130555555555554,49.666666666666664,1,0,0,0
42,W,02:04:20,05:11:58,7460,18718,2.0722222222222224,5.1994444444444445,3.127222222222222,63.3,1,0,0,0
37,M,01:56:30,05:11:59,6990,18719,1.9416666666666667,5.199722222222222,3.2580555555555555,78.98333333333333,0,0,0,0
18,W,02:06:54,05:12:01,7614,18721,2.115,5.200277777777778,3.085277777777778,58.21666666666667,1,0,0,0
57,W,02:08:10,05:12:01,7690,18721,2.136111111111111,5.200277777777778,3.0641666666666665,55.68333333333333,1,0,0,0
37,W,02:08:31,05:12:03,7711,18723,2.1419444444444444,5.200833333333334,3.0588888888888888,55.016666666666666,1,0,0,0
31,W,02:07:57,05:12:03,7677,18723,2.1325,5.200833333333334,3.0683333333333334,56.15,1,0,0,0
48,W,02:11:06,05:12:13,7866,18733,2.185,5.203611111111111,3.018611111111111,50.016666666666666,1,0,0,0
45,M,02:04:42,05:12:13,7482,18733,2.078333333333333,5.203611111111111,3.125277777777778,62.81666666666667,0,0,0,0
51,W,02:04:15,05:12:17,7455,18737,2.0708333333333333,5.204722222222222,3.133888888888889,63.78333333333333,1,0,0,0
44,W,02:05:57,05:12:18,7557,18738,2.0991666666666666,5.205,3.1058333333333334,60.4,1,0,0,0
35,M,02:16:13,05:12:19,8173,18739,2.270277777777778,5.205277777777778,2.935,39.88333333333333,0,0,0,0
44,M,02:17:33,05:12:20,8253,18740,2.2925,5.205555555555556,2.9130555555555557,37.233333333333334,0,0,0,0
30,W,02:16:41,05:12:22,8201,18742,2.2780555555555555,5.206111111111111,2.9280555555555554,39.0,1,0,0,0
22,M,01:55:45,05:12:24,6945,18744,1.9291666666666667,5.206666666666667,3.2775,80.9,0,0,0,0
28,W,02:04:36,05:12:24,7476,18744,2.0766666666666667,5.206666666666667,3.13,63.2,1,0,0,0
43,M,02:10:43,05:12:24,7843,18744,2.178611111111111,5.206666666666667,3.0280555555555555,50.96666666666667,0,0,0,0
30,M,02:13:24,05:12:25,8004,18745,2.223333333333333,5.206944444444445,2.983611111111111,45.61666666666667,0,0,0,0
34,W,02:08:43,05:12:25,7723,18745,2.145277777777778,5.206944444444445,3.0616666666666665,54.983333333333334,1,0,0,0
23,M,01:59:08,05:12:25,7148,18745,1.9855555555555555,5.206944444444445,3.221388888888889,74.15,0,0,0,0
52,M,02:03:45,05:12:29,7425,18749,2.0625,5.208055555555555,3.1455555555555557,64.98333333333333,0,0,0,0
26,W,02:11:46,05:12:41,7906,18761,2.196111111111111,5.211388888888889,3.015277777777778,49.15,1,0,0,0
56,M,02:13:04,05:12:45,7984,18765,2.2177777777777776,5.2125,2.9947222222222223,46.61666666666667,0,0,0,0
30,M,02:11:41,05:12:49,7901,18769,2.194722222222222,5.213611111111111,3.0188888888888887,49.45,0,0,0,0
42,M,02:09:46,05:12:49,7786,18769,2.162777777777778,5.213611111111111,3.0508333333333333,53.28333333333333,0,0,0,0
48,W,02:13:16,05:12:52,7996,18772,2.221111111111111,5.214444444444444,2.993333333333333,46.333333333333336,1,0,0,0
27,W,02:13:34,05:12:58,8014,18778,2.226111111111111,5.216111111111111,2.99,45.833333333333336,1,0,0,0
29,W,02:18:15,05:13:01,8295,18781,2.3041666666666667,5.216944444444445,2.912777777777778,36.516666666666666,1,0,0,0
49,M,02:02:30,05:13:01,7350,18781,2.0416666666666665,5.216944444444445,3.1752777777777776,68.01666666666667,0,0,0,0
44,M,01:53:55,05:13:01,6835,18781,1.898611111111111,5.216944444444445,3.3183333333333334,85.18333333333334,0,0,0,0
50,M,02:11:00,05:13:07,7860,18787,2.183333333333333,5.2186111111111115,3.035277777777778,51.11666666666667,0,0,0,0
61,M,02:10:06,05:13:07,7806,18787,2.1683333333333334,5.2186111111111115,3.0502777777777776,52.916666666666664,0,0,0,0
41,M,02:16:18,05:13:08,8178,18788,2.2716666666666665,5.2188888888888885,2.9472222222222224,40.53333333333333,0,0,0,0
29,W,02:13:05,05:13:10,7985,18790,2.2180555555555554,5.219444444444444,3.001388888888889,47.0,1,0,0,0
27,W,02:09:30,05:13:11,7770,18791,2.158333333333333,5.219722222222222,3.0613888888888887,54.18333333333333,1,0,0,0
32,M,02:08:50,05:13:12,7730,18792,2.147222222222222,5.22,3.0727777777777776,55.53333333333333,0,0,0,0
42,W,02:07:52,05:13:16,7672,18796,2.131111111111111,5.221111111111111,3.09,57.53333333333333,1,0,0,0
42,M,02:13:55,05:13:17,8035,18797,2.2319444444444443,5.221388888888889,2.9894444444444446,45.45,0,0,0,0
47,M,01:56:58,05:13:22,7018,18802,1.9494444444444445,5.222777777777778,3.2733333333333334,79.43333333333334,0,0,0,0
28,M,02:13:43,05:13:22,8023,18802,2.2286111111111113,5.222777777777778,2.9941666666666666,45.93333333333333,0,0,0,0
43,W,02:25:21,05:13:24,8721,18804,2.4225,5.223333333333334,2.8008333333333333,22.7,1,0,0,0
41,W,02:10:02,05:13:26,7802,18806,2.167222222222222,5.223888888888889,3.0566666666666666,53.36666666666667,1,0,0,0
42,M,02:08:14,05:13:27,7694,18807,2.1372222222222224,5.224166666666667,3.0869444444444443,56.983333333333334,0,0,0,0
36,M,02:08:05,05:13:27,7685,18807,2.1347222222222224,5.224166666666667,3.0894444444444447,57.28333333333333,0,0,0,0
29,W,02:12:33,05:13:28,7953,18808,2.2091666666666665,5.224444444444444,3.015277777777778,48.36666666666667,1,0,0,0
41,M,02:14:31,05:13:29,8071,18809,2.2419444444444445,5.224722222222222,2.9827777777777778,44.45,0,0,0,0
52,M,02:07:01,05:13:32,7621,18812,2.1169444444444445,5.225555555555555,3.108611111111111,59.5,0,0,0,0
57,W,02:06:20,05:13:35,7580,18815,2.1055555555555556,5.226388888888889,3.120833333333333,60.916666666666664,1,0,0,0
38,M,02:07:07,05:13:35,7627,18815,2.118611111111111,5.226388888888889,3.1077777777777778,59.35,0,0,0,0
45,M,02:17:01,05:13:40,8221,18820,2.283611111111111,5.227777777777778,2.944166666666667,39.63333333333333,0,0,0,0
38,M,02:11:47,05:13:41,7907,18821,2.196388888888889,5.228055555555556,3.0316666666666667,50.11666666666667,0,0,0,0
58,M,02:07:51,05:13:41,7671,18821,2.1308333333333334,5.228055555555556,3.0972222222222223,57.983333333333334,0,0,0,0
50,M,02:08:44,05:13:44,7724,18824,2.1455555555555557,5.228888888888889,3.0833333333333335,56.266666666666666,0,0,0,0
46,M,02:18:10,05:13:44,8290,18824,2.3027777777777776,5.228888888888889,2.926111111111111,37.4,0,0,0,0
31,M,02:13:45,05:13:46,8025,18826,2.2291666666666665,5.229444444444445,3.000277777777778,46.266666666666666,0,0,0,0
31,M,02:12:53,05:13:47,7973,18827,2.214722222222222,5.229722222222223,3.015,48.016666666666666,0,0,0,0
54,M,02:08:24,05:13:47,7704,18827,2.14,5.229722222222223,3.089722222222222,56.983333333333334,0,0,0,0
43,M,02:06:17,05:13:47,7577,18827,2.104722222222222,5.229722222222223,3.125,61.21666666666667,0,0,0,0
46,W,02:11:19,05:13:57,7879,18837,2.1886111111111113,5.2325,3.043888888888889,51.31666666666667,1,0,0,0
27,W,02:14:20,05:14:01,8060,18841,2.238888888888889,5.233611111111111,2.9947222222222223,45.35,1,0,0,0
48,M,01:58:20,05:14:03,7100,18843,1.9722222222222223,5.234166666666667,3.2619444444444445,77.38333333333334,0,0,0,0
44,M,02:14:56,05:14:04,8096,18844,2.2488888888888887,5.234444444444445,2.9855555555555555,44.2,0,0,0,0
43,M,02:13:14,05:14:07,7994,18847,2.2205555555555554,5.235277777777778,3.0147222222222223,47.65,0,0,0,0
27,W,02:14:07,05:14:13,8047,18853,2.2352777777777777,5.236944444444444,3.0016666666666665,45.983333333333334,1,0,0,0
28,W,02:10:55,05:14:14,7855,18854,2.1819444444444445,5.237222222222222,3.055277777777778,52.4,1,0,0,0
46,M,02:09:37,05:14:15,7777,18855,2.160277777777778,5.2375,3.0772222222222223,55.016666666666666,0,0,0,0
28,W,02:12:59,05:14:15,7979,18855,2.216388888888889,5.2375,3.0211111111111113,48.28333333333333,1,0,0,0
35,W,02:18:38,05:14:17,8318,18857,2.3105555555555557,5.2380555555555555,2.9275,37.016666666666666,1,0,0,0
28,M,02:11:46,05:14:18,7906,18858,2.196111111111111,5.238333333333333,3.042222222222222,50.766666666666666,0,0,0,0
49,W,02:12:01,05:14:20,7921,18860,2.200277777777778,5.238888888888889,3.038611111111111,50.3,1,0,0,0
29,M,02:12:02,05:14:20,7922,18860,2.2005555555555554,5.238888888888889,3.0383333333333336,50.266666666666666,0,0,0,0
44,M,02:10:57,05:14:20,7857,18860,2.1825,5.238888888888889,3.056388888888889,52.43333333333333,0,0,0,0
24,M,02:08:11,05:14:21,7691,18861,2.136388888888889,5.239166666666667,3.102777777777778,57.983333333333334,0,0,0,0
20,W,02:23:41,05:14:22,8621,18862,2.394722222222222,5.239444444444445,2.8447222222222224,27.0,1,0,0,0
36,M,02:03:04,05:14:23,7384,18863,2.051111111111111,5.239722222222222,3.1886111111111113,68.25,0,0,0,0
30,W,02:12:47,05:14:24,7967,18864,2.2130555555555556,5.24,3.0269444444444447,48.833333333333336,1,0,0,0
34,W,02:18:28,05:14:24,8308,18864,2.307777777777778,5.24,2.9322222222222223,37.46666666666667,1,0,0,0
39,W,02:18:34,05:14:25,8314,18865,2.3094444444444444,5.240277777777778,2.930833333333333,37.28333333333333,1,0,0,0
43,W,02:05:29,05:14:25,7529,18865,2.091388888888889,5.240277777777778,3.148888888888889,63.45,1,0,0,0
30,M,02:16:26,05:14:27,8186,18867,2.273888888888889,5.240833333333334,2.9669444444444446,41.583333333333336,0,0,0,0
22,M,02:14:43,05:14:33,8083,18873,2.245277777777778,5.2425,2.9972222222222222,45.11666666666667,0,0,0,0
44,W,02:27:47,05:14:35,8867,18875,2.4630555555555556,5.243055555555555,2.78,19.016666666666666,1,0,0,0
25,W,02:06:17,05:14:38,7577,18878,2.104722222222222,5.243888888888889,3.1391666666666667,62.06666666666667,1,0,0,0
26,W,02:11:05,05:14:39,7865,18879,2.1847222222222222,5.244166666666667,3.0594444444444444,52.483333333333334,1,0,0,0
40,M,02:15:38,05:14:39,8138,18879,2.2605555555555554,5.244166666666667,2.983611111111111,43.38333333333333,0,0,0,0
51,M,02:12:36,05:14:40,7956,18880,2.21,5.2444444444444445,3.0344444444444445,49.46666666666667,0,0,0,0
24,M,02:20:43,05:14:59,8443,18899,2.3452777777777776,5.249722222222222,2.9044444444444446,33.55,0,0,0,0
61,W,02:04:26,05:15:00,7466,18900,2.073888888888889,5.25,3.176111111111111,66.13333333333334,1,0,0,0
31,M,01:38:44,05:15:02,5924,18902,1.6455555555555557,5.250555555555556,3.605,117.56666666666666,0,0,0,0
40,M,01:56:15,05:15:02,6975,18902,1.9375,5.250555555555556,3.3130555555555556,82.53333333333333,0,0,0,0
41,M,02:15:33,05:15:06,8133,18906,2.2591666666666668,5.251666666666667,2.9925,44.0,0,0,0,0
61,M,02:02:40,05:15:09,7360,18909,2.0444444444444443,5.2525,3.2080555555555557,69.81666666666666,0,0,0,0
41,M,02:03:24,05:15:12,7404,18912,2.0566666666666666,5.253333333333333,3.1966666666666668,68.4,0,0,0,0
63,M,02:09:20,05:15:14,7760,18914,2.1555555555555554,5.253888888888889,3.098333333333333,56.56666666666667,0,0,0,0
39,W,02:12:20,05:15:15,7940,18915,2.2055555555555557,5.254166666666666,3.048611111111111,50.583333333333336,1,0,0,0
45,W,02:15:10,05:15:17,8110,18917,2.2527777777777778,5.254722222222222,3.0019444444444443,44.95,1,0,0,0
51,M,02:14:19,05:15:19,8059,18919,2.238611111111111,5.255277777777778,3.0166666666666666,46.68333333333333,0,0,0,0
42,M,02:03:25,05:15:22,7405,18922,2.0569444444444445,5.256111111111111,3.1991666666666667,68.53333333333333,0,0,0,0
40,W,02:11:37,05:15:22,7897,18922,2.193611111111111,5.256111111111111,3.0625,52.13333333333333,1,0,0,0
43,M,02:05:42,05:15:24,7542,18924,2.095,5.256666666666667,3.1616666666666666,64.0,0,0,0,0
27,M,02:10:26,05:15:25,7826,18925,2.173888888888889,5.256944444444445,3.0830555555555557,54.55,0,0,0,0
58,M,02:23:21,05:15:28,8601,18928,2.3891666666666667,5.257777777777778,2.868611111111111,28.766666666666666,0,0,0,0
38,W,02:11:06,05:15:30,7866,18930,2.185,5.258333333333334,3.0733333333333333,53.3,1,0,0,0
48,W,02:08:44,05:15:41,7724,18941,2.1455555555555557,5.261388888888889,3.1158333333333332,58.21666666666667,1,0,0,0
49,M,02:12:27,05:15:42,7947,18942,2.2075,5.261666666666667,3.0541666666666667,50.8,0,0,0,0
35,M,02:07:19,05:15:45,7639,18945,2.1219444444444444,5.2625,3.1405555555555558,61.11666666666667,0,0,0,0
57,M,02:05:50,05:15:47,7550,18947,2.0972222222222223,5.263055555555556,3.1658333333333335,64.11666666666666,0,0,0,0
41,W,02:09:07,05:15:51,7747,18951,2.1519444444444447,5.264166666666667,3.112222222222222,57.61666666666667,1,0,0,0
29,M,02:17:09,05:15:53,8229,18953,2.285833333333333,5.264722222222222,2.9788888888888887,41.583333333333336,0,0,0,0
55,M,02:05:06,05:15:54,7506,18954,2.085,5.265,3.18,65.7,0,0,0,0
36,M,02:07:14,05:15:55,7634,18955,2.1205555555555557,5.2652777777777775,3.144722222222222,61.45,0,0,0,0
57,M,02:12:16,05:15:55,7936,18955,2.2044444444444444,5.2652777777777775,3.0608333333333335,51.38333333333333,0,0,0,0
67,M,02:10:59,05:15:55,7859,18955,2.1830555555555557,5.2652777777777775,3.082222222222222,53.95,0,0,0,0
27,M,02:11:01,05:15:56,7861,18956,2.183611111111111,5.265555555555555,3.0819444444444444,53.9,0,0,0,0
53,M,02:18:21,05:16:00,8301,18960,2.305833333333333,5.266666666666667,2.9608333333333334,39.3,0,0,0,0
59,M,02:05:24,05:16:04,7524,18964,2.09,5.267777777777778,3.1777777777777776,65.26666666666667,0,0,0,0
36,M,02:09:06,05:16:06,7746,18966,2.151666666666667,5.2683333333333335,3.1166666666666667,57.9,0,0,0,0
46,M,02:08:37,05:16:07,7717,18967,2.143611111111111,5.268611111111111,3.125,58.88333333333333,0,0,0,0
38,M,02:29:14,05:16:12,8954,18972,2.487222222222222,5.27,2.7827777777777776,17.733333333333334,0,0,0,0
29,M,02:07:08,05:16:12,7628,18972,2.118888888888889,5.27,3.151111111111111,61.93333333333333,0,0,0,0
44,W,02:19:43,05:16:16,8383,18976,2.328611111111111,5.271111111111111,2.9425,36.833333333333336,1,0,0,0
31,W,02:18:10,05:16:17,8290,18977,2.3027777777777776,5.271388888888889,2.968611111111111,39.95,1,0,0,0
46,M,02:08:31,05:16:17,7711,18977,2.1419444444444444,5.271388888888889,3.1294444444444443,59.25,0,0,0,0
56,M,02:22:23,05:16:21,8543,18981,2.3730555555555557,5.2725,2.8994444444444443,31.583333333333332,0,0,0,0
38,M,02:20:22,05:16:24,8422,18984,2.3394444444444447,5.273333333333333,2.9338888888888888,35.666666666666664,0,0,0,0
51,W,02:14:57,05:16:25,8097,18985,2.2491666666666665,5.273611111111111,3.0244444444444443,46.516666666666666,1,0,0,0
51,M,02:22:56,05:16:27,8576,18987,2.382222222222222,5.274166666666667,2.8919444444444444,30.583333333333332,0,0,0,0
47,W,02:19:06,05:16:28,8346,18988,2.3183333333333334,5.274444444444445,2.956111111111111,38.266666666666666,1,0,0,0
41,M,02:15:09,05:16:29,8109,18989,2.2525,5.2747222222222225,3.022222222222222,46.18333333333333,0,0,0,0
25,W,02:10:30,05:16:30,7830,18990,2.175,5.275,3.1,55.5,1,0,0,0
54,M,02:15:48,05:16:30,8148,18990,2.263333333333333,5.275,3.0116666666666667,44.9,0,0,0,0
34,M,02:08:05,05:16:34,7685,18994,2.1347222222222224,5.276111111111111,3.141388888888889,60.4,0,0,0,0
34,M,02:01:03,05:16:37,7263,18997,2.0175,5.276944444444444,3.2594444444444446,74.51666666666667,0,0,0,0
46,M,02:09:24,05:16:39,7764,18999,2.1566666666666667,5.2775,3.120833333333333,57.85,0,0,0,0
43,W,02:20:12,05:16:41,8412,19001,2.3366666666666664,5.2780555555555555,2.941388888888889,36.28333333333333,1,0,0,0
31,M,02:00:07,05:16:42,7207,19002,2.0019444444444443,5.278333333333333,3.276388888888889,76.46666666666667,0,0,0,0
28,M,02:14:36,05:16:43,8076,19003,2.243333333333333,5.278611111111111,3.035277777777778,47.516666666666666,0,0,0,0
35,W,02:12:34,05:16:44,7954,19004,2.2094444444444443,5.278888888888889,3.0694444444444446,51.6,1,0,0,0
50,W,01:59:56,05:16:45,7196,19005,1.998888888888889,5.279166666666667,3.2802777777777776,76.88333333333334,1,0,0,0
37,W,02:13:18,05:16:50,7998,19010,2.2216666666666667,5.280555555555556,3.0588888888888888,50.233333333333334,1,0,0,0
36,M,02:05:22,05:16:53,7522,19013,2.0894444444444447,5.2813888888888885,3.1919444444444443,66.15,0,0,0,0
32,M,02:18:49,05:16:57,8329,19017,2.3136111111111113,5.2825,2.968888888888889,39.31666666666667,0,0,0,0
29,M,02:09:12,05:16:57,7752,19017,2.1533333333333333,5.2825,3.129166666666667,58.55,0,0,0,0
39,M,02:17:38,05:17:02,8258,19022,2.293888888888889,5.283888888888889,2.99,41.766666666666666,0,0,0,0
33,W,02:12:19,05:17:02,7939,19022,2.205277777777778,5.283888888888889,3.078611111111111,52.4,1,0,0,0
30,M,02:17:03,05:17:03,8223,19023,2.2841666666666667,5.284166666666667,3.0,42.95,0,0,0,0
49,M,02:13:14,05:17:06,7994,19026,2.2205555555555554,5.285,3.0644444444444443,50.63333333333333,0,0,0,0
47,M,02:11:36,05:17:06,7896,19026,2.1933333333333334,5.285,3.091666666666667,53.9,0,0,0,0
33,W,02:14:12,05:17:07,8052,19027,2.236666666666667,5.285277777777778,3.048611111111111,48.71666666666667,1,0,0,0
39,W,02:19:38,05:17:08,8378,19028,2.3272222222222223,5.285555555555556,2.9583333333333335,37.86666666666667,1,0,0,0
38,W,02:18:43,05:17:12,8323,19032,2.3119444444444444,5.286666666666667,2.9747222222222223,39.766666666666666,1,0,0,0
53,W,02:10:57,05:17:15,7857,19035,2.1825,5.2875,3.105,55.35,1,0,0,0
36,W,02:15:00,05:17:17,8100,19037,2.25,5.288055555555555,3.0380555555555557,47.28333333333333,1,0,0,0
43,M,02:04:01,05:17:20,7441,19040,2.0669444444444443,5.288888888888889,3.2219444444444445,69.3,0,0,0,0
53,M,02:16:18,05:17:23,8178,19043,2.2716666666666665,5.289722222222222,3.0180555555555557,44.78333333333333,0,0,0,0
42,M,02:10:02,05:17:24,7802,19044,2.167222222222222,5.29,3.122777777777778,57.333333333333336,0,0,0,0
48,W,02:12:22,05:17:25,7942,19045,2.206111111111111,5.290277777777778,3.0841666666666665,52.68333333333333,1,0,0,0
40,M,02:07:43,05:17:29,7663,19049,2.1286111111111112,5.291388888888889,3.162777777777778,62.05,0,0,0,0
41,M,02:12:39,05:17:30,7959,19050,2.2108333333333334,5.291666666666667,3.0808333333333335,52.2,0,0,0,0
28,W,02:04:21,05:17:31,7461,19051,2.0725,5.291944444444445,3.2194444444444446,68.81666666666666,1,0,0,0
48,M,02:13:21,05:17:33,8001,19053,2.2225,5.2925,3.07,50.85,0,0,0,0
51,M,02:04:16,05:17:33,7456,19053,2.071111111111111,5.2925,3.221388888888889,69.01666666666667,0,0,0,0
59,W,02:12:20,05:17:34,7940,19054,2.2055555555555557,5.292777777777777,3.087222222222222,52.9,1,0,0,0
25,W,02:14:23,05:17:41,8063,19061,2.2397222222222224,5.294722222222222,3.055,48.916666666666664,1,0,0,0
27,W,02:22:27,05:17:42,8547,19062,2.3741666666666665,5.295,2.9208333333333334,32.8,1,0,0,0
56,M,02:09:33,05:17:42,7773,19062,2.1591666666666667,5.295,3.1358333333333333,58.6,0,0,0,0
32,W,02:08:33,05:17:47,7713,19067,2.1425,5.296388888888889,3.153888888888889,60.68333333333333,1,0,0,0
40,W,02:10:23,05:17:49,7823,19069,2.1730555555555555,5.296944444444445,3.1238888888888887,57.05,1,0,0,0
48,M,02:09:57,05:17:51,7797,19071,2.1658333333333335,5.2975,3.131666666666667,57.95,0,0,0,0
29,W,02:04:34,05:17:52,7474,19072,2.076111111111111,5.297777777777778,3.2216666666666667,68.73333333333333,1,0,0,0
33,M,02:11:49,05:17:52,7909,19072,2.1969444444444446,5.297777777777778,3.1008333333333336,54.233333333333334,0,0,0,0
45,W,02:12:29,05:17:54,7949,19074,2.2080555555555557,5.298333333333333,3.0902777777777777,52.93333333333333,1,0,0,0
42,M,02:14:35,05:17:55,8075,19075,2.2430555555555554,5.298611111111111,3.0555555555555554,48.75,0,0,0,0
38,W,02:17:05,05:17:56,8225,19076,2.2847222222222223,5.2988888888888885,3.0141666666666667,43.766666666666666,1,0,0,0
46,M,02:21:23,05:18:00,8483,19080,2.356388888888889,5.3,2.943611111111111,35.233333333333334,0,0,0,0
20,W,02:05:14,05:18:02,7514,19082,2.087222222222222,5.3005555555555555,3.2133333333333334,67.56666666666666,1,0,0,0
43,W,02:08:19,05:18:03,7699,19083,2.138611111111111,5.300833333333333,3.1622222222222223,61.416666666666664,1,0,0,0
39,M,02:26:48,05:18:05,8808,19085,2.4466666666666668,5.301388888888889,2.854722222222222,24.483333333333334,0,0,0,0
25,M,02:14:53,05:18:06,8093,19086,2.2480555555555557,5.301666666666667,3.053611111111111,48.333333333333336,0,0,0,0
34,M,02:19:35,05:18:17,8375,19097,2.326388888888889,5.304722222222222,2.9783333333333335,39.11666666666667,0,0,0,0
69,M,02:16:04,05:18:21,8164,19101,2.267777777777778,5.305833333333333,3.0380555555555557,46.21666666666667,0,0,0,0
28,W,02:27:36,05:18:22,8856,19102,2.46,5.306111111111111,2.846111111111111,23.166666666666668,1,0,0,0
32,M,02:15:08,05:18:33,8108,19113,2.252222222222222,5.309166666666667,3.0569444444444445,48.28333333333333,0,0,0,0
28,M,02:16:32,05:18:33,8192,19113,2.2755555555555556,5.309166666666667,3.033611111111111,45.483333333333334,0,0,0,0
26,M,02:10:02,05:18:34,7802,19114,2.167222222222222,5.309444444444445,3.1422222222222222,58.5,0,0,0,0
38,W,02:15:01,05:18:34,8101,19114,2.250277777777778,5.309444444444445,3.0591666666666666,48.53333333333333,1,0,0,0
54,M,02:09:33,05:18:35,7773,19115,2.1591666666666667,5.309722222222222,3.1505555555555556,59.483333333333334,0,0,0,0
39,W,02:13:51,05:18:36,8031,19116,2.2308333333333334,5.31,3.0791666666666666,50.9,1,0,0,0
63,W,02:29:17,05:18:37,8957,19117,2.4880555555555555,5.310277777777777,2.8222222222222224,20.05,1,0,0,0
52,M,02:16:41,05:18:37,8201,19117,2.2780555555555555,5.310277777777777,3.0322222222222224,45.25,0,0,0,0
45,W,02:18:29,05:18:43,8309,19123,2.3080555555555557,5.311944444444444,3.003888888888889,41.75,1,0,0,0
34,W,02:28:14,05:18:43,8894,19123,2.4705555555555554,5.311944444444444,2.841388888888889,22.25,1,0,0,0
33,M,02:24:28,05:18:46,8668,19126,2.4077777777777776,5.312777777777778,2.905,29.833333333333332,0,0,0,0
31,W,02:18:26,05:18:50,8306,19130,2.3072222222222223,5.313888888888889,3.006666666666667,41.96666666666667,1,0,0,0
44,M,02:02:16,05:18:50,7336,19130,2.037777777777778,5.313888888888889,3.276111111111111,74.3,0,0,0,0
45,W,02:07:02,05:18:53,7622,19133,2.1172222222222223,5.314722222222223,3.1975,64.81666666666666,1,0,0,0
48,M,02:02:30,05:18:54,7350,19134,2.0416666666666665,5.315,3.2733333333333334,73.9,0,0,0,0
35,M,02:24:24,05:18:54,8664,19134,2.4066666666666667,5.315,2.908333333333333,30.1,0,0,0,0
54,M,02:13:21,05:18:55,8001,19135,2.2225,5.315277777777778,3.0927777777777776,52.21666666666667,0,0,0,0
23,M,02:21:41,05:18:59,8501,19139,2.361388888888889,5.316388888888889,2.955,35.61666666666667,0,0,0,0
40,M,02:16:20,05:19:00,8180,19140,2.272222222222222,5.316666666666666,3.0444444444444443,46.333333333333336,0,0,0,0
34,M,02:12:21,05:19:01,7941,19141,2.2058333333333335,5.316944444444444,3.111111111111111,54.31666666666667,0,0,0,0
47,M,02:12:01,05:19:07,7921,19147,2.200277777777778,5.318611111111111,3.118333333333333,55.083333333333336,0,0,0,0
49,M,02:01:26,05:19:07,7286,19147,2.023888888888889,5.318611111111111,3.294722222222222,76.25,0,0,0,0
52,M,02:12:28,05:19:07,7948,19147,2.207777777777778,5.318611111111111,3.1108333333333333,54.18333333333333,0,0,0,0
54,M,02:08:58,05:19:08,7738,19148,2.1494444444444443,5.318888888888889,3.1694444444444443,61.2,0,0,0,0
43,M,02:10:44,05:19:09,7844,19149,2.178888888888889,5.319166666666667,3.140277777777778,57.68333333333333,0,0,0,0
39,W,02:16:01,05:19:12,8161,19152,2.2669444444444444,5.32,3.0530555555555554,47.166666666666664,1,0,0,0
56,M,02:04:18,05:19:13,7458,19153,2.0716666666666668,5.320277777777778,3.248611111111111,70.61666666666666,0,0,0,0
49,W,02:12:00,05:19:14,7920,19154,2.2,5.320555555555556,3.1205555555555557,55.233333333333334,1,0,0,0
55,M,02:11:33,05:19:16,7893,19156,2.1925,5.321111111111111,3.1286111111111112,56.166666666666664,0,0,0,0
27,W,02:06:03,05:19:17,7563,19157,2.1008333333333336,5.3213888888888885,3.2205555555555554,67.18333333333334,1,0,0,0
48,M,02:10:23,05:19:18,7823,19158,2.1730555555555555,5.321666666666666,3.1486111111111112,58.53333333333333,0,0,0,0
43,W,02:17:24,05:19:20,8244,19160,2.29,5.322222222222222,3.0322222222222224,44.53333333333333,1,0,0,0
37,W,02:18:42,05:19:20,8322,19160,2.3116666666666665,5.322222222222222,3.0105555555555554,41.93333333333333,1,0,0,0
38,M,01:57:35,05:19:30,7055,19170,1.9597222222222221,5.325,3.3652777777777776,84.33333333333333,0,0,0,0
42,W,02:15:19,05:19:31,8119,19171,2.2552777777777777,5.325277777777778,3.07,48.88333333333333,1,0,0,0
42,M,02:05:10,05:19:31,7510,19171,2.0861111111111112,5.325277777777778,3.2391666666666667,69.18333333333334,0,0,0,0
50,W,02:22:05,05:19:36,8525,19176,2.3680555555555554,5.326666666666667,2.9586111111111113,35.43333333333333,1,0,0,0
32,W,02:07:29,05:19:37,7649,19177,2.124722222222222,5.326944444444444,3.2022222222222223,64.65,1,0,0,0
25,W,02:11:03,05:19:42,7863,19182,2.1841666666666666,5.328333333333333,3.1441666666666666,57.6,1,0,0,0
46,M,02:11:18,05:19:42,7878,19182,2.1883333333333335,5.328333333333333,3.14,57.1,0,0,0,0
37,M,02:06:44,05:19:43,7604,19183,2.112222222222222,5.328611111111111,3.216388888888889,66.25,0,0,0,0
33,W,02:08:09,05:19:43,7689,19183,2.1358333333333333,5.328611111111111,3.1927777777777777,63.416666666666664,1,0,0,0
51,M,02:15:45,05:19:44,8145,19184,2.2625,5.328888888888889,3.066388888888889,48.233333333333334,0,0,0,0
27,M,02:13:48,05:19:45,8028,19185,2.23,5.329166666666667,3.0991666666666666,52.15,0,0,0,0
37,W,02:16:09,05:19:48,8169,19188,2.2691666666666666,5.33,3.0608333333333335,47.5,1,0,0,0
25,M,02:09:55,05:19:52,7795,19192,2.165277777777778,5.331111111111111,3.1658333333333335,60.03333333333333,0,0,0,0
36,M,02:07:33,05:19:54,7653,19194,2.1258333333333335,5.331666666666667,3.2058333333333335,64.8,0,0,0,0
46,M,02:12:57,05:19:55,7977,19195,2.2158333333333333,5.331944444444445,3.116111111111111,54.016666666666666,0,0,0,0
37,M,02:20:30,05:19:55,8430,19195,2.341666666666667,5.331944444444445,2.9902777777777776,38.916666666666664,0,0,0,0
36,M,02:06:25,05:19:56,7585,19196,2.1069444444444443,5.332222222222223,3.225277777777778,67.1,0,0,0,0
35,M,02:16:09,05:19:57,8169,19197,2.2691666666666666,5.3325,3.0633333333333335,47.65,0,0,0,0
54,W,02:16:34,05:19:59,8194,19199,2.276111111111111,5.333055555555555,3.0569444444444445,46.85,1,0,0,0
50,M,02:15:51,05:20:01,8151,19201,2.2641666666666667,5.333611111111111,3.0694444444444446,48.31666666666667,0,0,0,0
34,M,02:18:46,05:20:03,8326,19203,2.312777777777778,5.3341666666666665,3.0213888888888887,42.516666666666666,0,0,0,0
38,M,02:11:25,05:20:03,7885,19203,2.1902777777777778,5.3341666666666665,3.1438888888888887,57.21666666666667,0,0,0,0
33,W,02:07:13,05:20:07,7633,19207,2.120277777777778,5.335277777777778,3.215,65.68333333333334,1,0,0,0
47,W,02:12:10,05:20:08,7930,19208,2.202777777777778,5.335555555555556,3.1327777777777777,55.8,1,0,0,0
38,W,02:15:22,05:20:13,8122,19213,2.256111111111111,5.336944444444445,3.0808333333333335,49.483333333333334,1,0,0,0
52,W,02:16:56,05:20:14,8216,19214,2.2822222222222224,5.3372222222222225,3.055,46.36666666666667,1,0,0,0
47,M,02:02:02,05:20:15,7322,19215,2.033888888888889,5.3375,3.303611111111111,76.18333333333334,0,0,0,0
41,W,02:07:24,05:20:16,7644,19216,2.1233333333333335,5.337777777777778,3.2144444444444447,65.46666666666667,1,0,0,0
41,W,02:14:38,05:20:17,8078,19217,2.243888888888889,5.338055555555556,3.0941666666666667,51.016666666666666,1,0,0,0
27,W,02:17:14,05:20:23,8234,19223,2.2872222222222223,5.339722222222222,3.0525,45.916666666666664,1,0,0,0
36,W,02:18:34,05:20:25,8314,19225,2.3094444444444444,5.340277777777778,3.0308333333333333,43.28333333333333,1,0,0,0
47,M,02:23:50,05:20:30,8630,19230,2.397222222222222,5.341666666666667,2.9444444444444446,32.833333333333336,0,0,0,0
23,M,02:12:09,05:20:35,7929,19235,2.2025,5.343055555555556,3.1405555555555558,56.28333333333333,0,0,0,0
38,W,02:10:19,05:20:35,7819,19235,2.1719444444444442,5.343055555555556,3.171111111111111,59.95,1,0,0,0
47,W,02:29:18,05:20:38,8958,19238,2.4883333333333333,5.3438888888888885,2.8555555555555556,22.033333333333335,1,0,0,0
53,M,02:08:50,05:20:38,7730,19238,2.147222222222222,5.3438888888888885,3.1966666666666668,62.96666666666667,0,0,0,0
41,M,02:03:38,05:20:39,7418,19239,2.0605555555555557,5.344166666666666,3.283611111111111,73.38333333333334,0,0,0,0
40,M,02:09:28,05:20:41,7768,19241,2.1577777777777776,5.344722222222222,3.1869444444444444,61.75,0,0,0,0
48,M,02:16:30,05:20:44,8190,19244,2.275,5.345555555555555,3.0705555555555555,47.733333333333334,0,0,0,0
46,M,02:13:39,05:20:47,8019,19247,2.2275,5.346388888888889,3.118888888888889,53.483333333333334,0,0,0,0
59,M,02:05:03,05:20:48,7503,19248,2.0841666666666665,5.346666666666667,3.2625,70.7,0,0,0,0
53,M,02:17:30,05:20:50,8250,19250,2.2916666666666665,5.347222222222222,3.0555555555555554,45.833333333333336,0,0,0,0
27,M,02:09:33,05:20:54,7773,19254,2.1591666666666667,5.348333333333334,3.1891666666666665,61.8,0,0,0,0
52,M,02:12:49,05:20:55,7969,19255,2.213611111111111,5.348611111111111,3.135,55.28333333333333,0,0,0,0
44,M,02:17:09,05:20:57,8229,19257,2.285833333333333,5.349166666666667,3.0633333333333335,46.65,0,0,0,0
42,M,02:05:47,05:21:02,7547,19262,2.096388888888889,5.350555555555555,3.254166666666667,69.46666666666667,0,0,0,0
39,W,02:14:24,05:21:04,8064,19264,2.24,5.351111111111111,3.111111111111111,52.266666666666666,1,0,0,0
36,M,02:06:27,05:21:04,7587,19264,2.1075,5.351111111111111,3.243611111111111,68.16666666666667,0,0,0,0
39,W,02:20:33,05:21:06,8433,19266,2.3425,5.351666666666667,3.0091666666666668,40.0,1,0,0,0
41,M,02:15:16,05:21:07,8116,19267,2.2544444444444443,5.351944444444444,3.0975,50.583333333333336,0,0,0,0
57,M,02:10:38,05:21:10,7838,19270,2.1772222222222224,5.352777777777778,3.1755555555555555,59.9,0,0,0,0
51,W,02:18:28,05:21:11,8308,19271,2.307777777777778,5.353055555555556,3.0452777777777778,44.25,1,0,0,0
44,W,02:09:28,05:21:13,7768,19273,2.1577777777777776,5.353611111111111,3.1958333333333333,62.28333333333333,1,0,0,0
60,M,02:07:15,05:21:16,7635,19276,2.120833333333333,5.354444444444445,3.233611111111111,66.76666666666667,0,0,0,0
29,M,02:12:58,05:21:25,7978,19285,2.216111111111111,5.356944444444444,3.140833333333333,55.483333333333334,0,0,0,0
26,W,02:05:10,05:21:26,7510,19286,2.0861111111111112,5.357222222222222,3.2711111111111113,71.1,1,0,0,0
40,W,02:15:12,05:21:26,8112,19286,2.2533333333333334,5.357222222222222,3.1038888888888887,51.03333333333333,1,0,0,0
19,M,02:16:55,05:21:26,8215,19286,2.2819444444444446,5.357222222222222,3.075277777777778,47.6,0,0,0,0
53,M,02:14:46,05:21:28,8086,19288,2.246111111111111,5.357777777777778,3.111666666666667,51.93333333333333,0,0,0,0
38,W,02:11:39,05:21:28,7899,19288,2.194166666666667,5.357777777777778,3.163611111111111,58.166666666666664,1,0,0,0
44,W,02:14:48,05:21:29,8088,19289,2.2466666666666666,5.358055555555556,3.111388888888889,51.88333333333333,1,0,0,0
27,W,02:19:04,05:21:30,8344,19290,2.3177777777777777,5.358333333333333,3.0405555555555557,43.36666666666667,1,0,0,0
55,W,02:04:31,05:21:32,7471,19292,2.075277777777778,5.358888888888889,3.283611111111111,72.5,1,0,0,0
54,M,02:07:31,05:21:32,7651,19292,2.125277777777778,5.358888888888889,3.233611111111111,66.5,0,0,0,0
28,M,02:19:26,05:21:35,8366,19295,2.323888888888889,5.3597222222222225,3.035833333333333,42.71666666666667,0,0,0,0
37,W,02:18:05,05:21:37,8285,19297,2.301388888888889,5.360277777777778,3.0588888888888888,45.45,1,0,0,0
42,W,02:13:14,05:21:38,7994,19298,2.2205555555555554,5.360555555555556,3.14,55.166666666666664,1,0,0,0
36,W,02:17:14,05:21:38,8234,19298,2.2872222222222223,5.360555555555556,3.0733333333333333,47.166666666666664,1,0,0,0
37,M,02:05:50,05:21:38,7550,19298,2.0972222222222223,5.360555555555556,3.263333333333333,69.96666666666667,0,0,0,0
64,W,02:22:03,05:21:39,8523,19299,2.3675,5.360833333333333,2.993333333333333,37.55,1,0,0,0
39,M,02:10:24,05:21:43,7824,19303,2.1733333333333333,5.361944444444444,3.1886111111111113,60.916666666666664,0,0,0,0
42,W,02:25:06,05:21:48,8706,19308,2.4183333333333334,5.363333333333333,2.945,31.6,1,0,0,0
63,M,02:19:48,05:21:50,8388,19310,2.33,5.363888888888889,3.033888888888889,42.233333333333334,0,0,0,0
32,M,02:11:48,05:21:53,7908,19313,2.1966666666666668,5.364722222222222,3.1680555555555556,58.28333333333333,0,0,0,0
38,W,02:07:29,05:21:55,7649,19315,2.124722222222222,5.365277777777778,3.2405555555555554,66.95,1,0,0,0
21,M,02:20:14,05:21:56,8414,19316,2.337222222222222,5.365555555555556,3.0283333333333333,41.46666666666667,0,0,0,0
26,M,02:10:16,05:22:04,7816,19324,2.171111111111111,5.3677777777777775,3.1966666666666668,61.53333333333333,0,0,0,0
38,M,02:22:48,05:22:09,8568,19329,2.38,5.369166666666667,2.9891666666666667,36.55,0,0,0,0
35,M,02:14:27,05:22:13,8067,19333,2.2408333333333332,5.370277777777778,3.1294444444444443,53.31666666666667,0,0,0,0
33,W,02:11:53,05:22:16,7913,19336,2.1980555555555554,5.371111111111111,3.1730555555555555,58.5,1,0,0,0
31,W,02:21:23,05:22:19,8483,19339,2.356388888888889,5.371944444444445,3.0155555555555558,39.55,1,0,0,0
41,M,02:14:18,05:22:21,8058,19341,2.2383333333333333,5.3725,3.1341666666666668,53.75,0,0,0,0
29,M,02:02:21,05:22:21,7341,19341,2.0391666666666666,5.3725,3.3333333333333335,77.65,0,0,0,0
40,M,02:08:28,05:22:28,7708,19348,2.141111111111111,5.374444444444444,3.2333333333333334,65.53333333333333,0,0,0,0
38,M,02:09:12,05:22:29,7752,19349,2.1533333333333333,5.374722222222222,3.221388888888889,64.08333333333333,0,0,0,0
39,M,02:14:09,05:22:29,8049,19349,2.2358333333333333,5.374722222222222,3.138888888888889,54.18333333333333,0,0,0,0
47,W,02:12:01,05:22:30,7921,19350,2.200277777777778,5.375,3.174722222222222,58.46666666666667,1,0,0,0
61,M,02:04:50,05:22:35,7490,19355,2.0805555555555557,5.376388888888889,3.2958333333333334,72.91666666666667,0,0,0,0
33,W,02:16:59,05:22:37,8219,19357,2.2830555555555554,5.376944444444445,3.093888888888889,48.65,1,0,0,0
40,M,02:11:35,05:22:38,7895,19358,2.1930555555555555,5.377222222222223,3.1841666666666666,59.46666666666667,0,0,0,0
21,M,02:14:29,05:22:39,8069,19359,2.241388888888889,5.3775,3.136111111111111,53.68333333333333,0,0,0,0
47,M,02:09:10,05:22:41,7750,19361,2.1527777777777777,5.378055555555555,3.225277777777778,64.35,0,0,0,0
26,M,02:16:48,05:22:42,8208,19362,2.28,5.378333333333333,3.098333333333333,49.1,0,0,0,0
25,M,02:12:37,05:22:44,7957,19364,2.210277777777778,5.378888888888889,3.1686111111111113,57.5,0,0,0,0
47,M,02:10:06,05:22:44,7806,19364,2.1683333333333334,5.378888888888889,3.2105555555555556,62.53333333333333,0,0,0,0
40,M,02:08:08,05:22:47,7688,19367,2.1355555555555554,5.379722222222222,3.2441666666666666,66.51666666666667,0,0,0,0
43,M,02:16:39,05:22:48,8199,19368,2.2775,5.38,3.1025,49.5,0,0,0,0
38,M,02:05:51,05:22:52,7551,19372,2.0975,5.381111111111111,3.283611111111111,71.16666666666667,0,0,0,0
33,W,02:10:31,05:23:01,7831,19381,2.1752777777777776,5.383611111111111,3.2083333333333335,61.983333333333334,1,0,0,0
50,W,02:17:24,05:23:03,8244,19383,2.29,5.384166666666666,3.0941666666666667,48.25,1,0,0,0
56,W,02:01:17,05:23:03,7277,19383,2.0213888888888887,5.384166666666666,3.3627777777777776,80.48333333333333,1,0,0,0
43,M,02:07:52,05:23:05,7672,19385,2.131111111111111,5.384722222222222,3.2536111111111112,67.35,0,0,0,0
36,M,02:18:18,05:23:08,8298,19388,2.305,5.385555555555555,3.0805555555555557,46.53333333333333,0,0,0,0
30,M,02:21:06,05:23:11,8466,19391,2.3516666666666666,5.386388888888889,3.0347222222222223,40.983333333333334,0,0,0,0
54,W,02:12:20,05:23:12,7940,19392,2.2055555555555557,5.386666666666667,3.181111111111111,58.53333333333333,1,0,0,0
37,M,02:04:35,05:23:12,7475,19392,2.076388888888889,5.386666666666667,3.310277777777778,74.03333333333333,0,0,0,0
54,M,02:19:08,05:23:13,8348,19393,2.318888888888889,5.3869444444444445,3.0680555555555555,44.95,0,0,0,0
35,W,02:19:24,05:23:14,8364,19394,2.3233333333333333,5.387222222222222,3.063888888888889,44.43333333333333,1,0,0,0
38,M,02:13:35,05:23:22,8015,19402,2.2263888888888888,5.389444444444444,3.1630555555555557,56.2,0,0,0,0
28,M,02:06:01,05:23:24,7561,19404,2.100277777777778,5.39,3.289722222222222,71.36666666666666,0,0,0,0
65,M,02:15:26,05:23:27,8126,19407,2.257222222222222,5.390833333333333,3.133611111111111,52.583333333333336,0,0,0,0
60,M,02:09:25,05:23:31,7765,19411,2.1569444444444446,5.391944444444444,3.235,64.68333333333334,0,0,0,0
61,M,02:06:41,05:23:37,7601,19417,2.111388888888889,5.393611111111111,3.2822222222222224,70.25,0,0,0,0
44,M,02:14:23,05:23:37,8063,19417,2.2397222222222224,5.393611111111111,3.153888888888889,54.85,0,0,0,0
40,W,02:23:47,05:23:40,8627,19420,2.3963888888888887,5.394444444444445,2.9980555555555557,36.1,1,0,0,0
38,M,02:21:32,05:23:42,8492,19422,2.358888888888889,5.395,3.036111111111111,40.63333333333333,0,0,0,0
40,W,02:10:48,05:23:44,7848,19424,2.18,5.395555555555555,3.2155555555555555,62.13333333333333,1,0,0,0
50,M,02:23:22,05:23:44,8602,19424,2.3894444444444445,5.395555555555555,3.006111111111111,37.0,0,0,0,0
33,W,02:16:16,05:23:45,8176,19425,2.2711111111111113,5.395833333333333,3.124722222222222,51.21666666666667,1,0,0,0
50,M,02:15:32,05:23:49,8132,19429,2.258888888888889,5.396944444444444,3.1380555555555554,52.75,0,0,0,0
43,M,02:14:27,05:23:52,8067,19432,2.2408333333333332,5.397777777777778,3.1569444444444446,54.96666666666667,0,0,0,0
34,M,02:07:58,05:23:55,7678,19435,2.1327777777777777,5.398611111111111,3.265833333333333,67.98333333333333,0,0,0,0
45,W,02:08:36,05:23:56,7716,19436,2.1433333333333335,5.398888888888889,3.2555555555555555,66.73333333333333,1,0,0,0
37,M,02:11:44,05:23:57,7904,19437,2.1955555555555555,5.399166666666667,3.203611111111111,60.483333333333334,0,0,0,0
45,M,02:18:12,05:24:00,8292,19440,2.3033333333333332,5.4,3.0966666666666667,47.6,0,0,0,0
46,M,02:10:26,05:24:04,7826,19444,2.173888888888889,5.401111111111111,3.227222222222222,63.2,0,0,0,0
36,W,02:08:34,05:24:04,7714,19444,2.142777777777778,5.401111111111111,3.2583333333333333,66.93333333333334,1,0,0,0
42,M,02:11:45,05:24:04,7905,19444,2.1958333333333333,5.401111111111111,3.205277777777778,60.56666666666667,0,0,0,0
59,W,02:09:05,05:24:11,7745,19451,2.151388888888889,5.4030555555555555,3.2516666666666665,66.01666666666667,1,0,0,0
34,M,02:09:58,05:24:12,7798,19452,2.1661111111111113,5.403333333333333,3.237222222222222,64.26666666666667,0,0,0,0
51,W,02:15:27,05:24:16,8127,19456,2.2575,5.404444444444445,3.1469444444444443,53.36666666666667,1,0,0,0
36,W,02:11:26,05:24:22,7886,19462,2.1905555555555556,5.4061111111111115,3.2155555555555555,61.5,1,0,0,0
40,M,02:24:22,05:24:30,8662,19470,2.406111111111111,5.408333333333333,3.002222222222222,35.766666666666666,0,0,0,0
46,W,02:20:06,05:24:32,8406,19472,2.335,5.408888888888889,3.073888888888889,44.333333333333336,1,0,0,0
43,M,02:09:33,05:24:33,7773,19473,2.1591666666666667,5.409166666666667,3.25,65.45,0,0,0,0
31,M,02:11:49,05:24:34,7909,19474,2.1969444444444446,5.4094444444444445,3.2125,60.93333333333333,0,0,0,0
29,W,02:15:09,05:24:36,8109,19476,2.2525,5.41,3.1575,54.3,1,0,0,0
29,W,02:14:50,05:24:39,8090,19479,2.2472222222222222,5.410833333333334,3.163611111111111,54.983333333333334,1,0,0,0
46,W,02:17:05,05:24:42,8225,19482,2.2847222222222223,5.411666666666667,3.1269444444444443,50.53333333333333,1,0,0,0
43,W,02:25:22,05:24:46,8722,19486,2.4227777777777777,5.4127777777777775,2.99,34.03333333333333,1,0,0,0
45,W,02:15:32,05:24:47,8132,19487,2.258888888888889,5.413055555555555,3.154166666666667,53.71666666666667,1,0,0,0
59,M,02:10:26,05:24:48,7826,19488,2.173888888888889,5.413333333333333,3.2394444444444446,63.93333333333333,0,0,0,0
47,M,02:00:55,05:24:53,7255,19493,2.015277777777778,5.414722222222222,3.3994444444444443,83.05,0,0,0,0
65,M,02:14:55,05:24:55,8095,19495,2.248611111111111,5.415277777777778,3.1666666666666665,55.083333333333336,0,0,0,0
36,M,02:16:44,05:24:56,8204,19496,2.278888888888889,5.415555555555556,3.1366666666666667,51.46666666666667,0,0,0,0
52,M,02:08:38,05:24:56,7718,19496,2.1438888888888887,5.415555555555556,3.2716666666666665,67.66666666666667,0,0,0,0
25,W,02:15:42,05:24:57,8142,19497,2.2616666666666667,5.4158333333333335,3.154166666666667,53.55,1,0,0,0
47,M,02:10:52,05:25:01,7852,19501,2.181111111111111,5.416944444444445,3.2358333333333333,63.28333333333333,0,0,0,0
29,W,02:10:45,05:25:02,7845,19502,2.1791666666666667,5.417222222222223,3.2380555555555555,63.53333333333333,1,0,0,0
42,W,02:16:24,05:25:02,8184,19502,2.2733333333333334,5.417222222222223,3.1438888888888887,52.233333333333334,1,0,0,0
36,W,02:20:50,05:25:04,8450,19504,2.3472222222222223,5.417777777777777,3.0705555555555555,43.4,1,0,0,0
47,W,02:09:50,05:25:04,7790,19504,2.1638888888888888,5.417777777777777,3.253888888888889,65.4,1,0,0,0
47,M,02:11:12,05:25:06,7872,19506,2.1866666666666665,5.418333333333333,3.2316666666666665,62.7,0,0,0,0
49,M,02:19:56,05:25:06,8396,19506,2.332222222222222,5.418333333333333,3.0861111111111112,45.233333333333334,0,0,0,0
56,W,02:23:00,05:25:09,8580,19509,2.3833333333333333,5.4191666666666665,3.035833333333333,39.15,1,0,0,0
50,W,02:19:18,05:25:17,8358,19517,2.3216666666666668,5.421388888888889,3.0997222222222223,46.68333333333333,1,0,0,0
40,M,02:29:32,05:25:18,8972,19518,2.4922222222222223,5.421666666666667,2.9294444444444445,26.233333333333334,0,0,0,0
34,M,02:06:46,05:25:28,7606,19528,2.1127777777777776,5.424444444444444,3.3116666666666665,71.93333333333334,0,0,0,0
46,W,02:15:03,05:25:28,8103,19528,2.2508333333333335,5.424444444444444,3.173611111111111,55.36666666666667,1,0,0,0
49,M,02:16:09,05:25:30,8169,19530,2.2691666666666666,5.425,3.1558333333333333,53.2,0,0,0,0
43,M,02:02:26,05:25:31,7346,19531,2.0405555555555557,5.425277777777778,3.3847222222222224,80.65,0,0,0,0
78,W,02:25:05,05:25:37,8705,19537,2.4180555555555556,5.426944444444445,3.008888888888889,35.45,1,0,0,0
48,W,02:16:37,05:25:39,8197,19539,2.2769444444444447,5.4275,3.1505555555555556,52.416666666666664,1,0,0,0
39,M,02:15:55,05:25:42,8155,19542,2.265277777777778,5.428333333333334,3.1630555555555557,53.86666666666667,0,0,0,0
55,W,02:13:35,05:25:42,8015,19542,2.2263888888888888,5.428333333333334,3.2019444444444445,58.53333333333333,1,0,0,0
43,W,02:14:56,05:25:43,8096,19543,2.2488888888888887,5.4286111111111115,3.1797222222222223,55.85,1,0,0,0
26,W,02:09:59,05:25:43,7799,19543,2.1663888888888887,5.4286111111111115,3.2622222222222224,65.75,1,0,0,0
49,W,02:22:39,05:25:44,8559,19544,2.3775,5.428888888888889,3.051388888888889,40.43333333333333,1,0,0,0
59,M,02:10:30,05:25:49,7830,19549,2.175,5.4302777777777775,3.2552777777777777,64.81666666666666,0,0,0,0
58,M,02:23:21,05:25:51,8601,19551,2.3891666666666667,5.430833333333333,3.0416666666666665,39.15,0,0,0,0
22,W,02:26:54,05:25:51,8814,19551,2.4483333333333333,5.430833333333333,2.9825,32.05,1,0,0,0
38,M,02:15:44,05:25:53,8144,19553,2.2622222222222224,5.431388888888889,3.1691666666666665,54.416666666666664,0,0,0,0
38,W,02:14:44,05:25:53,8084,19553,2.2455555555555557,5.431388888888889,3.1858333333333335,56.416666666666664,1,0,0,0
41,W,02:20:00,05:25:56,8400,19556,2.3333333333333335,5.432222222222222,3.098888888888889,45.93333333333333,1,0,0,0
27,W,02:18:48,05:25:59,8328,19559,2.3133333333333335,5.433055555555556,3.1197222222222223,48.38333333333333,1,0,0,0
24,W,02:15:26,05:26:02,8126,19562,2.257222222222222,5.433888888888889,3.1766666666666667,55.166666666666664,1,0,0,0
26,M,02:02:56,05:26:03,7376,19563,2.048888888888889,5.434166666666667,3.3852777777777776,80.18333333333334,0,0,0,0
21,W,02:16:09,05:26:07,8169,19567,2.2691666666666666,5.435277777777777,3.1661111111111113,53.81666666666667,1,0,0,0
37,M,02:16:40,05:26:07,8200,19567,2.2777777777777777,5.435277777777777,3.1575,52.78333333333333,0,0,0,0
35,W,02:14:37,05:26:09,8077,19569,2.243611111111111,5.435833333333333,3.192222222222222,56.916666666666664,1,0,0,0
26,M,02:19:02,05:26:09,8342,19569,2.317222222222222,5.435833333333333,3.118611111111111,48.083333333333336,0,0,0,0
42,M,02:21:21,05:26:09,8481,19569,2.3558333333333334,5.435833333333333,3.08,43.45,0,0,0,0
37,W,02:15:59,05:26:10,8159,19570,2.266388888888889,5.436111111111111,3.169722222222222,54.2,1,0,0,0
33,W,02:18:05,05:26:15,8285,19575,2.301388888888889,5.4375,3.136111111111111,50.083333333333336,1,0,0,0
54,W,02:15:18,05:26:17,8118,19577,2.255,5.438055555555556,3.1830555555555557,55.68333333333333,1,0,0,0
40,W,02:13:16,05:26:21,7996,19581,2.221111111111111,5.439166666666667,3.2180555555555554,59.81666666666667,1,0,0,0
43,W,02:16:16,05:26:25,8176,19585,2.2711111111111113,5.440277777777778,3.1691666666666665,53.88333333333333,1,0,0,0
36,W,02:15:18,05:26:27,8118,19587,2.255,5.440833333333333,3.1858333333333335,55.85,1,0,0,0
52,M,02:18:59,05:26:27,8339,19587,2.316388888888889,5.440833333333333,3.1244444444444444,48.483333333333334,0,0,0,0
34,M,02:00:25,05:26:31,7225,19591,2.0069444444444446,5.441944444444444,3.435,85.68333333333334,0,0,0,0
39,M,02:22:36,05:26:31,8556,19591,2.3766666666666665,5.441944444444444,3.0652777777777778,41.31666666666667,0,0,0,0
36,W,02:20:19,05:26:35,8419,19595,2.338611111111111,5.4430555555555555,3.1044444444444443,45.95,1,0,0,0
58,M,02:12:55,05:26:35,7975,19595,2.2152777777777777,5.4430555555555555,3.227777777777778,60.75,0,0,0,0
31,W,02:15:28,05:26:36,8128,19596,2.2577777777777777,5.443333333333333,3.1855555555555557,55.666666666666664,1,0,0,0
51,M,02:10:04,05:26:40,7804,19600,2.167777777777778,5.444444444444445,3.276666666666667,66.53333333333333,0,0,0,0
40,W,02:10:30,05:26:41,7830,19601,2.175,5.4447222222222225,3.269722222222222,65.68333333333334,1,0,0,0
54,M,02:23:41,05:26:41,8621,19601,2.394722222222222,5.4447222222222225,3.05,39.31666666666667,0,0,0,0
35,W,02:25:28,05:26:42,8728,19602,2.4244444444444446,5.445,3.0205555555555557,35.766666666666666,1,0,0,0
33,M,02:11:10,05:26:46,7870,19606,2.186111111111111,5.446111111111111,3.26,64.43333333333334,0,0,0,0
29,W,02:20:46,05:26:49,8446,19609,2.346111111111111,5.446944444444444,3.1008333333333336,45.28333333333333,1,0,0,0
31,W,02:12:16,05:26:51,7936,19611,2.2044444444444444,5.4475,3.2430555555555554,62.31666666666667,1,0,0,0
31,M,02:12:38,05:26:56,7958,19616,2.2105555555555556,5.448888888888889,3.2383333333333333,61.666666666666664,0,0,0,0
30,W,02:20:05,05:27:00,8405,19620,2.334722222222222,5.45,3.1152777777777776,46.833333333333336,1,0,0,0
51,W,02:12:30,05:27:04,7950,19624,2.2083333333333335,5.4511111111111115,3.242777777777778,62.06666666666667,1,0,0,0
56,M,02:16:35,05:27:06,8195,19626,2.276388888888889,5.451666666666667,3.1752777777777776,53.93333333333333,0,0,0,0
63,M,02:23:28,05:27:09,8608,19629,2.391111111111111,5.4525,3.0613888888888887,40.21666666666667,0,0,0,0
39,W,02:15:34,05:27:10,8134,19630,2.2594444444444446,5.4527777777777775,3.1933333333333334,56.03333333333333,1,0,0,0
29,W,02:19:22,05:27:10,8362,19630,2.3227777777777776,5.4527777777777775,3.13,48.43333333333333,1,0,0,0
37,W,02:12:32,05:27:11,7952,19631,2.2088888888888887,5.453055555555555,3.2441666666666666,62.11666666666667,1,0,0,0
56,M,02:00:42,05:27:12,7242,19632,2.0116666666666667,5.453333333333333,3.441666666666667,85.8,0,0,0,0
49,M,02:16:26,05:27:23,8186,19643,2.273888888888889,5.456388888888889,3.1825,54.516666666666666,0,0,0,0
43,M,02:09:44,05:27:25,7784,19645,2.1622222222222223,5.456944444444445,3.294722222222222,67.95,0,0,0,0
38,W,02:25:17,05:27:25,8717,19645,2.421388888888889,5.456944444444445,3.0355555555555553,36.85,1,0,0,0
29,M,02:13:36,05:27:27,8016,19647,2.2266666666666666,5.4575,3.2308333333333334,60.25,0,0,0,0
24,M,02:22:27,05:27:32,8547,19652,2.3741666666666665,5.458888888888889,3.084722222222222,42.63333333333333,0,0,0,0
40,W,02:23:20,05:27:35,8600,19655,2.388888888888889,5.459722222222222,3.0708333333333333,40.916666666666664,1,0,0,0
44,W,02:14:44,05:27:35,8084,19655,2.2455555555555557,5.459722222222222,3.214166666666667,58.11666666666667,1,0,0,0
46,M,02:18:58,05:27:36,8338,19656,2.3161111111111112,5.46,3.1438888888888887,49.666666666666664,0,0,0,0
45,W,02:19:15,05:27:36,8355,19656,2.3208333333333333,5.46,3.1391666666666667,49.1,1,0,0,0
59,W,02:20:06,05:27:39,8406,19659,2.335,5.460833333333333,3.1258333333333335,47.45,1,0,0,0
64,M,02:14:51,05:27:40,8091,19660,2.2475,5.461111111111111,3.213611111111111,57.96666666666667,0,0,0,0
47,W,02:15:57,05:27:43,8157,19663,2.265833333333333,5.461944444444445,3.196111111111111,55.81666666666667,1,0,0,0
57,M,02:11:50,05:27:50,7910,19670,2.1972222222222224,5.463888888888889,3.2666666666666666,64.16666666666667,0,0,0,0
48,W,02:28:48,05:27:50,8928,19670,2.48,5.463888888888889,2.983888888888889,30.233333333333334,1,0,0,0
22,M,02:22:25,05:27:50,8545,19670,2.373611111111111,5.463888888888889,3.0902777777777777,43.0,0,0,0,0
34,M,02:07:21,05:27:51,7641,19671,2.1225,5.464166666666666,3.341666666666667,73.15,0,0,0,0
32,M,02:09:50,05:27:52,7790,19672,2.1638888888888888,5.464444444444444,3.3005555555555555,68.2,0,0,0,0
46,M,02:23:47,05:27:53,8627,19673,2.3963888888888887,5.464722222222222,3.0683333333333334,40.31666666666667,0,0,0,0
41,W,02:16:35,05:27:56,8195,19676,2.276388888888889,5.4655555555555555,3.1891666666666665,54.766666666666666,1,0,0,0
59,W,02:20:25,05:27:56,8425,19676,2.3402777777777777,5.4655555555555555,3.125277777777778,47.1,1,0,0,0
46,M,02:13:13,05:28:03,7993,19683,2.2202777777777776,5.4675,3.2472222222222222,61.61666666666667,0,0,0,0
61,M,02:16:28,05:28:04,8188,19684,2.2744444444444443,5.467777777777778,3.1933333333333334,55.13333333333333,0,0,0,0
44,M,02:14:49,05:28:06,8089,19686,2.2469444444444444,5.468333333333334,3.221388888888889,58.46666666666667,0,0,0,0
50,M,02:11:25,05:28:06,7885,19686,2.1902777777777778,5.468333333333334,3.2780555555555555,65.26666666666667,0,0,0,0
45,M,02:10:07,05:28:07,7807,19687,2.1686111111111113,5.4686111111111115,3.3,67.88333333333334,0,0,0,0
40,M,02:22:01,05:28:10,8521,19690,2.3669444444444445,5.469444444444444,3.1025,44.13333333333333,0,0,0,0
44,M,02:20:13,05:28:10,8413,19690,2.3369444444444443,5.469444444444444,3.1325,47.733333333333334,0,0,0,0
30,W,02:23:07,05:28:14,8587,19694,2.3852777777777776,5.470555555555555,3.085277777777778,42.0,1,0,0,0
41,W,02:15:29,05:28:20,8129,19700,2.2580555555555555,5.472222222222222,3.214166666666667,57.36666666666667,1,0,0,0
47,W,02:11:13,05:28:22,7873,19702,2.1869444444444444,5.472777777777778,3.285833333333333,65.93333333333334,1,0,0,0
57,M,02:18:24,05:28:23,8304,19703,2.3066666666666666,5.473055555555556,3.1663888888888887,51.583333333333336,0,0,0,0
45,M,02:08:57,05:28:32,7737,19712,2.1491666666666664,5.475555555555555,3.326388888888889,70.63333333333334,0,0,0,0
23,W,02:18:24,05:28:33,8304,19713,2.3066666666666666,5.475833333333333,3.1691666666666665,51.75,1,0,0,0
30,M,02:15:52,05:28:35,8152,19715,2.2644444444444445,5.476388888888889,3.2119444444444443,56.85,0,0,0,0
43,W,02:07:33,05:28:35,7653,19715,2.1258333333333335,5.476388888888889,3.3505555555555557,73.48333333333333,1,0,0,0
45,W,02:17:52,05:28:36,8272,19716,2.2977777777777777,5.476666666666667,3.178888888888889,52.86666666666667,1,0,0,0
60,M,02:08:25,05:28:37,7705,19717,2.140277777777778,5.476944444444444,3.3366666666666664,71.78333333333333,0,0,0,0
33,W,02:19:33,05:28:38,8373,19718,2.325833333333333,5.477222222222222,3.151388888888889,49.53333333333333,1,0,0,0
41,M,02:21:51,05:28:38,8511,19718,2.3641666666666667,5.477222222222222,3.1130555555555555,44.93333333333333,0,0,0,0
51,W,02:16:27,05:28:38,8187,19718,2.2741666666666664,5.477222222222222,3.2030555555555558,55.733333333333334,1,0,0,0
46,M,02:17:24,05:28:41,8244,19721,2.29,5.478055555555556,3.1880555555555556,53.88333333333333,0,0,0,0
50,M,02:08:01,05:28:57,7681,19737,2.133611111111111,5.4825,3.348888888888889,72.91666666666667,0,0,0,0
46,W,02:22:54,05:29:02,8574,19742,2.381666666666667,5.483888888888889,3.102222222222222,43.233333333333334,1,0,0,0
42,M,02:11:59,05:29:06,7919,19746,2.1997222222222224,5.485,3.285277777777778,65.13333333333334,0,0,0,0
19,W,02:22:58,05:29:07,8578,19747,2.3827777777777777,5.485277777777778,3.1025,43.18333333333333,1,0,0,0
33,M,02:03:00,05:29:07,7380,19747,2.05,5.485277777777778,3.435277777777778,83.11666666666666,0,0,0,0
45,M,02:13:51,05:29:10,8031,19750,2.2308333333333334,5.486111111111111,3.2552777777777777,61.46666666666667,0,0,0,0
38,W,02:11:36,05:29:13,7896,19753,2.1933333333333334,5.486944444444444,3.2936111111111113,66.01666666666667,1,0,0,0
36,W,02:17:24,05:29:15,8244,19755,2.29,5.4875,3.1975,54.45,1,0,0,0
50,M,02:13:21,05:29:16,8001,19756,2.2225,5.487777777777778,3.265277777777778,62.56666666666667,0,0,0,0
62,M,02:18:11,05:29:18,8291,19758,2.3030555555555554,5.488333333333333,3.185277777777778,52.93333333333333,0,0,0,0
42,W,02:13:52,05:29:19,8032,19759,2.2311111111111113,5.488611111111111,3.2575,61.583333333333336,1,0,0,0
45,W,02:22:13,05:29:21,8533,19761,2.370277777777778,5.489166666666667,3.118888888888889,44.916666666666664,1,0,0,0
46,W,02:21:49,05:29:22,8509,19762,2.363611111111111,5.489444444444445,3.1258333333333335,45.733333333333334,1,0,0,0
28,W,02:12:05,05:29:22,7925,19762,2.201388888888889,5.489444444444445,3.2880555555555557,65.2,1,0,0,0
30,M,02:13:32,05:29:23,8012,19763,2.2255555555555557,5.489722222222222,3.2641666666666667,62.31666666666667,0,0,0,0
37,W,02:14:04,05:29:23,8044,19763,2.2344444444444442,5.489722222222222,3.2552777777777777,61.25,1,0,0,0
47,W,02:21:09,05:29:24,8469,19764,2.3525,5.49,3.1375,47.1,1,0,0,0
48,W,02:13:01,05:29:26,7981,19766,2.2169444444444446,5.490555555555556,3.2736111111111112,63.4,1,0,0,0
39,M,02:02:45,05:29:33,7365,19773,2.0458333333333334,5.4925,3.4466666666666668,84.05,0,0,0,0
43,M,02:19:45,05:29:34,8385,19774,2.3291666666666666,5.4927777777777775,3.163611111111111,50.06666666666667,0,0,0,0
29,W,02:20:13,05:29:36,8413,19776,2.3369444444444443,5.493333333333333,3.156388888888889,49.166666666666664,1,0,0,0
47,M,02:22:18,05:29:37,8538,19777,2.3716666666666666,5.493611111111111,3.1219444444444444,45.016666666666666,0,0,0,0
45,W,02:13:18,05:29:37,7998,19777,2.2216666666666667,5.493611111111111,3.2719444444444443,63.016666666666666,1,0,0,0
46,M,02:08:48,05:29:37,7728,19777,2.1466666666666665,5.493611111111111,3.3469444444444445,72.01666666666667,0,0,0,0
52,M,02:20:13,05:29:39,8413,19779,2.3369444444444443,5.494166666666667,3.1572222222222224,49.21666666666667,0,0,0,0
36,M,02:15:42,05:29:46,8142,19786,2.2616666666666667,5.496111111111111,3.2344444444444442,58.36666666666667,0,0,0,0
35,W,02:13:02,05:29:54,7982,19794,2.2172222222222224,5.498333333333333,3.281111111111111,63.833333333333336,1,0,0,0
36,W,02:18:41,05:29:56,8321,19796,2.3113888888888887,5.498888888888889,3.1875,52.56666666666667,1,0,0,0
37,W,02:14:53,05:29:57,8093,19797,2.2480555555555557,5.4991666666666665,3.2511111111111113,60.18333333333333,1,0,0,0
37,M,02:15:52,05:29:59,8152,19799,2.2644444444444445,5.499722222222222,3.2352777777777777,58.25,0,0,0,0
57,M,02:16:24,05:30:05,8184,19805,2.2733333333333334,5.501388888888889,3.2280555555555557,57.28333333333333,0,0,0,0
37,M,02:15:08,05:30:10,8108,19810,2.252222222222222,5.502777777777778,3.2505555555555556,59.9,0,0,0,0
51,M,02:09:25,05:30:13,7765,19813,2.1569444444444446,5.503611111111111,3.3466666666666667,71.38333333333334,0,0,0,0
45,M,02:27:08,05:30:14,8828,19814,2.4522222222222223,5.503888888888889,3.0516666666666667,35.96666666666667,0,0,0,0
28,M,02:16:02,05:30:17,8162,19817,2.2672222222222222,5.504722222222222,3.2375,58.21666666666667,0,0,0,0
31,W,02:20:13,05:30:19,8413,19819,2.3369444444444443,5.505277777777778,3.1683333333333334,49.88333333333333,1,0,0,0
38,W,02:15:36,05:30:25,8136,19825,2.26,5.506944444444445,3.2469444444444444,59.21666666666667,1,0,0,0
57,M,02:11:58,05:30:26,7918,19826,2.1994444444444445,5.5072222222222225,3.307777777777778,66.5,0,0,0,0
20,W,02:17:23,05:30:27,8243,19827,2.289722222222222,5.5075,3.2177777777777776,55.68333333333333,1,0,0,0
33,W,02:15:39,05:30:27,8139,19827,2.2608333333333333,5.5075,3.2466666666666666,59.15,1,0,0,0
37,M,01:58:05,05:30:29,7085,19829,1.9680555555555554,5.508055555555556,3.54,94.31666666666666,0,0,0,0
50,M,02:12:59,05:30:30,7979,19830,2.216388888888889,5.508333333333334,3.2919444444444443,64.53333333333333,0,0,0,0
36,W,02:19:48,05:30:33,8388,19833,2.33,5.509166666666666,3.1791666666666667,50.95,1,0,0,0
45,M,02:11:08,05:30:35,7868,19835,2.1855555555555557,5.509722222222222,3.3241666666666667,68.31666666666666,0,0,0,0
34,W,02:10:39,05:30:35,7839,19835,2.1775,5.509722222222222,3.332222222222222,69.28333333333333,1,0,0,0
38,M,02:22:53,05:30:35,8573,19835,2.381388888888889,5.509722222222222,3.1283333333333334,44.81666666666667,0,0,0,0
56,M,02:06:42,05:30:36,7602,19836,2.111666666666667,5.51,3.3983333333333334,77.2,0,0,0,0
44,M,02:09:46,05:30:37,7786,19837,2.162777777777778,5.510277777777778,3.3475,71.08333333333333,0,0,0,0
62,M,02:02:14,05:30:37,7334,19837,2.0372222222222223,5.510277777777778,3.4730555555555553,86.15,0,0,0,0
39,M,02:24:32,05:30:44,8672,19844,2.408888888888889,5.512222222222222,3.1033333333333335,41.666666666666664,0,0,0,0
48,W,02:19:03,05:30:48,8343,19848,2.3175,5.513333333333334,3.1958333333333333,52.7,1,0,0,0
51,M,02:16:01,05:30:51,8161,19851,2.2669444444444444,5.514166666666667,3.2472222222222222,58.81666666666667,0,0,0,0
27,M,02:10:05,05:30:51,7805,19851,2.1680555555555556,5.514166666666667,3.346111111111111,70.68333333333334,0,0,0,0
61,W,02:14:09,05:30:54,8049,19854,2.2358333333333333,5.515,3.279166666666667,62.6,1,0,0,0
39,M,02:06:26,05:30:55,7586,19855,2.107222222222222,5.5152777777777775,3.4080555555555554,78.05,0,0,0,0
27,M,02:26:42,05:30:58,8802,19858,2.445,5.516111111111111,3.071111111111111,37.56666666666667,0,0,0,0
37,M,02:13:51,05:30:58,8031,19858,2.2308333333333334,5.516111111111111,3.285277777777778,63.266666666666666,0,0,0,0
31,W,02:19:25,05:31:01,8365,19861,2.323611111111111,5.516944444444444,3.1933333333333334,52.18333333333333,1,0,0,0
30,W,02:21:18,05:31:02,8478,19862,2.355,5.517222222222222,3.1622222222222223,48.43333333333333,1,0,0,0
33,M,02:08:31,05:31:04,7711,19864,2.1419444444444444,5.517777777777778,3.3758333333333335,74.03333333333333,0,0,0,0
39,W,02:18:04,05:31:05,8284,19865,2.301111111111111,5.518055555555556,3.2169444444444446,54.95,1,0,0,0
25,W,02:04:36,05:31:08,7476,19868,2.0766666666666667,5.518888888888889,3.442222222222222,81.93333333333334,1,0,0,0
71,M,02:12:40,05:31:08,7960,19868,2.2111111111111112,5.518888888888889,3.307777777777778,65.8,0,0,0,0
45,M,02:27:57,05:31:12,8877,19872,2.4658333333333333,5.52,3.0541666666666667,35.3,0,0,0,0
47,M,02:17:15,05:31:15,8235,19875,2.2875,5.520833333333333,3.2333333333333334,56.75,0,0,0,0
27,W,02:27:00,05:31:17,8820,19877,2.45,5.521388888888889,3.071388888888889,37.28333333333333,1,0,0,0
44,W,02:21:38,05:31:17,8498,19877,2.3605555555555555,5.521388888888889,3.160833333333333,48.016666666666666,1,0,0,0
29,W,02:22:30,05:31:19,8550,19879,2.375,5.521944444444444,3.1469444444444443,46.31666666666667,1,0,0,0
65,W,02:28:18,05:31:20,8898,19880,2.4716666666666667,5.522222222222222,3.0505555555555555,34.733333333333334,1,0,0,0
21,M,02:00:32,05:31:20,7232,19880,2.008888888888889,5.522222222222222,3.513333333333333,90.26666666666667,0,0,0,0
43,W,02:13:53,05:31:24,8033,19884,2.231388888888889,5.523333333333333,3.2919444444444443,63.63333333333333,1,0,0,0
37,M,02:24:46,05:31:26,8686,19886,2.412777777777778,5.523888888888889,3.111111111111111,41.9,0,0,0,0
66,M,02:08:02,05:31:28,7682,19888,2.133888888888889,5.524444444444445,3.3905555555555558,75.4,0,0,0,0
39,W,02:12:53,05:31:29,7973,19889,2.214722222222222,5.5247222222222225,3.31,65.71666666666667,1,0,0,0
34,W,02:12:06,05:31:33,7926,19893,2.2016666666666667,5.525833333333333,3.3241666666666667,67.35,1,0,0,0
33,M,02:06:25,05:31:37,7585,19897,2.1069444444444443,5.526944444444444,3.42,78.78333333333333,0,0,0,0
34,W,02:07:00,05:31:38,7620,19898,2.1166666666666667,5.527222222222222,3.4105555555555553,77.63333333333334,1,0,0,0
39,W,02:21:53,05:31:41,8513,19901,2.3647222222222224,5.5280555555555555,3.1633333333333336,47.916666666666664,1,0,0,0
49,W,02:24:58,05:31:41,8698,19901,2.4161111111111113,5.5280555555555555,3.1119444444444446,41.75,1,0,0,0
28,M,02:18:00,05:31:44,8280,19904,2.3,5.528888888888889,3.2288888888888887,55.733333333333334,0,0,0,0
35,W,02:22:26,05:31:45,8546,19905,2.3738888888888887,5.529166666666667,3.1552777777777776,46.88333333333333,1,0,0,0
46,M,02:15:01,05:31:51,8101,19911,2.250277777777778,5.530833333333334,3.2805555555555554,61.81666666666667,0,0,0,0
40,W,02:12:33,05:31:58,7953,19918,2.2091666666666665,5.532777777777778,3.323611111111111,66.86666666666666,1,0,0,0
55,W,02:29:20,05:32:00,8960,19920,2.488888888888889,5.533333333333333,3.0444444444444443,33.333333333333336,1,0,0,0
34,M,02:18:04,05:32:01,8284,19921,2.301111111111111,5.533611111111111,3.2325,55.88333333333333,0,0,0,0
45,M,02:20:28,05:32:14,8428,19934,2.341111111111111,5.537222222222222,3.196111111111111,51.3,0,0,0,0
43,W,02:23:43,05:32:14,8623,19934,2.395277777777778,5.537222222222222,3.1419444444444444,44.8,1,0,0,0
28,M,02:19:03,05:32:17,8343,19937,2.3175,5.538055555555555,3.2205555555555554,54.18333333333333,0,0,0,0
39,W,02:07:32,05:32:21,7652,19941,2.1255555555555556,5.539166666666667,3.413611111111111,77.28333333333333,1,0,0,0
46,W,02:23:43,05:32:26,8623,19946,2.395277777777778,5.540555555555556,3.145277777777778,45.0,1,0,0,0
35,M,02:23:13,05:32:30,8593,19950,2.3869444444444445,5.541666666666667,3.1547222222222224,46.06666666666667,0,0,0,0
52,M,02:18:07,05:32:41,8287,19961,2.3019444444444446,5.544722222222222,3.242777777777778,56.45,0,0,0,0
31,M,02:16:53,05:32:44,8213,19964,2.281388888888889,5.545555555555556,3.2641666666666667,58.96666666666667,0,0,0,0
52,M,02:18:33,05:32:44,8313,19964,2.3091666666666666,5.545555555555556,3.236388888888889,55.63333333333333,0,0,0,0
57,M,02:09:02,05:32:45,7742,19965,2.1505555555555556,5.545833333333333,3.395277777777778,74.68333333333334,0,0,0,0
28,W,02:24:32,05:32:47,8672,19967,2.408888888888889,5.546388888888889,3.1375,43.71666666666667,1,0,0,0
41,W,02:16:55,05:32:52,8215,19972,2.2819444444444446,5.547777777777778,3.265833333333333,59.03333333333333,1,0,0,0
51,W,02:23:09,05:32:54,8589,19974,2.3858333333333333,5.548333333333333,3.1625,46.6,1,0,0,0
28,W,02:08:55,05:32:58,7735,19978,2.1486111111111112,5.549444444444444,3.4008333333333334,75.13333333333334,1,0,0,0
40,M,02:15:11,05:33:03,8111,19983,2.2530555555555556,5.550833333333333,3.2977777777777777,62.68333333333333,0,0,0,0
29,M,02:17:15,05:33:06,8235,19986,2.2875,5.551666666666667,3.2641666666666667,58.6,0,0,0,0
37,W,02:21:07,05:33:06,8467,19986,2.3519444444444444,5.551666666666667,3.1997222222222224,50.86666666666667,1,0,0,0
59,M,02:16:47,05:33:06,8207,19986,2.2797222222222224,5.551666666666667,3.2719444444444443,59.53333333333333,0,0,0,0
55,M,02:18:56,05:33:07,8336,19987,2.3155555555555556,5.551944444444445,3.236388888888889,55.25,0,0,0,0
64,M,02:11:50,05:33:08,7910,19988,2.1972222222222224,5.552222222222222,3.355,69.46666666666667,0,0,0,0
43,M,02:01:10,05:33:20,7270,20000,2.0194444444444444,5.555555555555555,3.536111111111111,91.0,0,0,0,0
50,M,02:23:45,05:33:27,8625,20007,2.3958333333333335,5.5575,3.1616666666666666,45.95,0,0,0,0
40,W,02:24:23,05:33:29,8663,20009,2.406388888888889,5.558055555555556,3.151666666666667,44.71666666666667,1,0,0,0
57,M,02:09:47,05:33:33,7787,20013,2.1630555555555557,5.559166666666667,3.3961111111111113,73.98333333333333,0,0,0,0
38,M,02:17:03,05:33:37,8223,20017,2.2841666666666667,5.560277777777777,3.276111111111111,59.516666666666666,0,0,0,0
44,M,02:00:25,05:33:37,7225,20017,2.0069444444444446,5.560277777777777,3.5533333333333332,92.78333333333333,0,0,0,0
41,W,02:20:16,05:33:39,8416,20019,2.3377777777777777,5.560833333333333,3.2230555555555553,53.11666666666667,1,0,0,0
37,M,02:12:23,05:33:41,7943,20021,2.2063888888888887,5.561388888888889,3.355,68.91666666666667,0,0,0,0
40,W,02:13:17,05:33:43,7997,20023,2.221388888888889,5.561944444444444,3.3405555555555555,67.15,1,0,0,0
30,M,02:20:30,05:33:45,8430,20025,2.341666666666667,5.5625,3.220833333333333,52.75,0,0,0,0
47,M,02:20:20,05:33:46,8420,20026,2.338888888888889,5.562777777777778,3.223888888888889,53.1,0,0,0,0
46,W,02:07:24,05:33:47,7644,20027,2.1233333333333335,5.563055555555556,3.439722222222222,78.98333333333333,1,0,0,0
35,M,02:11:52,05:33:47,7912,20027,2.1977777777777776,5.563055555555556,3.3652777777777776,70.05,0,0,0,0
61,M,02:15:13,05:33:47,8113,20027,2.2536111111111112,5.563055555555556,3.3094444444444444,63.35,0,0,0,0
56,M,02:17:38,05:33:48,8258,20028,2.293888888888889,5.5633333333333335,3.2694444444444444,58.53333333333333,0,0,0,0
56,M,02:10:08,05:33:48,7808,20028,2.168888888888889,5.5633333333333335,3.3944444444444444,73.53333333333333,0,0,0,0
23,M,02:21:53,05:33:49,8513,20029,2.3647222222222224,5.563611111111111,3.198888888888889,50.05,0,0,0,0
52,M,02:12:44,05:33:51,7964,20031,2.212222222222222,5.564166666666667,3.3519444444444444,68.38333333333334,0,0,0,0
65,M,02:18:40,05:33:52,8320,20032,2.311111111111111,5.564444444444445,3.2533333333333334,56.53333333333333,0,0,0,0
51,W,02:24:07,05:34:05,8647,20045,2.4019444444444447,5.5680555555555555,3.1661111111111113,45.85,1,0,0,0
36,W,02:26:45,05:34:07,8805,20047,2.4458333333333333,5.568611111111111,3.122777777777778,40.61666666666667,1,0,0,0
33,W,02:16:10,05:34:08,8170,20048,2.2694444444444444,5.568888888888889,3.2994444444444446,61.8,1,0,0,0
65,M,02:31:19,05:34:12,9079,20052,2.5219444444444443,5.57,3.0480555555555555,31.566666666666666,0,0,0,0
46,M,02:27:18,05:34:17,8838,20057,2.455,5.5713888888888885,3.116388888888889,39.68333333333333,0,0,0,0
44,M,02:22:48,05:34:17,8568,20057,2.38,5.5713888888888885,3.191388888888889,48.68333333333333,0,0,0,0
19,M,02:38:52,05:34:19,9532,20059,2.647777777777778,5.571944444444444,2.924166666666667,16.583333333333332,0,0,0,0
29,W,02:22:32,05:34:20,8552,20060,2.3755555555555556,5.572222222222222,3.1966666666666668,49.266666666666666,1,0,0,0
29,W,02:18:22,05:34:26,8302,20066,2.306111111111111,5.573888888888889,3.267777777777778,57.7,1,0,0,0
29,W,02:26:14,05:34:28,8774,20068,2.437222222222222,5.5744444444444445,3.1372222222222224,42.0,1,0,0,0
52,W,02:27:03,05:34:29,8823,20069,2.450833333333333,5.574722222222222,3.1238888888888887,40.38333333333333,1,0,0,0
43,M,02:15:18,05:34:33,8118,20073,2.255,5.575833333333334,3.3208333333333333,63.95,0,0,0,0
30,W,02:22:10,05:34:35,8530,20075,2.3694444444444445,5.576388888888889,3.2069444444444444,50.25,1,0,0,0
42,M,02:21:02,05:34:39,8462,20079,2.3505555555555557,5.5775,3.2269444444444444,52.583333333333336,0,0,0,0
48,W,02:14:39,05:34:41,8079,20081,2.2441666666666666,5.578055555555555,3.3338888888888887,65.38333333333334,1,0,0,0
29,W,02:21:29,05:34:41,8489,20081,2.3580555555555556,5.578055555555555,3.22,51.71666666666667,1,0,0,0
23,M,02:14:00,05:34:43,8040,20083,2.2333333333333334,5.578611111111111,3.3452777777777776,66.71666666666667,0,0,0,0
40,M,02:17:16,05:34:44,8236,20084,2.287777777777778,5.578888888888889,3.2911111111111113,60.2,0,0,0,0
37,M,02:06:56,05:34:48,7616,20088,2.1155555555555554,5.58,3.4644444444444447,80.93333333333334,0,0,0,0
45,W,02:16:58,05:34:49,8218,20089,2.2827777777777776,5.580277777777778,3.2975,60.88333333333333,1,0,0,0
36,M,02:23:27,05:34:50,8607,20090,2.390833333333333,5.580555555555556,3.189722222222222,47.93333333333333,0,0,0,0
26,W,02:03:22,05:34:52,7402,20092,2.056111111111111,5.581111111111111,3.525,88.13333333333334,1,0,0,0
41,W,02:13:21,05:34:56,8001,20096,2.2225,5.582222222222223,3.359722222222222,68.23333333333333,1,0,0,0
44,W,02:19:47,05:35:00,8387,20100,2.3297222222222222,5.583333333333333,3.2536111111111112,55.43333333333333,1,0,0,0
46,W,02:21:07,05:35:00,8467,20100,2.3519444444444444,5.583333333333333,3.231388888888889,52.766666666666666,1,0,0,0
31,W,02:18:19,05:35:01,8299,20101,2.305277777777778,5.583611111111111,3.2783333333333333,58.38333333333333,1,0,0,0
48,M,02:20:38,05:35:02,8438,20102,2.343888888888889,5.583888888888889,3.24,53.766666666666666,0,0,0,0
31,W,02:22:40,05:35:02,8560,20102,2.3777777777777778,5.583888888888889,3.206111111111111,49.7,1,0,0,0
54,M,02:10:40,05:35:03,7840,20103,2.1777777777777776,5.5841666666666665,3.406388888888889,73.71666666666667,0,0,0,0
34,M,02:21:56,05:35:06,8516,20106,2.3655555555555554,5.585,3.2194444444444446,51.233333333333334,0,0,0,0
37,W,02:17:25,05:35:07,8245,20107,2.290277777777778,5.585277777777778,3.295,60.28333333333333,1,0,0,0
45,W,02:21:58,05:35:12,8518,20112,2.366111111111111,5.586666666666667,3.2205555555555554,51.266666666666666,1,0,0,0
37,M,02:15:17,05:35:14,8117,20114,2.254722222222222,5.5872222222222225,3.3325,64.66666666666667,0,0,0,0
28,W,02:16:20,05:35:16,8180,20116,2.272222222222222,5.587777777777778,3.3155555555555556,62.6,1,0,0,0
34,M,02:10:43,05:35:20,7843,20120,2.178611111111111,5.588888888888889,3.410277777777778,73.9,0,0,0,0
57,M,02:17:22,05:35:20,8242,20120,2.2894444444444444,5.588888888888889,3.2994444444444446,60.6,0,0,0,0
50,W,02:28:04,05:35:30,8884,20130,2.4677777777777776,5.591666666666667,3.1238888888888887,39.36666666666667,1,0,0,0
40,M,02:14:11,05:35:32,8051,20132,2.236388888888889,5.592222222222222,3.3558333333333334,67.16666666666667,0,0,0,0
35,W,02:28:35,05:35:36,8915,20136,2.4763888888888888,5.593333333333334,3.1169444444444445,38.43333333333333,1,0,0,0
49,W,02:22:56,05:35:36,8576,20136,2.382222222222222,5.593333333333334,3.2111111111111112,49.733333333333334,1,0,0,0
53,M,02:20:54,05:35:36,8454,20136,2.348333333333333,5.593333333333334,3.245,53.8,0,0,0,0
35,W,02:26:00,05:35:38,8760,20138,2.433333333333333,5.5938888888888885,3.1605555555555553,43.63333333333333,1,0,0,0
33,M,02:20:35,05:35:39,8435,20139,2.3430555555555554,5.594166666666666,3.2511111111111113,54.483333333333334,0,0,0,0
39,M,02:32:07,05:35:40,9127,20140,2.535277777777778,5.594444444444444,3.0591666666666666,31.433333333333334,0,0,0,0
38,M,02:01:45,05:35:42,7305,20142,2.029166666666667,5.595,3.5658333333333334,92.2,0,0,0,0
53,M,02:19:24,05:35:46,8364,20146,2.3233333333333333,5.596111111111111,3.272777777777778,56.96666666666667,0,0,0,0
40,W,02:25:33,05:35:46,8733,20146,2.4258333333333333,5.596111111111111,3.1702777777777778,44.666666666666664,1,0,0,0
51,M,02:11:40,05:35:47,7900,20147,2.1944444444444446,5.596388888888889,3.4019444444444447,72.45,0,0,0,0
57,M,02:21:15,05:35:51,8475,20151,2.3541666666666665,5.5975,3.243333333333333,53.35,0,0,0,0
52,M,02:17:47,05:35:58,8267,20158,2.296388888888889,5.599444444444444,3.3030555555555554,60.4,0,0,0,0
26,W,02:18:12,05:36:02,8292,20162,2.3033333333333332,5.600555555555555,3.297222222222222,59.63333333333333,1,0,0,0
33,W,02:14:20,05:36:03,8060,20163,2.238888888888889,5.600833333333333,3.3619444444444446,67.38333333333334,1,0,0,0
35,M,02:32:00,05:36:05,9120,20165,2.533333333333333,5.601388888888889,3.0680555555555555,32.083333333333336,0,0,0,0
43,W,02:22:34,05:36:05,8554,20165,2.3761111111111113,5.601388888888889,3.225277777777778,50.95,1,0,0,0
42,M,02:20:19,05:36:08,8419,20168,2.338611111111111,5.602222222222222,3.263611111111111,55.5,0,0,0,0
48,M,02:23:04,05:36:09,8584,20169,2.3844444444444446,5.6025,3.2180555555555554,50.016666666666666,0,0,0,0
56,M,02:24:11,05:36:09,8651,20169,2.4030555555555555,5.6025,3.1994444444444445,47.78333333333333,0,0,0,0
55,M,02:13:58,05:36:14,8038,20174,2.2327777777777778,5.603888888888889,3.371111111111111,68.3,0,0,0,0
51,W,02:30:21,05:36:16,9021,20176,2.5058333333333334,5.604444444444445,3.098611111111111,35.56666666666667,1,0,0,0
50,M,02:17:50,05:36:20,8270,20180,2.297222222222222,5.605555555555555,3.308333333333333,60.666666666666664,0,0,0,0
23,W,02:17:16,05:36:27,8236,20187,2.287777777777778,5.6075,3.319722222222222,61.916666666666664,1,0,0,0
41,M,02:14:51,05:36:28,8091,20188,2.2475,5.607777777777778,3.3602777777777777,66.76666666666667,0,0,0,0
49,M,02:22:14,05:36:28,8534,20188,2.3705555555555557,5.607777777777778,3.237222222222222,52.0,0,0,0,0
55,M,02:21:28,05:36:29,8488,20189,2.3577777777777778,5.608055555555556,3.250277777777778,53.55,0,0,0,0
38,W,02:18:48,05:36:29,8328,20189,2.3133333333333335,5.608055555555556,3.294722222222222,58.88333333333333,1,0,0,0
49,W,02:16:37,05:36:31,8197,20191,2.2769444444444447,5.608611111111111,3.3316666666666666,63.28333333333333,1,0,0,0
37,W,02:12:48,05:36:35,7968,20195,2.2133333333333334,5.6097222222222225,3.3963888888888887,70.98333333333333,1,0,0,0
60,M,02:34:42,05:36:36,9282,20196,2.578333333333333,5.61,3.0316666666666667,27.2,0,0,0,0
27,M,02:17:59,05:36:42,8279,20202,2.299722222222222,5.611666666666666,3.3119444444444444,60.733333333333334,0,0,0,0
42,W,02:31:13,05:36:44,9073,20204,2.520277777777778,5.612222222222222,3.0919444444444446,34.3,1,0,0,0
38,W,02:15:45,05:36:45,8145,20205,2.2625,5.6125,3.35,65.25,1,0,0,0
28,W,02:13:26,05:36:46,8006,20206,2.223888888888889,5.612777777777778,3.388888888888889,69.9,1,0,0,0
50,M,02:19:45,05:36:48,8385,20208,2.3291666666666666,5.613333333333333,3.2841666666666667,57.3,0,0,0,0
41,M,02:17:18,05:36:48,8238,20208,2.2883333333333336,5.613333333333333,3.325,62.2,0,0,0,0
42,W,02:16:25,05:36:48,8185,20208,2.2736111111111112,5.613333333333333,3.339722222222222,63.96666666666667,1,0,0,0
24,W,02:26:40,05:36:49,8800,20209,2.4444444444444446,5.613611111111111,3.1691666666666665,43.483333333333334,1,0,0,0
55,M,02:25:38,05:36:51,8738,20211,2.4272222222222224,5.614166666666667,3.1869444444444444,45.583333333333336,0,0,0,0
28,W,02:24:42,05:36:52,8682,20212,2.4116666666666666,5.614444444444445,3.202777777777778,47.46666666666667,1,0,0,0
34,W,02:15:59,05:36:53,8159,20213,2.266388888888889,5.614722222222222,3.348333333333333,64.91666666666667,1,0,0,0
42,M,02:19:21,05:36:59,8361,20219,2.3225,5.616388888888889,3.293888888888889,58.28333333333333,0,0,0,0
38,W,02:21:42,05:37:00,8502,20220,2.361666666666667,5.616666666666666,3.255,53.6,1,0,0,0
33,W,02:29:47,05:37:00,8987,20220,2.4963888888888888,5.616666666666666,3.120277777777778,37.43333333333333,1,0,0,0
33,W,02:23:15,05:37:02,8595,20222,2.3875,5.617222222222222,3.229722222222222,50.53333333333333,1,0,0,0
26,W,02:19:19,05:37:04,8359,20224,2.3219444444444446,5.6177777777777775,3.2958333333333334,58.43333333333333,1,0,0,0
32,M,02:05:07,05:37:07,7507,20227,2.085277777777778,5.618611111111111,3.533333333333333,86.88333333333334,0,0,0,0
46,M,02:25:53,05:37:19,8753,20239,2.431388888888889,5.621944444444445,3.1905555555555556,45.55,0,0,0,0
31,M,02:16:39,05:37:20,8199,20240,2.2775,5.622222222222222,3.3447222222222224,64.03333333333333,0,0,0,0
46,W,02:17:13,05:37:21,8233,20241,2.2869444444444444,5.6225,3.3355555555555556,62.916666666666664,1,0,0,0
56,W,02:24:48,05:37:21,8688,20241,2.4133333333333336,5.6225,3.2091666666666665,47.75,1,0,0,0
61,M,02:36:38,05:37:24,9398,20244,2.6105555555555555,5.623333333333333,3.012777777777778,24.133333333333333,0,0,0,0
37,W,02:21:51,05:37:25,8511,20245,2.3641666666666667,5.623611111111111,3.2594444444444446,53.71666666666667,1,0,0,0
27,M,02:14:13,05:37:36,8053,20256,2.2369444444444446,5.626666666666667,3.3897222222222223,69.16666666666667,0,0,0,0
44,M,02:22:38,05:37:39,8558,20259,2.377222222222222,5.6275,3.250277777777778,52.38333333333333,0,0,0,0
40,W,02:28:21,05:37:41,8901,20261,2.4725,5.628055555555555,3.1555555555555554,40.983333333333334,1,0,0,0
49,M,02:16:50,05:37:50,8210,20270,2.2805555555555554,5.6305555555555555,3.35,64.16666666666667,0,0,0,0
51,M,02:20:30,05:37:51,8430,20271,2.341666666666667,5.630833333333333,3.2891666666666666,56.85,0,0,0,0
23,W,02:23:24,05:37:54,8604,20274,2.39,5.631666666666667,3.2416666666666667,51.1,1,0,0,0
45,W,02:11:59,05:37:59,7919,20279,2.1997222222222224,5.633055555555556,3.433333333333333,74.01666666666667,1,0,0,0
53,W,02:09:38,05:38:00,7778,20280,2.1605555555555553,5.633333333333334,3.472777777777778,78.73333333333333,1,0,0,0
44,W,02:20:41,05:38:02,8441,20282,2.3447222222222224,5.6338888888888885,3.2891666666666666,56.666666666666664,1,0,0,0
52,M,02:13:41,05:38:08,8021,20288,2.2280555555555557,5.635555555555555,3.4075,70.76666666666667,0,0,0,0
41,M,02:28:50,05:38:11,8930,20291,2.4805555555555556,5.636388888888889,3.1558333333333333,40.516666666666666,0,0,0,0
46,M,02:13:07,05:38:18,7987,20298,2.218611111111111,5.638333333333334,3.419722222222222,72.06666666666666,0,0,0,0
31,M,02:15:34,05:38:26,8134,20306,2.2594444444444446,5.640555555555555,3.381111111111111,67.3,0,0,0,0
47,W,02:19:33,05:38:27,8373,20307,2.325833333333333,5.640833333333333,3.315,59.35,1,0,0,0
46,M,02:29:13,05:38:35,8953,20315,2.4869444444444446,5.643055555555556,3.156111111111111,40.15,0,0,0,0
47,W,02:22:32,05:38:37,8552,20317,2.3755555555555556,5.643611111111111,3.2680555555555557,53.55,1,0,0,0
55,M,02:19:12,05:38:39,8352,20319,2.32,5.644166666666667,3.3241666666666667,60.25,0,0,0,0
57,M,02:25:58,05:38:45,8758,20325,2.432777777777778,5.645833333333333,3.2130555555555556,46.81666666666667,0,0,0,0
26,W,02:25:36,05:38:45,8736,20325,2.4266666666666667,5.645833333333333,3.2191666666666667,47.55,1,0,0,0
38,W,02:15:20,05:38:51,8120,20331,2.2555555555555555,5.6475,3.3919444444444444,68.18333333333334,1,0,0,0
51,M,02:29:11,05:38:52,8951,20332,2.486388888888889,5.647777777777778,3.161388888888889,40.5,0,0,0,0
24,M,02:19:40,05:38:55,8380,20335,2.327777777777778,5.648611111111111,3.3208333333333333,59.583333333333336,0,0,0,0
38,M,02:12:28,05:38:57,7948,20337,2.207777777777778,5.649166666666667,3.441388888888889,74.01666666666667,0,0,0,0
42,W,02:12:56,05:39:06,7976,20346,2.2155555555555555,5.651666666666666,3.436111111111111,73.23333333333333,1,0,0,0
39,W,02:20:21,05:39:07,8421,20347,2.339166666666667,5.651944444444444,3.312777777777778,58.416666666666664,1,0,0,0
69,M,02:27:42,05:39:08,8862,20348,2.4616666666666664,5.652222222222222,3.1905555555555556,43.733333333333334,0,0,0,0
55,M,01:55:45,05:39:19,6945,20359,1.9291666666666667,5.655277777777778,3.726111111111111,107.81666666666666,0,0,0,0
47,M,02:27:11,05:39:20,8831,20360,2.4530555555555558,5.655555555555556,3.2025,44.96666666666667,0,0,0,0
41,W,02:12:53,05:39:22,7973,20362,2.214722222222222,5.6561111111111115,3.441388888888889,73.6,1,0,0,0
45,M,02:11:56,05:39:29,7916,20369,2.198888888888889,5.658055555555555,3.4591666666666665,75.61666666666666,0,0,0,0
60,M,02:03:43,05:39:33,7423,20373,2.0619444444444444,5.659166666666667,3.5972222222222223,92.11666666666666,0,0,0,0
53,M,02:17:30,05:39:36,8250,20376,2.2916666666666665,5.66,3.368333333333333,64.6,0,0,0,0
43,M,02:19:25,05:39:37,8365,20377,2.323611111111111,5.660277777777778,3.3366666666666664,60.78333333333333,0,0,0,0
31,M,02:17:31,05:39:39,8251,20379,2.2919444444444443,5.660833333333334,3.368888888888889,64.61666666666666,0,0,0,0
30,M,02:29:01,05:39:39,8941,20379,2.483611111111111,5.660833333333334,3.1772222222222224,41.61666666666667,0,0,0,0
31,M,02:22:01,05:39:41,8521,20381,2.3669444444444445,5.661388888888889,3.2944444444444443,55.65,0,0,0,0
28,M,02:17:35,05:39:50,8255,20390,2.2930555555555556,5.663888888888889,3.370833333333333,64.66666666666667,0,0,0,0
36,M,02:26:49,05:39:56,8809,20396,2.4469444444444446,5.665555555555556,3.218611111111111,46.3,0,0,0,0
23,M,02:14:50,05:40:06,8090,20406,2.2472222222222222,5.668333333333333,3.421111111111111,70.43333333333334,0,0,0,0
41,W,02:21:35,05:40:06,8495,20406,2.359722222222222,5.668333333333333,3.308611111111111,56.93333333333333,1,0,0,0
28,W,02:14:52,05:40:08,8092,20408,2.247777777777778,5.668888888888889,3.421111111111111,70.4,1,0,0,0
28,M,02:36:49,05:40:10,9409,20410,2.613611111111111,5.669444444444444,3.055833333333333,26.533333333333335,0,0,0,0
40,W,02:16:35,05:40:11,8195,20411,2.276388888888889,5.669722222222222,3.3933333333333335,67.01666666666667,1,0,0,0
43,W,02:21:09,05:40:17,8469,20417,2.3525,5.671388888888889,3.318888888888889,57.983333333333334,1,0,0,0
39,M,02:21:03,05:40:18,8463,20418,2.3508333333333336,5.671666666666667,3.3208333333333333,58.2,0,0,0,0
37,M,02:17:34,05:40:19,8254,20419,2.292777777777778,5.671944444444445,3.379166666666667,65.18333333333334,0,0,0,0
56,W,02:21:43,05:40:27,8503,20427,2.3619444444444446,5.674166666666666,3.312222222222222,57.016666666666666,1,0,0,0
62,M,02:17:38,05:40:28,8258,20428,2.293888888888889,5.674444444444444,3.3805555555555555,65.2,0,0,0,0
50,M,02:20:57,05:40:31,8457,20431,2.3491666666666666,5.675277777777778,3.326111111111111,58.61666666666667,0,0,0,0
28,M,02:36:24,05:40:46,9384,20446,2.6066666666666665,5.679444444444444,3.0727777777777776,27.966666666666665,0,0,0,0
67,W,02:22:04,05:40:52,8524,20452,2.367777777777778,5.681111111111111,3.3133333333333335,56.733333333333334,1,0,0,0
42,W,02:18:19,05:40:56,8299,20456,2.305277777777778,5.682222222222222,3.3769444444444443,64.3,1,0,0,0
29,W,02:24:33,05:40:58,8673,20458,2.4091666666666667,5.682777777777778,3.2736111111111112,51.86666666666667,1,0,0,0
53,M,02:32:26,05:40:59,9146,20459,2.5405555555555557,5.683055555555556,3.1425,36.11666666666667,0,0,0,0
43,M,02:17:25,05:41:00,8245,20460,2.290277777777778,5.683333333333334,3.3930555555555557,66.16666666666667,0,0,0,0
39,W,02:14:22,05:41:00,8062,20460,2.2394444444444446,5.683333333333334,3.443888888888889,72.26666666666667,1,0,0,0
59,W,02:27:28,05:41:04,8848,20464,2.457777777777778,5.684444444444445,3.2266666666666666,46.13333333333333,1,0,0,0
54,M,02:15:52,05:41:07,8152,20467,2.2644444444444445,5.685277777777777,3.4208333333333334,69.38333333333334,0,0,0,0
39,W,02:22:01,05:41:08,8521,20468,2.3669444444444445,5.685555555555555,3.318611111111111,57.1,1,0,0,0
37,W,02:17:40,05:41:09,8260,20469,2.2944444444444443,5.685833333333333,3.391388888888889,65.81666666666666,1,0,0,0
27,W,02:24:13,05:41:10,8653,20470,2.403611111111111,5.686111111111111,3.2825,52.733333333333334,1,0,0,0
41,W,02:35:35,05:41:17,9335,20477,2.5930555555555554,5.688055555555556,3.095,30.116666666666667,1,0,0,0
45,W,02:17:40,05:41:18,8260,20478,2.2944444444444443,5.6883333333333335,3.3938888888888887,65.96666666666667,1,0,0,0
36,W,02:27:50,05:41:23,8870,20483,2.463888888888889,5.689722222222223,3.2258333333333336,45.71666666666667,1,0,0,0
41,M,02:17:21,05:41:25,8241,20485,2.2891666666666666,5.690277777777778,3.401111111111111,66.71666666666667,0,0,0,0
37,W,02:22:00,05:41:27,8520,20487,2.3666666666666667,5.690833333333333,3.3241666666666667,57.45,1,0,0,0
33,M,02:33:06,05:41:39,9186,20499,2.5516666666666667,5.694166666666667,3.1425,35.45,0,0,0,0
25,M,02:22:05,05:41:40,8525,20500,2.3680555555555554,5.694444444444445,3.326388888888889,57.5,0,0,0,0
58,M,02:17:37,05:41:44,8257,20504,2.2936111111111113,5.695555555555556,3.4019444444444447,66.5,0,0,0,0
53,M,02:21:18,05:41:53,8478,20513,2.355,5.698055555555555,3.3430555555555554,59.28333333333333,0,0,0,0
39,M,02:28:02,05:41:57,8882,20517,2.4672222222222224,5.699166666666667,3.2319444444444443,45.88333333333333,0,0,0,0
58,M,02:20:42,05:41:58,8442,20518,2.345,5.6994444444444445,3.3544444444444443,60.56666666666667,0,0,0,0
29,W,02:22:28,05:42:04,8548,20524,2.3744444444444444,5.7011111111111115,3.3266666666666667,57.13333333333333,1,0,0,0
26,M,02:14:15,05:42:10,8055,20530,2.2375,5.7027777777777775,3.4652777777777777,73.66666666666667,0,0,0,0
29,W,02:20:05,05:42:12,8405,20532,2.334722222222222,5.703333333333333,3.368611111111111,62.03333333333333,1,0,0,0
49,M,02:23:30,05:42:14,8610,20534,2.3916666666666666,5.703888888888889,3.312222222222222,55.233333333333334,0,0,0,0
36,M,02:26:07,05:42:15,8767,20535,2.435277777777778,5.704166666666667,3.2688888888888887,50.016666666666666,0,0,0,0
59,M,02:26:14,05:42:16,8774,20536,2.437222222222222,5.704444444444444,3.2672222222222222,49.8,0,0,0,0
37,W,02:21:01,05:42:17,8461,20537,2.350277777777778,5.704722222222222,3.3544444444444443,60.25,1,0,0,0
35,W,02:23:00,05:42:24,8580,20544,2.3833333333333333,5.706666666666667,3.3233333333333333,56.4,1,0,0,0
29,W,02:22:55,05:42:26,8575,20546,2.3819444444444446,5.707222222222223,3.325277777777778,56.6,1,0,0,0
41,W,02:22:53,05:42:30,8573,20550,2.381388888888889,5.708333333333333,3.3269444444444445,56.733333333333334,1,0,0,0
55,M,02:03:11,05:42:31,7391,20551,2.0530555555555554,5.708611111111111,3.6555555555555554,96.15,0,0,0,0
26,W,02:29:52,05:42:34,8992,20554,2.497777777777778,5.709444444444444,3.2116666666666664,42.833333333333336,1,0,0,0
36,M,02:22:09,05:42:40,8529,20560,2.3691666666666666,5.711111111111111,3.3419444444444446,58.36666666666667,0,0,0,0
47,M,02:18:13,05:42:43,8293,20563,2.303611111111111,5.711944444444445,3.408333333333333,66.28333333333333,0,0,0,0
38,W,02:24:19,05:42:43,8659,20563,2.4052777777777776,5.711944444444445,3.3066666666666666,54.083333333333336,1,0,0,0
35,M,02:15:42,05:42:49,8142,20569,2.2616666666666667,5.713611111111111,3.4519444444444445,71.41666666666667,0,0,0,0
67,M,02:21:48,05:42:50,8508,20570,2.3633333333333333,5.713888888888889,3.3505555555555557,59.233333333333334,0,0,0,0
54,M,02:17:36,05:43:04,8256,20584,2.2933333333333334,5.717777777777778,3.4244444444444446,67.86666666666666,0,0,0,0
31,W,02:29:49,05:43:09,8989,20589,2.4969444444444444,5.719166666666666,3.2222222222222223,43.516666666666666,1,0,0,0
29,W,02:21:31,05:43:10,8491,20590,2.358611111111111,5.719444444444444,3.3608333333333333,60.13333333333333,1,0,0,0
59,M,02:21:26,05:43:24,8486,20604,2.357222222222222,5.723333333333334,3.366111111111111,60.53333333333333,0,0,0,0
29,W,02:14:41,05:43:27,8081,20607,2.2447222222222223,5.724166666666667,3.4794444444444443,74.08333333333333,1,0,0,0
32,W,02:25:46,05:43:36,8746,20616,2.4294444444444445,5.726666666666667,3.297222222222222,52.06666666666667,1,0,0,0
46,W,02:20:48,05:43:38,8448,20618,2.3466666666666667,5.727222222222222,3.3805555555555555,62.03333333333333,1,0,0,0
38,W,02:16:36,05:43:42,8196,20622,2.276666666666667,5.7283333333333335,3.4516666666666667,70.5,1,0,0,0
37,M,02:18:55,05:43:43,8335,20623,2.3152777777777778,5.728611111111111,3.4133333333333336,65.88333333333334,0,0,0,0
41,M,02:24:19,05:43:47,8659,20627,2.4052777777777776,5.729722222222223,3.3244444444444445,55.15,0,0,0,0
25,W,02:16:45,05:43:48,8205,20628,2.279166666666667,5.73,3.450833333333333,70.3,1,0,0,0
58,W,02:38:11,05:43:50,9491,20630,2.636388888888889,5.730555555555555,3.0941666666666667,27.466666666666665,1,0,0,0
68,M,02:32:06,05:44:05,9126,20645,2.535,5.7347222222222225,3.1997222222222224,39.88333333333333,0,0,0,0
61,M,02:26:07,05:44:07,8767,20647,2.435277777777778,5.735277777777778,3.3,51.88333333333333,0,0,0,0
48,M,02:20:40,05:44:08,8440,20648,2.3444444444444446,5.735555555555556,3.391111111111111,62.8,0,0,0,0
30,M,02:20:40,05:44:09,8440,20649,2.3444444444444446,5.735833333333333,3.391388888888889,62.81666666666667,0,0,0,0
52,W,02:20:35,05:44:10,8435,20650,2.3430555555555554,5.736111111111111,3.3930555555555557,63.0,1,0,0,0
30,W,02:26:58,05:44:11,8818,20651,2.4494444444444445,5.7363888888888885,3.2869444444444444,50.25,1,0,0,0
50,M,02:06:05,05:44:12,7565,20652,2.1013888888888888,5.736666666666666,3.6352777777777776,92.03333333333333,0,0,0,0
26,W,02:18:37,05:44:16,8317,20656,2.310277777777778,5.737777777777778,3.4275,67.03333333333333,1,0,0,0
50,M,02:17:03,05:44:23,8223,20663,2.2841666666666667,5.739722222222222,3.4555555555555557,70.28333333333333,0,0,0,0
47,M,02:18:37,05:44:24,8317,20664,2.310277777777778,5.74,3.4297222222222223,67.16666666666667,0,0,0,0
31,M,02:19:56,05:44:25,8396,20665,2.332222222222222,5.740277777777778,3.4080555555555554,64.55,0,0,0,0
38,W,02:13:41,05:44:26,8021,20666,2.2280555555555557,5.740555555555556,3.5125,77.06666666666666,1,0,0,0
48,M,02:15:06,05:44:28,8106,20668,2.2516666666666665,5.7411111111111115,3.4894444444444446,74.26666666666667,0,0,0,0
44,M,02:21:27,05:44:29,8487,20669,2.3575,5.741388888888889,3.383888888888889,61.583333333333336,0,0,0,0
54,M,02:12:15,05:44:31,7935,20671,2.2041666666666666,5.741944444444444,3.537777777777778,80.01666666666667,0,0,0,0
51,M,02:12:40,05:44:34,7960,20674,2.2111111111111112,5.7427777777777775,3.5316666666666667,79.23333333333333,0,0,0,0
28,M,02:20:42,05:44:35,8442,20675,2.345,5.743055555555555,3.3980555555555556,63.18333333333333,0,0,0,0
52,M,02:23:47,05:44:38,8627,20678,2.3963888888888887,5.743888888888889,3.3475,57.06666666666667,0,0,0,0
40,W,02:25:09,05:44:40,8709,20680,2.4191666666666665,5.7444444444444445,3.325277777777778,54.36666666666667,1,0,0,0
64,M,02:14:26,05:44:44,8066,20684,2.2405555555555554,5.745555555555556,3.505,75.86666666666666,0,0,0,0
41,M,02:18:53,05:44:48,8333,20688,2.314722222222222,5.746666666666667,3.4319444444444445,67.03333333333333,0,0,0,0
48,M,02:19:53,05:44:48,8393,20688,2.3313888888888887,5.746666666666667,3.415277777777778,65.03333333333333,0,0,0,0
37,W,02:20:12,05:44:52,8412,20692,2.3366666666666664,5.747777777777777,3.411111111111111,64.46666666666667,1,0,0,0
60,W,02:26:21,05:44:54,8781,20694,2.4391666666666665,5.748333333333333,3.3091666666666666,52.2,1,0,0,0
32,W,02:17:48,05:44:54,8268,20694,2.296666666666667,5.748333333333333,3.4516666666666667,69.3,1,0,0,0
35,M,02:18:23,05:44:55,8303,20695,2.306388888888889,5.748611111111111,3.442222222222222,68.15,0,0,0,0
62,W,02:44:51,05:44:58,9891,20698,2.7475,5.749444444444444,3.0019444444444443,15.266666666666667,1,0,0,0
56,M,02:22:55,05:44:59,8575,20699,2.3819444444444446,5.749722222222222,3.367777777777778,59.15,0,0,0,0
30,W,02:23:42,05:45:05,8622,20705,2.395,5.751388888888889,3.356388888888889,57.68333333333333,1,0,0,0
38,M,02:35:52,05:45:05,9352,20705,2.597777777777778,5.751388888888889,3.153611111111111,33.35,0,0,0,0
58,M,02:13:58,05:45:14,8038,20714,2.2327777777777778,5.753888888888889,3.5211111111111113,77.3,0,0,0,0
48,M,02:19:23,05:45:16,8363,20716,2.3230555555555554,5.754444444444444,3.431388888888889,66.5,0,0,0,0
54,W,02:09:54,05:45:16,7794,20716,2.165,5.754444444444444,3.5894444444444447,85.46666666666667,1,0,0,0
29,W,02:25:53,05:45:19,8753,20719,2.431388888888889,5.755277777777778,3.323888888888889,53.55,1,0,0,0
39,W,02:18:28,05:45:23,8308,20723,2.307777777777778,5.756388888888889,3.448611111111111,68.45,1,0,0,0
63,M,02:29:32,05:45:23,8972,20723,2.4922222222222223,5.756388888888889,3.2641666666666667,46.31666666666667,0,0,0,0
34,M,02:13:13,05:45:24,7993,20724,2.2202777777777776,5.756666666666667,3.536388888888889,78.96666666666667,0,0,0,0
53,M,02:01:01,05:45:29,7261,20729,2.0169444444444444,5.758055555555556,3.741111111111111,103.45,0,0,0,0
37,M,02:16:37,05:45:35,8197,20735,2.2769444444444447,5.759722222222222,3.4827777777777778,72.35,0,0,0,0
49,W,02:23:18,05:45:43,8598,20743,2.388333333333333,5.7619444444444445,3.373611111111111,59.11666666666667,1,0,0,0
24,M,02:13:07,05:45:47,7987,20747,2.218611111111111,5.763055555555556,3.5444444444444443,79.55,0,0,0,0
27,W,02:32:49,05:45:49,9169,20749,2.5469444444444442,5.7636111111111115,3.216666666666667,40.18333333333333,1,0,0,0
53,M,02:26:15,05:45:52,8775,20752,2.4375,5.764444444444444,3.3269444444444445,53.36666666666667,0,0,0,0
35,W,02:32:00,05:46:00,9120,20760,2.533333333333333,5.766666666666667,3.2333333333333334,42.0,1,0,0,0
36,W,02:22:26,05:46:05,8546,20765,2.3738888888888887,5.768055555555556,3.3941666666666666,61.21666666666667,1,0,0,0
36,M,02:24:22,05:46:09,8662,20769,2.406111111111111,5.769166666666667,3.3630555555555555,57.416666666666664,0,0,0,0
50,M,02:25:24,05:46:14,8724,20774,2.4233333333333333,5.770555555555555,3.3472222222222223,55.43333333333333,0,0,0,0
28,W,02:29:39,05:46:17,8979,20777,2.4941666666666666,5.771388888888889,3.277222222222222,46.983333333333334,1,0,0,0
38,W,02:28:26,05:46:22,8906,20782,2.473888888888889,5.772777777777778,3.298888888888889,49.5,1,0,0,0
49,M,02:09:36,05:46:23,7776,20783,2.16,5.773055555555556,3.6130555555555555,87.18333333333334,0,0,0,0
45,W,02:28:54,05:46:26,8934,20786,2.4816666666666665,5.773888888888889,3.292222222222222,48.63333333333333,1,0,0,0
40,W,02:31:18,05:46:30,9078,20790,2.5216666666666665,5.775,3.2533333333333334,43.9,1,0,0,0
29,W,02:30:22,05:46:31,9022,20791,2.506111111111111,5.775277777777778,3.2691666666666666,45.78333333333333,1,0,0,0
48,M,02:17:00,05:46:33,8220,20793,2.283333333333333,5.775833333333333,3.4925,72.55,0,0,0,0
18,W,02:19:47,05:46:34,8387,20794,2.3297222222222222,5.776111111111111,3.446388888888889,67.0,1,0,0,0
60,M,02:33:42,05:46:35,9222,20795,2.5616666666666665,5.776388888888889,3.214722222222222,39.18333333333333,0,0,0,0
48,M,02:14:17,05:46:37,8057,20797,2.2380555555555555,5.776944444444444,3.5388888888888888,78.05,0,0,0,0
53,M,02:19:43,05:46:38,8383,20798,2.328611111111111,5.777222222222222,3.448611111111111,67.2,0,0,0,0
50,M,02:14:38,05:46:40,8078,20800,2.243888888888889,5.777777777777778,3.533888888888889,77.4,0,0,0,0
39,W,02:25:32,05:46:57,8732,20817,2.4255555555555555,5.7825,3.3569444444444443,55.88333333333333,1,0,0,0
61,M,02:09:27,05:47:00,7767,20820,2.1575,5.783333333333333,3.6258333333333335,88.1,0,0,0,0
23,W,02:21:23,05:47:05,8483,20825,2.356388888888889,5.784722222222222,3.4283333333333332,64.31666666666666,1,0,0,0
52,M,02:21:54,05:47:08,8514,20828,2.365,5.785555555555556,3.4205555555555556,63.333333333333336,0,0,0,0
19,W,02:18:26,05:47:13,8306,20833,2.3072222222222223,5.786944444444444,3.479722222222222,70.35,1,0,0,0
34,W,02:19:34,05:47:17,8374,20837,2.326111111111111,5.788055555555555,3.4619444444444443,68.15,1,0,0,0
56,W,02:30:09,05:47:17,9009,20837,2.5025,5.788055555555555,3.2855555555555553,46.983333333333334,1,0,0,0
57,M,02:24:59,05:47:20,8699,20840,2.4163888888888887,5.788888888888889,3.3725,57.36666666666667,0,0,0,0
36,M,02:18:16,05:47:22,8296,20842,2.3044444444444445,5.789444444444444,3.485,70.83333333333333,0,0,0,0
44,M,02:24:14,05:47:25,8654,20845,2.403888888888889,5.790277777777778,3.386388888888889,58.95,0,0,0,0
52,W,02:31:40,05:47:28,9100,20848,2.5277777777777777,5.791111111111111,3.263333333333333,44.13333333333333,1,0,0,0
37,W,02:23:41,05:47:32,8621,20852,2.394722222222222,5.792222222222223,3.3975,60.166666666666664,1,0,0,0
24,W,02:36:19,05:47:32,9379,20852,2.605277777777778,5.792222222222223,3.1869444444444444,34.9,1,0,0,0
44,M,02:30:41,05:47:42,9041,20862,2.511388888888889,5.795,3.283611111111111,46.333333333333336,0,0,0,0
51,M,02:13:42,05:47:45,8022,20865,2.2283333333333335,5.795833333333333,3.5675,80.35,0,0,0,0
37,W,02:24:41,05:47:46,8681,20866,2.411388888888889,5.796111111111111,3.3847222222222224,58.4,1,0,0,0
49,W,02:19:36,05:47:53,8376,20873,2.3266666666666667,5.798055555555556,3.471388888888889,68.68333333333334,1,0,0,0
39,W,02:32:41,05:47:54,9161,20874,2.544722222222222,5.798333333333333,3.2536111111111112,42.53333333333333,1,0,0,0
40,W,02:19:53,05:47:59,8393,20879,2.3313888888888887,5.799722222222222,3.4683333333333333,68.21666666666667,1,0,0,0
59,M,02:20:38,05:48:01,8438,20881,2.343888888888889,5.800277777777778,3.4563888888888887,66.75,0,0,0,0
43,W,02:22:39,05:48:02,8559,20882,2.3775,5.8005555555555555,3.4230555555555555,62.733333333333334,1,0,0,0
43,W,02:27:37,05:48:04,8857,20884,2.460277777777778,5.801111111111111,3.3408333333333333,52.833333333333336,1,0,0,0
49,W,02:25:00,05:48:06,8700,20886,2.4166666666666665,5.801666666666667,3.385,58.1,1,0,0,0
33,W,02:29:32,05:48:09,8972,20889,2.4922222222222223,5.8025,3.310277777777778,49.083333333333336,1,0,0,0
44,M,02:15:49,05:48:12,8149,20892,2.263611111111111,5.803333333333334,3.539722222222222,76.56666666666666,0,0,0,0
28,W,02:08:09,05:48:19,7689,20899,2.1358333333333333,5.8052777777777775,3.6694444444444443,92.01666666666667,1,0,0,0
37,W,02:28:57,05:48:25,8937,20905,2.4825,5.8069444444444445,3.3244444444444445,50.516666666666666,1,0,0,0
24,M,02:20:45,05:48:27,8445,20907,2.345833333333333,5.8075,3.4616666666666664,66.95,0,0,0,0
62,M,02:26:12,05:48:33,8772,20913,2.4366666666666665,5.809166666666667,3.3725,56.15,0,0,0,0
22,W,02:10:33,05:48:34,7833,20914,2.1758333333333333,5.809444444444445,3.633611111111111,87.46666666666667,1,0,0,0
46,W,02:26:05,05:48:35,8765,20915,2.4347222222222222,5.809722222222222,3.375,56.416666666666664,1,0,0,0
38,W,02:28:39,05:48:37,8919,20917,2.4775,5.810277777777777,3.332777777777778,51.31666666666667,1,0,0,0
45,W,02:26:23,05:48:38,8783,20918,2.439722222222222,5.810555555555555,3.370833333333333,55.86666666666667,1,0,0,0
50,M,02:29:11,05:48:42,8951,20922,2.486388888888889,5.8116666666666665,3.325277777777778,50.333333333333336,0,0,0,0
26,W,02:29:32,05:48:43,8972,20923,2.4922222222222223,5.811944444444444,3.319722222222222,49.65,1,0,0,0
32,M,02:24:06,05:48:43,8646,20923,2.401666666666667,5.811944444444444,3.410277777777778,60.516666666666666,0,0,0,0
57,M,02:24:37,05:48:46,8677,20926,2.410277777777778,5.812777777777778,3.4025,59.53333333333333,0,0,0,0
32,M,02:27:56,05:48:47,8876,20927,2.4655555555555555,5.813055555555556,3.3475,52.916666666666664,0,0,0,0
51,M,02:12:12,05:48:54,7932,20934,2.203333333333333,5.815,3.611666666666667,84.5,0,0,0,0
47,M,02:14:45,05:48:54,8085,20934,2.245833333333333,5.815,3.569166666666667,79.4,0,0,0,0
45,W,02:35:18,05:48:54,9318,20934,2.5883333333333334,5.815,3.2266666666666666,38.3,1,0,0,0
53,W,02:19:06,05:48:55,8346,20935,2.3183333333333334,5.815277777777778,3.4969444444444444,70.71666666666667,1,0,0,0
64,W,02:31:19,05:48:56,9079,20936,2.5219444444444443,5.815555555555555,3.2936111111111113,46.3,1,0,0,0
53,M,02:20:01,05:48:58,8401,20938,2.3336111111111113,5.816111111111111,3.4825,68.93333333333334,0,0,0,0
41,W,02:27:20,05:49:02,8840,20942,2.4555555555555557,5.817222222222222,3.361666666666667,54.36666666666667,1,0,0,0
45,M,02:15:30,05:49:13,8130,20953,2.2583333333333333,5.820277777777778,3.5619444444444444,78.21666666666667,0,0,0,0
33,M,02:20:33,05:49:13,8433,20953,2.3425,5.820277777777778,3.477777777777778,68.11666666666666,0,0,0,0
38,W,02:16:40,05:49:16,8200,20956,2.2777777777777777,5.821111111111111,3.5433333333333334,75.93333333333334,1,0,0,0
34,W,02:20:27,05:49:22,8427,20962,2.3408333333333333,5.822777777777778,3.4819444444444443,68.46666666666667,1,0,0,0
42,M,02:05:33,05:49:23,7533,20963,2.0925,5.823055555555555,3.7305555555555556,98.28333333333333,0,0,0,0
40,W,02:46:11,05:49:28,9971,20968,2.769722222222222,5.8244444444444445,3.0547222222222223,17.1,1,0,0,0
38,W,02:19:28,05:49:30,8368,20970,2.3244444444444445,5.825,3.5005555555555556,70.56666666666666,1,0,0,0
34,M,02:09:28,05:49:31,7768,20971,2.1577777777777776,5.825277777777778,3.6675,90.58333333333333,0,0,0,0
49,M,02:31:15,05:49:33,9075,20973,2.5208333333333335,5.825833333333334,3.305,47.05,0,0,0,0
44,W,02:21:29,05:49:43,8489,20983,2.3580555555555556,5.828611111111111,3.4705555555555554,66.75,1,0,0,0
25,M,02:15:46,05:49:43,8146,20983,2.262777777777778,5.828611111111111,3.5658333333333334,78.18333333333334,0,0,0,0
29,W,02:34:12,05:49:45,9252,20985,2.57,5.829166666666667,3.2591666666666668,41.35,1,0,0,0
55,M,02:17:23,05:49:53,8243,20993,2.289722222222222,5.831388888888889,3.5416666666666665,75.11666666666666,0,0,0,0
75,M,02:27:19,05:49:54,8839,20994,2.455277777777778,5.831666666666667,3.376388888888889,55.266666666666666,0,0,0,0
36,M,02:07:44,05:49:56,7664,20996,2.128888888888889,5.832222222222223,3.703333333333333,94.46666666666667,0,0,0,0
47,M,02:15:57,05:50:04,8157,21004,2.265833333333333,5.834444444444444,3.568611111111111,78.16666666666667,0,0,0,0
43,M,02:33:50,05:50:05,9230,21005,2.563888888888889,5.834722222222222,3.2708333333333335,42.416666666666664,0,0,0,0
54,M,02:18:08,05:50:05,8288,21005,2.3022222222222224,5.834722222222222,3.5325,73.81666666666666,0,0,0,0
27,M,02:17:49,05:50:05,8269,21005,2.2969444444444442,5.834722222222222,3.537777777777778,74.45,0,0,0,0
45,M,02:17:35,05:50:07,8255,21007,2.2930555555555556,5.835277777777778,3.542222222222222,74.95,0,0,0,0
46,W,02:23:08,05:50:08,8588,21008,2.3855555555555554,5.835555555555556,3.45,63.86666666666667,1,0,0,0
55,W,02:25:09,05:50:08,8709,21008,2.4191666666666665,5.835555555555556,3.4163888888888887,59.833333333333336,1,0,0,0
37,M,02:29:04,05:50:10,8944,21010,2.4844444444444442,5.836111111111111,3.3516666666666666,52.03333333333333,0,0,0,0
40,W,02:19:52,05:50:12,8392,21012,2.331111111111111,5.836666666666667,3.5055555555555555,70.46666666666667,1,0,0,0
45,M,02:19:50,05:50:14,8390,21014,2.3305555555555557,5.8372222222222225,3.506666666666667,70.56666666666666,0,0,0,0
32,W,02:05:25,05:50:21,7525,21021,2.0902777777777777,5.839166666666666,3.7488888888888887,99.51666666666667,1,0,0,0
24,W,02:26:46,05:50:28,8806,21028,2.446111111111111,5.841111111111111,3.395,56.93333333333333,1,0,0,0
48,M,02:33:18,05:50:29,9198,21029,2.555,5.841388888888889,3.286388888888889,43.88333333333333,0,0,0,0
35,W,02:23:19,05:50:35,8599,21035,2.388611111111111,5.843055555555556,3.4544444444444444,63.95,1,0,0,0
42,M,02:19:48,05:50:36,8388,21036,2.33,5.843333333333334,3.513333333333333,71.0,0,0,0,0
23,W,02:04:07,05:50:39,7447,21039,2.068611111111111,5.844166666666666,3.7755555555555556,102.41666666666667,1,0,0,0
34,W,02:40:46,05:50:39,9646,21039,2.6794444444444445,5.844166666666666,3.164722222222222,29.116666666666667,1,0,0,0
54,M,02:26:47,05:50:43,8807,21043,2.446388888888889,5.845277777777778,3.398888888888889,57.15,0,0,0,0
38,W,02:19:01,05:50:45,8341,21045,2.3169444444444443,5.845833333333333,3.528888888888889,72.71666666666667,1,0,0,0
37,W,02:14:30,05:50:45,8070,21045,2.2416666666666667,5.845833333333333,3.6041666666666665,81.75,1,0,0,0
49,W,02:27:37,05:50:47,8857,21047,2.460277777777778,5.846388888888889,3.386111111111111,55.55,1,0,0,0
67,M,02:40:00,05:51:05,9600,21065,2.6666666666666665,5.851388888888889,3.1847222222222222,31.083333333333332,0,0,0,0
53,W,03:06:08,05:51:06,11168,21066,3.102222222222222,5.851666666666667,2.7494444444444444,-21.166666666666668,1,0,0,1
49,W,02:23:16,05:51:06,8596,21066,2.387777777777778,5.851666666666667,3.463888888888889,64.56666666666666,1,0,0,0
50,M,02:27:42,05:51:06,8862,21066,2.4616666666666664,5.851666666666667,3.39,55.7,0,0,0,0
36,M,02:26:06,05:51:27,8766,21087,2.435,5.8575,3.4225,59.25,0,0,0,0
52,M,02:24:22,05:51:31,8662,21091,2.406111111111111,5.858611111111111,3.4525,62.78333333333333,0,0,0,0
50,M,02:29:54,05:51:35,8994,21095,2.4983333333333335,5.8597222222222225,3.361388888888889,51.78333333333333,0,0,0,0
48,W,02:21:16,05:51:35,8476,21095,2.3544444444444443,5.8597222222222225,3.5052777777777777,69.05,1,0,0,0
42,M,02:26:30,05:51:40,8790,21100,2.441666666666667,5.861111111111111,3.4194444444444443,58.666666666666664,0,0,0,0
52,W,02:32:26,05:51:43,9146,21103,2.5405555555555557,5.861944444444444,3.321388888888889,46.85,1,0,0,0
62,M,02:19:44,05:51:45,8384,21105,2.328888888888889,5.8625,3.533611111111111,72.28333333333333,0,0,0,0
49,W,02:19:53,05:51:50,8393,21110,2.3313888888888887,5.863888888888889,3.5325,72.06666666666666,1,0,0,0
48,W,02:33:32,05:51:51,9212,21111,2.5588888888888888,5.864166666666667,3.305277777777778,44.78333333333333,1,0,0,0
34,M,02:23:41,05:52:00,8621,21120,2.394722222222222,5.866666666666666,3.4719444444444445,64.63333333333334,0,0,0,0
32,W,02:31:25,05:52:04,9085,21124,2.5236111111111112,5.8677777777777775,3.3441666666666667,49.233333333333334,1,0,0,0
35,M,02:04:09,05:52:06,7449,21126,2.069166666666667,5.868333333333333,3.799166666666667,103.8,0,0,0,0
28,M,02:14:05,05:52:13,8045,21133,2.234722222222222,5.870277777777778,3.6355555555555554,84.05,0,0,0,0
46,W,02:33:20,05:52:14,9200,21134,2.5555555555555554,5.870555555555556,3.315,45.56666666666667,1,0,0,0
41,M,02:13:43,05:52:15,8023,21135,2.2286111111111113,5.870833333333334,3.6422222222222222,84.81666666666666,0,0,0,0
60,W,02:23:01,05:52:20,8581,21140,2.383611111111111,5.872222222222222,3.488611111111111,66.3,1,0,0,0
35,W,02:29:59,05:52:26,8999,21146,2.499722222222222,5.873888888888889,3.3741666666666665,52.46666666666667,1,0,0,0
38,W,02:23:46,05:52:31,8626,21151,2.3961111111111113,5.875277777777778,3.4791666666666665,64.98333333333333,1,0,0,0
51,W,02:30:15,05:52:34,9015,21154,2.504166666666667,5.876111111111111,3.3719444444444444,52.06666666666667,1,0,0,0
44,M,02:23:03,05:52:35,8583,21155,2.3841666666666668,5.876388888888889,3.4922222222222223,66.48333333333333,0,0,0,0
31,M,02:30:07,05:52:35,9007,21155,2.5019444444444443,5.876388888888889,3.3744444444444444,52.35,0,0,0,0
39,W,02:32:34,05:52:45,9154,21165,2.542777777777778,5.879166666666666,3.336388888888889,47.61666666666667,1,0,0,0
30,M,02:29:03,05:52:47,8943,21167,2.484166666666667,5.879722222222222,3.3955555555555557,54.68333333333333,0,0,0,0
29,M,02:49:29,05:52:47,10169,21167,2.8247222222222224,5.879722222222222,3.055,13.816666666666666,0,0,0,0
33,W,02:20:23,05:52:59,8423,21179,2.339722222222222,5.883055555555556,3.5433333333333334,72.21666666666667,1,0,0,0
43,W,02:26:01,05:53:00,8761,21180,2.433611111111111,5.883333333333334,3.4497222222222224,60.96666666666667,1,0,0,0
46,M,02:15:11,05:53:01,8111,21181,2.2530555555555556,5.883611111111111,3.6305555555555555,82.65,0,0,0,0
37,W,02:17:10,05:53:01,8230,21181,2.286111111111111,5.883611111111111,3.5975,78.68333333333334,1,0,0,0
55,M,02:29:24,05:53:07,8964,21187,2.49,5.885277777777778,3.395277777777778,54.31666666666667,0,0,0,0
37,W,02:29:12,05:53:11,8952,21191,2.486666666666667,5.886388888888889,3.399722222222222,54.78333333333333,1,0,0,0
43,M,02:12:24,05:53:16,7944,21196,2.2066666666666666,5.887777777777778,3.681111111111111,88.46666666666667,0,0,0,0
42,M,02:22:08,05:53:21,8528,21201,2.368888888888889,5.889166666666667,3.520277777777778,69.08333333333333,0,0,0,0
26,W,02:22:03,05:53:28,8523,21208,2.3675,5.891111111111111,3.5236111111111112,69.36666666666666,1,0,0,0
30,W,02:24:57,05:53:29,8697,21209,2.4158333333333335,5.891388888888889,3.4755555555555557,63.583333333333336,1,0,0,0
71,W,02:22:20,05:53:30,8540,21210,2.3722222222222222,5.891666666666667,3.5194444444444444,68.83333333333333,1,0,0,0
46,W,02:18:02,05:53:34,8282,21214,2.3005555555555555,5.892777777777778,3.5922222222222224,77.5,1,0,0,0
27,W,02:18:56,05:53:46,8336,21226,2.3155555555555556,5.896111111111111,3.5805555555555557,75.9,1,0,0,0
41,W,02:27:47,05:53:47,8867,21227,2.4630555555555556,5.896388888888889,3.433333333333333,58.21666666666667,1,0,0,0
37,W,02:31:28,05:53:49,9088,21229,2.5244444444444443,5.896944444444444,3.3725,50.88333333333333,1,0,0,0
34,W,02:32:52,05:53:54,9172,21234,2.5477777777777777,5.898333333333333,3.3505555555555557,48.166666666666664,1,0,0,0
42,W,02:29:29,05:53:56,8969,21236,2.491388888888889,5.898888888888889,3.4075,54.96666666666667,1,0,0,0
50,W,02:27:52,05:53:59,8872,21239,2.4644444444444447,5.8997222222222225,3.435277777777778,58.25,1,0,0,0
50,W,02:30:45,05:54:00,9045,21240,2.5125,5.9,3.3875,52.5,1,0,0,0
43,W,02:28:02,05:54:02,8882,21242,2.4672222222222224,5.900555555555556,3.433333333333333,57.96666666666667,1,0,0,0
35,W,02:19:54,05:54:02,8394,21242,2.3316666666666666,5.900555555555556,3.568888888888889,74.23333333333333,1,0,0,0
52,M,02:25:31,05:54:05,8731,21245,2.4252777777777776,5.901388888888889,3.476111111111111,63.05,0,0,0,0
38,W,02:38:42,05:54:06,9522,21246,2.645,5.901666666666666,3.256666666666667,36.7,1,0,0,0
31,M,02:30:12,05:54:13,9012,21253,2.5033333333333334,5.903611111111111,3.4002777777777777,53.81666666666667,0,0,0,0
56,W,02:24:32,05:54:18,8672,21258,2.408888888888889,5.905,3.496111111111111,65.23333333333333,1,0,0,0
49,W,02:34:48,05:54:19,9288,21259,2.58,5.905277777777778,3.325277777777778,44.71666666666667,1,0,0,0
32,M,02:14:04,05:54:26,8044,21266,2.2344444444444442,5.907222222222222,3.6727777777777777,86.3,0,0,0,0
48,M,02:21:29,05:54:50,8489,21290,2.3580555555555556,5.913888888888889,3.555833333333333,71.86666666666666,0,0,0,0
20,M,02:11:58,05:54:55,7918,21295,2.1994444444444445,5.915277777777778,3.7158333333333333,90.98333333333333,0,0,0,0
38,W,02:26:29,05:54:57,8789,21297,2.441388888888889,5.9158333333333335,3.4744444444444444,61.983333333333334,1,0,0,0
60,M,02:18:52,05:54:58,8332,21298,2.3144444444444443,5.916111111111111,3.6016666666666666,77.23333333333333,0,0,0,0
38,M,02:21:54,05:55:17,8514,21317,2.365,5.921388888888889,3.556388888888889,71.48333333333333,0,0,0,0
26,M,02:20:26,05:55:28,8426,21328,2.3405555555555555,5.924444444444444,3.5838888888888887,74.6,0,0,0,0
20,W,02:32:27,05:55:29,9147,21329,2.5408333333333335,5.924722222222222,3.383888888888889,50.583333333333336,1,0,0,0
48,M,02:21:23,05:55:37,8483,21337,2.356388888888889,5.926944444444445,3.5705555555555555,72.85,0,0,0,0
44,M,02:20:26,05:55:46,8426,21346,2.3405555555555555,5.929444444444444,3.588888888888889,74.9,0,0,0,0
35,M,02:21:59,05:55:59,8519,21359,2.366388888888889,5.933055555555556,3.566666666666667,72.01666666666667,0,0,0,0
25,M,02:25:48,05:56:02,8748,21362,2.43,5.933888888888889,3.503888888888889,64.43333333333334,0,0,0,0
25,W,02:46:23,05:56:05,9983,21365,2.7730555555555556,5.934722222222222,3.1616666666666666,23.316666666666666,1,0,0,0
60,M,02:09:14,05:56:12,7754,21372,2.153888888888889,5.9366666666666665,3.7827777777777776,97.73333333333333,0,0,0,0
33,M,02:30:13,05:56:14,9013,21374,2.5036111111111112,5.937222222222222,3.433611111111111,55.8,0,0,0,0
29,M,02:20:26,05:56:28,8426,21388,2.3405555555555555,5.941111111111111,3.6005555555555557,75.6,0,0,0,0
38,M,02:22:14,05:56:41,8534,21401,2.3705555555555557,5.9447222222222225,3.5741666666666667,72.21666666666667,0,0,0,0
45,M,02:21:56,05:56:46,8516,21406,2.3655555555555554,5.946111111111111,3.5805555555555557,72.9,0,0,0,0
58,M,02:22:05,05:56:54,8525,21414,2.3680555555555554,5.948333333333333,3.580277777777778,72.73333333333333,0,0,0,0
60,W,02:31:29,05:56:55,9089,21415,2.524722222222222,5.948611111111111,3.423888888888889,53.95,1,0,0,0
55,W,02:28:57,05:56:59,8937,21419,2.4825,5.949722222222222,3.4672222222222224,59.083333333333336,1,0,0,0
44,M,02:23:59,05:57:03,8639,21423,2.399722222222222,5.950833333333334,3.551111111111111,69.08333333333333,0,0,0,0
34,W,02:28:10,05:57:04,8890,21424,2.4694444444444446,5.9511111111111115,3.4816666666666665,60.733333333333334,1,0,0,0
52,M,02:09:49,05:57:11,7789,21431,2.163611111111111,5.953055555555555,3.7894444444444444,97.55,0,0,0,0
47,M,02:26:04,05:57:19,8764,21439,2.4344444444444444,5.955277777777778,3.5208333333333335,65.18333333333334,0,0,0,0
35,W,02:35:28,05:57:20,9328,21440,2.591111111111111,5.955555555555556,3.3644444444444446,46.4,1,0,0,0
43,W,02:35:40,05:57:23,9340,21443,2.5944444444444446,5.956388888888889,3.3619444444444446,46.05,1,0,0,0
57,M,02:29:02,05:57:31,8942,21451,2.483888888888889,5.958611111111111,3.4747222222222223,59.45,0,0,0,0
60,M,02:23:16,05:57:41,8596,21461,2.387777777777778,5.961388888888889,3.573611111111111,71.15,0,0,0,0
46,M,02:25:04,05:57:43,8704,21463,2.417777777777778,5.961944444444445,3.5441666666666665,67.58333333333333,0,0,0,0
45,M,02:30:34,05:57:45,9034,21465,2.5094444444444446,5.9625,3.4530555555555558,56.61666666666667,0,0,0,0
61,M,02:26:14,05:57:45,8774,21465,2.437222222222222,5.9625,3.5252777777777777,65.28333333333333,0,0,0,0
73,W,02:18:43,05:57:59,8323,21479,2.3119444444444444,5.966388888888889,3.6544444444444446,80.55,1,0,0,0
24,W,02:19:40,05:58:13,8380,21493,2.327777777777778,5.970277777777778,3.6425,78.88333333333334,1,0,0,0
33,W,02:33:59,05:58:15,9239,21495,2.566388888888889,5.970833333333333,3.4044444444444446,50.28333333333333,1,0,0,0
33,W,02:40:32,05:58:17,9632,21497,2.6755555555555555,5.971388888888889,3.2958333333333334,37.21666666666667,1,0,0,0
29,W,02:37:12,05:58:17,9432,21497,2.62,5.971388888888889,3.3513888888888888,43.88333333333333,1,0,0,0
50,M,02:20:11,05:58:37,8411,21517,2.336388888888889,5.976944444444444,3.6405555555555558,78.25,0,0,0,0
45,W,02:19:30,05:58:46,8370,21526,2.325,5.979444444444445,3.6544444444444446,79.76666666666667,1,0,0,0
25,W,02:17:59,05:58:52,8279,21532,2.299722222222222,5.981111111111111,3.681388888888889,82.9,1,0,0,0
48,W,02:33:45,05:59:02,9225,21542,2.5625,5.983888888888889,3.421388888888889,51.53333333333333,1,0,0,0
60,M,02:24:09,05:59:04,8649,21544,2.4025,5.984444444444445,3.5819444444444444,70.76666666666667,0,0,0,0
29,W,02:32:45,05:59:06,9165,21546,2.5458333333333334,5.985,3.4391666666666665,53.6,1,0,0,0
45,W,02:14:37,05:59:07,8077,21547,2.243611111111111,5.985277777777778,3.7416666666666667,89.88333333333334,1,0,0,0
50,W,02:28:59,05:59:13,8939,21553,2.4830555555555556,5.986944444444444,3.503888888888889,61.25,1,0,0,0
32,W,02:41:34,05:59:13,9694,21553,2.6927777777777777,5.986944444444444,3.2941666666666665,36.083333333333336,1,0,0,0
33,W,02:23:07,05:59:17,8587,21557,2.3852777777777776,5.9880555555555555,3.602777777777778,73.05,1,0,0,0
54,M,02:34:36,05:59:18,9276,21558,2.5766666666666667,5.988333333333333,3.4116666666666666,50.1,0,0,0,0
42,M,02:20:32,05:59:21,8432,21561,2.3422222222222224,5.989166666666667,3.6469444444444443,78.28333333333333,0,0,0,0
50,W,02:28:43,05:59:26,8923,21566,2.4786111111111113,5.990555555555556,3.5119444444444445,62.0,1,0,0,0
51,M,02:52:56,05:59:27,10376,21567,2.882222222222222,5.990833333333334,3.108611111111111,13.583333333333334,0,0,0,0
38,M,02:26:29,05:59:31,8789,21571,2.441388888888889,5.991944444444444,3.5505555555555555,66.55,0,0,0,0
49,M,02:12:54,05:59:40,7974,21580,2.215,5.9944444444444445,3.7794444444444446,93.86666666666666,0,0,0,0
58,M,02:33:52,05:59:43,9232,21583,2.5644444444444443,5.995277777777778,3.430833333333333,51.983333333333334,0,0,0,0
26,M,02:20:26,05:59:53,8426,21593,2.3405555555555555,5.998055555555555,3.6575,79.01666666666667,0,0,0,0
32,W,02:20:12,05:59:53,8412,21593,2.3366666666666664,5.998055555555555,3.661388888888889,79.48333333333333,1,0,0,0
47,W,02:25:49,06:00:02,8749,21602,2.430277777777778,6.000555555555556,3.5702777777777777,68.4,1,0,0,0
63,M,02:30:53,06:00:03,9053,21603,2.5147222222222223,6.0008333333333335,3.486111111111111,58.28333333333333,0,0,0,0
55,M,02:20:52,06:00:08,8452,21608,2.347777777777778,6.002222222222223,3.6544444444444446,78.4,0,0,0,0
26,W,02:21:06,06:00:11,8466,21611,2.3516666666666666,6.003055555555555,3.651388888888889,77.98333333333333,1,0,0,0
45,M,02:15:44,06:00:25,8144,21625,2.2622222222222224,6.006944444444445,3.7447222222222223,88.95,0,0,0,0
45,W,02:29:28,06:00:30,8968,21630,2.491111111111111,6.008333333333334,3.5172222222222222,61.56666666666667,1,0,0,0
46,M,02:19:30,06:00:34,8370,21634,2.325,6.009444444444444,3.6844444444444444,81.56666666666666,0,0,0,0
52,W,02:32:56,06:00:39,9176,21639,2.548888888888889,6.010833333333333,3.4619444444444443,54.78333333333333,1,0,0,0
36,W,02:15:19,06:00:47,8119,21647,2.2552777777777777,6.013055555555556,3.7577777777777777,90.15,1,0,0,0
40,W,02:27:28,06:00:48,8848,21648,2.457777777777778,6.013333333333334,3.5555555555555554,65.86666666666666,1,0,0,0
67,W,02:37:14,06:00:49,9434,21649,2.6205555555555557,6.0136111111111115,3.3930555555555557,46.35,1,0,0,0
29,M,02:12:25,06:00:51,7945,21651,2.2069444444444444,6.014166666666667,3.8072222222222223,96.01666666666667,0,0,0,0
36,W,02:28:24,06:00:51,8904,21651,2.473333333333333,6.014166666666667,3.5408333333333335,64.05,1,0,0,0
42,W,02:13:29,06:00:52,8009,21652,2.2247222222222223,6.014444444444444,3.789722222222222,93.9,1,0,0,0
34,W,02:55:37,06:00:55,10537,21655,2.9269444444444446,6.0152777777777775,3.0883333333333334,9.683333333333334,1,0,0,0
55,M,02:25:35,06:01:05,8735,21665,2.426388888888889,6.018055555555556,3.591666666666667,69.91666666666667,0,0,0,0
42,W,02:33:47,06:01:09,9227,21669,2.5630555555555556,6.019166666666667,3.456111111111111,53.583333333333336,1,0,0,0
35,M,02:37:32,06:01:14,9452,21674,2.6255555555555556,6.020555555555555,3.395,46.166666666666664,0,0,0,0
64,M,02:21:02,06:01:14,8462,21674,2.3505555555555557,6.020555555555555,3.67,79.16666666666667,0,0,0,0
26,W,02:31:14,06:01:18,9074,21678,2.5205555555555557,6.0216666666666665,3.5011111111111113,58.833333333333336,1,0,0,0
41,W,02:24:38,06:01:20,8678,21680,2.4105555555555553,6.022222222222222,3.611666666666667,72.06666666666666,1,0,0,0
40,W,02:33:26,06:01:24,9206,21684,2.5572222222222223,6.023333333333333,3.466111111111111,54.53333333333333,1,0,0,0
39,W,02:19:39,06:01:40,8379,21700,2.3275,6.027777777777778,3.700277777777778,82.36666666666666,1,0,0,0
35,W,02:27:41,06:01:50,8861,21710,2.461388888888889,6.030555555555556,3.569166666666667,66.46666666666667,1,0,0,0
48,W,02:35:08,06:01:52,9308,21712,2.5855555555555556,6.0311111111111115,3.4455555555555555,51.6,1,0,0,0
52,M,02:29:31,06:01:55,8971,21715,2.4919444444444445,6.031944444444444,3.54,62.88333333333333,0,0,0,0
28,W,02:33:18,06:01:55,9198,21715,2.555,6.031944444444444,3.4769444444444444,55.31666666666667,1,0,0,0
24,W,02:22:36,06:02:00,8556,21720,2.3766666666666665,6.033333333333333,3.6566666666666667,76.8,1,0,0,0
25,W,02:25:47,06:02:04,8747,21724,2.4297222222222223,6.0344444444444445,3.604722222222222,70.5,1,0,0,0
48,W,02:23:36,06:02:07,8616,21727,2.3933333333333335,6.035277777777778,3.6419444444444444,74.91666666666667,1,0,0,0
51,M,02:28:54,06:02:31,8934,21751,2.4816666666666665,6.041944444444445,3.560277777777778,64.71666666666667,0,0,0,0
44,W,02:24:57,06:02:42,8697,21762,2.4158333333333335,6.045,3.629166666666667,72.8,1,0,0,0
20,W,02:33:37,06:02:42,9217,21762,2.560277777777778,6.045,3.484722222222222,55.46666666666667,1,0,0,0
47,W,02:42:17,06:02:44,9737,21764,2.7047222222222222,6.045555555555556,3.3408333333333333,38.166666666666664,1,0,0,0
30,M,02:33:25,06:02:52,9205,21772,2.5569444444444445,6.047777777777778,3.4908333333333332,56.03333333333333,0,0,0,0
21,W,02:28:00,06:02:55,8880,21775,2.466666666666667,6.048611111111111,3.5819444444444444,66.91666666666667,1,0,0,0
30,W,02:35:43,06:02:57,9343,21777,2.5952777777777776,6.049166666666666,3.453888888888889,51.516666666666666,1,0,0,0
32,M,02:23:12,06:02:57,8592,21777,2.3866666666666667,6.049166666666666,3.6625,76.55,0,0,0,0
41,W,02:11:37,06:02:59,7897,21779,2.193611111111111,6.049722222222222,3.8561111111111113,99.75,1,0,0,0
44,M,02:37:43,06:03:04,9463,21784,2.6286111111111112,6.051111111111111,3.4225,47.63333333333333,0,0,0,0
28,M,02:31:54,06:03:07,9114,21787,2.5316666666666667,6.051944444444445,3.520277777777778,59.31666666666667,0,0,0,0
50,M,02:18:00,06:03:10,8280,21790,2.3,6.052777777777778,3.7527777777777778,87.16666666666667,0,0,0,0
59,M,02:26:06,06:03:11,8766,21791,2.435,6.053055555555556,3.6180555555555554,70.98333333333333,0,0,0,0
50,W,02:44:06,06:03:21,9846,21801,2.735,6.055833333333333,3.3208333333333333,35.15,1,0,0,0
46,M,02:30:19,06:03:27,9019,21807,2.5052777777777777,6.0575,3.5522222222222224,62.81666666666667,0,0,0,0
56,M,02:20:23,06:03:28,8423,21808,2.339722222222222,6.057777777777778,3.7180555555555554,82.7,0,0,0,0
61,W,02:23:29,06:03:30,8609,21810,2.391388888888889,6.058333333333334,3.6669444444444443,76.53333333333333,1,0,0,0
55,W,02:41:13,06:03:35,9673,21815,2.6869444444444444,6.059722222222222,3.372777777777778,41.15,1,0,0,0
61,W,02:21:12,06:03:40,8472,21820,2.3533333333333335,6.061111111111111,3.707777777777778,81.26666666666667,1,0,0,0
50,W,02:38:28,06:03:44,9508,21824,2.641111111111111,6.062222222222222,3.421111111111111,46.8,1,0,0,0
53,M,02:26:27,06:03:44,8787,21824,2.4408333333333334,6.062222222222222,3.6213888888888888,70.83333333333333,0,0,0,0
55,M,02:23:22,06:03:44,8602,21824,2.3894444444444445,6.062222222222222,3.6727777777777777,77.0,0,0,0,0
31,W,02:34:13,06:03:48,9253,21828,2.5702777777777777,6.0633333333333335,3.4930555555555554,55.36666666666667,1,0,0,0
55,M,02:20:29,06:03:52,8429,21832,2.341388888888889,6.064444444444445,3.7230555555555553,82.9,0,0,0,0
39,M,02:26:10,06:04:05,8770,21845,2.436111111111111,6.0680555555555555,3.6319444444444446,71.75,0,0,0,0
30,W,02:29:16,06:04:22,8956,21862,2.4877777777777776,6.072777777777778,3.585,65.83333333333333,1,0,0,0
56,W,02:23:56,06:04:28,8636,21868,2.398888888888889,6.0744444444444445,3.6755555555555555,76.6,1,0,0,0
60,M,02:23:35,06:04:34,8615,21874,2.3930555555555557,6.0761111111111115,3.6830555555555557,77.4,0,0,0,0
56,M,02:25:59,06:04:36,8759,21876,2.4330555555555557,6.076666666666667,3.643611111111111,72.63333333333334,0,0,0,0
37,M,02:40:47,06:04:39,9647,21879,2.6797222222222223,6.0775,3.397777777777778,43.083333333333336,0,0,0,0
49,W,02:40:51,06:04:46,9651,21886,2.680833333333333,6.079444444444444,3.3986111111111112,43.06666666666667,1,0,0,0
34,W,02:31:23,06:04:48,9083,21888,2.5230555555555556,6.08,3.5569444444444445,62.03333333333333,1,0,0,0
35,M,02:30:34,06:04:57,9034,21897,2.5094444444444446,6.0825,3.5730555555555554,63.81666666666667,0,0,0,0
36,M,02:21:01,06:04:57,8461,21897,2.350277777777778,6.0825,3.732222222222222,82.91666666666667,0,0,0,0
32,M,02:24:46,06:05:02,8686,21902,2.412777777777778,6.083888888888889,3.671111111111111,75.5,0,0,0,0
31,W,02:30:17,06:05:06,9017,21906,2.504722222222222,6.085,3.580277777777778,64.53333333333333,1,0,0,0
40,M,02:13:50,06:05:13,8030,21913,2.2305555555555556,6.086944444444445,3.856388888888889,97.55,0,0,0,0
32,M,02:33:02,06:05:18,9182,21918,2.5505555555555555,6.088333333333333,3.537777777777778,59.233333333333334,0,0,0,0
48,M,02:17:16,06:05:21,8236,21921,2.287777777777778,6.089166666666666,3.801388888888889,90.81666666666666,0,0,0,0
41,W,02:37:13,06:05:24,9433,21924,2.620277777777778,6.09,3.4697222222222224,50.96666666666667,1,0,0,0
59,M,02:33:22,06:05:35,9202,21935,2.556111111111111,6.093055555555556,3.5369444444444444,58.85,0,0,0,0
38,W,02:46:59,06:05:37,10019,21937,2.7830555555555554,6.0936111111111115,3.3105555555555557,31.65,1,0,0,0
38,M,02:42:40,06:05:38,9760,21938,2.7111111111111112,6.0938888888888885,3.3827777777777777,40.3,0,0,0,0
36,M,02:21:13,06:05:43,8473,21943,2.3536111111111113,6.095277777777778,3.7416666666666667,83.28333333333333,0,0,0,0
30,W,02:28:23,06:05:44,8903,21944,2.4730555555555553,6.095555555555555,3.6225,68.96666666666667,1,0,0,0
51,W,02:32:12,06:05:45,9132,21945,2.5366666666666666,6.095833333333333,3.5591666666666666,61.35,1,0,0,0
56,W,02:23:13,06:05:47,8593,21947,2.3869444444444445,6.096388888888889,3.7094444444444443,79.35,1,0,0,0
49,M,02:19:21,06:05:48,8361,21948,2.3225,6.096666666666667,3.7741666666666664,87.1,0,0,0,0
38,M,02:39:33,06:05:48,9573,21948,2.6591666666666667,6.096666666666667,3.4375,46.7,0,0,0,0
37,M,02:27:48,06:06:03,8868,21963,2.4633333333333334,6.100833333333333,3.6375,70.45,0,0,0,0
32,W,02:37:54,06:06:09,9474,21969,2.631666666666667,6.1025,3.470833333333333,50.35,1,0,0,0
39,M,02:34:02,06:06:09,9242,21969,2.567222222222222,6.1025,3.535277777777778,58.083333333333336,0,0,0,0
50,M,02:22:23,06:06:11,8543,21971,2.3730555555555557,6.103055555555556,3.73,81.41666666666667,0,0,0,0
46,M,02:31:37,06:06:17,9097,21977,2.5269444444444447,6.104722222222223,3.577777777777778,63.05,0,0,0,0
39,M,02:26:11,06:06:17,8771,21977,2.4363888888888887,6.104722222222223,3.6683333333333334,73.91666666666667,0,0,0,0
27,W,02:29:55,06:06:22,8995,21982,2.498611111111111,6.106111111111111,3.6075,66.53333333333333,1,0,0,0
30,W,02:22:54,06:06:24,8574,21984,2.381666666666667,6.1066666666666665,3.725,80.6,1,0,0,0
36,W,02:33:06,06:06:29,9186,21989,2.5516666666666667,6.108055555555556,3.556388888888889,60.28333333333333,1,0,0,0
45,W,02:25:12,06:06:30,8712,21990,2.42,6.108333333333333,3.6883333333333335,76.1,1,0,0,0
45,M,02:31:10,06:06:49,9070,22009,2.5194444444444444,6.113611111111111,3.5941666666666667,64.48333333333333,0,0,0,0
40,M,02:26:22,06:06:53,8782,22013,2.4394444444444443,6.114722222222222,3.6752777777777776,74.15,0,0,0,0
28,M,02:04:29,06:06:54,7469,22014,2.0747222222222224,6.115,4.040277777777778,117.93333333333334,0,0,0,0
60,M,02:26:44,06:06:56,8804,22016,2.4455555555555555,6.115555555555556,3.67,73.46666666666667,0,0,0,0
33,M,02:26:42,06:06:57,8802,22017,2.445,6.115833333333334,3.6708333333333334,73.55,0,0,0,0
32,W,02:44:13,06:07:11,9853,22031,2.7369444444444446,6.119722222222222,3.3827777777777777,38.75,1,0,0,0
47,W,02:19:57,06:07:15,8397,22035,2.3325,6.120833333333334,3.7883333333333336,87.35,1,0,0,0
34,W,02:27:35,06:07:17,8855,22037,2.459722222222222,6.121388888888889,3.6616666666666666,72.11666666666666,1,0,0,0
58,W,02:33:31,06:07:19,9211,22039,2.558611111111111,6.121944444444445,3.5633333333333335,60.28333333333333,1,0,0,0
40,M,02:20:01,06:07:26,8401,22046,2.3336111111111113,6.123888888888889,3.790277777777778,87.4,0,0,0,0
29,W,02:25:33,06:07:28,8733,22048,2.4258333333333333,6.124444444444444,3.698611111111111,76.36666666666666,1,0,0,0
49,M,02:36:35,06:07:29,9395,22049,2.609722222222222,6.124722222222222,3.515,54.31666666666667,0,0,0,0
60,M,02:36:49,06:07:31,9409,22051,2.613611111111111,6.125277777777778,3.5116666666666667,53.88333333333333,0,0,0,0
26,M,02:21:38,06:07:31,8498,22051,2.3605555555555555,6.125277777777778,3.7647222222222223,84.25,0,0,0,0
56,M,02:28:23,06:07:34,8903,22054,2.4730555555555553,6.126111111111111,3.6530555555555555,70.8,0,0,0,0
39,W,02:28:01,06:07:36,8881,22056,2.4669444444444446,6.126666666666667,3.6597222222222223,71.56666666666666,1,0,0,0
47,W,02:31:32,06:07:42,9092,22062,2.5255555555555556,6.128333333333333,3.602777777777778,64.63333333333334,1,0,0,0
32,W,02:37:07,06:07:43,9427,22063,2.618611111111111,6.128611111111111,3.51,53.483333333333334,1,0,0,0
30,W,02:30:22,06:07:44,9022,22064,2.506111111111111,6.128888888888889,3.622777777777778,67.0,1,0,0,0
54,W,02:25:45,06:07:55,8745,22075,2.4291666666666667,6.131944444444445,3.702777777777778,76.41666666666667,1,0,0,0
48,W,02:27:35,06:08:00,8855,22080,2.459722222222222,6.133333333333334,3.673611111111111,72.83333333333333,1,0,0,0
44,M,02:21:57,06:08:00,8517,22080,2.3658333333333332,6.133333333333334,3.7675,84.1,0,0,0,0
47,M,02:22:29,06:08:01,8549,22081,2.374722222222222,6.133611111111111,3.758888888888889,83.05,0,0,0,0
25,W,02:30:05,06:08:02,9005,22082,2.501388888888889,6.1338888888888885,3.6325,67.86666666666666,1,0,0,0
24,M,02:13:44,06:08:12,8024,22092,2.2288888888888887,6.136666666666667,3.9077777777777776,100.73333333333333,0,0,0,0
62,M,02:30:32,06:08:17,9032,22097,2.508888888888889,6.138055555555556,3.629166666666667,67.21666666666667,0,0,0,0
61,M,02:24:43,06:08:23,8683,22103,2.4119444444444444,6.139722222222222,3.727777777777778,78.95,0,0,0,0
51,M,02:16:04,06:08:23,8164,22103,2.267777777777778,6.139722222222222,3.8719444444444444,96.25,0,0,0,0
42,M,02:17:06,06:08:26,8226,22106,2.285,6.140555555555555,3.8555555555555556,94.23333333333333,0,0,0,0
50,M,02:25:55,06:08:27,8755,22107,2.4319444444444445,6.140833333333333,3.7088888888888887,76.61666666666666,0,0,0,0
45,W,02:38:30,06:08:30,9510,22110,2.6416666666666666,6.141666666666667,3.5,51.5,1,0,0,0
66,W,02:22:56,06:08:34,8576,22114,2.382222222222222,6.142777777777778,3.7605555555555554,82.7,1,0,0,0
30,M,02:34:01,06:08:36,9241,22116,2.5669444444444443,6.1433333333333335,3.576388888888889,60.56666666666667,0,0,0,0
56,M,02:43:16,06:08:38,9796,22118,2.721111111111111,6.143888888888889,3.4227777777777777,42.1,0,0,0,0
40,W,02:28:05,06:08:41,8885,22121,2.4680555555555554,6.144722222222223,3.6766666666666667,72.51666666666667,1,0,0,0
25,W,02:34:43,06:08:41,9283,22121,2.578611111111111,6.144722222222223,3.5661111111111112,59.25,1,0,0,0
40,W,02:57:56,06:08:45,10676,22125,2.9655555555555555,6.145833333333333,3.180277777777778,12.883333333333333,1,0,0,0
44,M,02:24:47,06:08:54,8687,22134,2.4130555555555557,6.148333333333333,3.7352777777777777,79.33333333333333,0,0,0,0
68,M,02:19:20,06:08:57,8360,22137,2.3222222222222224,6.149166666666667,3.8269444444444445,90.28333333333333,0,0,0,0
44,W,02:33:17,06:08:59,9197,22139,2.5547222222222223,6.1497222222222225,3.595,62.416666666666664,1,0,0,0
46,W,02:21:56,06:09:01,8516,22141,2.3655555555555554,6.150277777777778,3.7847222222222223,85.15,1,0,0,0
35,M,02:34:28,06:09:02,9268,22142,2.5744444444444445,6.150555555555556,3.576111111111111,60.1,0,0,0,0
37,W,02:13:40,06:09:11,8020,22151,2.227777777777778,6.1530555555555555,3.9252777777777776,101.85,1,0,0,0
49,W,02:26:55,06:09:13,8815,22153,2.448611111111111,6.153611111111111,3.705,75.38333333333334,1,0,0,0
26,M,02:34:16,06:09:29,9256,22169,2.571111111111111,6.158055555555555,3.5869444444444443,60.95,0,0,0,0
61,W,02:31:36,06:09:35,9096,22175,2.526666666666667,6.159722222222222,3.6330555555555555,66.38333333333334,1,0,0,0
45,W,02:31:18,06:09:37,9078,22177,2.5216666666666665,6.160277777777778,3.638611111111111,67.01666666666667,1,0,0,0
50,W,02:30:00,06:09:43,9000,22183,2.5,6.161944444444444,3.6619444444444444,69.71666666666667,1,0,0,0
41,M,02:13:50,06:09:43,8030,22183,2.2305555555555556,6.161944444444444,3.931388888888889,102.05,0,0,0,0
40,M,02:36:53,06:09:47,9413,22187,2.6147222222222224,6.163055555555555,3.5483333333333333,56.016666666666666,0,0,0,0
37,M,02:37:31,06:09:53,9451,22193,2.625277777777778,6.164722222222222,3.5394444444444444,54.85,0,0,0,0
43,W,02:36:08,06:09:57,9368,22197,2.602222222222222,6.1658333333333335,3.5636111111111113,57.68333333333333,1,0,0,0
71,M,02:50:10,06:10:00,10210,22200,2.8361111111111112,6.166666666666667,3.3305555555555557,29.666666666666668,0,0,0,0
62,M,02:28:33,06:10:02,8913,22202,2.4758333333333336,6.167222222222223,3.691388888888889,72.93333333333334,0,0,0,0
28,W,02:23:45,06:10:06,8625,22206,2.3958333333333335,6.168333333333333,3.7725,82.6,1,0,0,0
25,W,02:33:00,06:10:10,9180,22210,2.55,6.169444444444444,3.6194444444444445,64.16666666666667,1,0,0,0
25,M,02:35:27,06:10:15,9327,22215,2.5908333333333333,6.170833333333333,3.58,59.35,0,0,0,0
32,M,02:24:39,06:10:16,8679,22216,2.410833333333333,6.171111111111111,3.7602777777777776,80.96666666666667,0,0,0,0
42,M,02:22:12,06:10:21,8532,22221,2.37,6.1725,3.8025,85.95,0,0,0,0
61,M,02:37:27,06:10:26,9447,22226,2.6241666666666665,6.1738888888888885,3.549722222222222,55.53333333333333,0,0,0,0
42,W,02:35:33,06:10:40,9333,22240,2.5925,6.177777777777778,3.585277777777778,59.56666666666667,1,0,0,0
46,M,02:28:53,06:10:42,8933,22242,2.481388888888889,6.178333333333334,3.6969444444444446,72.93333333333334,0,0,0,0
26,W,02:44:48,06:10:47,9888,22247,2.7466666666666666,6.179722222222222,3.4330555555555557,41.18333333333333,1,0,0,0
36,M,02:26:50,06:10:49,8810,22249,2.4472222222222224,6.1802777777777775,3.7330555555555556,77.15,0,0,0,0
37,W,02:48:44,06:10:50,10124,22250,2.812222222222222,6.180555555555555,3.368333333333333,33.36666666666667,1,0,0,0
39,W,02:24:18,06:10:51,8658,22251,2.405,6.180833333333333,3.7758333333333334,82.25,1,0,0,0
31,W,02:32:41,06:10:57,9161,22257,2.544722222222222,6.1825,3.637777777777778,65.58333333333333,1,0,0,0
41,W,02:44:15,06:10:59,9855,22259,2.7375,6.183055555555556,3.4455555555555555,42.483333333333334,1,0,0,0
34,W,02:19:02,06:11:17,8342,22277,2.317222222222222,6.188055555555556,3.870833333333333,93.21666666666667,1,0,0,0
30,W,02:22:44,06:11:21,8564,22281,2.378888888888889,6.189166666666667,3.810277777777778,85.88333333333334,1,0,0,0
43,M,02:29:46,06:11:22,8986,22282,2.496111111111111,6.189444444444445,3.6933333333333334,71.83333333333333,0,0,0,0
39,M,02:30:43,06:11:27,9043,22287,2.5119444444444445,6.190833333333333,3.678888888888889,70.01666666666667,0,0,0,0
24,W,02:32:32,06:11:31,9152,22291,2.542222222222222,6.191944444444444,3.649722222222222,66.45,1,0,0,0
45,M,02:18:36,06:11:32,8316,22292,2.31,6.192222222222222,3.882222222222222,94.33333333333333,0,0,0,0
32,W,02:29:05,06:11:57,8945,22317,2.484722222222222,6.199166666666667,3.7144444444444447,73.78333333333333,1,0,0,0
72,M,03:03:36,06:11:57,11016,22317,3.06,6.199166666666667,3.1391666666666667,4.75,0,0,0,0
46,M,02:35:38,06:11:57,9338,22317,2.593888888888889,6.199166666666667,3.605277777777778,60.68333333333333,0,0,0,0
40,W,02:36:49,06:11:58,9409,22318,2.613611111111111,6.1994444444444445,3.5858333333333334,58.333333333333336,1,0,0,0
45,M,02:25:37,06:12:07,8737,22327,2.4269444444444446,6.201944444444444,3.775,80.88333333333334,0,0,0,0
33,W,02:25:50,06:12:08,8750,22328,2.4305555555555554,6.202222222222222,3.7716666666666665,80.46666666666667,1,0,0,0
70,M,02:27:27,06:12:16,8847,22336,2.4575,6.204444444444444,3.7469444444444444,77.36666666666666,0,0,0,0
45,M,02:37:21,06:12:30,9441,22350,2.6225,6.208333333333333,3.5858333333333334,57.8,0,0,0,0
38,W,02:28:22,06:12:37,8902,22357,2.472777777777778,6.210277777777778,3.7375,75.88333333333334,1,0,0,0
48,W,02:42:55,06:12:49,9775,22369,2.7152777777777777,6.213611111111111,3.4983333333333335,46.983333333333334,1,0,0,0
50,M,02:21:26,06:12:51,8486,22371,2.357222222222222,6.214166666666666,3.8569444444444443,89.98333333333333,0,0,0,0
54,M,02:18:50,06:12:57,8330,22377,2.313888888888889,6.215833333333333,3.9019444444444447,95.28333333333333,0,0,0,0
26,W,02:18:40,06:13:00,8320,22380,2.311111111111111,6.216666666666667,3.9055555555555554,95.66666666666667,1,0,0,0
24,W,02:31:02,06:13:07,9062,22387,2.5172222222222222,6.2186111111111115,3.701388888888889,71.05,1,0,0,0
38,M,02:35:26,06:13:15,9326,22395,2.5905555555555555,6.220833333333333,3.6302777777777777,62.38333333333333,0,0,0,0
45,M,02:33:55,06:13:23,9235,22403,2.5652777777777778,6.223055555555556,3.6577777777777776,65.55,0,0,0,0
54,W,02:32:21,06:13:29,9141,22409,2.5391666666666666,6.224722222222222,3.6855555555555557,68.78333333333333,1,0,0,0
63,M,02:24:02,06:13:33,8642,22413,2.4005555555555556,6.225833333333333,3.825277777777778,85.48333333333333,0,0,0,0
36,W,02:33:19,06:13:33,9199,22413,2.555277777777778,6.225833333333333,3.6705555555555556,66.91666666666667,1,0,0,0
38,M,02:22:26,06:13:33,8546,22413,2.3738888888888887,6.225833333333333,3.8519444444444444,88.68333333333334,0,0,0,0
40,M,02:15:33,06:13:39,8133,22419,2.2591666666666668,6.2275,3.9683333333333333,102.55,0,0,0,0
32,W,02:39:57,06:13:40,9597,22420,2.6658333333333335,6.227777777777778,3.5619444444444444,53.766666666666666,1,0,0,0
57,M,02:27:56,06:13:46,8876,22426,2.4655555555555555,6.229444444444445,3.763888888888889,77.9,0,0,0,0
52,M,02:42:33,06:13:46,9753,22426,2.7091666666666665,6.229444444444445,3.520277777777778,48.666666666666664,0,0,0,0
56,M,02:36:21,06:13:54,9381,22434,2.6058333333333334,6.2316666666666665,3.6258333333333335,61.2,0,0,0,0
44,M,02:35:53,06:13:54,9353,22434,2.5980555555555553,6.2316666666666665,3.633611111111111,62.13333333333333,0,0,0,0
53,W,02:33:28,06:13:55,9208,22435,2.557777777777778,6.231944444444444,3.674166666666667,66.98333333333333,1,0,0,0
59,W,02:48:19,06:14:00,10099,22440,2.805277777777778,6.233333333333333,3.4280555555555554,37.36666666666667,1,0,0,0
60,M,02:42:57,06:14:05,9777,22445,2.7158333333333333,6.2347222222222225,3.5188888888888887,48.18333333333333,0,0,0,0
40,M,02:34:11,06:14:09,9251,22449,2.569722222222222,6.235833333333333,3.6661111111111113,65.78333333333333,0,0,0,0
51,W,02:36:40,06:14:11,9400,22451,2.611111111111111,6.2363888888888885,3.625277777777778,60.85,1,0,0,0
55,W,02:32:11,06:14:16,9131,22456,2.536388888888889,6.237777777777778,3.701388888888889,69.9,1,0,0,0
35,W,02:36:14,06:14:16,9374,22456,2.6038888888888887,6.237777777777778,3.633888888888889,61.8,1,0,0,0
45,W,02:26:22,06:14:17,8782,22457,2.4394444444444443,6.2380555555555555,3.798611111111111,81.55,1,0,0,0
56,M,02:37:25,06:14:29,9445,22469,2.623611111111111,6.241388888888889,3.617777777777778,59.65,0,0,0,0
27,W,02:39:12,06:14:32,9552,22472,2.6533333333333333,6.242222222222222,3.588888888888889,56.13333333333333,1,0,0,0
49,W,02:32:39,06:14:34,9159,22474,2.5441666666666665,6.2427777777777775,3.698611111111111,69.26666666666667,1,0,0,0
69,M,02:53:45,06:15:06,10425,22506,2.8958333333333335,6.251666666666667,3.3558333333333334,27.6,0,0,0,0
45,M,02:26:19,06:15:13,8779,22513,2.4386111111111113,6.253611111111111,3.815,82.58333333333333,0,0,0,0
39,M,02:00:38,06:15:13,7238,22513,2.0105555555555554,6.253611111111111,4.243055555555555,133.95,0,0,0,0
36,W,02:32:05,06:15:21,9125,22521,2.5347222222222223,6.255833333333333,3.721111111111111,71.18333333333334,1,0,0,0
59,M,02:35:01,06:15:21,9301,22521,2.5836111111111113,6.255833333333333,3.672222222222222,65.31666666666666,0,0,0,0
45,M,02:29:16,06:15:31,8956,22531,2.4877777777777776,6.258611111111111,3.7708333333333335,76.98333333333333,0,0,0,0
65,W,02:26:09,06:15:32,8769,22532,2.4358333333333335,6.2588888888888885,3.8230555555555554,83.23333333333333,1,0,0,0
34,W,02:36:55,06:15:33,9415,22533,2.6152777777777776,6.259166666666666,3.6438888888888887,61.71666666666667,1,0,0,0
39,W,02:35:05,06:15:33,9305,22533,2.584722222222222,6.259166666666666,3.6744444444444446,65.38333333333334,1,0,0,0
32,M,02:34:00,06:15:44,9240,22544,2.566666666666667,6.262222222222222,3.6955555555555555,67.73333333333333,0,0,0,0
47,M,02:35:27,06:15:51,9327,22551,2.5908333333333333,6.264166666666667,3.6733333333333333,64.95,0,0,0,0
38,W,02:43:50,06:16:01,9830,22561,2.7305555555555556,6.266944444444444,3.536388888888889,48.35,1,0,0,0
52,M,02:41:55,06:16:06,9715,22566,2.698611111111111,6.2683333333333335,3.569722222222222,52.266666666666666,0,0,0,0
52,M,02:23:33,06:16:10,8613,22570,2.3925,6.269444444444445,3.8769444444444443,89.06666666666666,0,0,0,0
58,M,02:15:24,06:16:13,8124,22573,2.256666666666667,6.270277777777777,4.0136111111111115,105.41666666666667,0,0,0,0
25,W,02:44:28,06:16:16,9868,22576,2.741111111111111,6.271111111111111,3.53,47.333333333333336,1,0,0,0
50,M,02:35:59,06:16:17,9359,22577,2.5997222222222223,6.271388888888889,3.671666666666667,64.31666666666666,0,0,0,0
31,W,02:35:22,06:16:19,9322,22579,2.5894444444444447,6.271944444444444,3.6825,65.58333333333333,1,0,0,0
34,M,02:47:15,06:16:20,10035,22580,2.7875,6.272222222222222,3.484722222222222,41.833333333333336,0,0,0,0
48,M,02:15:35,06:16:27,8135,22587,2.2597222222222224,6.274166666666667,4.014444444444444,105.28333333333333,0,0,0,0
27,M,02:47:32,06:16:31,10052,22591,2.792222222222222,6.275277777777778,3.4830555555555556,41.45,0,0,0,0
48,W,02:37:04,06:16:31,9424,22591,2.617777777777778,6.275277777777778,3.6575,62.38333333333333,1,0,0,0
50,M,02:49:06,06:16:36,10146,22596,2.8183333333333334,6.276666666666666,3.4583333333333335,38.4,0,0,0,0
41,M,02:23:58,06:16:37,8638,22597,2.3994444444444443,6.276944444444444,3.8775,88.68333333333334,0,0,0,0
23,W,02:36:09,06:16:50,9369,22610,2.6025,6.280555555555556,3.6780555555555554,64.53333333333333,1,0,0,0
52,W,02:35:48,06:17:00,9348,22620,2.5966666666666667,6.283333333333333,3.6866666666666665,65.4,1,0,0,0
51,M,02:20:14,06:17:04,8414,22624,2.337222222222222,6.2844444444444445,3.9472222222222224,96.6,0,0,0,0
35,W,02:40:02,06:17:27,9602,22647,2.667222222222222,6.2908333333333335,3.623611111111111,57.38333333333333,1,0,0,0
26,W,02:36:20,06:17:37,9380,22657,2.6055555555555556,6.293611111111111,3.6880555555555556,64.95,1,0,0,0
24,W,02:37:05,06:17:50,9425,22670,2.6180555555555554,6.2972222222222225,3.6791666666666667,63.666666666666664,1,0,0,0
40,W,02:40:45,06:17:59,9645,22679,2.6791666666666667,6.299722222222222,3.6205555555555557,56.483333333333334,1,0,0,0
54,M,02:27:26,06:17:59,8846,22679,2.457222222222222,6.299722222222222,3.8425,83.11666666666666,0,0,0,0
33,W,02:37:20,06:17:59,9440,22679,2.6222222222222222,6.299722222222222,3.6775,63.31666666666667,1,0,0,0
52,M,02:44:44,06:18:08,9884,22688,2.7455555555555557,6.302222222222222,3.5566666666666666,48.666666666666664,0,0,0,0
28,W,02:30:21,06:18:16,9021,22696,2.5058333333333334,6.304444444444444,3.798611111111111,77.56666666666666,1,0,0,0
59,M,02:44:32,06:18:27,9872,22707,2.7422222222222223,6.3075,3.5652777777777778,49.38333333333333,0,0,0,0
45,M,02:39:20,06:18:27,9560,22707,2.6555555555555554,6.3075,3.6519444444444447,59.78333333333333,0,0,0,0
32,M,02:48:20,06:18:35,10100,22715,2.8055555555555554,6.309722222222222,3.504166666666667,41.916666666666664,0,0,0,0
30,W,02:37:25,06:18:36,9445,22716,2.623611111111111,6.31,3.6863888888888887,63.766666666666666,1,0,0,0
58,W,02:31:36,06:18:43,9096,22723,2.526666666666667,6.311944444444444,3.785277777777778,75.51666666666667,1,0,0,0
30,W,02:31:15,06:18:43,9075,22723,2.5208333333333335,6.311944444444444,3.7911111111111113,76.21666666666667,1,0,0,0
30,W,02:45:51,06:18:44,9951,22724,2.7641666666666667,6.312222222222222,3.5480555555555555,47.03333333333333,1,0,0,0
33,M,02:05:37,06:18:45,7537,22725,2.093611111111111,6.3125,4.2188888888888885,127.51666666666667,0,0,0,0
49,W,02:35:34,06:18:46,9334,22726,2.5927777777777776,6.312777777777778,3.72,67.63333333333334,1,0,0,0
47,W,02:35:07,06:18:46,9307,22726,2.585277777777778,6.312777777777778,3.7275,68.53333333333333,1,0,0,0
31,W,02:36:13,06:18:52,9373,22732,2.6036111111111113,6.314444444444445,3.7108333333333334,66.43333333333334,1,0,0,0
56,W,02:31:05,06:19:04,9065,22744,2.5180555555555557,6.317777777777778,3.799722222222222,76.9,1,0,0,0
58,W,02:33:49,06:19:33,9229,22773,2.5636111111111113,6.325833333333334,3.7622222222222224,71.91666666666667,1,0,0,0
40,M,02:38:24,06:19:44,9504,22784,2.64,6.328888888888889,3.688888888888889,62.93333333333333,0,0,0,0
41,M,02:31:11,06:19:44,9071,22784,2.519722222222222,6.328888888888889,3.8091666666666666,77.36666666666666,0,0,0,0
44,W,02:29:14,06:19:54,8954,22794,2.487222222222222,6.331666666666667,3.8444444444444446,81.43333333333334,1,0,0,0
49,M,02:34:36,06:19:59,9276,22799,2.5766666666666667,6.333055555555555,3.756388888888889,70.78333333333333,0,0,0,0
48,M,02:24:56,06:20:09,8696,22809,2.4155555555555557,6.335833333333333,3.9202777777777778,90.28333333333333,0,0,0,0
43,W,02:35:25,06:20:09,9325,22809,2.5902777777777777,6.335833333333333,3.7455555555555557,69.31666666666666,1,0,0,0
36,W,02:29:46,06:20:22,8986,22822,2.496111111111111,6.339444444444444,3.8433333333333333,80.83333333333333,1,0,0,0
48,M,02:19:21,06:20:30,8361,22830,2.3225,6.341666666666667,4.019166666666667,101.8,0,0,0,0
44,W,02:46:27,06:20:31,9987,22831,2.7741666666666664,6.341944444444445,3.5677777777777777,47.61666666666667,1,0,0,0
52,M,02:32:48,06:20:33,9168,22833,2.546666666666667,6.3425,3.7958333333333334,74.95,0,0,0,0
23,M,02:11:42,06:20:40,7902,22840,2.195,6.344444444444444,4.149444444444445,117.26666666666667,0,0,0,0
37,W,02:37:29,06:20:51,9449,22851,2.624722222222222,6.3475,3.722777777777778,65.88333333333334,1,0,0,0
45,W,02:40:43,06:20:51,9643,22851,2.678611111111111,6.3475,3.668888888888889,59.416666666666664,1,0,0,0
60,M,02:25:46,06:21:12,8746,22872,2.4294444444444445,6.3533333333333335,3.923888888888889,89.66666666666667,0,0,0,0
24,W,02:39:49,06:21:22,9589,22882,2.663611111111111,6.356111111111111,3.6925,61.733333333333334,1,0,0,0
57,W,02:29:13,06:21:23,8953,22883,2.4869444444444446,6.356388888888889,3.8694444444444445,82.95,1,0,0,0
33,M,02:33:22,06:21:27,9202,22887,2.556111111111111,6.3575,3.801388888888889,74.71666666666667,0,0,0,0
55,M,02:31:32,06:21:36,9092,22896,2.5255555555555556,6.36,3.8344444444444443,78.53333333333333,0,0,0,0
57,M,02:15:25,06:21:37,8125,22897,2.2569444444444446,6.360277777777778,4.1033333333333335,110.78333333333333,0,0,0,0
63,M,02:34:54,06:21:40,9294,22900,2.5816666666666666,6.361111111111111,3.7794444444444446,71.86666666666666,0,0,0,0
42,M,02:36:11,06:21:50,9371,22910,2.6030555555555557,6.363888888888889,3.7608333333333333,69.46666666666667,0,0,0,0
35,W,02:42:48,06:21:51,9768,22911,2.7133333333333334,6.364166666666667,3.6508333333333334,56.25,1,0,0,0
61,W,02:37:16,06:21:57,9436,22917,2.621111111111111,6.365833333333334,3.7447222222222223,67.41666666666667,1,0,0,0
59,W,02:42:52,06:22:06,9772,22926,2.7144444444444447,6.368333333333333,3.653888888888889,56.36666666666667,1,0,0,0
41,W,02:22:51,06:22:10,8571,22930,2.3808333333333334,6.3694444444444445,3.988611111111111,96.46666666666667,1,0,0,0
26,M,02:27:54,06:22:13,8874,22933,2.465,6.370277777777778,3.9052777777777776,86.41666666666667,0,0,0,0
25,W,02:28:05,06:22:17,8885,22937,2.4680555555555554,6.371388888888889,3.9033333333333333,86.11666666666666,1,0,0,0
24,M,02:12:20,06:22:35,7940,22955,2.2055555555555557,6.376388888888889,4.170833333333333,117.91666666666667,0,0,0,0
25,W,02:30:54,06:22:38,9054,22958,2.515,6.377222222222223,3.862222222222222,80.83333333333333,1,0,0,0
46,W,02:24:43,06:22:38,8683,22958,2.4119444444444444,6.377222222222223,3.9652777777777777,93.2,1,0,0,0
30,W,02:43:16,06:22:45,9796,22965,2.721111111111111,6.379166666666666,3.6580555555555554,56.21666666666667,1,0,0,0
24,W,02:35:04,06:22:52,9304,22972,2.5844444444444443,6.381111111111111,3.796666666666667,72.73333333333333,1,0,0,0
25,W,02:30:37,06:22:52,9037,22972,2.5102777777777776,6.381111111111111,3.870833333333333,81.63333333333334,1,0,0,0
34,M,02:24:12,06:22:55,8652,22975,2.4033333333333333,6.381944444444445,3.9786111111111113,94.51666666666667,0,0,0,0
20,M,02:39:47,06:22:57,9587,22977,2.6630555555555557,6.3825,3.7194444444444446,63.38333333333333,0,0,0,0
43,W,02:30:15,06:23:04,9015,22984,2.504166666666667,6.384444444444444,3.8802777777777777,82.56666666666666,1,0,0,0
77,M,02:31:41,06:23:09,9101,22989,2.5280555555555555,6.385833333333333,3.8577777777777778,79.78333333333333,0,0,0,0
25,M,02:28:59,06:23:11,8939,22991,2.4830555555555556,6.386388888888889,3.9033333333333333,85.21666666666667,0,0,0,0
18,W,02:17:29,06:23:12,8249,22992,2.2913888888888887,6.386666666666667,4.095277777777778,108.23333333333333,1,0,0,0
32,M,02:26:33,06:23:16,8793,22996,2.4425,6.387777777777778,3.9452777777777777,90.16666666666667,0,0,0,0
27,M,02:20:56,06:23:22,8456,23002,2.348888888888889,6.389444444444444,4.040555555555556,101.5,0,0,0,0
21,W,02:34:29,06:23:30,9269,23010,2.5747222222222224,6.391666666666667,3.8169444444444443,74.53333333333333,1,0,0,0
40,W,02:34:30,06:23:36,9270,23016,2.575,6.3933333333333335,3.8183333333333334,74.6,1,0,0,0
39,M,02:41:14,06:23:41,9674,23021,2.687222222222222,6.394722222222223,3.7075,61.21666666666667,0,0,0,0
68,M,02:27:44,06:23:42,8864,23022,2.462222222222222,6.395,3.932777777777778,88.23333333333333,0,0,0,0
24,W,02:32:53,06:23:46,9173,23026,2.5480555555555555,6.396111111111111,3.8480555555555553,78.0,1,0,0,0
24,W,02:41:03,06:23:48,9663,23028,2.6841666666666666,6.3966666666666665,3.7125,61.7,1,0,0,0
50,M,02:51:25,06:23:51,10285,23031,2.8569444444444443,6.3975,3.5405555555555557,41.016666666666666,0,0,0,0
36,W,02:34:14,06:23:52,9254,23032,2.5705555555555555,6.397777777777778,3.8272222222222223,75.4,1,0,0,0
45,W,02:39:41,06:23:53,9581,23033,2.661388888888889,6.398055555555556,3.736666666666667,64.51666666666667,1,0,0,0
51,M,02:39:15,06:23:53,9555,23033,2.654166666666667,6.398055555555556,3.743888888888889,65.38333333333334,0,0,0,0
42,M,02:24:40,06:23:55,8680,23035,2.411111111111111,6.398611111111111,3.9875,94.58333333333333,0,0,0,0
31,W,02:34:35,06:24:09,9275,23049,2.576388888888889,6.4025,3.826111111111111,74.98333333333333,1,0,0,0
50,W,02:34:28,06:24:10,9268,23050,2.5744444444444445,6.402777777777778,3.828333333333333,75.23333333333333,1,0,0,0
29,W,02:40:22,06:24:29,9622,23069,2.6727777777777777,6.408055555555555,3.7352777777777777,63.75,1,0,0,0
25,M,02:18:29,06:24:30,8309,23070,2.3080555555555557,6.408333333333333,4.1002777777777775,107.53333333333333,0,0,0,0
41,W,02:40:58,06:24:38,9658,23078,2.682777777777778,6.410555555555556,3.727777777777778,62.7,1,0,0,0
41,M,02:52:38,06:24:42,10358,23082,2.877222222222222,6.411666666666667,3.5344444444444445,39.43333333333333,0,0,0,0
50,W,02:42:52,06:24:59,9772,23099,2.7144444444444447,6.416388888888889,3.7019444444444445,59.25,1,0,0,0
39,M,02:34:17,06:25:03,9257,23103,2.571388888888889,6.4175,3.846111111111111,76.48333333333333,0,0,0,0
43,W,02:37:26,06:25:11,9446,23111,2.6238888888888887,6.419722222222222,3.7958333333333334,70.31666666666666,1,0,0,0
36,W,02:39:03,06:25:23,9543,23123,2.6508333333333334,6.423055555555556,3.772222222222222,67.28333333333333,1,0,0,0
29,W,02:33:26,06:25:34,9206,23134,2.5572222222222223,6.426111111111111,3.868888888888889,78.7,1,0,0,0
67,M,02:27:04,06:25:37,8824,23137,2.451111111111111,6.426944444444445,3.9758333333333336,91.48333333333333,0,0,0,0
42,M,02:33:35,06:25:44,9215,23144,2.5597222222222222,6.428888888888889,3.8691666666666666,78.56666666666666,0,0,0,0
27,W,02:35:44,06:25:47,9344,23147,2.5955555555555554,6.429722222222222,3.8341666666666665,74.31666666666666,1,0,0,0
31,W,02:35:40,06:25:51,9340,23151,2.5944444444444446,6.430833333333333,3.836388888888889,74.51666666666667,1,0,0,0
56,M,02:34:47,06:26:04,9287,23164,2.5797222222222222,6.434444444444445,3.854722222222222,76.5,0,0,0,0
46,W,02:37:25,06:26:06,9445,23166,2.623611111111111,6.435,3.8113888888888887,71.26666666666667,1,0,0,0
31,W,02:46:02,06:26:10,9962,23170,2.7672222222222222,6.436111111111111,3.668888888888889,54.1,1,0,0,0
26,W,02:37:48,06:26:16,9468,23176,2.63,6.437777777777778,3.807777777777778,70.66666666666667,1,0,0,0
37,W,02:32:29,06:26:21,9149,23181,2.5413888888888887,6.439166666666667,3.897777777777778,81.38333333333334,1,0,0,0
46,W,02:42:16,06:26:47,9736,23207,2.7044444444444444,6.4463888888888885,3.7419444444444445,62.25,1,0,0,0
58,W,02:37:03,06:27:00,9423,23220,2.6175,6.45,3.8325,72.9,1,0,0,0
36,W,02:53:34,06:27:03,10414,23223,2.892777777777778,6.450833333333334,3.5580555555555557,39.916666666666664,1,0,0,0
53,M,02:39:51,06:27:06,9591,23226,2.6641666666666666,6.451666666666667,3.7875,67.4,0,0,0,0
45,W,02:35:09,06:27:06,9309,23226,2.5858333333333334,6.451666666666667,3.8658333333333332,76.8,1,0,0,0
47,M,02:44:56,06:27:12,9896,23232,2.7488888888888887,6.453333333333333,3.7044444444444444,57.333333333333336,0,0,0,0
55,W,02:40:42,06:27:15,9642,23235,2.6783333333333332,6.454166666666667,3.7758333333333334,65.85,1,0,0,0
66,W,02:40:10,06:27:34,9610,23254,2.6694444444444443,6.459444444444444,3.79,67.23333333333333,1,0,0,0
30,W,02:32:03,06:27:49,9123,23269,2.5341666666666667,6.463611111111111,3.9294444444444445,83.71666666666667,1,0,0,0
41,W,02:44:36,06:28:04,9876,23284,2.743333333333333,6.467777777777778,3.7244444444444444,58.86666666666667,1,0,0,0
35,M,02:34:31,06:28:34,9271,23314,2.575277777777778,6.476111111111111,3.9008333333333334,79.53333333333333,0,0,0,0
61,M,02:34:14,06:28:37,9254,23317,2.5705555555555555,6.476944444444444,3.906388888888889,80.15,0,0,0,0
60,W,02:41:39,06:28:40,9699,23320,2.694166666666667,6.477777777777778,3.783611111111111,65.36666666666666,1,0,0,0
46,M,02:35:27,06:28:52,9327,23332,2.5908333333333333,6.481111111111111,3.890277777777778,77.96666666666667,0,0,0,0
46,M,02:29:40,06:28:52,8980,23332,2.4944444444444445,6.481111111111111,3.986666666666667,89.53333333333333,0,0,0,0
25,W,02:43:23,06:29:00,9803,23340,2.7230555555555553,6.483333333333333,3.7602777777777776,62.233333333333334,1,0,0,0
29,W,02:36:11,06:29:02,9371,23342,2.6030555555555557,6.483888888888889,3.8808333333333334,76.66666666666667,1,0,0,0
33,W,02:41:24,06:29:22,9684,23362,2.69,6.489444444444445,3.7994444444444446,66.56666666666666,1,0,0,0
52,M,02:50:20,06:29:24,10220,23364,2.838888888888889,6.49,3.651111111111111,48.733333333333334,0,0,0,0
39,M,02:35:20,06:29:31,9320,23371,2.588888888888889,6.491944444444444,3.9030555555555555,78.85,0,0,0,0
37,M,02:36:44,06:29:34,9404,23374,2.612222222222222,6.4927777777777775,3.8805555555555555,76.1,0,0,0,0
36,W,02:38:11,06:29:34,9491,23374,2.636388888888889,6.4927777777777775,3.856388888888889,73.2,1,0,0,0
74,M,02:32:01,06:29:39,9121,23379,2.533611111111111,6.494166666666667,3.9605555555555556,85.61666666666666,0,0,0,0
31,W,02:30:50,06:29:43,9050,23383,2.513888888888889,6.495277777777778,3.981388888888889,88.05,1,0,0,0
47,W,02:40:52,06:29:53,9652,23393,2.681111111111111,6.498055555555555,3.8169444444444443,68.15,1,0,0,0
55,M,02:33:55,06:29:57,9235,23397,2.5652777777777778,6.4991666666666665,3.9338888888888888,82.11666666666666,0,0,0,0
40,M,02:40:40,06:30:02,9640,23402,2.6777777777777776,6.500555555555556,3.8227777777777776,68.7,0,0,0,0
34,W,02:52:58,06:30:28,10378,23428,2.8827777777777777,6.507777777777778,3.625,44.53333333333333,1,0,0,0
48,M,02:30:30,06:30:28,9030,23428,2.5083333333333333,6.507777777777778,3.9994444444444444,89.46666666666667,0,0,0,0
40,M,02:27:08,06:30:32,8828,23432,2.4522222222222223,6.5088888888888885,4.056666666666667,96.26666666666667,0,0,0,0
47,W,02:55:07,06:30:40,10507,23440,2.9186111111111113,6.511111111111111,3.5925,40.43333333333333,1,0,0,0
41,W,02:33:32,06:30:41,9212,23441,2.5588888888888888,6.511388888888889,3.9525,83.61666666666666,1,0,0,0
43,M,02:39:47,06:30:48,9587,23448,2.6630555555555557,6.513333333333334,3.850277777777778,71.23333333333333,0,0,0,0
46,W,02:36:32,06:30:49,9392,23449,2.608888888888889,6.5136111111111115,3.9047222222222224,77.75,1,0,0,0
41,W,02:46:29,06:31:09,9989,23469,2.774722222222222,6.519166666666667,3.7444444444444445,58.18333333333333,1,0,0,0
41,M,02:40:15,06:31:11,9615,23471,2.6708333333333334,6.519722222222223,3.848888888888889,70.68333333333334,0,0,0,0
43,W,02:54:35,06:31:22,10475,23482,2.9097222222222223,6.522777777777778,3.6130555555555555,42.2,1,0,0,0
52,W,02:35:00,06:31:22,9300,23482,2.5833333333333335,6.522777777777778,3.9394444444444443,81.36666666666666,1,0,0,0
32,W,02:41:46,06:31:49,9706,23509,2.696111111111111,6.530277777777778,3.8341666666666665,68.28333333333333,1,0,0,0
36,M,02:43:55,06:31:50,9835,23510,2.7319444444444443,6.530555555555556,3.798611111111111,64.0,0,0,0,0
39,M,02:42:16,06:31:53,9736,23513,2.7044444444444444,6.5313888888888885,3.8269444444444445,67.35,0,0,0,0
51,W,02:53:54,06:32:01,10434,23521,2.8983333333333334,6.533611111111111,3.6352777777777776,44.21666666666667,1,0,0,0
49,M,02:28:10,06:32:12,8890,23532,2.4694444444444446,6.536666666666667,4.067222222222222,95.86666666666666,0,0,0,0
37,W,02:17:53,06:32:19,8273,23539,2.2980555555555555,6.538611111111111,4.240555555555556,116.55,1,0,0,0
27,W,02:47:36,06:32:22,10056,23542,2.7933333333333334,6.539444444444444,3.746111111111111,57.166666666666664,1,0,0,0
64,M,02:51:52,06:32:42,10312,23562,2.8644444444444446,6.545,3.6805555555555554,48.96666666666667,0,0,0,0
38,W,02:45:51,06:32:56,9951,23576,2.7641666666666667,6.5488888888888885,3.7847222222222223,61.233333333333334,1,0,0,0
36,M,02:44:33,06:33:12,9873,23592,2.7425,6.553333333333334,3.8108333333333335,64.1,0,0,0,0
29,W,02:43:04,06:33:19,9784,23599,2.7177777777777776,6.5552777777777775,3.8375,67.18333333333334,1,0,0,0
62,M,02:49:25,06:33:27,10165,23607,2.823611111111111,6.5575,3.733888888888889,54.61666666666667,0,0,0,0
60,M,02:36:07,06:33:36,9367,23616,2.6019444444444444,6.56,3.9580555555555557,81.36666666666666,0,0,0,0
31,M,02:39:34,06:33:40,9574,23620,2.6594444444444445,6.561111111111111,3.901666666666667,74.53333333333333,0,0,0,0
59,M,02:35:15,06:33:50,9315,23630,2.5875,6.563888888888889,3.9763888888888888,83.33333333333333,0,0,0,0
50,W,02:38:50,06:33:55,9530,23635,2.647222222222222,6.565277777777778,3.9180555555555556,76.25,1,0,0,0
32,W,02:39:08,06:34:17,9548,23657,2.652222222222222,6.5713888888888885,3.9191666666666665,76.01666666666667,1,0,0,0
51,W,02:43:20,06:34:28,9800,23668,2.7222222222222223,6.5744444444444445,3.852222222222222,67.8,1,0,0,0
39,M,02:20:13,06:34:36,8413,23676,2.3369444444444443,6.576666666666667,4.239722222222222,114.16666666666667,0,0,0,0
44,M,02:24:51,06:34:48,8691,23688,2.4141666666666666,6.58,4.1658333333333335,105.1,0,0,0,0
43,M,02:35:02,06:34:57,9302,23697,2.5838888888888887,6.5825,3.998611111111111,84.88333333333334,0,0,0,0
53,M,02:44:55,06:35:07,9895,23707,2.748611111111111,6.585277777777778,3.8366666666666664,65.28333333333333,0,0,0,0
38,W,02:35:20,06:35:32,9320,23732,2.588888888888889,6.592222222222222,4.003333333333333,84.86666666666666,1,0,0,0
38,W,02:48:14,06:35:49,10094,23749,2.803888888888889,6.5969444444444445,3.7930555555555556,59.35,1,0,0,0
36,W,02:42:11,06:36:09,9731,23769,2.7030555555555558,6.6025,3.8994444444444443,71.78333333333333,1,0,0,0
41,W,02:40:47,06:36:14,9647,23774,2.6797222222222223,6.603888888888889,3.924166666666667,74.66666666666667,1,0,0,0
57,M,02:46:11,06:36:17,9971,23777,2.769722222222222,6.604722222222223,3.835,63.916666666666664,0,0,0,0
50,M,02:47:34,06:36:18,10054,23778,2.792777777777778,6.605,3.812222222222222,61.166666666666664,0,0,0,0
18,M,02:47:55,06:36:24,10075,23784,2.798611111111111,6.6066666666666665,3.8080555555555557,60.56666666666667,0,0,0,0
39,W,02:49:19,06:36:31,10159,23791,2.8219444444444446,6.608611111111111,3.7866666666666666,57.88333333333333,1,0,0,0
43,W,02:37:51,06:37:08,9471,23828,2.6308333333333334,6.618888888888889,3.9880555555555555,81.43333333333334,1,0,0,0
43,W,02:42:53,06:37:11,9773,23831,2.714722222222222,6.619722222222222,3.905,71.41666666666667,1,0,0,0
42,W,02:39:48,06:37:24,9588,23844,2.6633333333333336,6.623333333333333,3.96,77.8,1,0,0,0
42,W,02:42:43,06:38:00,9763,23880,2.7119444444444443,6.633333333333334,3.921388888888889,72.56666666666666,1,0,0,0
30,M,02:29:54,06:38:17,8994,23897,2.4983333333333335,6.638055555555556,4.139722222222222,98.48333333333333,0,0,0,0
62,M,02:48:29,06:38:22,10109,23902,2.8080555555555557,6.639444444444444,3.8313888888888887,61.4,0,0,0,0
41,M,02:49:28,06:38:26,10168,23906,2.8244444444444445,6.640555555555555,3.8161111111111112,59.5,0,0,0,0
25,M,02:12:51,06:38:29,7971,23909,2.214166666666667,6.641388888888889,4.427222222222222,132.78333333333333,0,0,0,0
37,M,02:41:15,06:38:48,9675,23928,2.6875,6.6466666666666665,3.9591666666666665,76.3,0,0,0,0
32,W,02:46:19,06:39:09,9979,23949,2.7719444444444443,6.6525,3.8805555555555555,66.51666666666667,1,0,0,0
31,W,02:47:17,06:39:09,10037,23949,2.7880555555555557,6.6525,3.8644444444444446,64.58333333333333,1,0,0,0
40,W,02:54:45,06:39:13,10485,23953,2.9125,6.653611111111111,3.741111111111111,49.71666666666667,1,0,0,0
50,M,02:41:44,06:39:33,9704,23973,2.6955555555555555,6.659166666666667,3.963611111111111,76.08333333333333,0,0,0,0
38,M,02:53:09,06:39:39,10389,23979,2.8858333333333333,6.660833333333334,3.775,53.35,0,0,0,0
22,W,02:30:57,06:39:48,9057,23988,2.515833333333333,6.663333333333333,4.1475,97.9,1,0,0,0
56,M,03:07:40,06:40:03,11260,24003,3.1277777777777778,6.6675,3.539722222222222,24.716666666666665,0,0,0,0
49,W,02:43:52,06:40:06,9832,24006,2.7311111111111113,6.668333333333333,3.937222222222222,72.36666666666666,1,0,0,0
57,M,02:44:26,06:40:06,9866,24006,2.7405555555555554,6.668333333333333,3.9277777777777776,71.23333333333333,0,0,0,0
40,W,02:57:29,06:40:39,10649,24039,2.9580555555555557,6.6775,3.7194444444444446,45.68333333333333,1,0,0,0
33,W,02:46:14,06:40:48,9974,24048,2.7705555555555557,6.68,3.9094444444444445,68.33333333333333,1,0,0,0
30,M,02:38:05,06:41:57,9485,24117,2.6347222222222224,6.699166666666667,4.064444444444445,85.78333333333333,0,0,0,0
53,M,02:34:38,06:42:08,9278,24128,2.5772222222222223,6.702222222222222,4.125,92.86666666666666,0,0,0,0
48,M,02:38:49,06:42:26,9529,24146,2.6469444444444443,6.707222222222223,4.060277777777777,84.8,0,0,0,0
65,M,02:42:28,06:42:49,9748,24169,2.707777777777778,6.713611111111111,4.005833333333333,77.88333333333334,0,0,0,0
61,M,02:46:02,06:43:06,9962,24186,2.7672222222222222,6.718333333333334,3.951111111111111,71.03333333333333,0,0,0,0
47,M,02:54:57,06:43:08,10497,24188,2.9158333333333335,6.7188888888888885,3.8030555555555554,53.233333333333334,0,0,0,0
37,M,02:53:15,06:43:11,10395,24191,2.8875,6.719722222222222,3.832222222222222,56.68333333333333,0,0,0,0
50,M,02:46:57,06:43:12,10017,24192,2.7825,6.72,3.9375,69.3,0,0,0,0
53,W,02:47:12,06:43:13,10032,24193,2.7866666666666666,6.720277777777778,3.933611111111111,68.81666666666666,1,0,0,0
37,W,02:38:29,06:43:27,9509,24207,2.641388888888889,6.724166666666667,4.082777777777777,86.48333333333333,1,0,0,0
29,M,02:25:41,06:43:32,8741,24212,2.4280555555555554,6.725555555555555,4.2975,112.16666666666667,0,0,0,0
36,M,02:44:29,06:43:33,9869,24213,2.741388888888889,6.725833333333333,3.9844444444444442,74.58333333333333,0,0,0,0
42,M,02:45:18,06:43:44,9918,24224,2.755,6.728888888888889,3.973888888888889,73.13333333333334,0,0,0,0
57,W,02:50:36,06:43:58,10236,24238,2.8433333333333333,6.732777777777778,3.8894444444444445,62.766666666666666,1,0,0,0
34,W,02:42:55,06:44:12,9775,24252,2.7152777777777777,6.736666666666666,4.021388888888889,78.36666666666666,1,0,0,0
35,M,02:47:20,06:44:28,10040,24268,2.7888888888888888,6.7411111111111115,3.9522222222222223,69.8,0,0,0,0
52,W,02:28:21,06:44:30,8901,24270,2.4725,6.741666666666666,4.269166666666667,107.8,1,0,0,0
50,W,02:38:44,06:44:30,9524,24270,2.6455555555555557,6.741666666666666,4.096111111111111,87.03333333333333,1,0,0,0
49,W,02:54:18,06:44:36,10458,24276,2.905,6.743333333333333,3.8383333333333334,56.0,1,0,0,0
75,M,02:46:11,06:44:43,9971,24283,2.769722222222222,6.745277777777778,3.9755555555555557,72.35,0,0,0,0
61,M,02:46:45,06:44:47,10005,24287,2.779166666666667,6.746388888888889,3.9672222222222224,71.28333333333333,0,0,0,0
42,M,02:43:38,06:44:51,9818,24291,2.727222222222222,6.7475,4.020277777777777,77.58333333333333,0,0,0,0
42,M,02:52:51,06:45:01,10371,24301,2.8808333333333334,6.750277777777778,3.8694444444444445,59.31666666666667,0,0,0,0
47,M,02:40:19,06:45:11,9619,24311,2.6719444444444442,6.753055555555555,4.081111111111111,84.55,0,0,0,0
47,W,02:51:38,06:45:43,10298,24343,2.8605555555555555,6.7619444444444445,3.901388888888889,62.45,1,0,0,0
43,W,02:59:55,06:45:51,10795,24351,2.998611111111111,6.764166666666667,3.7655555555555558,46.016666666666666,1,0,0,0
39,W,02:48:26,06:46:12,10106,24372,2.8072222222222223,6.77,3.9627777777777777,69.33333333333333,1,0,0,0
30,W,02:48:53,06:46:16,10133,24376,2.814722222222222,6.771111111111111,3.9563888888888887,68.5,1,0,0,0
32,W,02:59:04,06:46:28,10744,24388,2.9844444444444442,6.774444444444445,3.79,48.333333333333336,1,0,0,0
40,W,02:50:56,06:46:29,10256,24389,2.848888888888889,6.7747222222222225,3.9258333333333333,64.61666666666666,1,0,0,0
67,M,02:37:54,06:46:37,9474,24397,2.631666666666667,6.776944444444444,4.145277777777777,90.81666666666666,0,0,0,0
44,M,03:13:08,06:46:53,11588,24413,3.218888888888889,6.7813888888888885,3.5625,20.616666666666667,0,0,0,0
40,W,02:30:44,06:46:57,9044,24417,2.5122222222222224,6.7825,4.270277777777777,105.48333333333333,1,0,0,0
32,M,02:46:49,06:47:44,10009,24464,2.7802777777777776,6.795555555555556,4.0152777777777775,74.1,0,0,0,0
34,W,02:56:09,06:47:50,10569,24470,2.9358333333333335,6.7972222222222225,3.861388888888889,55.53333333333333,1,0,0,0
36,W,02:52:07,06:47:51,10327,24471,2.868611111111111,6.7975,3.928888888888889,63.61666666666667,1,0,0,0
53,W,02:45:48,06:48:00,9948,24480,2.763333333333333,6.8,4.036666666666667,76.4,1,0,0,0
33,W,02:42:00,06:48:03,9720,24483,2.7,6.800833333333333,4.100833333333333,84.05,1,0,0,0
39,W,02:50:33,06:48:10,10233,24490,2.8425,6.802777777777778,3.960277777777778,67.06666666666666,1,0,0,0
25,W,02:49:38,06:48:15,10178,24495,2.8272222222222223,6.804166666666666,3.9769444444444444,68.98333333333333,1,0,0,0
50,W,02:56:27,06:48:19,10587,24499,2.9408333333333334,6.8052777777777775,3.8644444444444446,55.416666666666664,1,0,0,0
31,M,02:42:38,06:48:22,9758,24502,2.7105555555555556,6.806111111111111,4.095555555555555,83.1,0,0,0,0
36,W,02:55:42,06:48:30,10542,24510,2.9283333333333332,6.808333333333334,3.88,57.1,1,0,0,0
50,W,02:29:24,06:48:41,8964,24521,2.49,6.811388888888889,4.3213888888888885,109.88333333333334,1,0,0,0
66,M,03:01:03,06:49:00,10863,24540,3.0175,6.816666666666666,3.799166666666667,46.9,0,0,0,0
40,W,02:40:46,06:49:00,9646,24540,2.6794444444444445,6.816666666666666,4.137222222222222,87.46666666666667,1,0,0,0
55,W,02:55:55,06:49:11,10555,24551,2.9319444444444445,6.8197222222222225,3.887777777777778,57.35,1,0,0,0
31,M,02:40:54,06:49:56,9654,24596,2.6816666666666666,6.832222222222223,4.150555555555556,88.13333333333334,0,0,0,0
47,W,03:04:40,06:50:15,11080,24615,3.077777777777778,6.8375,3.7597222222222224,40.916666666666664,1,0,0,0
46,W,02:46:30,06:50:24,9990,24624,2.775,6.84,4.065,77.4,1,0,0,0
57,M,02:47:42,06:50:35,10062,24635,2.795,6.843055555555556,4.048055555555556,75.18333333333334,0,0,0,0
23,W,02:57:56,06:50:41,10676,24641,2.9655555555555555,6.844722222222222,3.879166666666667,54.81666666666667,1,0,0,0
52,M,02:49:46,06:51:13,10186,24673,2.8294444444444444,6.853611111111111,4.024166666666667,71.68333333333334,0,0,0,0
35,M,01:58:14,06:51:14,7094,24674,1.9705555555555556,6.853888888888889,4.883333333333334,174.76666666666668,0,0,0,0
52,W,02:50:27,06:51:17,10227,24677,2.8408333333333333,6.854722222222223,4.013888888888889,70.38333333333334,1,0,0,0
38,W,02:21:08,06:51:25,8468,24685,2.352222222222222,6.856944444444444,4.504722222222222,129.15,1,0,0,0
50,W,02:46:33,06:51:41,9993,24701,2.7758333333333334,6.8613888888888885,4.085555555555556,78.58333333333333,1,0,0,0
26,W,02:38:18,06:51:58,9498,24718,2.638333333333333,6.8661111111111115,4.227777777777778,95.36666666666666,1,0,0,0
44,W,02:43:57,06:52:11,9837,24731,2.7325,6.869722222222222,4.137222222222222,84.28333333333333,1,0,0,0
57,M,02:37:05,06:52:17,9425,24737,2.6180555555555554,6.871388888888889,4.253333333333333,98.11666666666666,0,0,0,0
30,W,02:51:58,06:52:36,10318,24756,2.866111111111111,6.876666666666667,4.010555555555555,68.66666666666667,1,0,0,0
52,W,02:51:46,06:53:14,10306,24794,2.8627777777777776,6.887222222222222,4.024444444444445,69.7,1,0,0,0
28,M,02:42:59,06:53:14,9779,24794,2.716388888888889,6.887222222222222,4.170833333333333,87.26666666666667,0,0,0,0
47,M,03:00:39,06:53:25,10839,24805,3.0108333333333333,6.8902777777777775,3.8794444444444443,52.11666666666667,0,0,0,0
51,W,03:05:39,06:53:40,11139,24820,3.0941666666666667,6.894444444444445,3.8002777777777776,42.36666666666667,1,0,0,0
33,W,02:46:20,06:53:51,9980,24831,2.772222222222222,6.8975,4.125277777777778,81.18333333333334,1,0,0,0
63,M,02:52:05,06:53:55,10325,24835,2.8680555555555554,6.898611111111111,4.030555555555556,69.75,0,0,0,0
28,M,02:40:46,06:54:05,9646,24845,2.6794444444444445,6.901388888888889,4.2219444444444445,92.55,0,0,0,0
40,W,02:46:18,06:54:09,9978,24849,2.7716666666666665,6.9025,4.130833333333333,81.55,1,0,0,0
44,M,02:24:26,06:54:13,8666,24853,2.4072222222222224,6.903611111111111,4.496388888888889,125.35,0,0,0,0
64,M,02:48:53,06:54:14,10133,24854,2.814722222222222,6.903888888888889,4.089166666666666,76.46666666666667,0,0,0,0
31,M,02:49:30,06:54:20,10170,24860,2.825,6.905555555555556,4.080555555555556,75.33333333333333,0,0,0,0
42,M,02:38:41,06:54:40,9521,24880,2.644722222222222,6.911111111111111,4.266388888888889,97.3,0,0,0,0
36,W,02:51:30,06:55:21,10290,24921,2.8583333333333334,6.9225,4.064166666666667,72.35,1,0,0,0
57,W,02:53:04,06:55:25,10384,24925,2.8844444444444446,6.923611111111111,4.039166666666667,69.28333333333333,1,0,0,0
41,W,03:00:30,06:55:56,10830,24956,3.0083333333333333,6.932222222222222,3.923888888888889,54.93333333333333,1,0,0,0
52,W,03:07:29,06:56:38,11249,24998,3.124722222222222,6.943888888888889,3.819166666666667,41.666666666666664,1,0,0,0
29,W,02:28:51,06:56:42,8931,25002,2.4808333333333334,6.945,4.464166666666666,119.0,1,0,0,0
28,W,02:43:38,06:57:03,9818,25023,2.727222222222222,6.950833333333334,4.223611111111111,89.78333333333333,1,0,0,0
58,W,02:59:57,06:57:05,10797,25025,2.9991666666666665,6.951388888888889,3.9522222222222223,57.18333333333333,1,0,0,0
50,W,03:00:43,06:57:22,10843,25042,3.0119444444444445,6.956111111111111,3.944166666666667,55.93333333333333,1,0,0,0
63,W,02:59:41,06:57:33,10781,25053,2.9947222222222223,6.9591666666666665,3.9644444444444447,58.18333333333333,1,0,0,0
29,M,03:10:09,06:57:41,11409,25061,3.1691666666666665,6.961388888888889,3.792222222222222,37.38333333333333,0,0,0,0
45,W,02:56:08,06:57:55,10568,25075,2.9355555555555557,6.965277777777778,4.029722222222222,65.65,1,0,0,0
44,M,02:45:21,06:58:01,9921,25081,2.7558333333333334,6.966944444444445,4.211111111111111,87.31666666666666,0,0,0,0
30,W,02:47:45,06:58:02,10065,25082,2.7958333333333334,6.967222222222222,4.171388888888889,82.53333333333333,1,0,0,0
51,W,02:50:33,06:58:09,10233,25089,2.8425,6.969166666666666,4.126666666666667,77.05,1,0,0,0
34,W,03:00:13,06:58:21,10813,25101,3.0036111111111112,6.9725,3.968888888888889,57.916666666666664,1,0,0,0
51,W,02:59:08,06:58:26,10748,25106,2.9855555555555555,6.973888888888889,3.9883333333333333,60.166666666666664,1,0,0,0
30,W,02:44:53,06:58:42,9893,25122,2.7480555555555557,6.9783333333333335,4.230277777777777,88.93333333333334,1,0,0,0
61,W,02:59:47,06:58:49,10787,25129,2.9963888888888888,6.980277777777777,3.983888888888889,59.25,1,0,0,0
41,M,02:50:16,06:59:05,10216,25145,2.8377777777777777,6.9847222222222225,4.146944444444444,78.55,0,0,0,0
50,M,03:00:23,06:59:05,10823,25145,3.006388888888889,6.9847222222222225,3.9783333333333335,58.31666666666667,0,0,0,0
32,W,02:42:11,06:59:08,9731,25148,2.7030555555555558,6.985555555555556,4.2825,94.76666666666667,1,0,0,0
35,W,03:05:48,06:59:15,11148,25155,3.0966666666666667,6.9875,3.890833333333333,47.65,1,0,0,0
54,W,02:59:33,06:59:20,10773,25160,2.9925,6.988888888888889,3.9963888888888888,60.233333333333334,1,0,0,0
74,M,03:06:09,06:59:47,11169,25187,3.1025,6.996388888888889,3.8938888888888887,47.483333333333334,0,0,0,0
30,M,03:02:25,06:59:50,10945,25190,3.040277777777778,6.997222222222222,3.9569444444444444,55.0,0,0,0,0
56,W,02:52:26,07:00:00,10346,25200,2.8738888888888887,7.0,4.126111111111111,75.13333333333334,1,0,0,0
53,M,02:46:24,07:00:20,9984,25220,2.7733333333333334,7.0055555555555555,4.232222222222222,87.53333333333333,0,0,0,0
54,W,02:53:50,07:00:30,10430,25230,2.897222222222222,7.008333333333334,4.111111111111111,72.83333333333333,1,0,0,0
47,M,02:55:28,07:00:36,10528,25236,2.9244444444444446,7.01,4.085555555555556,69.66666666666667,0,0,0,0
39,W,03:02:14,07:00:45,10934,25245,3.0372222222222223,7.0125,3.975277777777778,56.28333333333333,1,0,0,0
50,W,03:01:47,07:01:00,10907,25260,3.0297222222222224,7.016666666666667,3.9869444444444446,57.43333333333333,1,0,0,0
78,M,02:52:54,07:01:29,10374,25289,2.881666666666667,7.0247222222222225,4.143055555555556,75.68333333333334,0,0,0,0
52,M,03:06:12,07:01:48,11172,25308,3.1033333333333335,7.03,3.9266666666666667,49.4,0,0,0,0
59,M,02:48:54,07:01:52,10134,25312,2.815,7.0311111111111115,4.216111111111111,84.06666666666666,0,0,0,0
34,W,02:51:00,07:01:57,10260,25317,2.85,7.0325,4.1825,79.95,1,0,0,0
54,M,02:48:00,07:02:01,10080,25321,2.8,7.033611111111111,4.233611111111111,86.01666666666667,0,0,0,0
37,W,03:13:28,07:02:14,11608,25334,3.2244444444444444,7.037222222222222,3.812777777777778,35.3,1,0,0,0
24,M,03:04:19,07:02:19,11059,25339,3.0719444444444446,7.038611111111111,3.966666666666667,53.68333333333333,0,0,0,0
46,W,03:01:18,07:03:09,10878,25389,3.0216666666666665,7.0525,4.030833333333334,60.55,1,0,0,0
44,W,02:58:08,07:03:13,10688,25393,2.968888888888889,7.0536111111111115,4.084722222222222,66.95,1,0,0,0
46,W,03:00:53,07:03:34,10853,25414,3.0147222222222223,7.059444444444445,4.044722222222222,61.8,1,0,0,0
59,W,02:48:21,07:04:03,10101,25443,2.805833333333333,7.0675,4.261666666666667,87.35,1,0,0,0
35,W,03:01:45,07:04:10,10905,25450,3.029166666666667,7.069444444444445,4.040277777777778,60.666666666666664,1,0,0,0
26,W,03:06:28,07:04:14,11188,25454,3.1077777777777778,7.070555555555556,3.9627777777777777,51.3,1,0,0,0
73,W,02:54:33,07:04:20,10473,25460,2.9091666666666667,7.072222222222222,4.163055555555555,75.23333333333333,1,0,0,0
60,M,02:48:01,07:04:20,10081,25460,2.8002777777777776,7.072222222222222,4.271944444444444,88.3,0,0,0,0
49,W,02:55:08,07:04:23,10508,25463,2.918888888888889,7.073055555555555,4.154166666666667,74.11666666666666,1,0,0,0
59,W,02:38:01,07:04:35,9481,25475,2.633611111111111,7.076388888888889,4.442777777777778,108.55,1,0,0,0
24,W,02:42:32,07:04:56,9752,25496,2.7088888888888887,7.082222222222223,4.373333333333333,99.86666666666666,1,0,0,0
30,W,02:45:29,07:05:01,9929,25501,2.7580555555555555,7.083611111111111,4.325555555555556,94.05,1,0,0,0
39,W,03:11:12,07:05:11,11472,25511,3.1866666666666665,7.086388888888889,3.899722222222222,42.78333333333333,1,0,0,0
39,W,02:55:16,07:05:40,10516,25540,2.921111111111111,7.094444444444444,4.173333333333333,75.13333333333334,1,0,0,0
45,M,02:55:54,07:06:07,10554,25567,2.9316666666666666,7.101944444444444,4.170277777777778,74.31666666666666,0,0,0,0
43,W,03:10:43,07:06:36,11443,25596,3.178611111111111,7.11,3.931388888888889,45.166666666666664,1,0,0,0
49,W,02:44:10,07:06:49,9850,25609,2.736111111111111,7.113611111111111,4.3775,98.48333333333333,1,0,0,0
52,W,02:50:19,07:07:49,10219,25669,2.838611111111111,7.130277777777778,4.291666666666667,87.18333333333334,1,0,0,0
41,M,02:49:24,07:07:55,10164,25675,2.8233333333333333,7.131944444444445,4.308611111111111,89.11666666666666,0,0,0,0
32,M,02:44:08,07:08:16,9848,25696,2.7355555555555555,7.137777777777778,4.402222222222222,100.0,0,0,0,0
49,M,03:02:40,07:08:17,10960,25697,3.0444444444444443,7.138055555555556,4.0936111111111115,62.95,0,0,0,0
51,W,03:04:54,07:08:25,11094,25705,3.0816666666666666,7.1402777777777775,4.058611111111111,58.61666666666667,1,0,0,0
71,W,03:04:36,07:08:39,11076,25719,3.0766666666666667,7.144166666666667,4.0675,59.45,1,0,0,0
59,W,03:06:59,07:09:06,11219,25746,3.116388888888889,7.151666666666666,4.035277777777778,55.13333333333333,1,0,0,0
31,W,02:47:10,07:09:15,10030,25755,2.786111111111111,7.154166666666667,4.368055555555555,94.91666666666667,1,0,0,0
65,M,02:54:21,07:09:15,10461,25755,2.9058333333333333,7.154166666666667,4.248333333333333,80.55,0,0,0,0
52,W,02:57:21,07:09:31,10641,25771,2.9558333333333335,7.158611111111111,4.2027777777777775,74.81666666666666,1,0,0,0
70,M,03:25:20,07:10:04,12320,25804,3.422222222222222,7.167777777777777,3.7455555555555557,19.4,0,0,0,0
48,W,02:48:59,07:10:14,10139,25814,2.816388888888889,7.170555555555556,4.354166666666667,92.26666666666667,1,0,0,0
58,W,02:53:49,07:10:27,10429,25827,2.8969444444444443,7.174166666666666,4.277222222222222,82.81666666666666,1,0,0,0
43,W,02:55:23,07:10:29,10523,25829,2.9230555555555555,7.174722222222222,4.251666666666667,79.71666666666667,1,0,0,0
50,M,02:50:05,07:10:31,10205,25831,2.834722222222222,7.175277777777778,4.3405555555555555,90.35,0,0,0,0
33,W,02:51:04,07:11:00,10264,25860,2.851111111111111,7.183333333333334,4.332222222222223,88.86666666666666,1,0,0,0
54,M,02:37:37,07:11:06,9457,25866,2.6269444444444443,7.185,4.558055555555556,115.86666666666666,0,0,0,0
64,M,02:58:05,07:11:49,10685,25909,2.9680555555555554,7.196944444444444,4.228888888888889,75.65,0,0,0,0
37,M,03:03:19,07:12:31,10999,25951,3.055277777777778,7.208611111111111,4.153333333333333,65.88333333333334,0,0,0,0
63,M,02:54:02,07:12:47,10442,25967,2.9005555555555556,7.213055555555556,4.3125,84.71666666666667,0,0,0,0
32,W,03:02:22,07:12:57,10942,25977,3.0394444444444444,7.215833333333333,4.176388888888889,68.21666666666667,1,0,0,0
42,M,03:03:02,07:13:25,10982,26005,3.0505555555555555,7.223611111111111,4.173055555555556,67.35,0,0,0,0
38,W,03:04:19,07:14:17,11059,26057,3.0719444444444446,7.2380555555555555,4.166111111111111,65.65,1,0,0,0
37,M,02:47:29,07:14:50,10049,26090,2.7913888888888887,7.247222222222222,4.4558333333333335,99.86666666666666,0,0,0,0
24,M,02:47:02,07:15:11,10022,26111,2.783888888888889,7.253055555555555,4.469166666666666,101.11666666666666,0,0,0,0
34,M,03:04:27,07:15:16,11067,26116,3.0741666666666667,7.254444444444444,4.1802777777777775,66.36666666666666,0,0,0,0
39,W,02:42:13,07:15:20,9733,26120,2.703611111111111,7.2555555555555555,4.551944444444445,110.9,1,0,0,0
64,M,02:58:54,07:15:27,10734,26127,2.9816666666666665,7.2575,4.275833333333333,77.65,0,0,0,0
57,W,02:53:07,07:15:27,10387,26127,2.8852777777777776,7.2575,4.372222222222222,89.21666666666667,1,0,0,0
36,M,03:11:04,07:15:30,11464,26130,3.1844444444444444,7.258333333333334,4.073888888888889,53.36666666666667,0,0,0,0
48,M,03:12:43,07:15:34,11563,26134,3.2119444444444443,7.259444444444444,4.0475,50.13333333333333,0,0,0,0
22,W,03:06:24,07:15:38,11184,26138,3.1066666666666665,7.260555555555555,4.153888888888889,62.833333333333336,1,0,0,0
46,W,03:05:04,07:16:15,11104,26175,3.0844444444444443,7.270833333333333,4.186388888888889,66.11666666666666,1,0,0,0
39,M,02:43:00,07:16:31,9780,26191,2.716666666666667,7.275277777777778,4.558611111111111,110.51666666666667,0,0,0,0
40,W,03:05:56,07:16:41,11156,26201,3.098888888888889,7.2780555555555555,4.179166666666666,64.81666666666666,1,0,0,0
28,W,03:04:32,07:17:07,11072,26227,3.0755555555555554,7.285277777777778,4.209722222222222,68.05,1,0,0,0
61,W,02:57:19,07:17:20,10639,26240,2.955277777777778,7.288888888888889,4.333611111111111,82.7,1,0,0,0
34,W,02:49:57,07:18:16,10197,26296,2.8325,7.304444444444444,4.4719444444444445,98.36666666666666,1,0,0,0
77,M,02:57:10,07:18:41,10630,26321,2.952777777777778,7.311388888888889,4.358611111111111,84.35,0,0,0,0
57,W,03:14:54,07:19:30,11694,26370,3.2483333333333335,7.325,4.076666666666667,49.7,1,0,0,0
53,M,02:54:32,07:19:55,10472,26395,2.908888888888889,7.331944444444445,4.423055555555556,90.85,0,0,0,0
49,W,03:14:31,07:21:08,11671,26468,3.2419444444444445,7.352222222222222,4.110277777777778,52.1,1,0,0,0
39,W,03:00:41,07:21:17,10841,26477,3.011388888888889,7.354722222222223,4.343333333333334,79.91666666666667,1,0,0,0
42,M,02:40:16,07:22:26,9616,26546,2.671111111111111,7.373888888888889,4.7027777777777775,121.9,0,0,0,0
45,M,03:02:17,07:22:34,10937,26554,3.0380555555555557,7.376111111111111,4.338055555555556,78.0,0,0,0,0
41,M,03:12:18,07:22:42,11538,26562,3.205,7.378333333333333,4.173333333333333,58.1,0,0,0,0
40,M,03:01:46,07:23:17,10906,26597,3.0294444444444446,7.388055555555556,4.358611111111111,79.75,0,0,0,0
28,W,02:44:15,07:23:24,9855,26604,2.7375,7.39,4.6525,114.9,1,0,0,0
32,W,03:07:29,07:24:12,11249,26652,3.124722222222222,7.403333333333333,4.278611111111111,69.23333333333333,1,0,0,0
80,W,03:37:23,07:24:30,13043,26670,3.6230555555555557,7.408333333333333,3.785277777777778,9.733333333333333,1,0,0,0
56,M,03:12:39,07:24:36,11559,26676,3.2108333333333334,7.41,4.199166666666667,59.3,0,0,0,0
27,W,03:16:41,07:25:36,11801,26736,3.2780555555555555,7.426666666666667,4.148611111111111,52.233333333333334,1,0,0,0
39,M,02:49:13,07:26:25,10153,26785,2.8202777777777777,7.440277777777778,4.62,107.98333333333333,0,0,0,0
35,W,02:54:46,07:26:48,10486,26808,2.912777777777778,7.446666666666666,4.533888888888889,97.26666666666667,1,0,0,0
33,M,03:25:34,07:26:57,12334,26817,3.426111111111111,7.449166666666667,4.023055555555556,35.81666666666667,0,0,0,0
48,W,03:10:42,07:26:59,11442,26819,3.1783333333333332,7.449722222222222,4.271388888888889,65.58333333333333,1,0,0,0
65,M,02:51:37,07:27:17,10297,26837,2.8602777777777777,7.454722222222222,4.594444444444444,104.05,0,0,0,0
33,W,03:02:56,07:27:26,10976,26846,3.048888888888889,7.457222222222223,4.408333333333333,81.56666666666666,1,0,0,0
61,M,03:17:39,07:28:46,11859,26926,3.2941666666666665,7.479444444444445,4.185277777777777,53.46666666666667,0,0,0,0
25,W,02:52:20,07:28:55,10340,26935,2.8722222222222222,7.481944444444444,4.6097222222222225,104.25,1,0,0,0
29,W,03:05:00,07:29:49,11100,26989,3.0833333333333335,7.496944444444445,4.413611111111111,79.81666666666666,1,0,0,0
37,W,03:01:40,07:30:34,10900,27034,3.0277777777777777,7.509444444444444,4.4816666666666665,87.23333333333333,1,0,0,0
40,W,03:35:40,07:32:01,12940,27121,3.5944444444444446,7.533611111111111,3.9391666666666665,20.683333333333334,1,0,0,0
63,W,03:11:39,07:32:01,11499,27121,3.194166666666667,7.533611111111111,4.339444444444444,68.71666666666667,1,0,0,0
63,M,03:09:36,07:32:08,11376,27128,3.16,7.535555555555556,4.375555555555556,72.93333333333334,0,0,0,0
48,M,03:13:26,07:32:34,11606,27154,3.223888888888889,7.542777777777777,4.318888888888889,65.7,0,0,0,0
67,M,03:01:11,07:32:58,10871,27178,3.019722222222222,7.549444444444444,4.529722222222222,90.6,0,0,0,0
42,M,03:19:04,07:33:25,11944,27205,3.3177777777777777,7.5569444444444445,4.239166666666667,55.28333333333333,0,0,0,0
33,W,03:12:33,07:33:35,11553,27215,3.2091666666666665,7.559722222222222,4.350555555555555,68.48333333333333,1,0,0,0
46,M,03:00:04,07:33:41,10804,27221,3.0011111111111113,7.561388888888889,4.560277777777777,93.55,0,0,0,0
49,W,03:30:29,07:34:05,12629,27245,3.5080555555555555,7.5680555555555555,4.06,33.11666666666667,1,0,0,0
50,M,02:52:46,07:34:16,10366,27256,2.8794444444444443,7.571111111111111,4.691666666666666,108.73333333333333,0,0,0,0
28,W,02:53:27,07:34:33,10407,27273,2.890833333333333,7.575833333333334,4.685,107.65,1,0,0,0
61,M,03:08:53,07:35:00,11333,27300,3.1480555555555556,7.583333333333333,4.435277777777777,77.23333333333333,0,0,0,0
41,M,03:25:56,07:35:28,12356,27328,3.4322222222222223,7.591111111111111,4.158888888888889,43.6,0,0,0,0
36,W,03:12:07,07:35:44,11527,27344,3.2019444444444445,7.595555555555555,4.393611111111111,71.5,1,0,0,0
32,W,03:05:09,07:35:49,11109,27349,3.0858333333333334,7.5969444444444445,4.511111111111111,85.51666666666667,1,0,0,0
58,M,03:09:44,07:36:11,11384,27371,3.1622222222222223,7.603055555555556,4.440833333333333,76.71666666666667,0,0,0,0
37,W,03:08:26,07:36:27,11306,27387,3.1405555555555558,7.6075,4.466944444444445,79.58333333333333,1,0,0,0
70,W,03:12:09,07:36:41,11529,27401,3.2025,7.6113888888888885,4.408888888888889,72.38333333333334,1,0,0,0
56,M,03:00:03,07:37:11,10803,27431,3.0008333333333335,7.619722222222222,4.618888888888889,97.08333333333333,0,0,0,0
51,W,03:01:18,07:37:57,10878,27477,3.0216666666666665,7.6325,4.610833333333333,95.35,1,0,0,0
55,M,04:04:29,07:38:21,14669,27501,4.074722222222222,7.639166666666667,3.5644444444444443,-30.616666666666667,0,0,0,1
62,W,02:56:40,07:38:43,10600,27523,2.9444444444444446,7.645277777777777,4.700833333333334,105.38333333333334,1,0,0,0
60,M,03:20:31,07:39:18,12031,27558,3.3419444444444446,7.655,4.313055555555556,58.266666666666666,0,0,0,0
27,W,03:13:22,07:40:05,11602,27605,3.222777777777778,7.668055555555555,4.445277777777778,73.35,1,0,0,0
61,W,03:21:14,07:40:22,12074,27622,3.3538888888888887,7.672777777777778,4.318888888888889,57.9,1,0,0,0
36,M,02:52:27,07:40:31,10347,27631,2.8741666666666665,7.675277777777778,4.801111111111111,115.61666666666666,0,0,0,0
54,W,03:18:44,07:40:49,11924,27649,3.312222222222222,7.6802777777777775,4.368055555555555,63.35,1,0,0,0
31,W,03:07:56,07:40:52,11276,27652,3.132222222222222,7.681111111111111,4.5488888888888885,85.0,1,0,0,0
33,W,03:24:54,07:40:56,12294,27656,3.415,7.682222222222222,4.267222222222222,51.13333333333333,1,0,0,0
64,M,03:17:23,07:41:36,11843,27696,3.289722222222222,7.693333333333333,4.403611111111111,66.83333333333333,0,0,0,0
57,W,03:21:24,07:41:44,12084,27704,3.3566666666666665,7.695555555555556,4.338888888888889,58.93333333333333,1,0,0,0
57,W,03:38:50,07:42:04,13130,27724,3.647222222222222,7.7011111111111115,4.053888888888889,24.4,1,0,0,0
49,M,03:18:53,07:42:23,11933,27743,3.314722222222222,7.706388888888889,4.391666666666667,64.61666666666666,0,0,0,0
39,W,03:16:22,07:42:32,11782,27752,3.272777777777778,7.708888888888889,4.436111111111111,69.8,1,0,0,0
46,W,03:00:14,07:42:39,10814,27759,3.003888888888889,7.710833333333333,4.706944444444445,102.18333333333334,1,0,0,0
45,W,03:12:12,07:43:53,11532,27833,3.203333333333333,7.731388888888889,4.5280555555555555,79.48333333333333,1,0,0,0
37,M,02:44:28,07:44:26,9868,27866,2.741111111111111,7.740555555555556,4.999444444444444,135.5,0,0,0,0
44,W,03:09:19,07:45:18,11359,27918,3.1552777777777776,7.755,4.599722222222222,86.66666666666667,1,0,0,0
62,M,03:02:41,07:45:25,10961,27925,3.044722222222222,7.756944444444445,4.7122222222222225,100.05,0,0,0,0
54,W,03:22:19,07:45:52,12139,27952,3.3719444444444444,7.764444444444444,4.3925,61.233333333333334,1,0,0,0
35,M,03:07:10,07:46:15,11230,27975,3.1194444444444445,7.770833333333333,4.651388888888889,91.91666666666667,0,0,0,0
30,M,03:24:10,07:47:43,12250,28063,3.4027777777777777,7.795277777777778,4.3925,59.38333333333333,0,0,0,0
39,M,03:15:17,07:48:03,11717,28083,3.254722222222222,7.800833333333333,4.546111111111111,77.48333333333333,0,0,0,0
47,M,03:24:46,07:48:47,12286,28127,3.412777777777778,7.813055555555556,4.400277777777778,59.25,0,0,0,0
28,W,03:06:06,07:49:31,11166,28171,3.1016666666666666,7.825277777777778,4.723611111111111,97.31666666666666,1,0,0,0
26,M,02:59:01,07:50:42,10741,28242,2.983611111111111,7.845,4.8613888888888885,112.66666666666667,0,0,0,0
42,M,03:06:23,07:52:14,11183,28334,3.106388888888889,7.870555555555556,4.764166666666667,99.46666666666667,0,0,0,0
79,M,03:22:19,07:52:47,12139,28367,3.3719444444444444,7.879722222222222,4.507777777777778,68.15,0,0,0,0
60,W,03:22:09,07:53:47,12129,28427,3.3691666666666666,7.896388888888889,4.527222222222222,69.48333333333333,1,0,0,0
49,W,03:41:29,07:54:21,13289,28461,3.691388888888889,7.905833333333334,4.214444444444444,31.383333333333333,1,0,0,0
41,M,02:52:08,07:54:53,10328,28493,2.868888888888889,7.914722222222222,5.045833333333333,130.61666666666667,0,0,0,0
59,M,02:50:16,07:55:43,10216,28543,2.8377777777777777,7.9286111111111115,5.090833333333333,135.18333333333334,0,0,0,0
29,M,03:05:01,07:55:55,11101,28555,3.0836111111111113,7.9319444444444445,4.848333333333334,105.88333333333334,0,0,0,0
40,W,02:47:53,07:57:07,10073,28627,2.7980555555555555,7.951944444444444,5.153888888888889,141.35,1,0,0,0
39,M,03:26:35,07:57:33,12395,28653,3.4430555555555555,7.9591666666666665,4.516111111111111,64.38333333333334,0,0,0,0
31,W,03:24:55,08:00:26,12295,28826,3.415277777777778,8.007222222222222,4.591944444444445,70.6,1,0,0,0
36,W,03:13:26,08:00:30,11606,28830,3.223888888888889,8.008333333333333,4.7844444444444445,93.63333333333334,1,0,0,0
57,M,03:59:21,08:00:47,14361,28847,3.9891666666666667,8.013055555555555,4.023888888888889,2.0833333333333335,0,0,0,0
29,W,03:35:28,08:01:19,12928,28879,3.591111111111111,8.021944444444445,4.430833333333333,50.38333333333333,1,0,0,0
64,M,03:20:45,08:04:51,12045,29091,3.345833333333333,8.080833333333333,4.735,83.35,0,0,0,0
43,W,03:31:53,08:05:32,12713,29132,3.531388888888889,8.092222222222222,4.560833333333333,61.766666666666666,1,0,0,0
58,W,03:30:15,08:07:48,12615,29268,3.504166666666667,8.13,4.6258333333333335,67.3,1,0,0,0
60,M,03:20:31,08:09:23,12031,29363,3.3419444444444446,8.15638888888889,4.814444444444445,88.35,0,0,0,0
66,M,03:07:04,08:13:51,11224,29631,3.117777777777778,8.230833333333333,5.1130555555555555,119.71666666666667,0,0,0,0
43,W,03:05:19,08:14:40,11119,29680,3.088611111111111,8.244444444444444,5.155833333333334,124.03333333333333,1,0,0,0
71,M,03:35:08,08:17:48,12908,29868,3.5855555555555556,8.296666666666667,4.711111111111111,67.53333333333333,0,0,0,0
46,M,03:33:31,08:18:06,12811,29886,3.558611111111111,8.301666666666666,4.743055555555555,71.06666666666666,0,0,0,0
47,W,03:24:51,08:32:09,12291,30729,3.4141666666666666,8.535833333333333,5.121666666666667,102.45,1,0,0,0
44,W,03:30:59,08:32:19,12659,30739,3.516388888888889,8.538611111111111,5.022222222222222,90.35,1,0,0,0
64,W,03:33:19,08:37:34,12799,31054,3.555277777777778,8.626111111111111,5.070833333333334,90.93333333333334,1,0,0,0
70,M,03:25:11,08:43:26,12311,31406,3.419722222222222,8.723888888888888,5.304166666666666,113.06666666666666,0,0,0,0
37,W,03:48:55,08:58:03,13735,32283,3.8152777777777778,8.9675,5.152222222222222,80.21666666666667,1,0,0,0
58,W,04:59:49,10:01:08,17989,36068,4.996944444444445,10.018888888888888,5.021944444444444,1.5,1,0,0,0
